{
"type": "FeatureCollection",
"name": "deforestation_detected",
"crs": { "type": "name", "properties": { "name": "urn:ogc:def:crs:OGC:1.3:CRS84" } },
"features": [
{ "type": "Feature", "properties": { "value": 1, "state": "Deforestado", "type": "Deforestación", "StartDate": "2025-07-01", "EndDate": "2025-09-30" }, "geometry": { "type": "MultiPolygon", "coordinates": [ [ [ [ -76.610194337614686, 2.28214363705104 ], [ -76.610284153516815, 2.28214363705104 ], [ -76.610284153516815, 2.282053011342155 ], [ -76.610553601223245, 2.282053011342155 ], [ -76.610553601223245, 2.282234262759924 ], [ -76.610643417125388, 2.282234262759924 ], [ -76.610643417125388, 2.282324888468809 ], [ -76.61082304892966, 2.282324888468809 ], [ -76.61082304892966, 2.282415514177694 ], [ -76.610733233027531, 2.282415514177694 ], [ -76.610733233027531, 2.282596765595463 ], [ -76.610553601223245, 2.282596765595463 ], [ -76.610553601223245, 2.282415514177694 ], [ -76.610373969418958, 2.282415514177694 ], [ -76.610373969418958, 2.282596765595463 ], [ -76.6100147058104, 2.282596765595463 ], [ -76.6100147058104, 2.282778017013233 ], [ -76.609835074006114, 2.282778017013233 ], [ -76.609835074006114, 2.282506139886578 ], [ -76.609924889908257, 2.282506139886578 ], [ -76.609924889908257, 2.282415514177694 ], [ -76.6100147058104, 2.282415514177694 ], [ -76.6100147058104, 2.282324888468809 ], [ -76.610104521712543, 2.282324888468809 ], [ -76.610104521712543, 2.282234262759924 ], [ -76.610194337614686, 2.282234262759924 ], [ -76.610194337614686, 2.28214363705104 ] ] ], [ [ [ -76.609745258103985, 2.282778017013233 ], [ -76.609835074006114, 2.282778017013233 ], [ -76.609835074006114, 2.283049894139887 ], [ -76.609745258103985, 2.283049894139887 ], [ -76.609745258103985, 2.282778017013233 ] ] ], [ [ [ -76.608757283180424, 2.283140519848772 ], [ -76.608577651376152, 2.283140519848772 ], [ -76.608577651376152, 2.283049894139887 ], [ -76.608487835474008, 2.283049894139887 ], [ -76.608487835474008, 2.282959268431002 ], [ -76.608398019571865, 2.282959268431002 ], [ -76.608398019571865, 2.282868642722117 ], [ -76.608577651376152, 2.282868642722117 ], [ -76.608577651376152, 2.282959268431002 ], [ -76.608757283180424, 2.282959268431002 ], [ -76.608757283180424, 2.283140519848772 ] ] ], [ [ [ -76.609475810397555, 2.283140519848772 ], [ -76.609475810397555, 2.283231145557656 ], [ -76.609385994495412, 2.283231145557656 ], [ -76.609385994495412, 2.283321771266541 ], [ -76.609116546788997, 2.283321771266541 ], [ -76.609116546788997, 2.283140519848772 ], [ -76.609475810397555, 2.283140519848772 ] ] ], [ [ [ -76.608398019571865, 2.284590531190926 ], [ -76.608577651376152, 2.284590531190926 ], [ -76.608577651376152, 2.284771782608696 ], [ -76.608398019571865, 2.284771782608696 ], [ -76.608398019571865, 2.284590531190926 ] ] ], [ [ [ -76.601841458715597, 2.300812533081285 ], [ -76.601931274617741, 2.300812533081285 ], [ -76.601931274617741, 2.30090315879017 ], [ -76.601841458715597, 2.30090315879017 ], [ -76.601841458715597, 2.300812533081285 ] ] ], [ [ [ -76.602829433639144, 2.303531304347826 ], [ -76.602829433639144, 2.303621930056711 ], [ -76.602290538226299, 2.303621930056711 ], [ -76.602290538226299, 2.303440678638942 ], [ -76.602380354128442, 2.303440678638942 ], [ -76.602380354128442, 2.303350052930057 ], [ -76.602470170030585, 2.303350052930057 ], [ -76.602470170030585, 2.303440678638942 ], [ -76.602559985932729, 2.303440678638942 ], [ -76.602559985932729, 2.303531304347826 ], [ -76.602829433639144, 2.303531304347826 ] ] ], [ [ [ -76.601482195107039, 2.30398443289225 ], [ -76.601841458715597, 2.30398443289225 ], [ -76.601841458715597, 2.304075058601134 ], [ -76.601931274617741, 2.304075058601134 ], [ -76.601931274617741, 2.304165684310019 ], [ -76.601841458715597, 2.304165684310019 ], [ -76.601841458715597, 2.304346935727788 ], [ -76.601482195107039, 2.304346935727788 ], [ -76.601482195107039, 2.30398443289225 ] ] ], [ [ [ -76.600494220183492, 2.305615695652174 ], [ -76.600943299694194, 2.305615695652174 ], [ -76.600943299694194, 2.305525069943289 ], [ -76.601212747400609, 2.305525069943289 ], [ -76.601212747400609, 2.30534381852552 ], [ -76.601302563302752, 2.30534381852552 ], [ -76.601302563302752, 2.305434444234405 ], [ -76.601392379204896, 2.305434444234405 ], [ -76.601392379204896, 2.305525069943289 ], [ -76.601482195107039, 2.305525069943289 ], [ -76.601482195107039, 2.305796947069943 ], [ -76.601122931498466, 2.305796947069943 ], [ -76.601122931498466, 2.305978198487713 ], [ -76.600224772477063, 2.305978198487713 ], [ -76.600224772477063, 2.306340701323252 ], [ -76.599955324770647, 2.306340701323252 ], [ -76.599955324770647, 2.306159449905482 ], [ -76.60004514067279, 2.306159449905482 ], [ -76.60004514067279, 2.306068824196597 ], [ -76.600134956574919, 2.306068824196597 ], [ -76.600134956574919, 2.305796947069943 ], [ -76.600404404281349, 2.305796947069943 ], [ -76.600404404281349, 2.305706321361059 ], [ -76.600494220183492, 2.305706321361059 ], [ -76.600494220183492, 2.305615695652174 ] ] ], [ [ [ -76.600404404281349, 2.306159449905482 ], [ -76.600584036085635, 2.306159449905482 ], [ -76.600584036085635, 2.306340701323252 ], [ -76.600404404281349, 2.306340701323252 ], [ -76.600404404281349, 2.306159449905482 ] ] ], [ [ [ -76.599955324770647, 2.30688445557656 ], [ -76.600224772477063, 2.30688445557656 ], [ -76.600224772477063, 2.307065706994329 ], [ -76.599955324770647, 2.307065706994329 ], [ -76.599955324770647, 2.30688445557656 ] ] ], [ [ [ -76.601122931498466, 2.308696969754254 ], [ -76.600763667889908, 2.308696969754254 ], [ -76.600763667889908, 2.308878221172023 ], [ -76.600584036085635, 2.308878221172023 ], [ -76.600584036085635, 2.308696969754254 ], [ -76.600673851987764, 2.308696969754254 ], [ -76.600673851987764, 2.3084250926276 ], [ -76.600763667889908, 2.3084250926276 ], [ -76.600763667889908, 2.308515718336484 ], [ -76.600853483792051, 2.308515718336484 ], [ -76.600853483792051, 2.3084250926276 ], [ -76.601122931498466, 2.3084250926276 ], [ -76.601122931498466, 2.308696969754254 ] ] ], [ [ [ -76.599506245259946, 2.311234489603025 ], [ -76.599596061162075, 2.311234489603025 ], [ -76.599596061162075, 2.311325115311909 ], [ -76.599506245259946, 2.311325115311909 ], [ -76.599506245259946, 2.311234489603025 ] ] ], [ [ [ -76.599236797553516, 2.31114386389414 ], [ -76.599236797553516, 2.311325115311909 ], [ -76.599326613455659, 2.311325115311909 ], [ -76.599326613455659, 2.311415741020794 ], [ -76.599146981651373, 2.311415741020794 ], [ -76.599146981651373, 2.311506366729679 ], [ -76.599057165749244, 2.311506366729679 ], [ -76.599057165749244, 2.311596992438564 ], [ -76.598787718042814, 2.311596992438564 ], [ -76.598787718042814, 2.311506366729679 ], [ -76.598697902140671, 2.311506366729679 ], [ -76.598697902140671, 2.311325115311909 ], [ -76.598877533944957, 2.311325115311909 ], [ -76.598877533944957, 2.311234489603025 ], [ -76.598967349847101, 2.311234489603025 ], [ -76.598967349847101, 2.31114386389414 ], [ -76.599236797553516, 2.31114386389414 ] ] ], [ [ [ -76.600404404281349, 2.313953260869565 ], [ -76.60004514067279, 2.313953260869565 ], [ -76.60004514067279, 2.313772009451796 ], [ -76.599955324770647, 2.313772009451796 ], [ -76.599955324770647, 2.313681383742911 ], [ -76.600224772477063, 2.313681383742911 ], [ -76.600224772477063, 2.313772009451796 ], [ -76.600314588379206, 2.313772009451796 ], [ -76.600314588379206, 2.313862635160681 ], [ -76.600404404281349, 2.313862635160681 ], [ -76.600404404281349, 2.313953260869565 ] ] ], [ [ [ -76.597620111314981, 2.313953260869565 ], [ -76.597709927217124, 2.313953260869565 ], [ -76.597709927217124, 2.31404388657845 ], [ -76.597620111314981, 2.31404388657845 ], [ -76.597620111314981, 2.313953260869565 ] ] ], [ [ [ -76.599775692966361, 2.314406389413989 ], [ -76.599865508868504, 2.314406389413989 ], [ -76.599865508868504, 2.314497015122873 ], [ -76.599775692966361, 2.314497015122873 ], [ -76.599775692966361, 2.314406389413989 ] ] ], [ [ [ -76.595284897859329, 2.314497015122873 ], [ -76.595374713761473, 2.314497015122873 ], [ -76.595374713761473, 2.314587640831758 ], [ -76.595284897859329, 2.314587640831758 ], [ -76.595284897859329, 2.314497015122873 ] ] ], [ [ [ -76.600314588379206, 2.314587640831758 ], [ -76.600404404281349, 2.314587640831758 ], [ -76.600404404281349, 2.314768892249528 ], [ -76.600494220183492, 2.314768892249528 ], [ -76.600494220183492, 2.314859517958412 ], [ -76.600224772477063, 2.314859517958412 ], [ -76.600224772477063, 2.314950143667297 ], [ -76.600494220183492, 2.314950143667297 ], [ -76.600494220183492, 2.315040769376182 ], [ -76.599865508868504, 2.315040769376182 ], [ -76.599865508868504, 2.314859517958412 ], [ -76.60004514067279, 2.314859517958412 ], [ -76.60004514067279, 2.314497015122873 ], [ -76.600134956574919, 2.314497015122873 ], [ -76.600134956574919, 2.314587640831758 ], [ -76.600224772477063, 2.314587640831758 ], [ -76.600224772477063, 2.314497015122873 ], [ -76.600314588379206, 2.314497015122873 ], [ -76.600314588379206, 2.314587640831758 ] ] ], [ [ [ -76.595823793272174, 2.314950143667297 ], [ -76.595733977370031, 2.314950143667297 ], [ -76.595733977370031, 2.314859517958412 ], [ -76.595644161467888, 2.314859517958412 ], [ -76.595644161467888, 2.314768892249528 ], [ -76.595554345565745, 2.314768892249528 ], [ -76.595554345565745, 2.314587640831758 ], [ -76.595913609174318, 2.314587640831758 ], [ -76.595913609174318, 2.314859517958412 ], [ -76.595823793272174, 2.314859517958412 ], [ -76.595823793272174, 2.314950143667297 ] ] ], [ [ [ -76.59609324097859, 2.314859517958412 ], [ -76.59609324097859, 2.314678266540643 ], [ -76.596183056880733, 2.314678266540643 ], [ -76.596183056880733, 2.314859517958412 ], [ -76.59609324097859, 2.314859517958412 ] ] ], [ [ [ -76.600404404281349, 2.315493897920605 ], [ -76.600224772477063, 2.315493897920605 ], [ -76.600224772477063, 2.31558452362949 ], [ -76.600134956574919, 2.31558452362949 ], [ -76.600134956574919, 2.315493897920605 ], [ -76.60004514067279, 2.315493897920605 ], [ -76.60004514067279, 2.315312646502836 ], [ -76.599955324770647, 2.315312646502836 ], [ -76.599955324770647, 2.315222020793951 ], [ -76.600224772477063, 2.315222020793951 ], [ -76.600224772477063, 2.315403272211721 ], [ -76.600404404281349, 2.315403272211721 ], [ -76.600404404281349, 2.315493897920605 ] ] ], [ [ [ -76.595464529663616, 2.315403272211721 ], [ -76.595195081957186, 2.315403272211721 ], [ -76.595195081957186, 2.315222020793951 ], [ -76.595464529663616, 2.315222020793951 ], [ -76.595464529663616, 2.315131395085066 ], [ -76.595644161467888, 2.315131395085066 ], [ -76.595644161467888, 2.315312646502836 ], [ -76.595733977370031, 2.315312646502836 ], [ -76.595733977370031, 2.315403272211721 ], [ -76.596003425076461, 2.315403272211721 ], [ -76.596003425076461, 2.315493897920605 ], [ -76.59609324097859, 2.315493897920605 ], [ -76.59609324097859, 2.31558452362949 ], [ -76.596003425076461, 2.31558452362949 ], [ -76.596003425076461, 2.315675149338374 ], [ -76.595913609174318, 2.315675149338374 ], [ -76.595913609174318, 2.316128277882798 ], [ -76.595733977370031, 2.316128277882798 ], [ -76.595733977370031, 2.315947026465028 ], [ -76.595644161467888, 2.315947026465028 ], [ -76.595644161467888, 2.315765775047259 ], [ -76.595554345565745, 2.315765775047259 ], [ -76.595554345565745, 2.315675149338374 ], [ -76.595374713761473, 2.315675149338374 ], [ -76.595374713761473, 2.31558452362949 ], [ -76.595464529663616, 2.31558452362949 ], [ -76.595464529663616, 2.315403272211721 ] ] ], [ [ [ -76.597620111314981, 2.316037652173913 ], [ -76.597709927217124, 2.316037652173913 ], [ -76.597709927217124, 2.316128277882798 ], [ -76.597620111314981, 2.316128277882798 ], [ -76.597620111314981, 2.316037652173913 ] ] ], [ [ [ -76.600134956574919, 2.316218903591682 ], [ -76.600314588379206, 2.316218903591682 ], [ -76.600314588379206, 2.316309529300567 ], [ -76.600134956574919, 2.316309529300567 ], [ -76.600134956574919, 2.316218903591682 ] ] ], [ [ [ -76.60004514067279, 2.316490780718337 ], [ -76.600134956574919, 2.316490780718337 ], [ -76.600134956574919, 2.316581406427221 ], [ -76.60004514067279, 2.316581406427221 ], [ -76.60004514067279, 2.316490780718337 ] ] ], [ [ [ -76.602290538226299, 2.316762657844991 ], [ -76.602380354128442, 2.316762657844991 ], [ -76.602380354128442, 2.316853283553876 ], [ -76.602290538226299, 2.316853283553876 ], [ -76.602290538226299, 2.316762657844991 ] ] ], [ [ [ -76.600763667889908, 2.316853283553876 ], [ -76.600763667889908, 2.31694390926276 ], [ -76.600584036085635, 2.31694390926276 ], [ -76.600584036085635, 2.316853283553876 ], [ -76.600763667889908, 2.316853283553876 ] ] ], [ [ [ -76.597709927217124, 2.317940792060492 ], [ -76.597620111314981, 2.317940792060492 ], [ -76.597620111314981, 2.317850166351607 ], [ -76.597350663608566, 2.317850166351607 ], [ -76.597350663608566, 2.317759540642722 ], [ -76.597260847706423, 2.317759540642722 ], [ -76.597260847706423, 2.317940792060492 ], [ -76.597350663608566, 2.317940792060492 ], [ -76.597350663608566, 2.318031417769376 ], [ -76.597620111314981, 2.318031417769376 ], [ -76.597620111314981, 2.318122043478261 ], [ -76.597799743119268, 2.318122043478261 ], [ -76.597799743119268, 2.317940792060492 ], [ -76.598069190825683, 2.317940792060492 ], [ -76.598069190825683, 2.318031417769376 ], [ -76.598159006727826, 2.318031417769376 ], [ -76.598159006727826, 2.318212669187146 ], [ -76.598069190825683, 2.318212669187146 ], [ -76.598069190825683, 2.318575172022685 ], [ -76.598248822629969, 2.318575172022685 ], [ -76.598248822629969, 2.318665797731569 ], [ -76.598967349847101, 2.318665797731569 ], [ -76.598967349847101, 2.318847049149339 ], [ -76.598787718042814, 2.318847049149339 ], [ -76.598787718042814, 2.318937674858223 ], [ -76.598697902140671, 2.318937674858223 ], [ -76.598697902140671, 2.319028300567108 ], [ -76.598608086238528, 2.319028300567108 ], [ -76.598608086238528, 2.318937674858223 ], [ -76.598518270336399, 2.318937674858223 ], [ -76.598518270336399, 2.319028300567108 ], [ -76.598428454434256, 2.319028300567108 ], [ -76.598428454434256, 2.319209551984877 ], [ -76.598787718042814, 2.319209551984877 ], [ -76.598787718042814, 2.319300177693762 ], [ -76.598877533944957, 2.319300177693762 ], [ -76.598877533944957, 2.319572054820416 ], [ -76.598787718042814, 2.319572054820416 ], [ -76.598787718042814, 2.319753306238185 ], [ -76.598608086238528, 2.319753306238185 ], [ -76.598608086238528, 2.319662680529301 ], [ -76.598518270336399, 2.319662680529301 ], [ -76.598518270336399, 2.319572054820416 ], [ -76.598428454434256, 2.319572054820416 ], [ -76.598428454434256, 2.319481429111531 ], [ -76.598338638532113, 2.319481429111531 ], [ -76.598338638532113, 2.319390803402646 ], [ -76.598248822629969, 2.319390803402646 ], [ -76.598248822629969, 2.319209551984877 ], [ -76.598159006727826, 2.319209551984877 ], [ -76.598159006727826, 2.319118926275993 ], [ -76.598069190825683, 2.319118926275993 ], [ -76.598069190825683, 2.319028300567108 ], [ -76.598159006727826, 2.319028300567108 ], [ -76.598159006727826, 2.318937674858223 ], [ -76.597799743119268, 2.318937674858223 ], [ -76.597799743119268, 2.318847049149339 ], [ -76.597620111314981, 2.318847049149339 ], [ -76.597620111314981, 2.318756423440454 ], [ -76.597530295412852, 2.318756423440454 ], [ -76.597530295412852, 2.318665797731569 ], [ -76.597709927217124, 2.318665797731569 ], [ -76.597709927217124, 2.318575172022685 ], [ -76.597799743119268, 2.318575172022685 ], [ -76.597799743119268, 2.3184845463138 ], [ -76.597620111314981, 2.3184845463138 ], [ -76.597620111314981, 2.31830329489603 ], [ -76.597530295412852, 2.31830329489603 ], [ -76.597530295412852, 2.318212669187146 ], [ -76.597260847706423, 2.318212669187146 ], [ -76.597260847706423, 2.318122043478261 ], [ -76.59717103180428, 2.318122043478261 ], [ -76.59717103180428, 2.318393920604915 ], [ -76.597260847706423, 2.318393920604915 ], [ -76.597260847706423, 2.3184845463138 ], [ -76.59717103180428, 2.3184845463138 ], [ -76.59717103180428, 2.318575172022685 ], [ -76.5969914, 2.318575172022685 ], [ -76.5969914, 2.3184845463138 ], [ -76.596901584097864, 2.3184845463138 ], [ -76.596901584097864, 2.318393920604915 ], [ -76.596721952293578, 2.318393920604915 ], [ -76.596721952293578, 2.318212669187146 ], [ -76.596362688685019, 2.318212669187146 ], [ -76.596362688685019, 2.318122043478261 ], [ -76.596452504587162, 2.318122043478261 ], [ -76.596452504587162, 2.318031417769376 ], [ -76.596542320489291, 2.318031417769376 ], [ -76.596542320489291, 2.317940792060492 ], [ -76.596721952293578, 2.317940792060492 ], [ -76.596721952293578, 2.317850166351607 ], [ -76.596811768195721, 2.317850166351607 ], [ -76.596811768195721, 2.317759540642722 ], [ -76.596901584097864, 2.317759540642722 ], [ -76.596901584097864, 2.317578289224953 ], [ -76.5969914, 2.317578289224953 ], [ -76.5969914, 2.317306412098299 ], [ -76.597081215902136, 2.317306412098299 ], [ -76.597081215902136, 2.317034534971645 ], [ -76.5969914, 2.317034534971645 ], [ -76.5969914, 2.31694390926276 ], [ -76.596901584097864, 2.31694390926276 ], [ -76.596901584097864, 2.316853283553876 ], [ -76.596811768195721, 2.316853283553876 ], [ -76.596811768195721, 2.316762657844991 ], [ -76.596632136391435, 2.316762657844991 ], [ -76.596632136391435, 2.316672032136106 ], [ -76.596542320489291, 2.316672032136106 ], [ -76.596542320489291, 2.316581406427221 ], [ -76.596362688685019, 2.316581406427221 ], [ -76.596362688685019, 2.316490780718337 ], [ -76.596272872782876, 2.316490780718337 ], [ -76.596272872782876, 2.316218903591682 ], [ -76.596362688685019, 2.316218903591682 ], [ -76.596362688685019, 2.315856400756144 ], [ -76.596452504587162, 2.315856400756144 ], [ -76.596452504587162, 2.315765775047259 ], [ -76.596362688685019, 2.315765775047259 ], [ -76.596362688685019, 2.315675149338374 ], [ -76.596272872782876, 2.315675149338374 ], [ -76.596272872782876, 2.31558452362949 ], [ -76.596362688685019, 2.31558452362949 ], [ -76.596362688685019, 2.315403272211721 ], [ -76.596452504587162, 2.315403272211721 ], [ -76.596452504587162, 2.315493897920605 ], [ -76.596632136391435, 2.315493897920605 ], [ -76.596632136391435, 2.315403272211721 ], [ -76.596811768195721, 2.315403272211721 ], [ -76.596811768195721, 2.315493897920605 ], [ -76.596901584097864, 2.315493897920605 ], [ -76.596901584097864, 2.315403272211721 ], [ -76.5969914, 2.315403272211721 ], [ -76.5969914, 2.315131395085066 ], [ -76.596901584097864, 2.315131395085066 ], [ -76.596901584097864, 2.315040769376182 ], [ -76.596811768195721, 2.315040769376182 ], [ -76.596811768195721, 2.314859517958412 ], [ -76.596721952293578, 2.314859517958412 ], [ -76.596721952293578, 2.314768892249528 ], [ -76.596811768195721, 2.314768892249528 ], [ -76.596811768195721, 2.314587640831758 ], [ -76.597081215902136, 2.314587640831758 ], [ -76.597081215902136, 2.314497015122873 ], [ -76.597260847706423, 2.314497015122873 ], [ -76.597260847706423, 2.314406389413989 ], [ -76.597350663608566, 2.314406389413989 ], [ -76.597350663608566, 2.314497015122873 ], [ -76.597620111314981, 2.314497015122873 ], [ -76.597620111314981, 2.314587640831758 ], [ -76.597799743119268, 2.314587640831758 ], [ -76.597799743119268, 2.314497015122873 ], [ -76.598159006727826, 2.314497015122873 ], [ -76.598159006727826, 2.314587640831758 ], [ -76.598248822629969, 2.314587640831758 ], [ -76.598248822629969, 2.314678266540643 ], [ -76.598338638532113, 2.314678266540643 ], [ -76.598338638532113, 2.314587640831758 ], [ -76.598428454434256, 2.314587640831758 ], [ -76.598428454434256, 2.314497015122873 ], [ -76.598518270336399, 2.314497015122873 ], [ -76.598518270336399, 2.314406389413989 ], [ -76.598787718042814, 2.314406389413989 ], [ -76.598787718042814, 2.314497015122873 ], [ -76.598877533944957, 2.314497015122873 ], [ -76.598877533944957, 2.314678266540643 ], [ -76.598428454434256, 2.314678266540643 ], [ -76.598428454434256, 2.314859517958412 ], [ -76.598248822629969, 2.314859517958412 ], [ -76.598248822629969, 2.31558452362949 ], [ -76.598428454434256, 2.31558452362949 ], [ -76.598428454434256, 2.315765775047259 ], [ -76.598608086238528, 2.315765775047259 ], [ -76.598608086238528, 2.315403272211721 ], [ -76.598428454434256, 2.315403272211721 ], [ -76.598428454434256, 2.315222020793951 ], [ -76.598697902140671, 2.315222020793951 ], [ -76.598697902140671, 2.315312646502836 ], [ -76.598787718042814, 2.315312646502836 ], [ -76.598787718042814, 2.315403272211721 ], [ -76.598967349847101, 2.315403272211721 ], [ -76.598967349847101, 2.315222020793951 ], [ -76.599326613455659, 2.315222020793951 ], [ -76.599326613455659, 2.315312646502836 ], [ -76.599416429357802, 2.315312646502836 ], [ -76.599416429357802, 2.315131395085066 ], [ -76.599506245259946, 2.315131395085066 ], [ -76.599506245259946, 2.315222020793951 ], [ -76.599596061162075, 2.315222020793951 ], [ -76.599596061162075, 2.315312646502836 ], [ -76.599955324770647, 2.315312646502836 ], [ -76.599955324770647, 2.315765775047259 ], [ -76.60004514067279, 2.315765775047259 ], [ -76.60004514067279, 2.315947026465028 ], [ -76.600134956574919, 2.315947026465028 ], [ -76.600134956574919, 2.316037652173913 ], [ -76.60004514067279, 2.316037652173913 ], [ -76.60004514067279, 2.316128277882798 ], [ -76.599955324770647, 2.316128277882798 ], [ -76.599955324770647, 2.316218903591682 ], [ -76.599865508868504, 2.316218903591682 ], [ -76.599865508868504, 2.316490780718337 ], [ -76.599775692966361, 2.316490780718337 ], [ -76.599775692966361, 2.316581406427221 ], [ -76.599865508868504, 2.316581406427221 ], [ -76.599865508868504, 2.316672032136106 ], [ -76.60004514067279, 2.316672032136106 ], [ -76.60004514067279, 2.316762657844991 ], [ -76.600134956574919, 2.316762657844991 ], [ -76.600134956574919, 2.316581406427221 ], [ -76.600224772477063, 2.316581406427221 ], [ -76.600224772477063, 2.316400155009452 ], [ -76.600404404281349, 2.316400155009452 ], [ -76.600404404281349, 2.316762657844991 ], [ -76.600584036085635, 2.316762657844991 ], [ -76.600584036085635, 2.316853283553876 ], [ -76.600314588379206, 2.316853283553876 ], [ -76.600314588379206, 2.31694390926276 ], [ -76.600224772477063, 2.31694390926276 ], [ -76.600224772477063, 2.31712516068053 ], [ -76.60004514067279, 2.31712516068053 ], [ -76.60004514067279, 2.317034534971645 ], [ -76.599865508868504, 2.317034534971645 ], [ -76.599865508868504, 2.31712516068053 ], [ -76.599596061162075, 2.31712516068053 ], [ -76.599596061162075, 2.317034534971645 ], [ -76.599416429357802, 2.317034534971645 ], [ -76.599416429357802, 2.317306412098299 ], [ -76.599326613455659, 2.317306412098299 ], [ -76.599326613455659, 2.317397037807183 ], [ -76.599146981651373, 2.317397037807183 ], [ -76.599146981651373, 2.317215786389414 ], [ -76.598967349847101, 2.317215786389414 ], [ -76.598967349847101, 2.317034534971645 ], [ -76.598787718042814, 2.317034534971645 ], [ -76.598787718042814, 2.316672032136106 ], [ -76.598069190825683, 2.316672032136106 ], [ -76.598069190825683, 2.316853283553876 ], [ -76.597889559021411, 2.316853283553876 ], [ -76.597889559021411, 2.317397037807183 ], [ -76.597709927217124, 2.317397037807183 ], [ -76.597709927217124, 2.317487663516068 ], [ -76.597620111314981, 2.317487663516068 ], [ -76.597620111314981, 2.317759540642722 ], [ -76.597709927217124, 2.317759540642722 ], [ -76.597709927217124, 2.317940792060492 ] ], [ [ -76.598877533944957, 2.316672032136106 ], [ -76.598877533944957, 2.316581406427221 ], [ -76.598787718042814, 2.316581406427221 ], [ -76.598787718042814, 2.316672032136106 ], [ -76.598877533944957, 2.316672032136106 ] ], [ [ -76.597081215902136, 2.317578289224953 ], [ -76.597081215902136, 2.317668914933837 ], [ -76.597260847706423, 2.317668914933837 ], [ -76.597260847706423, 2.317578289224953 ], [ -76.597440479510709, 2.317578289224953 ], [ -76.597440479510709, 2.317397037807183 ], [ -76.597350663608566, 2.317397037807183 ], [ -76.597350663608566, 2.317306412098299 ], [ -76.597260847706423, 2.317306412098299 ], [ -76.597260847706423, 2.317215786389414 ], [ -76.59717103180428, 2.317215786389414 ], [ -76.59717103180428, 2.317578289224953 ], [ -76.597081215902136, 2.317578289224953 ] ], [ [ -76.599146981651373, 2.317034534971645 ], [ -76.599236797553516, 2.317034534971645 ], [ -76.599236797553516, 2.31694390926276 ], [ -76.599146981651373, 2.31694390926276 ], [ -76.599146981651373, 2.317034534971645 ] ], [ [ -76.599326613455659, 2.31694390926276 ], [ -76.599326613455659, 2.316853283553876 ], [ -76.599416429357802, 2.316853283553876 ], [ -76.599416429357802, 2.316400155009452 ], [ -76.599146981651373, 2.316400155009452 ], [ -76.599146981651373, 2.316762657844991 ], [ -76.599236797553516, 2.316762657844991 ], [ -76.599236797553516, 2.31694390926276 ], [ -76.599326613455659, 2.31694390926276 ] ], [ [ -76.599506245259946, 2.316581406427221 ], [ -76.599506245259946, 2.316762657844991 ], [ -76.599596061162075, 2.316762657844991 ], [ -76.599596061162075, 2.316581406427221 ], [ -76.599506245259946, 2.316581406427221 ] ], [ [ -76.597620111314981, 2.315675149338374 ], [ -76.597620111314981, 2.31558452362949 ], [ -76.597530295412852, 2.31558452362949 ], [ -76.597530295412852, 2.315947026465028 ], [ -76.597440479510709, 2.315947026465028 ], [ -76.597440479510709, 2.316037652173913 ], [ -76.597350663608566, 2.316037652173913 ], [ -76.597350663608566, 2.316218903591682 ], [ -76.597620111314981, 2.316218903591682 ], [ -76.597620111314981, 2.316400155009452 ], [ -76.597709927217124, 2.316400155009452 ], [ -76.597709927217124, 2.316309529300567 ], [ -76.597799743119268, 2.316309529300567 ], [ -76.597799743119268, 2.316400155009452 ], [ -76.597979374923554, 2.316400155009452 ], [ -76.597979374923554, 2.316309529300567 ], [ -76.598159006727826, 2.316309529300567 ], [ -76.598159006727826, 2.316128277882798 ], [ -76.598248822629969, 2.316128277882798 ], [ -76.598248822629969, 2.315947026465028 ], [ -76.597979374923554, 2.315947026465028 ], [ -76.597979374923554, 2.315765775047259 ], [ -76.597889559021411, 2.315765775047259 ], [ -76.597889559021411, 2.315675149338374 ], [ -76.597620111314981, 2.315675149338374 ] ], [ [ -76.598967349847101, 2.316128277882798 ], [ -76.598967349847101, 2.316218903591682 ], [ -76.599057165749244, 2.316218903591682 ], [ -76.599057165749244, 2.316128277882798 ], [ -76.598967349847101, 2.316128277882798 ] ] ], [ [ [ -76.602290538226299, 2.317215786389414 ], [ -76.602380354128442, 2.317215786389414 ], [ -76.602380354128442, 2.317306412098299 ], [ -76.602290538226299, 2.317306412098299 ], [ -76.602290538226299, 2.317215786389414 ] ] ], [ [ [ -76.602919249541287, 2.317487663516068 ], [ -76.602829433639144, 2.317487663516068 ], [ -76.602829433639144, 2.317397037807183 ], [ -76.602470170030585, 2.317397037807183 ], [ -76.602470170030585, 2.317215786389414 ], [ -76.602649801834858, 2.317215786389414 ], [ -76.602649801834858, 2.31712516068053 ], [ -76.602739617737001, 2.31712516068053 ], [ -76.602739617737001, 2.317306412098299 ], [ -76.602919249541287, 2.317306412098299 ], [ -76.602919249541287, 2.317487663516068 ] ] ], [ [ [ -76.603458144954132, 2.317306412098299 ], [ -76.603547960856275, 2.317306412098299 ], [ -76.603547960856275, 2.317397037807183 ], [ -76.603458144954132, 2.317397037807183 ], [ -76.603458144954132, 2.317306412098299 ] ] ], [ [ [ -76.60004514067279, 2.317850166351607 ], [ -76.599955324770647, 2.317850166351607 ], [ -76.599955324770647, 2.317759540642722 ], [ -76.60004514067279, 2.317759540642722 ], [ -76.60004514067279, 2.317668914933837 ], [ -76.600314588379206, 2.317668914933837 ], [ -76.600314588379206, 2.317578289224953 ], [ -76.600404404281349, 2.317578289224953 ], [ -76.600404404281349, 2.317215786389414 ], [ -76.600763667889908, 2.317215786389414 ], [ -76.600763667889908, 2.317306412098299 ], [ -76.600673851987764, 2.317306412098299 ], [ -76.600673851987764, 2.317397037807183 ], [ -76.600584036085635, 2.317397037807183 ], [ -76.600584036085635, 2.317668914933837 ], [ -76.600673851987764, 2.317668914933837 ], [ -76.600673851987764, 2.317578289224953 ], [ -76.600853483792051, 2.317578289224953 ], [ -76.600853483792051, 2.317487663516068 ], [ -76.601033115596337, 2.317487663516068 ], [ -76.601033115596337, 2.317397037807183 ], [ -76.601122931498466, 2.317397037807183 ], [ -76.601122931498466, 2.317215786389414 ], [ -76.601212747400609, 2.317215786389414 ], [ -76.601212747400609, 2.31712516068053 ], [ -76.601122931498466, 2.31712516068053 ], [ -76.601122931498466, 2.317034534971645 ], [ -76.601392379204896, 2.317034534971645 ], [ -76.601392379204896, 2.31694390926276 ], [ -76.601572011009182, 2.31694390926276 ], [ -76.601572011009182, 2.316853283553876 ], [ -76.601751642813454, 2.316853283553876 ], [ -76.601751642813454, 2.316672032136106 ], [ -76.601841458715597, 2.316672032136106 ], [ -76.601841458715597, 2.316581406427221 ], [ -76.601931274617741, 2.316581406427221 ], [ -76.601931274617741, 2.316490780718337 ], [ -76.602200722324156, 2.316490780718337 ], [ -76.602200722324156, 2.316672032136106 ], [ -76.602290538226299, 2.316672032136106 ], [ -76.602290538226299, 2.316762657844991 ], [ -76.602200722324156, 2.316762657844991 ], [ -76.602200722324156, 2.316853283553876 ], [ -76.602110906422027, 2.316853283553876 ], [ -76.602110906422027, 2.31694390926276 ], [ -76.602021090519884, 2.31694390926276 ], [ -76.602021090519884, 2.31712516068053 ], [ -76.602200722324156, 2.31712516068053 ], [ -76.602200722324156, 2.317215786389414 ], [ -76.602110906422027, 2.317215786389414 ], [ -76.602110906422027, 2.317397037807183 ], [ -76.602021090519884, 2.317397037807183 ], [ -76.602021090519884, 2.317850166351607 ], [ -76.601931274617741, 2.317850166351607 ], [ -76.601931274617741, 2.317940792060492 ], [ -76.601661826911311, 2.317940792060492 ], [ -76.601661826911311, 2.318031417769376 ], [ -76.601392379204896, 2.318031417769376 ], [ -76.601392379204896, 2.317850166351607 ], [ -76.601572011009182, 2.317850166351607 ], [ -76.601572011009182, 2.317668914933837 ], [ -76.601661826911311, 2.317668914933837 ], [ -76.601661826911311, 2.317487663516068 ], [ -76.601572011009182, 2.317487663516068 ], [ -76.601572011009182, 2.317397037807183 ], [ -76.601482195107039, 2.317397037807183 ], [ -76.601482195107039, 2.317668914933837 ], [ -76.601392379204896, 2.317668914933837 ], [ -76.601392379204896, 2.317578289224953 ], [ -76.601033115596337, 2.317578289224953 ], [ -76.601033115596337, 2.317668914933837 ], [ -76.600943299694194, 2.317668914933837 ], [ -76.600943299694194, 2.317850166351607 ], [ -76.601033115596337, 2.317850166351607 ], [ -76.601033115596337, 2.318031417769376 ], [ -76.600763667889908, 2.318031417769376 ], [ -76.600763667889908, 2.317940792060492 ], [ -76.600494220183492, 2.317940792060492 ], [ -76.600494220183492, 2.318031417769376 ], [ -76.600314588379206, 2.318031417769376 ], [ -76.600314588379206, 2.318122043478261 ], [ -76.600224772477063, 2.318122043478261 ], [ -76.600224772477063, 2.318212669187146 ], [ -76.599955324770647, 2.318212669187146 ], [ -76.599955324770647, 2.317940792060492 ], [ -76.60004514067279, 2.317940792060492 ], [ -76.60004514067279, 2.317850166351607 ] ], [ [ -76.600314588379206, 2.317759540642722 ], [ -76.600494220183492, 2.317759540642722 ], [ -76.600494220183492, 2.317668914933837 ], [ -76.600314588379206, 2.317668914933837 ], [ -76.600314588379206, 2.317759540642722 ] ], [ [ -76.600853483792051, 2.317940792060492 ], [ -76.600853483792051, 2.317850166351607 ], [ -76.600763667889908, 2.317850166351607 ], [ -76.600763667889908, 2.317940792060492 ], [ -76.600853483792051, 2.317940792060492 ] ] ], [ [ [ -76.602200722324156, 2.317306412098299 ], [ -76.602290538226299, 2.317306412098299 ], [ -76.602290538226299, 2.317397037807183 ], [ -76.602200722324156, 2.317397037807183 ], [ -76.602200722324156, 2.317306412098299 ] ] ], [ [ [ -76.60300906544343, 2.317487663516068 ], [ -76.60300906544343, 2.317397037807183 ], [ -76.603098881345574, 2.317397037807183 ], [ -76.603098881345574, 2.317306412098299 ], [ -76.603188697247703, 2.317306412098299 ], [ -76.603188697247703, 2.317397037807183 ], [ -76.603278513149846, 2.317397037807183 ], [ -76.603278513149846, 2.317487663516068 ], [ -76.60300906544343, 2.317487663516068 ] ] ], [ [ [ -76.596542320489291, 2.317397037807183 ], [ -76.596721952293578, 2.317397037807183 ], [ -76.596721952293578, 2.317487663516068 ], [ -76.596542320489291, 2.317487663516068 ], [ -76.596542320489291, 2.317397037807183 ] ] ], [ [ [ -76.602290538226299, 2.317397037807183 ], [ -76.602380354128442, 2.317397037807183 ], [ -76.602380354128442, 2.317578289224953 ], [ -76.602290538226299, 2.317578289224953 ], [ -76.602290538226299, 2.317397037807183 ] ] ], [ [ [ -76.602200722324156, 2.317578289224953 ], [ -76.602290538226299, 2.317578289224953 ], [ -76.602290538226299, 2.317668914933837 ], [ -76.602200722324156, 2.317668914933837 ], [ -76.602200722324156, 2.317578289224953 ] ] ], [ [ [ -76.597889559021411, 2.317397037807183 ], [ -76.598248822629969, 2.317397037807183 ], [ -76.598248822629969, 2.317215786389414 ], [ -76.598608086238528, 2.317215786389414 ], [ -76.598608086238528, 2.317397037807183 ], [ -76.598787718042814, 2.317397037807183 ], [ -76.598787718042814, 2.317759540642722 ], [ -76.598608086238528, 2.317759540642722 ], [ -76.598608086238528, 2.31830329489603 ], [ -76.598338638532113, 2.31830329489603 ], [ -76.598338638532113, 2.318212669187146 ], [ -76.598248822629969, 2.318212669187146 ], [ -76.598248822629969, 2.317759540642722 ], [ -76.598159006727826, 2.317759540642722 ], [ -76.598159006727826, 2.317578289224953 ], [ -76.597979374923554, 2.317578289224953 ], [ -76.597979374923554, 2.317487663516068 ], [ -76.597889559021411, 2.317487663516068 ], [ -76.597889559021411, 2.317397037807183 ] ] ], [ [ [ -76.603637776758418, 2.318031417769376 ], [ -76.603727592660547, 2.318031417769376 ], [ -76.603727592660547, 2.318122043478261 ], [ -76.603637776758418, 2.318122043478261 ], [ -76.603637776758418, 2.318031417769376 ] ] ], [ [ [ -76.600673851987764, 2.318031417769376 ], [ -76.600763667889908, 2.318031417769376 ], [ -76.600763667889908, 2.318122043478261 ], [ -76.600673851987764, 2.318122043478261 ], [ -76.600673851987764, 2.318031417769376 ] ] ], [ [ [ -76.602739617737001, 2.31830329489603 ], [ -76.602739617737001, 2.318212669187146 ], [ -76.602829433639144, 2.318212669187146 ], [ -76.602829433639144, 2.31830329489603 ], [ -76.602739617737001, 2.31830329489603 ] ] ], [ [ [ -76.600314588379206, 2.318212669187146 ], [ -76.600404404281349, 2.318212669187146 ], [ -76.600404404281349, 2.31830329489603 ], [ -76.600314588379206, 2.31830329489603 ], [ -76.600314588379206, 2.318212669187146 ] ] ], [ [ [ -76.600584036085635, 2.318212669187146 ], [ -76.600673851987764, 2.318212669187146 ], [ -76.600673851987764, 2.318393920604915 ], [ -76.600584036085635, 2.318393920604915 ], [ -76.600584036085635, 2.318212669187146 ] ] ], [ [ [ -76.599775692966361, 2.318122043478261 ], [ -76.599685877064218, 2.318122043478261 ], [ -76.599685877064218, 2.318212669187146 ], [ -76.599596061162075, 2.318212669187146 ], [ -76.599596061162075, 2.31830329489603 ], [ -76.599775692966361, 2.31830329489603 ], [ -76.599775692966361, 2.3184845463138 ], [ -76.599685877064218, 2.3184845463138 ], [ -76.599685877064218, 2.318575172022685 ], [ -76.599596061162075, 2.318575172022685 ], [ -76.599596061162075, 2.318665797731569 ], [ -76.599506245259946, 2.318665797731569 ], [ -76.599506245259946, 2.318575172022685 ], [ -76.599326613455659, 2.318575172022685 ], [ -76.599326613455659, 2.318212669187146 ], [ -76.599416429357802, 2.318212669187146 ], [ -76.599416429357802, 2.318122043478261 ], [ -76.599506245259946, 2.318122043478261 ], [ -76.599506245259946, 2.318031417769376 ], [ -76.599775692966361, 2.318031417769376 ], [ -76.599775692966361, 2.318122043478261 ] ] ], [ [ [ -76.597260847706423, 2.3184845463138 ], [ -76.597350663608566, 2.3184845463138 ], [ -76.597350663608566, 2.318847049149339 ], [ -76.59717103180428, 2.318847049149339 ], [ -76.59717103180428, 2.318575172022685 ], [ -76.597260847706423, 2.318575172022685 ], [ -76.597260847706423, 2.3184845463138 ] ] ], [ [ [ -76.595733977370031, 2.319028300567108 ], [ -76.595913609174318, 2.319028300567108 ], [ -76.595913609174318, 2.319118926275993 ], [ -76.595823793272174, 2.319118926275993 ], [ -76.595823793272174, 2.319209551984877 ], [ -76.595733977370031, 2.319209551984877 ], [ -76.595733977370031, 2.319300177693762 ], [ -76.595644161467888, 2.319300177693762 ], [ -76.595644161467888, 2.319209551984877 ], [ -76.595554345565745, 2.319209551984877 ], [ -76.595554345565745, 2.319118926275993 ], [ -76.595464529663616, 2.319118926275993 ], [ -76.595464529663616, 2.319028300567108 ], [ -76.595644161467888, 2.319028300567108 ], [ -76.595644161467888, 2.319118926275993 ], [ -76.595733977370031, 2.319118926275993 ], [ -76.595733977370031, 2.319028300567108 ] ] ], [ [ [ -76.596272872782876, 2.319753306238185 ], [ -76.596183056880733, 2.319753306238185 ], [ -76.596183056880733, 2.319662680529301 ], [ -76.59609324097859, 2.319662680529301 ], [ -76.59609324097859, 2.319481429111531 ], [ -76.596272872782876, 2.319481429111531 ], [ -76.596272872782876, 2.319300177693762 ], [ -76.596632136391435, 2.319300177693762 ], [ -76.596632136391435, 2.319118926275993 ], [ -76.596542320489291, 2.319118926275993 ], [ -76.596542320489291, 2.319028300567108 ], [ -76.596632136391435, 2.319028300567108 ], [ -76.596632136391435, 2.318937674858223 ], [ -76.596721952293578, 2.318937674858223 ], [ -76.596721952293578, 2.318847049149339 ], [ -76.5969914, 2.318847049149339 ], [ -76.5969914, 2.319028300567108 ], [ -76.59717103180428, 2.319028300567108 ], [ -76.59717103180428, 2.318937674858223 ], [ -76.597260847706423, 2.318937674858223 ], [ -76.597260847706423, 2.319209551984877 ], [ -76.597350663608566, 2.319209551984877 ], [ -76.597350663608566, 2.319300177693762 ], [ -76.597260847706423, 2.319300177693762 ], [ -76.597260847706423, 2.319390803402646 ], [ -76.597350663608566, 2.319390803402646 ], [ -76.597350663608566, 2.319572054820416 ], [ -76.597081215902136, 2.319572054820416 ], [ -76.597081215902136, 2.319662680529301 ], [ -76.5969914, 2.319662680529301 ], [ -76.5969914, 2.319753306238185 ], [ -76.596901584097864, 2.319753306238185 ], [ -76.596901584097864, 2.319934557655955 ], [ -76.596811768195721, 2.319934557655955 ], [ -76.596811768195721, 2.32002518336484 ], [ -76.596721952293578, 2.32002518336484 ], [ -76.596721952293578, 2.319934557655955 ], [ -76.596632136391435, 2.319934557655955 ], [ -76.596632136391435, 2.31984393194707 ], [ -76.596542320489291, 2.31984393194707 ], [ -76.596542320489291, 2.319753306238185 ], [ -76.596452504587162, 2.319753306238185 ], [ -76.596452504587162, 2.319662680529301 ], [ -76.596272872782876, 2.319662680529301 ], [ -76.596272872782876, 2.319753306238185 ] ], [ [ -76.596901584097864, 2.319390803402646 ], [ -76.596901584097864, 2.319572054820416 ], [ -76.5969914, 2.319572054820416 ], [ -76.5969914, 2.319481429111531 ], [ -76.59717103180428, 2.319481429111531 ], [ -76.59717103180428, 2.319390803402646 ], [ -76.597081215902136, 2.319390803402646 ], [ -76.597081215902136, 2.319300177693762 ], [ -76.5969914, 2.319300177693762 ], [ -76.5969914, 2.319390803402646 ], [ -76.596901584097864, 2.319390803402646 ] ], [ [ -76.596901584097864, 2.319300177693762 ], [ -76.596811768195721, 2.319300177693762 ], [ -76.596811768195721, 2.319390803402646 ], [ -76.596901584097864, 2.319390803402646 ], [ -76.596901584097864, 2.319300177693762 ] ], [ [ -76.596811768195721, 2.319209551984877 ], [ -76.596721952293578, 2.319209551984877 ], [ -76.596721952293578, 2.319300177693762 ], [ -76.596811768195721, 2.319300177693762 ], [ -76.596811768195721, 2.319209551984877 ] ] ], [ [ [ -76.596721952293578, 2.320840814744802 ], [ -76.596721952293578, 2.320750189035917 ], [ -76.596811768195721, 2.320750189035917 ], [ -76.596811768195721, 2.320840814744802 ], [ -76.596721952293578, 2.320840814744802 ] ] ], [ [ [ -76.596811768195721, 2.320931440453686 ], [ -76.596811768195721, 2.321022066162571 ], [ -76.596721952293578, 2.321022066162571 ], [ -76.596721952293578, 2.320931440453686 ], [ -76.596811768195721, 2.320931440453686 ] ] ], [ [ [ -76.596632136391435, 2.321112691871456 ], [ -76.596632136391435, 2.321022066162571 ], [ -76.596721952293578, 2.321022066162571 ], [ -76.596721952293578, 2.321112691871456 ], [ -76.596632136391435, 2.321112691871456 ] ] ], [ [ [ -76.596901584097864, 2.321022066162571 ], [ -76.5969914, 2.321022066162571 ], [ -76.5969914, 2.320840814744802 ], [ -76.597081215902136, 2.320840814744802 ], [ -76.597081215902136, 2.320931440453686 ], [ -76.59717103180428, 2.320931440453686 ], [ -76.59717103180428, 2.321022066162571 ], [ -76.597081215902136, 2.321022066162571 ], [ -76.597081215902136, 2.32120331758034 ], [ -76.5969914, 2.32120331758034 ], [ -76.5969914, 2.321293943289225 ], [ -76.596811768195721, 2.321293943289225 ], [ -76.596811768195721, 2.32138456899811 ], [ -76.596721952293578, 2.32138456899811 ], [ -76.596721952293578, 2.321565820415879 ], [ -76.596362688685019, 2.321565820415879 ], [ -76.596362688685019, 2.32138456899811 ], [ -76.596632136391435, 2.32138456899811 ], [ -76.596632136391435, 2.321293943289225 ], [ -76.596721952293578, 2.321293943289225 ], [ -76.596721952293578, 2.32120331758034 ], [ -76.596811768195721, 2.32120331758034 ], [ -76.596811768195721, 2.321112691871456 ], [ -76.596901584097864, 2.321112691871456 ], [ -76.596901584097864, 2.321022066162571 ] ] ], [ [ [ -76.595374713761473, 2.321475194706994 ], [ -76.595733977370031, 2.321475194706994 ], [ -76.595733977370031, 2.321565820415879 ], [ -76.595913609174318, 2.321565820415879 ], [ -76.595913609174318, 2.321656446124764 ], [ -76.596183056880733, 2.321656446124764 ], [ -76.596183056880733, 2.321747071833649 ], [ -76.596272872782876, 2.321747071833649 ], [ -76.596272872782876, 2.321656446124764 ], [ -76.596452504587162, 2.321656446124764 ], [ -76.596452504587162, 2.321747071833649 ], [ -76.596542320489291, 2.321747071833649 ], [ -76.596542320489291, 2.321928323251418 ], [ -76.595913609174318, 2.321928323251418 ], [ -76.595913609174318, 2.322109574669187 ], [ -76.595644161467888, 2.322109574669187 ], [ -76.595644161467888, 2.322018948960303 ], [ -76.595554345565745, 2.322018948960303 ], [ -76.595554345565745, 2.321747071833649 ], [ -76.595284897859329, 2.321747071833649 ], [ -76.595284897859329, 2.321656446124764 ], [ -76.595195081957186, 2.321656446124764 ], [ -76.595195081957186, 2.32138456899811 ], [ -76.595374713761473, 2.32138456899811 ], [ -76.595374713761473, 2.321475194706994 ] ] ], [ [ [ -76.602470170030585, 2.332078402646503 ], [ -76.602559985932729, 2.332078402646503 ], [ -76.602559985932729, 2.332169028355388 ], [ -76.602470170030585, 2.332169028355388 ], [ -76.602470170030585, 2.332078402646503 ] ] ], [ [ [ -76.601931274617741, 2.332259654064273 ], [ -76.602021090519884, 2.332259654064273 ], [ -76.602021090519884, 2.332169028355388 ], [ -76.602200722324156, 2.332169028355388 ], [ -76.602200722324156, 2.332078402646503 ], [ -76.602380354128442, 2.332078402646503 ], [ -76.602380354128442, 2.332350279773157 ], [ -76.602200722324156, 2.332350279773157 ], [ -76.602200722324156, 2.332531531190926 ], [ -76.602021090519884, 2.332531531190926 ], [ -76.602021090519884, 2.332894034026465 ], [ -76.601841458715597, 2.332894034026465 ], [ -76.601841458715597, 2.332712782608696 ], [ -76.601661826911311, 2.332712782608696 ], [ -76.601661826911311, 2.332894034026465 ], [ -76.601302563302752, 2.332894034026465 ], [ -76.601302563302752, 2.333075285444234 ], [ -76.601033115596337, 2.333075285444234 ], [ -76.601033115596337, 2.332894034026465 ], [ -76.601122931498466, 2.332894034026465 ], [ -76.601122931498466, 2.332622156899811 ], [ -76.601572011009182, 2.332622156899811 ], [ -76.601572011009182, 2.332531531190926 ], [ -76.601841458715597, 2.332531531190926 ], [ -76.601841458715597, 2.332350279773157 ], [ -76.601931274617741, 2.332350279773157 ], [ -76.601931274617741, 2.332259654064273 ] ] ], [ [ [ -76.601661826911311, 2.333256536862004 ], [ -76.601661826911311, 2.333075285444234 ], [ -76.601841458715597, 2.333075285444234 ], [ -76.601841458715597, 2.333256536862004 ], [ -76.601661826911311, 2.333256536862004 ] ] ], [ [ [ -76.602470170030585, 2.334253419659735 ], [ -76.602110906422027, 2.334253419659735 ], [ -76.602110906422027, 2.334162793950851 ], [ -76.602021090519884, 2.334162793950851 ], [ -76.602021090519884, 2.333981542533082 ], [ -76.602380354128442, 2.333981542533082 ], [ -76.602380354128442, 2.333800291115312 ], [ -76.602559985932729, 2.333800291115312 ], [ -76.602559985932729, 2.333890916824197 ], [ -76.602470170030585, 2.333890916824197 ], [ -76.602470170030585, 2.334253419659735 ] ] ], [ [ [ -76.601302563302752, 2.333981542533082 ], [ -76.601482195107039, 2.333981542533082 ], [ -76.601482195107039, 2.334162793950851 ], [ -76.601302563302752, 2.334162793950851 ], [ -76.601302563302752, 2.333981542533082 ] ] ], [ [ [ -76.601482195107039, 2.334162793950851 ], [ -76.602021090519884, 2.334162793950851 ], [ -76.602021090519884, 2.33434404536862 ], [ -76.602110906422027, 2.33434404536862 ], [ -76.602110906422027, 2.334434671077505 ], [ -76.602021090519884, 2.334434671077505 ], [ -76.602021090519884, 2.334525296786389 ], [ -76.601931274617741, 2.334525296786389 ], [ -76.601931274617741, 2.334797173913044 ], [ -76.602110906422027, 2.334797173913044 ], [ -76.602110906422027, 2.334887799621928 ], [ -76.601661826911311, 2.334887799621928 ], [ -76.601661826911311, 2.334797173913044 ], [ -76.601841458715597, 2.334797173913044 ], [ -76.601841458715597, 2.334706548204159 ], [ -76.601482195107039, 2.334706548204159 ], [ -76.601482195107039, 2.334525296786389 ], [ -76.601302563302752, 2.334525296786389 ], [ -76.601302563302752, 2.33434404536862 ], [ -76.601482195107039, 2.33434404536862 ], [ -76.601482195107039, 2.334162793950851 ] ] ], [ [ [ -76.601302563302752, 2.334887799621928 ], [ -76.601482195107039, 2.334887799621928 ], [ -76.601482195107039, 2.335069051039698 ], [ -76.601302563302752, 2.335069051039698 ], [ -76.601302563302752, 2.334887799621928 ] ] ], [ [ [ -76.600494220183492, 2.334887799621928 ], [ -76.600584036085635, 2.334887799621928 ], [ -76.600584036085635, 2.334797173913044 ], [ -76.600673851987764, 2.334797173913044 ], [ -76.600673851987764, 2.334706548204159 ], [ -76.600763667889908, 2.334706548204159 ], [ -76.600763667889908, 2.335069051039698 ], [ -76.600584036085635, 2.335069051039698 ], [ -76.600584036085635, 2.335250302457467 ], [ -76.600404404281349, 2.335250302457467 ], [ -76.600404404281349, 2.335431553875237 ], [ -76.599865508868504, 2.335431553875237 ], [ -76.599865508868504, 2.335340928166352 ], [ -76.599685877064218, 2.335340928166352 ], [ -76.599685877064218, 2.335159676748582 ], [ -76.599865508868504, 2.335159676748582 ], [ -76.599865508868504, 2.335069051039698 ], [ -76.600224772477063, 2.335069051039698 ], [ -76.600224772477063, 2.334978425330813 ], [ -76.600494220183492, 2.334978425330813 ], [ -76.600494220183492, 2.334887799621928 ] ] ], [ [ [ -76.601482195107039, 2.335250302457467 ], [ -76.601661826911311, 2.335250302457467 ], [ -76.601661826911311, 2.335340928166352 ], [ -76.601482195107039, 2.335340928166352 ], [ -76.601482195107039, 2.335250302457467 ] ] ], [ [ [ -76.595913609174318, 2.336156559546314 ], [ -76.595913609174318, 2.335522179584121 ], [ -76.595823793272174, 2.335522179584121 ], [ -76.595823793272174, 2.335340928166352 ], [ -76.595733977370031, 2.335340928166352 ], [ -76.595733977370031, 2.335250302457467 ], [ -76.595554345565745, 2.335250302457467 ], [ -76.595554345565745, 2.335159676748582 ], [ -76.595644161467888, 2.335159676748582 ], [ -76.595644161467888, 2.335069051039698 ], [ -76.595733977370031, 2.335069051039698 ], [ -76.595733977370031, 2.334887799621928 ], [ -76.595913609174318, 2.334887799621928 ], [ -76.595913609174318, 2.334434671077505 ], [ -76.596362688685019, 2.334434671077505 ], [ -76.596362688685019, 2.334525296786389 ], [ -76.596452504587162, 2.334525296786389 ], [ -76.596452504587162, 2.334615922495274 ], [ -76.596542320489291, 2.334615922495274 ], [ -76.596542320489291, 2.335340928166352 ], [ -76.596632136391435, 2.335340928166352 ], [ -76.596632136391435, 2.335431553875237 ], [ -76.596721952293578, 2.335431553875237 ], [ -76.596721952293578, 2.335794056710775 ], [ -76.596632136391435, 2.335794056710775 ], [ -76.596632136391435, 2.33588468241966 ], [ -76.596542320489291, 2.33588468241966 ], [ -76.596542320489291, 2.336065933837429 ], [ -76.596632136391435, 2.336065933837429 ], [ -76.596632136391435, 2.336247185255198 ], [ -76.596542320489291, 2.336247185255198 ], [ -76.596542320489291, 2.336156559546314 ], [ -76.596452504587162, 2.336156559546314 ], [ -76.596452504587162, 2.335975308128544 ], [ -76.59609324097859, 2.335975308128544 ], [ -76.59609324097859, 2.336065933837429 ], [ -76.596003425076461, 2.336065933837429 ], [ -76.596003425076461, 2.336156559546314 ], [ -76.595913609174318, 2.336156559546314 ] ] ], [ [ [ -76.600943299694194, 2.335431553875237 ], [ -76.601122931498466, 2.335431553875237 ], [ -76.601122931498466, 2.335612805293006 ], [ -76.600943299694194, 2.335612805293006 ], [ -76.600943299694194, 2.335431553875237 ] ] ], [ [ [ -76.601482195107039, 2.335522179584121 ], [ -76.601572011009182, 2.335522179584121 ], [ -76.601572011009182, 2.335612805293006 ], [ -76.601482195107039, 2.335612805293006 ], [ -76.601482195107039, 2.335522179584121 ] ] ], [ [ [ -76.600763667889908, 2.335794056710775 ], [ -76.601122931498466, 2.335794056710775 ], [ -76.601122931498466, 2.335975308128544 ], [ -76.600763667889908, 2.335975308128544 ], [ -76.600763667889908, 2.335794056710775 ] ] ], [ [ [ -76.600763667889908, 2.336156559546314 ], [ -76.601302563302752, 2.336156559546314 ], [ -76.601302563302752, 2.336337810964083 ], [ -76.600763667889908, 2.336337810964083 ], [ -76.600763667889908, 2.336156559546314 ] ] ], [ [ [ -76.597081215902136, 2.336790939508507 ], [ -76.5969914, 2.336790939508507 ], [ -76.5969914, 2.336700313799622 ], [ -76.596901584097864, 2.336700313799622 ], [ -76.596901584097864, 2.336609688090737 ], [ -76.597081215902136, 2.336609688090737 ], [ -76.597081215902136, 2.336519062381853 ], [ -76.59717103180428, 2.336519062381853 ], [ -76.59717103180428, 2.336700313799622 ], [ -76.597350663608566, 2.336700313799622 ], [ -76.597350663608566, 2.336790939508507 ], [ -76.597440479510709, 2.336790939508507 ], [ -76.597440479510709, 2.336972190926276 ], [ -76.597530295412852, 2.336972190926276 ], [ -76.597530295412852, 2.337153442344046 ], [ -76.597440479510709, 2.337153442344046 ], [ -76.597440479510709, 2.33724406805293 ], [ -76.597350663608566, 2.33724406805293 ], [ -76.597350663608566, 2.337153442344046 ], [ -76.597260847706423, 2.337153442344046 ], [ -76.597260847706423, 2.337062816635161 ], [ -76.597350663608566, 2.337062816635161 ], [ -76.597350663608566, 2.336972190926276 ], [ -76.597260847706423, 2.336972190926276 ], [ -76.597260847706423, 2.336881565217392 ], [ -76.597081215902136, 2.336881565217392 ], [ -76.597081215902136, 2.336790939508507 ] ] ], [ [ [ -76.598069190825683, 2.337787822306238 ], [ -76.597709927217124, 2.337787822306238 ], [ -76.597709927217124, 2.337606570888469 ], [ -76.597889559021411, 2.337606570888469 ], [ -76.597889559021411, 2.337515945179584 ], [ -76.597979374923554, 2.337515945179584 ], [ -76.597979374923554, 2.3374253194707 ], [ -76.598069190825683, 2.3374253194707 ], [ -76.598069190825683, 2.337334693761815 ], [ -76.598159006727826, 2.337334693761815 ], [ -76.598159006727826, 2.3374253194707 ], [ -76.598248822629969, 2.3374253194707 ], [ -76.598248822629969, 2.337515945179584 ], [ -76.598608086238528, 2.337515945179584 ], [ -76.598608086238528, 2.337606570888469 ], [ -76.598697902140671, 2.337606570888469 ], [ -76.598697902140671, 2.337697196597354 ], [ -76.598787718042814, 2.337697196597354 ], [ -76.598787718042814, 2.337606570888469 ], [ -76.599146981651373, 2.337606570888469 ], [ -76.599146981651373, 2.33724406805293 ], [ -76.599326613455659, 2.33724406805293 ], [ -76.599326613455659, 2.337062816635161 ], [ -76.598877533944957, 2.337062816635161 ], [ -76.598877533944957, 2.336790939508507 ], [ -76.598787718042814, 2.336790939508507 ], [ -76.598787718042814, 2.336609688090737 ], [ -76.598967349847101, 2.336609688090737 ], [ -76.598967349847101, 2.336700313799622 ], [ -76.599057165749244, 2.336700313799622 ], [ -76.599057165749244, 2.336790939508507 ], [ -76.599146981651373, 2.336790939508507 ], [ -76.599146981651373, 2.336700313799622 ], [ -76.599596061162075, 2.336700313799622 ], [ -76.599596061162075, 2.336790939508507 ], [ -76.599685877064218, 2.336790939508507 ], [ -76.599685877064218, 2.336881565217392 ], [ -76.599865508868504, 2.336881565217392 ], [ -76.599865508868504, 2.336790939508507 ], [ -76.60004514067279, 2.336790939508507 ], [ -76.60004514067279, 2.336972190926276 ], [ -76.600314588379206, 2.336972190926276 ], [ -76.600314588379206, 2.336881565217392 ], [ -76.600584036085635, 2.336881565217392 ], [ -76.600584036085635, 2.336700313799622 ], [ -76.600763667889908, 2.336700313799622 ], [ -76.600763667889908, 2.336881565217392 ], [ -76.600853483792051, 2.336881565217392 ], [ -76.600853483792051, 2.337062816635161 ], [ -76.600584036085635, 2.337062816635161 ], [ -76.600584036085635, 2.3374253194707 ], [ -76.60004514067279, 2.3374253194707 ], [ -76.60004514067279, 2.337515945179584 ], [ -76.599955324770647, 2.337515945179584 ], [ -76.599955324770647, 2.337787822306238 ], [ -76.599506245259946, 2.337787822306238 ], [ -76.599506245259946, 2.337606570888469 ], [ -76.599326613455659, 2.337606570888469 ], [ -76.599326613455659, 2.337969073724008 ], [ -76.599146981651373, 2.337969073724008 ], [ -76.599146981651373, 2.338150325141777 ], [ -76.599057165749244, 2.338150325141777 ], [ -76.599057165749244, 2.337969073724008 ], [ -76.598967349847101, 2.337969073724008 ], [ -76.598967349847101, 2.338059699432892 ], [ -76.598877533944957, 2.338059699432892 ], [ -76.598877533944957, 2.338150325141777 ], [ -76.598787718042814, 2.338150325141777 ], [ -76.598787718042814, 2.337969073724008 ], [ -76.598069190825683, 2.337969073724008 ], [ -76.598069190825683, 2.337787822306238 ] ] ], [ [ [ -76.601482195107039, 2.3374253194707 ], [ -76.601482195107039, 2.337515945179584 ], [ -76.601572011009182, 2.337515945179584 ], [ -76.601572011009182, 2.337697196597354 ], [ -76.601482195107039, 2.337697196597354 ], [ -76.601482195107039, 2.337787822306238 ], [ -76.601302563302752, 2.337787822306238 ], [ -76.601302563302752, 2.337878448015123 ], [ -76.601122931498466, 2.337878448015123 ], [ -76.601122931498466, 2.337787822306238 ], [ -76.600943299694194, 2.337787822306238 ], [ -76.600943299694194, 2.337697196597354 ], [ -76.601033115596337, 2.337697196597354 ], [ -76.601033115596337, 2.337515945179584 ], [ -76.601392379204896, 2.337515945179584 ], [ -76.601392379204896, 2.3374253194707 ], [ -76.601482195107039, 2.3374253194707 ] ] ], [ [ [ -76.597530295412852, 2.337969073724008 ], [ -76.597620111314981, 2.337969073724008 ], [ -76.597620111314981, 2.337878448015123 ], [ -76.597709927217124, 2.337878448015123 ], [ -76.597709927217124, 2.338150325141777 ], [ -76.597620111314981, 2.338150325141777 ], [ -76.597620111314981, 2.338240950850662 ], [ -76.597530295412852, 2.338240950850662 ], [ -76.597530295412852, 2.338422202268431 ], [ -76.597440479510709, 2.338422202268431 ], [ -76.597440479510709, 2.338240950850662 ], [ -76.597260847706423, 2.338240950850662 ], [ -76.597260847706423, 2.338331576559546 ], [ -76.597081215902136, 2.338331576559546 ], [ -76.597081215902136, 2.338240950850662 ], [ -76.59717103180428, 2.338240950850662 ], [ -76.59717103180428, 2.338150325141777 ], [ -76.597530295412852, 2.338150325141777 ], [ -76.597530295412852, 2.337969073724008 ] ] ], [ [ [ -76.597799743119268, 2.338150325141777 ], [ -76.597889559021411, 2.338150325141777 ], [ -76.597889559021411, 2.338240950850662 ], [ -76.597799743119268, 2.338240950850662 ], [ -76.597799743119268, 2.338150325141777 ] ] ], [ [ [ -76.600763667889908, 2.337878448015123 ], [ -76.600943299694194, 2.337878448015123 ], [ -76.600943299694194, 2.337969073724008 ], [ -76.601122931498466, 2.337969073724008 ], [ -76.601122931498466, 2.338240950850662 ], [ -76.601033115596337, 2.338240950850662 ], [ -76.601033115596337, 2.338150325141777 ], [ -76.600943299694194, 2.338150325141777 ], [ -76.600943299694194, 2.338512827977316 ], [ -76.600763667889908, 2.338512827977316 ], [ -76.600763667889908, 2.338422202268431 ], [ -76.600673851987764, 2.338422202268431 ], [ -76.600673851987764, 2.338331576559546 ], [ -76.600763667889908, 2.338331576559546 ], [ -76.600763667889908, 2.338240950850662 ], [ -76.600853483792051, 2.338240950850662 ], [ -76.600853483792051, 2.338059699432892 ], [ -76.600763667889908, 2.338059699432892 ], [ -76.600763667889908, 2.337878448015123 ] ] ], [ [ [ -76.601392379204896, 2.338240950850662 ], [ -76.601482195107039, 2.338240950850662 ], [ -76.601482195107039, 2.338331576559546 ], [ -76.601392379204896, 2.338331576559546 ], [ -76.601392379204896, 2.338240950850662 ] ] ], [ [ [ -76.601482195107039, 2.338331576559546 ], [ -76.601572011009182, 2.338331576559546 ], [ -76.601572011009182, 2.338512827977316 ], [ -76.601482195107039, 2.338512827977316 ], [ -76.601482195107039, 2.338331576559546 ] ] ], [ [ [ -76.596901584097864, 2.339872213610586 ], [ -76.5969914, 2.339872213610586 ], [ -76.5969914, 2.339962839319471 ], [ -76.596632136391435, 2.339962839319471 ], [ -76.596632136391435, 2.339781587901701 ], [ -76.596901584097864, 2.339781587901701 ], [ -76.596901584097864, 2.339872213610586 ] ] ], [ [ [ -76.5950154501529, 2.339781587901701 ], [ -76.595105266055043, 2.339781587901701 ], [ -76.595105266055043, 2.339690962192817 ], [ -76.595374713761473, 2.339690962192817 ], [ -76.595374713761473, 2.339600336483932 ], [ -76.595554345565745, 2.339600336483932 ], [ -76.595554345565745, 2.339690962192817 ], [ -76.595644161467888, 2.339690962192817 ], [ -76.595644161467888, 2.339600336483932 ], [ -76.595733977370031, 2.339600336483932 ], [ -76.595733977370031, 2.340053465028356 ], [ -76.595823793272174, 2.340053465028356 ], [ -76.595823793272174, 2.34014409073724 ], [ -76.595913609174318, 2.34014409073724 ], [ -76.595913609174318, 2.34032534215501 ], [ -76.595374713761473, 2.34032534215501 ], [ -76.595374713761473, 2.340234716446125 ], [ -76.595464529663616, 2.340234716446125 ], [ -76.595464529663616, 2.34014409073724 ], [ -76.595374713761473, 2.34014409073724 ], [ -76.595374713761473, 2.339962839319471 ], [ -76.5950154501529, 2.339962839319471 ], [ -76.5950154501529, 2.339781587901701 ] ], [ [ -76.595554345565745, 2.339781587901701 ], [ -76.595374713761473, 2.339781587901701 ], [ -76.595374713761473, 2.339872213610586 ], [ -76.595554345565745, 2.339872213610586 ], [ -76.595554345565745, 2.339781587901701 ] ] ], [ [ [ -76.600134956574919, 2.34150347637051 ], [ -76.600134956574919, 2.341594102079395 ], [ -76.60004514067279, 2.341594102079395 ], [ -76.60004514067279, 2.341865979206049 ], [ -76.599955324770647, 2.341865979206049 ], [ -76.599955324770647, 2.341956604914934 ], [ -76.599685877064218, 2.341956604914934 ], [ -76.599685877064218, 2.341594102079395 ], [ -76.599506245259946, 2.341594102079395 ], [ -76.599506245259946, 2.341956604914934 ], [ -76.599146981651373, 2.341956604914934 ], [ -76.599146981651373, 2.341594102079395 ], [ -76.598967349847101, 2.341594102079395 ], [ -76.598967349847101, 2.341050347826087 ], [ -76.599146981651373, 2.341050347826087 ], [ -76.599146981651373, 2.340869096408318 ], [ -76.599236797553516, 2.340869096408318 ], [ -76.599236797553516, 2.341050347826087 ], [ -76.599326613455659, 2.341050347826087 ], [ -76.599326613455659, 2.340869096408318 ], [ -76.599506245259946, 2.340869096408318 ], [ -76.599506245259946, 2.340778470699433 ], [ -76.599596061162075, 2.340778470699433 ], [ -76.599596061162075, 2.340869096408318 ], [ -76.599775692966361, 2.340869096408318 ], [ -76.599775692966361, 2.339872213610586 ], [ -76.599685877064218, 2.339872213610586 ], [ -76.599685877064218, 2.339962839319471 ], [ -76.599326613455659, 2.339962839319471 ], [ -76.599326613455659, 2.34014409073724 ], [ -76.599236797553516, 2.34014409073724 ], [ -76.599236797553516, 2.340234716446125 ], [ -76.599146981651373, 2.340234716446125 ], [ -76.599146981651373, 2.34032534215501 ], [ -76.598877533944957, 2.34032534215501 ], [ -76.598877533944957, 2.340415967863894 ], [ -76.598787718042814, 2.340415967863894 ], [ -76.598787718042814, 2.340506593572779 ], [ -76.598248822629969, 2.340506593572779 ], [ -76.598248822629969, 2.34032534215501 ], [ -76.597709927217124, 2.34032534215501 ], [ -76.597709927217124, 2.339962839319471 ], [ -76.597889559021411, 2.339962839319471 ], [ -76.597889559021411, 2.339781587901701 ], [ -76.597530295412852, 2.339781587901701 ], [ -76.597530295412852, 2.339600336483932 ], [ -76.597350663608566, 2.339600336483932 ], [ -76.597350663608566, 2.339962839319471 ], [ -76.59717103180428, 2.339962839319471 ], [ -76.59717103180428, 2.339781587901701 ], [ -76.597081215902136, 2.339781587901701 ], [ -76.597081215902136, 2.339600336483932 ], [ -76.5969914, 2.339600336483932 ], [ -76.5969914, 2.339419085066163 ], [ -76.596632136391435, 2.339419085066163 ], [ -76.596632136391435, 2.339509710775047 ], [ -76.596721952293578, 2.339509710775047 ], [ -76.596721952293578, 2.339600336483932 ], [ -76.596632136391435, 2.339600336483932 ], [ -76.596632136391435, 2.339781587901701 ], [ -76.596272872782876, 2.339781587901701 ], [ -76.596272872782876, 2.339962839319471 ], [ -76.59609324097859, 2.339962839319471 ], [ -76.59609324097859, 2.34014409073724 ], [ -76.595913609174318, 2.34014409073724 ], [ -76.595913609174318, 2.339872213610586 ], [ -76.596003425076461, 2.339872213610586 ], [ -76.596003425076461, 2.339690962192817 ], [ -76.59609324097859, 2.339690962192817 ], [ -76.59609324097859, 2.339509710775047 ], [ -76.595733977370031, 2.339509710775047 ], [ -76.595733977370031, 2.339237833648393 ], [ -76.595913609174318, 2.339237833648393 ], [ -76.595913609174318, 2.339056582230624 ], [ -76.595554345565745, 2.339056582230624 ], [ -76.595554345565745, 2.338875330812855 ], [ -76.595284897859329, 2.338875330812855 ], [ -76.595284897859329, 2.33878470510397 ], [ -76.595105266055043, 2.33878470510397 ], [ -76.595105266055043, 2.338603453686201 ], [ -76.594835818348628, 2.338603453686201 ], [ -76.594835818348628, 2.338331576559546 ], [ -76.594925634250771, 2.338331576559546 ], [ -76.594925634250771, 2.338150325141777 ], [ -76.5950154501529, 2.338150325141777 ], [ -76.5950154501529, 2.338240950850662 ], [ -76.595105266055043, 2.338240950850662 ], [ -76.595105266055043, 2.338331576559546 ], [ -76.595195081957186, 2.338331576559546 ], [ -76.595195081957186, 2.338422202268431 ], [ -76.595284897859329, 2.338422202268431 ], [ -76.595284897859329, 2.338512827977316 ], [ -76.595464529663616, 2.338512827977316 ], [ -76.595464529663616, 2.338603453686201 ], [ -76.595733977370031, 2.338603453686201 ], [ -76.595733977370031, 2.338875330812855 ], [ -76.595823793272174, 2.338875330812855 ], [ -76.595823793272174, 2.338965956521739 ], [ -76.596003425076461, 2.338965956521739 ], [ -76.596003425076461, 2.339056582230624 ], [ -76.596272872782876, 2.339056582230624 ], [ -76.596272872782876, 2.339237833648393 ], [ -76.596362688685019, 2.339237833648393 ], [ -76.596362688685019, 2.339056582230624 ], [ -76.596632136391435, 2.339056582230624 ], [ -76.596632136391435, 2.338965956521739 ], [ -76.596452504587162, 2.338965956521739 ], [ -76.596452504587162, 2.338694079395085 ], [ -76.596542320489291, 2.338694079395085 ], [ -76.596542320489291, 2.338422202268431 ], [ -76.596721952293578, 2.338422202268431 ], [ -76.596721952293578, 2.338512827977316 ], [ -76.596811768195721, 2.338512827977316 ], [ -76.596811768195721, 2.338422202268431 ], [ -76.597081215902136, 2.338422202268431 ], [ -76.597081215902136, 2.338512827977316 ], [ -76.59717103180428, 2.338512827977316 ], [ -76.59717103180428, 2.338422202268431 ], [ -76.597350663608566, 2.338422202268431 ], [ -76.597350663608566, 2.338512827977316 ], [ -76.597440479510709, 2.338512827977316 ], [ -76.597440479510709, 2.338603453686201 ], [ -76.597350663608566, 2.338603453686201 ], [ -76.597350663608566, 2.338694079395085 ], [ -76.597260847706423, 2.338694079395085 ], [ -76.597260847706423, 2.338875330812855 ], [ -76.59717103180428, 2.338875330812855 ], [ -76.59717103180428, 2.339056582230624 ], [ -76.5969914, 2.339056582230624 ], [ -76.5969914, 2.339237833648393 ], [ -76.597350663608566, 2.339237833648393 ], [ -76.597350663608566, 2.338965956521739 ], [ -76.597530295412852, 2.338965956521739 ], [ -76.597530295412852, 2.338875330812855 ], [ -76.597709927217124, 2.338875330812855 ], [ -76.597709927217124, 2.339056582230624 ], [ -76.597620111314981, 2.339056582230624 ], [ -76.597620111314981, 2.339147207939509 ], [ -76.597530295412852, 2.339147207939509 ], [ -76.597530295412852, 2.339237833648393 ], [ -76.597620111314981, 2.339237833648393 ], [ -76.597620111314981, 2.339328459357278 ], [ -76.597889559021411, 2.339328459357278 ], [ -76.597889559021411, 2.339237833648393 ], [ -76.597979374923554, 2.339237833648393 ], [ -76.597979374923554, 2.339147207939509 ], [ -76.597889559021411, 2.339147207939509 ], [ -76.597889559021411, 2.338875330812855 ], [ -76.598248822629969, 2.338875330812855 ], [ -76.598248822629969, 2.338965956521739 ], [ -76.598428454434256, 2.338965956521739 ], [ -76.598428454434256, 2.338875330812855 ], [ -76.598518270336399, 2.338875330812855 ], [ -76.598518270336399, 2.338694079395085 ], [ -76.598338638532113, 2.338694079395085 ], [ -76.598338638532113, 2.338512827977316 ], [ -76.598787718042814, 2.338512827977316 ], [ -76.598787718042814, 2.338694079395085 ], [ -76.598608086238528, 2.338694079395085 ], [ -76.598608086238528, 2.338875330812855 ], [ -76.598787718042814, 2.338875330812855 ], [ -76.598787718042814, 2.339056582230624 ], [ -76.598608086238528, 2.339056582230624 ], [ -76.598608086238528, 2.339237833648393 ], [ -76.599146981651373, 2.339237833648393 ], [ -76.599146981651373, 2.339419085066163 ], [ -76.599326613455659, 2.339419085066163 ], [ -76.599326613455659, 2.339509710775047 ], [ -76.599416429357802, 2.339509710775047 ], [ -76.599416429357802, 2.339600336483932 ], [ -76.599506245259946, 2.339600336483932 ], [ -76.599506245259946, 2.339690962192817 ], [ -76.599596061162075, 2.339690962192817 ], [ -76.599596061162075, 2.339509710775047 ], [ -76.599506245259946, 2.339509710775047 ], [ -76.599506245259946, 2.339237833648393 ], [ -76.599326613455659, 2.339237833648393 ], [ -76.599326613455659, 2.338875330812855 ], [ -76.599146981651373, 2.338875330812855 ], [ -76.599146981651373, 2.338512827977316 ], [ -76.599326613455659, 2.338512827977316 ], [ -76.599326613455659, 2.338331576559546 ], [ -76.599146981651373, 2.338331576559546 ], [ -76.599146981651373, 2.338150325141777 ], [ -76.599506245259946, 2.338150325141777 ], [ -76.599506245259946, 2.338694079395085 ], [ -76.599685877064218, 2.338694079395085 ], [ -76.599685877064218, 2.339056582230624 ], [ -76.600224772477063, 2.339056582230624 ], [ -76.600224772477063, 2.338875330812855 ], [ -76.600404404281349, 2.338875330812855 ], [ -76.600404404281349, 2.338694079395085 ], [ -76.600853483792051, 2.338694079395085 ], [ -76.600853483792051, 2.339056582230624 ], [ -76.600943299694194, 2.339056582230624 ], [ -76.600943299694194, 2.339328459357278 ], [ -76.601392379204896, 2.339328459357278 ], [ -76.601392379204896, 2.339509710775047 ], [ -76.601302563302752, 2.339509710775047 ], [ -76.601302563302752, 2.339962839319471 ], [ -76.601212747400609, 2.339962839319471 ], [ -76.601212747400609, 2.34032534215501 ], [ -76.601122931498466, 2.34032534215501 ], [ -76.601122931498466, 2.340778470699433 ], [ -76.601033115596337, 2.340778470699433 ], [ -76.601033115596337, 2.340869096408318 ], [ -76.600943299694194, 2.340869096408318 ], [ -76.600943299694194, 2.340959722117202 ], [ -76.600673851987764, 2.340959722117202 ], [ -76.600673851987764, 2.341050347826087 ], [ -76.600494220183492, 2.341050347826087 ], [ -76.600494220183492, 2.341231599243856 ], [ -76.600404404281349, 2.341231599243856 ], [ -76.600404404281349, 2.341322224952741 ], [ -76.600224772477063, 2.341322224952741 ], [ -76.600224772477063, 2.34150347637051 ], [ -76.600134956574919, 2.34150347637051 ] ], [ [ -76.599775692966361, 2.341594102079395 ], [ -76.599775692966361, 2.34168472778828 ], [ -76.599865508868504, 2.34168472778828 ], [ -76.599865508868504, 2.341412850661626 ], [ -76.599775692966361, 2.341412850661626 ], [ -76.599775692966361, 2.341231599243856 ], [ -76.599865508868504, 2.341231599243856 ], [ -76.599865508868504, 2.341140973534972 ], [ -76.599775692966361, 2.341140973534972 ], [ -76.599775692966361, 2.341050347826087 ], [ -76.599506245259946, 2.341050347826087 ], [ -76.599506245259946, 2.341412850661626 ], [ -76.599596061162075, 2.341412850661626 ], [ -76.599596061162075, 2.34150347637051 ], [ -76.599685877064218, 2.34150347637051 ], [ -76.599685877064218, 2.341594102079395 ], [ -76.599775692966361, 2.341594102079395 ] ], [ [ -76.600943299694194, 2.340687844990548 ], [ -76.600763667889908, 2.340687844990548 ], [ -76.600763667889908, 2.340778470699433 ], [ -76.600853483792051, 2.340778470699433 ], [ -76.600853483792051, 2.340869096408318 ], [ -76.600943299694194, 2.340869096408318 ], [ -76.600943299694194, 2.340687844990548 ] ], [ [ -76.60004514067279, 2.340778470699433 ], [ -76.60004514067279, 2.340869096408318 ], [ -76.600134956574919, 2.340869096408318 ], [ -76.600134956574919, 2.340778470699433 ], [ -76.60004514067279, 2.340778470699433 ] ], [ [ -76.599865508868504, 2.339781587901701 ], [ -76.599865508868504, 2.339962839319471 ], [ -76.60004514067279, 2.339962839319471 ], [ -76.60004514067279, 2.339872213610586 ], [ -76.599955324770647, 2.339872213610586 ], [ -76.599955324770647, 2.339781587901701 ], [ -76.599865508868504, 2.339781587901701 ] ], [ [ -76.599146981651373, 2.339872213610586 ], [ -76.599146981651373, 2.339962839319471 ], [ -76.599236797553516, 2.339962839319471 ], [ -76.599236797553516, 2.339872213610586 ], [ -76.599146981651373, 2.339872213610586 ] ] ], [ [ [ -76.598967349847101, 2.340415967863894 ], [ -76.599057165749244, 2.340415967863894 ], [ -76.599057165749244, 2.340506593572779 ], [ -76.598967349847101, 2.340506593572779 ], [ -76.598967349847101, 2.340415967863894 ] ] ], [ [ [ -76.598787718042814, 2.340506593572779 ], [ -76.598967349847101, 2.340506593572779 ], [ -76.598967349847101, 2.340687844990548 ], [ -76.598787718042814, 2.340687844990548 ], [ -76.598787718042814, 2.340506593572779 ] ] ], [ [ [ -76.598248822629969, 2.340869096408318 ], [ -76.597709927217124, 2.340869096408318 ], [ -76.597709927217124, 2.341050347826087 ], [ -76.597620111314981, 2.341050347826087 ], [ -76.597620111314981, 2.340778470699433 ], [ -76.597709927217124, 2.340778470699433 ], [ -76.597709927217124, 2.340687844990548 ], [ -76.597889559021411, 2.340687844990548 ], [ -76.597889559021411, 2.340597219281664 ], [ -76.598159006727826, 2.340597219281664 ], [ -76.598159006727826, 2.340506593572779 ], [ -76.598248822629969, 2.340506593572779 ], [ -76.598248822629969, 2.340869096408318 ] ] ], [ [ [ -76.598608086238528, 2.340869096408318 ], [ -76.598967349847101, 2.340869096408318 ], [ -76.598967349847101, 2.341050347826087 ], [ -76.598608086238528, 2.341050347826087 ], [ -76.598608086238528, 2.340869096408318 ] ] ], [ [ [ -76.595644161467888, 2.341140973534972 ], [ -76.595733977370031, 2.341140973534972 ], [ -76.595733977370031, 2.341231599243856 ], [ -76.595554345565745, 2.341231599243856 ], [ -76.595554345565745, 2.341050347826087 ], [ -76.595644161467888, 2.341050347826087 ], [ -76.595644161467888, 2.341140973534972 ] ] ], [ [ [ -76.595374713761473, 2.341412850661626 ], [ -76.595374713761473, 2.341231599243856 ], [ -76.595554345565745, 2.341231599243856 ], [ -76.595554345565745, 2.341412850661626 ], [ -76.595374713761473, 2.341412850661626 ] ] ], [ [ [ -76.595554345565745, 2.341594102079395 ], [ -76.595733977370031, 2.341594102079395 ], [ -76.595733977370031, 2.341775353497165 ], [ -76.595554345565745, 2.341775353497165 ], [ -76.595554345565745, 2.341594102079395 ] ] ], [ [ [ -76.595195081957186, 2.341775353497165 ], [ -76.595374713761473, 2.341775353497165 ], [ -76.595374713761473, 2.341956604914934 ], [ -76.595195081957186, 2.341956604914934 ], [ -76.595195081957186, 2.341775353497165 ] ] ], [ [ [ -76.599506245259946, 2.341956604914934 ], [ -76.599685877064218, 2.341956604914934 ], [ -76.599685877064218, 2.342137856332704 ], [ -76.599506245259946, 2.342137856332704 ], [ -76.599506245259946, 2.341956604914934 ] ] ], [ [ [ -76.599416429357802, 2.347394147448015 ], [ -76.599506245259946, 2.347394147448015 ], [ -76.599506245259946, 2.347575398865785 ], [ -76.599326613455659, 2.347575398865785 ], [ -76.599326613455659, 2.3474847731569 ], [ -76.599416429357802, 2.3474847731569 ], [ -76.599416429357802, 2.347394147448015 ] ] ], [ [ [ -76.599326613455659, 2.348119153119093 ], [ -76.599416429357802, 2.348119153119093 ], [ -76.599416429357802, 2.348209778827977 ], [ -76.599506245259946, 2.348209778827977 ], [ -76.599506245259946, 2.348481655954632 ], [ -76.599416429357802, 2.348481655954632 ], [ -76.599416429357802, 2.348662907372401 ], [ -76.599326613455659, 2.348662907372401 ], [ -76.599326613455659, 2.348119153119093 ] ] ], [ [ [ -76.59312931620795, 2.307518835538752 ], [ -76.593308948012236, 2.307518835538752 ], [ -76.593308948012236, 2.307790712665406 ], [ -76.592770052599391, 2.307790712665406 ], [ -76.592770052599391, 2.307337584120983 ], [ -76.592949684403678, 2.307337584120983 ], [ -76.592949684403678, 2.307156332703214 ], [ -76.593039500305807, 2.307156332703214 ], [ -76.593039500305807, 2.307428209829868 ], [ -76.592949684403678, 2.307428209829868 ], [ -76.592949684403678, 2.307609461247637 ], [ -76.59312931620795, 2.307609461247637 ], [ -76.59312931620795, 2.307518835538752 ] ] ], [ [ [ -76.593308948012236, 2.312321998109641 ], [ -76.593308948012236, 2.312231372400756 ], [ -76.593398763914379, 2.312231372400756 ], [ -76.593398763914379, 2.312140746691872 ], [ -76.593488579816508, 2.312140746691872 ], [ -76.593488579816508, 2.312231372400756 ], [ -76.593578395718652, 2.312231372400756 ], [ -76.593578395718652, 2.312321998109641 ], [ -76.593308948012236, 2.312321998109641 ] ] ], [ [ [ -76.592410788990833, 2.312865752362949 ], [ -76.592500604892962, 2.312865752362949 ], [ -76.592500604892962, 2.312956378071834 ], [ -76.592410788990833, 2.312956378071834 ], [ -76.592410788990833, 2.312865752362949 ] ] ], [ [ [ -76.592231157186546, 2.313137629489603 ], [ -76.592500604892962, 2.313137629489603 ], [ -76.592500604892962, 2.313228255198488 ], [ -76.592141341284403, 2.313228255198488 ], [ -76.592141341284403, 2.312775126654064 ], [ -76.592231157186546, 2.312775126654064 ], [ -76.592231157186546, 2.313137629489603 ] ] ], [ [ [ -76.592500604892962, 2.312956378071834 ], [ -76.592590420795105, 2.312956378071834 ], [ -76.592590420795105, 2.313137629489603 ], [ -76.592500604892962, 2.313137629489603 ], [ -76.592500604892962, 2.312956378071834 ] ] ], [ [ [ -76.593398763914379, 2.31268450094518 ], [ -76.593578395718652, 2.31268450094518 ], [ -76.593578395718652, 2.312865752362949 ], [ -76.593668211620795, 2.312865752362949 ], [ -76.593668211620795, 2.312956378071834 ], [ -76.593758027522938, 2.312956378071834 ], [ -76.593758027522938, 2.313228255198488 ], [ -76.593847843425081, 2.313228255198488 ], [ -76.593847843425081, 2.313318880907373 ], [ -76.593937659327224, 2.313318880907373 ], [ -76.593937659327224, 2.313590758034027 ], [ -76.593847843425081, 2.313590758034027 ], [ -76.593847843425081, 2.313772009451796 ], [ -76.593758027522938, 2.313772009451796 ], [ -76.593758027522938, 2.313409506616257 ], [ -76.593578395718652, 2.313409506616257 ], [ -76.593578395718652, 2.313228255198488 ], [ -76.593398763914379, 2.313228255198488 ], [ -76.593398763914379, 2.313047003780718 ], [ -76.593308948012236, 2.313047003780718 ], [ -76.593308948012236, 2.312775126654064 ], [ -76.593398763914379, 2.312775126654064 ], [ -76.593398763914379, 2.31268450094518 ] ] ], [ [ [ -76.59232097308869, 2.313409506616257 ], [ -76.592231157186546, 2.313409506616257 ], [ -76.592231157186546, 2.313500132325142 ], [ -76.592141341284403, 2.313500132325142 ], [ -76.592141341284403, 2.313318880907373 ], [ -76.59232097308869, 2.313318880907373 ], [ -76.59232097308869, 2.313409506616257 ] ] ], [ [ [ -76.593578395718652, 2.313772009451796 ], [ -76.593398763914379, 2.313772009451796 ], [ -76.593398763914379, 2.313862635160681 ], [ -76.593308948012236, 2.313862635160681 ], [ -76.593308948012236, 2.313409506616257 ], [ -76.59312931620795, 2.313409506616257 ], [ -76.59312931620795, 2.313318880907373 ], [ -76.593308948012236, 2.313318880907373 ], [ -76.593308948012236, 2.313228255198488 ], [ -76.593398763914379, 2.313228255198488 ], [ -76.593398763914379, 2.313590758034027 ], [ -76.593578395718652, 2.313590758034027 ], [ -76.593578395718652, 2.313772009451796 ] ] ], [ [ [ -76.593039500305807, 2.313590758034027 ], [ -76.593039500305807, 2.313500132325142 ], [ -76.59312931620795, 2.313500132325142 ], [ -76.59312931620795, 2.313772009451796 ], [ -76.592949684403678, 2.313772009451796 ], [ -76.592949684403678, 2.313590758034027 ], [ -76.593039500305807, 2.313590758034027 ] ] ], [ [ [ -76.593219132110093, 2.313862635160681 ], [ -76.593308948012236, 2.313862635160681 ], [ -76.593308948012236, 2.313953260869565 ], [ -76.593219132110093, 2.313953260869565 ], [ -76.593219132110093, 2.313862635160681 ] ] ], [ [ [ -76.59205152538226, 2.313500132325142 ], [ -76.591961709480117, 2.313500132325142 ], [ -76.591961709480117, 2.313590758034027 ], [ -76.591871893577988, 2.313590758034027 ], [ -76.591871893577988, 2.313862635160681 ], [ -76.59205152538226, 2.313862635160681 ], [ -76.59205152538226, 2.313953260869565 ], [ -76.592141341284403, 2.313953260869565 ], [ -76.592141341284403, 2.314315763705104 ], [ -76.591961709480117, 2.314315763705104 ], [ -76.591961709480117, 2.314497015122873 ], [ -76.591782077675845, 2.314497015122873 ], [ -76.591782077675845, 2.314134512287335 ], [ -76.591602445871558, 2.314134512287335 ], [ -76.591602445871558, 2.313953260869565 ], [ -76.591782077675845, 2.313953260869565 ], [ -76.591782077675845, 2.313772009451796 ], [ -76.591602445871558, 2.313772009451796 ], [ -76.591602445871558, 2.313409506616257 ], [ -76.59205152538226, 2.313409506616257 ], [ -76.59205152538226, 2.313500132325142 ] ], [ [ -76.591871893577988, 2.31404388657845 ], [ -76.591871893577988, 2.314225137996219 ], [ -76.59205152538226, 2.314225137996219 ], [ -76.59205152538226, 2.31404388657845 ], [ -76.591871893577988, 2.31404388657845 ] ] ], [ [ [ -76.591243182263, 2.313953260869565 ], [ -76.591422814067286, 2.313953260869565 ], [ -76.591422814067286, 2.314134512287335 ], [ -76.591243182263, 2.314134512287335 ], [ -76.591243182263, 2.313953260869565 ] ] ], [ [ [ -76.593847843425081, 2.314406389413989 ], [ -76.593758027522938, 2.314406389413989 ], [ -76.593758027522938, 2.314315763705104 ], [ -76.593847843425081, 2.314315763705104 ], [ -76.593847843425081, 2.314225137996219 ], [ -76.593937659327224, 2.314225137996219 ], [ -76.593937659327224, 2.314497015122873 ], [ -76.593847843425081, 2.314497015122873 ], [ -76.593847843425081, 2.314406389413989 ] ] ], [ [ [ -76.593937659327224, 2.314678266540643 ], [ -76.593847843425081, 2.314678266540643 ], [ -76.593847843425081, 2.314587640831758 ], [ -76.594117291131496, 2.314587640831758 ], [ -76.594117291131496, 2.314678266540643 ], [ -76.594027475229353, 2.314678266540643 ], [ -76.594027475229353, 2.314768892249528 ], [ -76.593937659327224, 2.314768892249528 ], [ -76.593937659327224, 2.314678266540643 ] ] ], [ [ [ -76.591692261773701, 2.311596992438564 ], [ -76.591871893577988, 2.311596992438564 ], [ -76.591871893577988, 2.311506366729679 ], [ -76.591961709480117, 2.311506366729679 ], [ -76.591961709480117, 2.311687618147448 ], [ -76.59205152538226, 2.311687618147448 ], [ -76.59205152538226, 2.311778243856333 ], [ -76.592141341284403, 2.311778243856333 ], [ -76.592141341284403, 2.311868869565218 ], [ -76.59205152538226, 2.311868869565218 ], [ -76.59205152538226, 2.311959495274102 ], [ -76.592141341284403, 2.311959495274102 ], [ -76.592141341284403, 2.312050120982987 ], [ -76.592231157186546, 2.312050120982987 ], [ -76.592231157186546, 2.312321998109641 ], [ -76.592410788990833, 2.312321998109641 ], [ -76.592410788990833, 2.312865752362949 ], [ -76.59232097308869, 2.312865752362949 ], [ -76.59232097308869, 2.31268450094518 ], [ -76.592231157186546, 2.31268450094518 ], [ -76.592231157186546, 2.31250324952741 ], [ -76.59205152538226, 2.31250324952741 ], [ -76.59205152538226, 2.312140746691872 ], [ -76.591782077675845, 2.312140746691872 ], [ -76.591782077675845, 2.311959495274102 ], [ -76.591692261773701, 2.311959495274102 ], [ -76.591692261773701, 2.311868869565218 ], [ -76.591602445871558, 2.311868869565218 ], [ -76.591602445871558, 2.311959495274102 ], [ -76.591422814067286, 2.311959495274102 ], [ -76.591422814067286, 2.311868869565218 ], [ -76.591332998165143, 2.311868869565218 ], [ -76.591332998165143, 2.311778243856333 ], [ -76.591153366360857, 2.311778243856333 ], [ -76.591153366360857, 2.311868869565218 ], [ -76.591243182263, 2.311868869565218 ], [ -76.591243182263, 2.311959495274102 ], [ -76.590345023241596, 2.311959495274102 ], [ -76.590345023241596, 2.312140746691872 ], [ -76.590524655045868, 2.312140746691872 ], [ -76.590524655045868, 2.31250324952741 ], [ -76.590704286850155, 2.31250324952741 ], [ -76.590704286850155, 2.313590758034027 ], [ -76.590345023241596, 2.313590758034027 ], [ -76.590345023241596, 2.313953260869565 ], [ -76.590524655045868, 2.313953260869565 ], [ -76.590524655045868, 2.314134512287335 ], [ -76.590345023241596, 2.314134512287335 ], [ -76.590345023241596, 2.314497015122873 ], [ -76.590704286850155, 2.314497015122873 ], [ -76.590704286850155, 2.314678266540643 ], [ -76.590883918654441, 2.314678266540643 ], [ -76.590883918654441, 2.314497015122873 ], [ -76.591063550458713, 2.314497015122873 ], [ -76.591063550458713, 2.314678266540643 ], [ -76.591422814067286, 2.314678266540643 ], [ -76.591422814067286, 2.314859517958412 ], [ -76.591602445871558, 2.314859517958412 ], [ -76.591602445871558, 2.315040769376182 ], [ -76.59205152538226, 2.315040769376182 ], [ -76.59205152538226, 2.315131395085066 ], [ -76.592231157186546, 2.315131395085066 ], [ -76.592231157186546, 2.315222020793951 ], [ -76.592141341284403, 2.315222020793951 ], [ -76.592141341284403, 2.315403272211721 ], [ -76.592231157186546, 2.315403272211721 ], [ -76.592231157186546, 2.315493897920605 ], [ -76.59232097308869, 2.315493897920605 ], [ -76.59232097308869, 2.316037652173913 ], [ -76.592410788990833, 2.316037652173913 ], [ -76.592410788990833, 2.315947026465028 ], [ -76.592500604892962, 2.315947026465028 ], [ -76.592500604892962, 2.316218903591682 ], [ -76.592410788990833, 2.316218903591682 ], [ -76.592410788990833, 2.316309529300567 ], [ -76.59232097308869, 2.316309529300567 ], [ -76.59232097308869, 2.316400155009452 ], [ -76.592231157186546, 2.316400155009452 ], [ -76.592231157186546, 2.316672032136106 ], [ -76.59232097308869, 2.316672032136106 ], [ -76.59232097308869, 2.316762657844991 ], [ -76.592231157186546, 2.316762657844991 ], [ -76.592231157186546, 2.317034534971645 ], [ -76.592141341284403, 2.317034534971645 ], [ -76.592141341284403, 2.31712516068053 ], [ -76.59205152538226, 2.31712516068053 ], [ -76.59205152538226, 2.317215786389414 ], [ -76.591961709480117, 2.317215786389414 ], [ -76.591961709480117, 2.317578289224953 ], [ -76.591602445871558, 2.317578289224953 ], [ -76.591602445871558, 2.317759540642722 ], [ -76.591961709480117, 2.317759540642722 ], [ -76.591961709480117, 2.317850166351607 ], [ -76.591871893577988, 2.317850166351607 ], [ -76.591871893577988, 2.318122043478261 ], [ -76.591961709480117, 2.318122043478261 ], [ -76.591961709480117, 2.318212669187146 ], [ -76.592231157186546, 2.318212669187146 ], [ -76.592231157186546, 2.318031417769376 ], [ -76.59232097308869, 2.318031417769376 ], [ -76.59232097308869, 2.317759540642722 ], [ -76.592231157186546, 2.317759540642722 ], [ -76.592231157186546, 2.317578289224953 ], [ -76.592500604892962, 2.317578289224953 ], [ -76.592500604892962, 2.317668914933837 ], [ -76.592590420795105, 2.317668914933837 ], [ -76.592590420795105, 2.317759540642722 ], [ -76.592680236697248, 2.317759540642722 ], [ -76.592680236697248, 2.317668914933837 ], [ -76.592770052599391, 2.317668914933837 ], [ -76.592770052599391, 2.317850166351607 ], [ -76.592859868501534, 2.317850166351607 ], [ -76.592859868501534, 2.317759540642722 ], [ -76.592949684403678, 2.317759540642722 ], [ -76.592949684403678, 2.317850166351607 ], [ -76.593219132110093, 2.317850166351607 ], [ -76.593219132110093, 2.317668914933837 ], [ -76.593308948012236, 2.317668914933837 ], [ -76.593308948012236, 2.317215786389414 ], [ -76.593668211620795, 2.317215786389414 ], [ -76.593668211620795, 2.317034534971645 ], [ -76.593758027522938, 2.317034534971645 ], [ -76.593758027522938, 2.31694390926276 ], [ -76.593488579816508, 2.31694390926276 ], [ -76.593488579816508, 2.316672032136106 ], [ -76.593578395718652, 2.316672032136106 ], [ -76.593578395718652, 2.316400155009452 ], [ -76.593668211620795, 2.316400155009452 ], [ -76.593668211620795, 2.316309529300567 ], [ -76.593488579816508, 2.316309529300567 ], [ -76.593488579816508, 2.316218903591682 ], [ -76.593219132110093, 2.316218903591682 ], [ -76.593219132110093, 2.316128277882798 ], [ -76.592949684403678, 2.316128277882798 ], [ -76.592949684403678, 2.315947026465028 ], [ -76.592859868501534, 2.315947026465028 ], [ -76.592859868501534, 2.315856400756144 ], [ -76.592949684403678, 2.315856400756144 ], [ -76.592949684403678, 2.31558452362949 ], [ -76.592859868501534, 2.31558452362949 ], [ -76.592859868501534, 2.315493897920605 ], [ -76.592500604892962, 2.315493897920605 ], [ -76.592500604892962, 2.315403272211721 ], [ -76.592590420795105, 2.315403272211721 ], [ -76.592590420795105, 2.315040769376182 ], [ -76.592500604892962, 2.315040769376182 ], [ -76.592500604892962, 2.314859517958412 ], [ -76.592590420795105, 2.314859517958412 ], [ -76.592590420795105, 2.314768892249528 ], [ -76.592500604892962, 2.314768892249528 ], [ -76.592500604892962, 2.314587640831758 ], [ -76.592590420795105, 2.314587640831758 ], [ -76.592590420795105, 2.314497015122873 ], [ -76.592680236697248, 2.314497015122873 ], [ -76.592680236697248, 2.314315763705104 ], [ -76.592410788990833, 2.314315763705104 ], [ -76.592410788990833, 2.314225137996219 ], [ -76.59232097308869, 2.314225137996219 ], [ -76.59232097308869, 2.314768892249528 ], [ -76.592231157186546, 2.314768892249528 ], [ -76.592231157186546, 2.314950143667297 ], [ -76.592141341284403, 2.314950143667297 ], [ -76.592141341284403, 2.314315763705104 ], [ -76.592231157186546, 2.314315763705104 ], [ -76.592231157186546, 2.313953260869565 ], [ -76.592410788990833, 2.313953260869565 ], [ -76.592410788990833, 2.313862635160681 ], [ -76.592500604892962, 2.313862635160681 ], [ -76.592500604892962, 2.313681383742911 ], [ -76.592590420795105, 2.313681383742911 ], [ -76.592590420795105, 2.313500132325142 ], [ -76.592680236697248, 2.313500132325142 ], [ -76.592680236697248, 2.313590758034027 ], [ -76.592859868501534, 2.313590758034027 ], [ -76.592859868501534, 2.313681383742911 ], [ -76.592770052599391, 2.313681383742911 ], [ -76.592770052599391, 2.313772009451796 ], [ -76.592680236697248, 2.313772009451796 ], [ -76.592680236697248, 2.313953260869565 ], [ -76.592770052599391, 2.313953260869565 ], [ -76.592770052599391, 2.31404388657845 ], [ -76.592859868501534, 2.31404388657845 ], [ -76.592859868501534, 2.314134512287335 ], [ -76.592770052599391, 2.314134512287335 ], [ -76.592770052599391, 2.314225137996219 ], [ -76.592859868501534, 2.314225137996219 ], [ -76.592859868501534, 2.314315763705104 ], [ -76.592949684403678, 2.314315763705104 ], [ -76.592949684403678, 2.314406389413989 ], [ -76.593039500305807, 2.314406389413989 ], [ -76.593039500305807, 2.314497015122873 ], [ -76.592949684403678, 2.314497015122873 ], [ -76.592949684403678, 2.314768892249528 ], [ -76.593039500305807, 2.314768892249528 ], [ -76.593039500305807, 2.314859517958412 ], [ -76.59312931620795, 2.314859517958412 ], [ -76.59312931620795, 2.314768892249528 ], [ -76.593219132110093, 2.314768892249528 ], [ -76.593219132110093, 2.314587640831758 ], [ -76.59312931620795, 2.314587640831758 ], [ -76.59312931620795, 2.314497015122873 ], [ -76.593219132110093, 2.314497015122873 ], [ -76.593219132110093, 2.314406389413989 ], [ -76.593398763914379, 2.314406389413989 ], [ -76.593398763914379, 2.314497015122873 ], [ -76.593758027522938, 2.314497015122873 ], [ -76.593758027522938, 2.314678266540643 ], [ -76.593668211620795, 2.314678266540643 ], [ -76.593668211620795, 2.314768892249528 ], [ -76.593578395718652, 2.314768892249528 ], [ -76.593578395718652, 2.314950143667297 ], [ -76.593758027522938, 2.314950143667297 ], [ -76.593758027522938, 2.315131395085066 ], [ -76.593668211620795, 2.315131395085066 ], [ -76.593668211620795, 2.316218903591682 ], [ -76.593758027522938, 2.316218903591682 ], [ -76.593758027522938, 2.316309529300567 ], [ -76.593847843425081, 2.316309529300567 ], [ -76.593847843425081, 2.316400155009452 ], [ -76.593937659327224, 2.316400155009452 ], [ -76.593937659327224, 2.316490780718337 ], [ -76.59420710703364, 2.316490780718337 ], [ -76.59420710703364, 2.316581406427221 ], [ -76.594835818348628, 2.316581406427221 ], [ -76.594835818348628, 2.316762657844991 ], [ -76.594925634250771, 2.316762657844991 ], [ -76.594925634250771, 2.31694390926276 ], [ -76.5950154501529, 2.31694390926276 ], [ -76.5950154501529, 2.317034534971645 ], [ -76.595105266055043, 2.317034534971645 ], [ -76.595105266055043, 2.317306412098299 ], [ -76.595195081957186, 2.317306412098299 ], [ -76.595195081957186, 2.317578289224953 ], [ -76.595105266055043, 2.317578289224953 ], [ -76.595105266055043, 2.317668914933837 ], [ -76.5950154501529, 2.317668914933837 ], [ -76.5950154501529, 2.317759540642722 ], [ -76.594925634250771, 2.317759540642722 ], [ -76.594925634250771, 2.317940792060492 ], [ -76.5950154501529, 2.317940792060492 ], [ -76.5950154501529, 2.318212669187146 ], [ -76.594925634250771, 2.318212669187146 ], [ -76.594925634250771, 2.31830329489603 ], [ -76.5950154501529, 2.31830329489603 ], [ -76.5950154501529, 2.318393920604915 ], [ -76.594835818348628, 2.318393920604915 ], [ -76.594835818348628, 2.318665797731569 ], [ -76.594656186544341, 2.318665797731569 ], [ -76.594656186544341, 2.318937674858223 ], [ -76.594566370642198, 2.318937674858223 ], [ -76.594566370642198, 2.318847049149339 ], [ -76.594386738837926, 2.318847049149339 ], [ -76.594386738837926, 2.319028300567108 ], [ -76.594476554740069, 2.319028300567108 ], [ -76.594476554740069, 2.319118926275993 ], [ -76.594566370642198, 2.319118926275993 ], [ -76.594566370642198, 2.319390803402646 ], [ -76.594835818348628, 2.319390803402646 ], [ -76.594835818348628, 2.319481429111531 ], [ -76.594925634250771, 2.319481429111531 ], [ -76.594925634250771, 2.319662680529301 ], [ -76.595105266055043, 2.319662680529301 ], [ -76.595105266055043, 2.319753306238185 ], [ -76.595195081957186, 2.319753306238185 ], [ -76.595195081957186, 2.31984393194707 ], [ -76.595284897859329, 2.31984393194707 ], [ -76.595284897859329, 2.32002518336484 ], [ -76.595644161467888, 2.32002518336484 ], [ -76.595644161467888, 2.320115809073724 ], [ -76.595733977370031, 2.320115809073724 ], [ -76.595733977370031, 2.319934557655955 ], [ -76.595823793272174, 2.319934557655955 ], [ -76.595823793272174, 2.31984393194707 ], [ -76.595913609174318, 2.31984393194707 ], [ -76.595913609174318, 2.319753306238185 ], [ -76.59609324097859, 2.319753306238185 ], [ -76.59609324097859, 2.31984393194707 ], [ -76.596183056880733, 2.31984393194707 ], [ -76.596183056880733, 2.32002518336484 ], [ -76.59609324097859, 2.32002518336484 ], [ -76.59609324097859, 2.320206434782609 ], [ -76.596183056880733, 2.320206434782609 ], [ -76.596183056880733, 2.320297060491494 ], [ -76.59609324097859, 2.320297060491494 ], [ -76.59609324097859, 2.320387686200378 ], [ -76.596003425076461, 2.320387686200378 ], [ -76.596003425076461, 2.320297060491494 ], [ -76.595913609174318, 2.320297060491494 ], [ -76.595913609174318, 2.320387686200378 ], [ -76.595733977370031, 2.320387686200378 ], [ -76.595733977370031, 2.320297060491494 ], [ -76.595644161467888, 2.320297060491494 ], [ -76.595644161467888, 2.320387686200378 ], [ -76.595464529663616, 2.320387686200378 ], [ -76.595464529663616, 2.320478311909263 ], [ -76.595374713761473, 2.320478311909263 ], [ -76.595374713761473, 2.320568937618148 ], [ -76.595195081957186, 2.320568937618148 ], [ -76.595195081957186, 2.320478311909263 ], [ -76.595105266055043, 2.320478311909263 ], [ -76.595105266055043, 2.320387686200378 ], [ -76.5950154501529, 2.320387686200378 ], [ -76.5950154501529, 2.320568937618148 ], [ -76.594835818348628, 2.320568937618148 ], [ -76.594835818348628, 2.320297060491494 ], [ -76.594925634250771, 2.320297060491494 ], [ -76.594925634250771, 2.320206434782609 ], [ -76.5950154501529, 2.320206434782609 ], [ -76.5950154501529, 2.32002518336484 ], [ -76.594925634250771, 2.32002518336484 ], [ -76.594925634250771, 2.319934557655955 ], [ -76.594835818348628, 2.319934557655955 ], [ -76.594835818348628, 2.32002518336484 ], [ -76.594746002446485, 2.32002518336484 ], [ -76.594746002446485, 2.31984393194707 ], [ -76.594656186544341, 2.31984393194707 ], [ -76.594656186544341, 2.319662680529301 ], [ -76.594566370642198, 2.319662680529301 ], [ -76.594566370642198, 2.319481429111531 ], [ -76.594476554740069, 2.319481429111531 ], [ -76.594476554740069, 2.319572054820416 ], [ -76.594386738837926, 2.319572054820416 ], [ -76.594386738837926, 2.320115809073724 ], [ -76.594296922935783, 2.320115809073724 ], [ -76.594296922935783, 2.320297060491494 ], [ -76.594117291131496, 2.320297060491494 ], [ -76.594117291131496, 2.319934557655955 ], [ -76.594296922935783, 2.319934557655955 ], [ -76.594296922935783, 2.319753306238185 ], [ -76.594117291131496, 2.319753306238185 ], [ -76.594117291131496, 2.319572054820416 ], [ -76.593937659327224, 2.319572054820416 ], [ -76.593937659327224, 2.319390803402646 ], [ -76.593758027522938, 2.319390803402646 ], [ -76.593758027522938, 2.319572054820416 ], [ -76.593578395718652, 2.319572054820416 ], [ -76.593578395718652, 2.319390803402646 ], [ -76.593039500305807, 2.319390803402646 ], [ -76.593039500305807, 2.319209551984877 ], [ -76.593219132110093, 2.319209551984877 ], [ -76.593219132110093, 2.319028300567108 ], [ -76.593488579816508, 2.319028300567108 ], [ -76.593488579816508, 2.319118926275993 ], [ -76.593578395718652, 2.319118926275993 ], [ -76.593578395718652, 2.319209551984877 ], [ -76.593668211620795, 2.319209551984877 ], [ -76.593668211620795, 2.319118926275993 ], [ -76.593758027522938, 2.319118926275993 ], [ -76.593758027522938, 2.319028300567108 ], [ -76.594117291131496, 2.319028300567108 ], [ -76.594117291131496, 2.318847049149339 ], [ -76.594296922935783, 2.318847049149339 ], [ -76.594296922935783, 2.318665797731569 ], [ -76.594476554740069, 2.318665797731569 ], [ -76.594476554740069, 2.317940792060492 ], [ -76.594296922935783, 2.317940792060492 ], [ -76.594296922935783, 2.318122043478261 ], [ -76.593398763914379, 2.318122043478261 ], [ -76.593398763914379, 2.31830329489603 ], [ -76.592859868501534, 2.31830329489603 ], [ -76.592859868501534, 2.318212669187146 ], [ -76.592770052599391, 2.318212669187146 ], [ -76.592770052599391, 2.31830329489603 ], [ -76.592500604892962, 2.31830329489603 ], [ -76.592500604892962, 2.3184845463138 ], [ -76.59232097308869, 2.3184845463138 ], [ -76.59232097308869, 2.318665797731569 ], [ -76.592141341284403, 2.318665797731569 ], [ -76.592141341284403, 2.319028300567108 ], [ -76.591961709480117, 2.319028300567108 ], [ -76.591961709480117, 2.318665797731569 ], [ -76.591422814067286, 2.318665797731569 ], [ -76.591422814067286, 2.318847049149339 ], [ -76.591243182263, 2.318847049149339 ], [ -76.591243182263, 2.319209551984877 ], [ -76.590883918654441, 2.319209551984877 ], [ -76.590883918654441, 2.319118926275993 ], [ -76.59097373455657, 2.319118926275993 ], [ -76.59097373455657, 2.319028300567108 ], [ -76.591063550458713, 2.319028300567108 ], [ -76.591063550458713, 2.318665797731569 ], [ -76.590883918654441, 2.318665797731569 ], [ -76.590883918654441, 2.318575172022685 ], [ -76.590794102752298, 2.318575172022685 ], [ -76.590794102752298, 2.318665797731569 ], [ -76.590524655045868, 2.318665797731569 ], [ -76.590524655045868, 2.318847049149339 ], [ -76.590345023241596, 2.318847049149339 ], [ -76.590345023241596, 2.319028300567108 ], [ -76.59016539143731, 2.319028300567108 ], [ -76.59016539143731, 2.319209551984877 ], [ -76.589806127828751, 2.319209551984877 ], [ -76.589806127828751, 2.319390803402646 ], [ -76.589626496024465, 2.319390803402646 ], [ -76.589626496024465, 2.319300177693762 ], [ -76.589536680122322, 2.319300177693762 ], [ -76.589536680122322, 2.319028300567108 ], [ -76.589626496024465, 2.319028300567108 ], [ -76.589626496024465, 2.318937674858223 ], [ -76.589806127828751, 2.318937674858223 ], [ -76.589806127828751, 2.319028300567108 ], [ -76.589985759633024, 2.319028300567108 ], [ -76.589985759633024, 2.318847049149339 ], [ -76.590075575535167, 2.318847049149339 ], [ -76.590075575535167, 2.318665797731569 ], [ -76.590345023241596, 2.318665797731569 ], [ -76.590345023241596, 2.318575172022685 ], [ -76.59043483914374, 2.318575172022685 ], [ -76.59043483914374, 2.318393920604915 ], [ -76.590614470948012, 2.318393920604915 ], [ -76.590614470948012, 2.3184845463138 ], [ -76.59097373455657, 2.3184845463138 ], [ -76.59097373455657, 2.318393920604915 ], [ -76.590883918654441, 2.318393920604915 ], [ -76.590883918654441, 2.31830329489603 ], [ -76.59097373455657, 2.31830329489603 ], [ -76.59097373455657, 2.318212669187146 ], [ -76.591063550458713, 2.318212669187146 ], [ -76.591063550458713, 2.318122043478261 ], [ -76.591153366360857, 2.318122043478261 ], [ -76.591153366360857, 2.318031417769376 ], [ -76.591243182263, 2.318031417769376 ], [ -76.591243182263, 2.317940792060492 ], [ -76.591332998165143, 2.317940792060492 ], [ -76.591332998165143, 2.317759540642722 ], [ -76.591422814067286, 2.317759540642722 ], [ -76.591422814067286, 2.317487663516068 ], [ -76.591512629969415, 2.317487663516068 ], [ -76.591512629969415, 2.317215786389414 ], [ -76.591692261773701, 2.317215786389414 ], [ -76.591692261773701, 2.31694390926276 ], [ -76.591602445871558, 2.31694390926276 ], [ -76.591602445871558, 2.316853283553876 ], [ -76.592141341284403, 2.316853283553876 ], [ -76.592141341284403, 2.316309529300567 ], [ -76.591782077675845, 2.316309529300567 ], [ -76.591782077675845, 2.316128277882798 ], [ -76.591602445871558, 2.316128277882798 ], [ -76.591602445871558, 2.315947026465028 ], [ -76.591422814067286, 2.315947026465028 ], [ -76.591422814067286, 2.315765775047259 ], [ -76.591243182263, 2.315765775047259 ], [ -76.591243182263, 2.316128277882798 ], [ -76.590524655045868, 2.316128277882798 ], [ -76.590524655045868, 2.315947026465028 ], [ -76.59016539143731, 2.315947026465028 ], [ -76.59016539143731, 2.31558452362949 ], [ -76.589985759633024, 2.31558452362949 ], [ -76.589985759633024, 2.315222020793951 ], [ -76.589626496024465, 2.315222020793951 ], [ -76.589626496024465, 2.315765775047259 ], [ -76.589806127828751, 2.315765775047259 ], [ -76.589806127828751, 2.316490780718337 ], [ -76.589985759633024, 2.316490780718337 ], [ -76.589985759633024, 2.316309529300567 ], [ -76.59016539143731, 2.316309529300567 ], [ -76.59016539143731, 2.316672032136106 ], [ -76.590883918654441, 2.316672032136106 ], [ -76.590883918654441, 2.316581406427221 ], [ -76.59097373455657, 2.316581406427221 ], [ -76.59097373455657, 2.316490780718337 ], [ -76.591243182263, 2.316490780718337 ], [ -76.591243182263, 2.316672032136106 ], [ -76.591063550458713, 2.316672032136106 ], [ -76.591063550458713, 2.317034534971645 ], [ -76.591243182263, 2.317034534971645 ], [ -76.591243182263, 2.317215786389414 ], [ -76.591063550458713, 2.317215786389414 ], [ -76.591063550458713, 2.317397037807183 ], [ -76.590883918654441, 2.317397037807183 ], [ -76.590883918654441, 2.317215786389414 ], [ -76.590524655045868, 2.317215786389414 ], [ -76.590524655045868, 2.317397037807183 ], [ -76.590345023241596, 2.317397037807183 ], [ -76.590345023241596, 2.317215786389414 ], [ -76.59016539143731, 2.317215786389414 ], [ -76.59016539143731, 2.317397037807183 ], [ -76.589985759633024, 2.317397037807183 ], [ -76.589985759633024, 2.317215786389414 ], [ -76.589806127828751, 2.317215786389414 ], [ -76.589806127828751, 2.317578289224953 ], [ -76.589626496024465, 2.317578289224953 ], [ -76.589626496024465, 2.317668914933837 ], [ -76.589446864220179, 2.317668914933837 ], [ -76.589446864220179, 2.317578289224953 ], [ -76.58908760061162, 2.317578289224953 ], [ -76.58908760061162, 2.317397037807183 ], [ -76.589267232415907, 2.317397037807183 ], [ -76.589267232415907, 2.317034534971645 ], [ -76.589446864220179, 2.317034534971645 ], [ -76.589446864220179, 2.316853283553876 ], [ -76.589267232415907, 2.316853283553876 ], [ -76.589267232415907, 2.316309529300567 ], [ -76.58908760061162, 2.316309529300567 ], [ -76.58908760061162, 2.316490780718337 ], [ -76.588907968807348, 2.316490780718337 ], [ -76.588907968807348, 2.316309529300567 ], [ -76.588548705198775, 2.316309529300567 ], [ -76.588548705198775, 2.316037652173913 ], [ -76.588638521100918, 2.316037652173913 ], [ -76.588638521100918, 2.315856400756144 ], [ -76.588728337003062, 2.315856400756144 ], [ -76.588728337003062, 2.315765775047259 ], [ -76.588907968807348, 2.315765775047259 ], [ -76.588907968807348, 2.315675149338374 ], [ -76.588997784709477, 2.315675149338374 ], [ -76.588997784709477, 2.31558452362949 ], [ -76.58908760061162, 2.31558452362949 ], [ -76.58908760061162, 2.315403272211721 ], [ -76.588997784709477, 2.315403272211721 ], [ -76.588997784709477, 2.315312646502836 ], [ -76.588907968807348, 2.315312646502836 ], [ -76.588907968807348, 2.315222020793951 ], [ -76.588818152905205, 2.315222020793951 ], [ -76.588818152905205, 2.315131395085066 ], [ -76.588728337003062, 2.315131395085066 ], [ -76.588728337003062, 2.315040769376182 ], [ -76.588548705198775, 2.315040769376182 ], [ -76.588548705198775, 2.314950143667297 ], [ -76.588458889296632, 2.314950143667297 ], [ -76.588458889296632, 2.314859517958412 ], [ -76.58827925749236, 2.314859517958412 ], [ -76.58827925749236, 2.314678266540643 ], [ -76.588189441590217, 2.314678266540643 ], [ -76.588189441590217, 2.314587640831758 ], [ -76.588728337003062, 2.314587640831758 ], [ -76.588728337003062, 2.314406389413989 ], [ -76.588818152905205, 2.314406389413989 ], [ -76.588818152905205, 2.314315763705104 ], [ -76.588907968807348, 2.314315763705104 ], [ -76.588907968807348, 2.314134512287335 ], [ -76.588997784709477, 2.314134512287335 ], [ -76.588997784709477, 2.31404388657845 ], [ -76.58908760061162, 2.31404388657845 ], [ -76.58908760061162, 2.313953260869565 ], [ -76.589177416513763, 2.313953260869565 ], [ -76.589177416513763, 2.313772009451796 ], [ -76.589267232415907, 2.313772009451796 ], [ -76.589267232415907, 2.313681383742911 ], [ -76.58935704831805, 2.313681383742911 ], [ -76.58935704831805, 2.313590758034027 ], [ -76.589626496024465, 2.313590758034027 ], [ -76.589626496024465, 2.313500132325142 ], [ -76.589716311926608, 2.313500132325142 ], [ -76.589716311926608, 2.313590758034027 ], [ -76.590075575535167, 2.313590758034027 ], [ -76.590075575535167, 2.313228255198488 ], [ -76.589895943730895, 2.313228255198488 ], [ -76.589895943730895, 2.313318880907373 ], [ -76.589716311926608, 2.313318880907373 ], [ -76.589716311926608, 2.313137629489603 ], [ -76.589626496024465, 2.313137629489603 ], [ -76.589626496024465, 2.313228255198488 ], [ -76.589536680122322, 2.313228255198488 ], [ -76.589536680122322, 2.313318880907373 ], [ -76.589267232415907, 2.313318880907373 ], [ -76.589267232415907, 2.313228255198488 ], [ -76.589177416513763, 2.313228255198488 ], [ -76.589177416513763, 2.313137629489603 ], [ -76.58908760061162, 2.313137629489603 ], [ -76.58908760061162, 2.312865752362949 ], [ -76.588907968807348, 2.312865752362949 ], [ -76.588907968807348, 2.312956378071834 ], [ -76.588818152905205, 2.312956378071834 ], [ -76.588818152905205, 2.313047003780718 ], [ -76.588907968807348, 2.313047003780718 ], [ -76.588907968807348, 2.313137629489603 ], [ -76.588997784709477, 2.313137629489603 ], [ -76.588997784709477, 2.313228255198488 ], [ -76.588548705198775, 2.313228255198488 ], [ -76.588548705198775, 2.313137629489603 ], [ -76.588638521100918, 2.313137629489603 ], [ -76.588638521100918, 2.312956378071834 ], [ -76.588728337003062, 2.312956378071834 ], [ -76.588728337003062, 2.312775126654064 ], [ -76.588818152905205, 2.312775126654064 ], [ -76.588818152905205, 2.312593875236295 ], [ -76.588907968807348, 2.312593875236295 ], [ -76.588907968807348, 2.312412623818526 ], [ -76.588818152905205, 2.312412623818526 ], [ -76.588818152905205, 2.312321998109641 ], [ -76.58935704831805, 2.312321998109641 ], [ -76.58935704831805, 2.312231372400756 ], [ -76.589177416513763, 2.312231372400756 ], [ -76.589177416513763, 2.312140746691872 ], [ -76.588818152905205, 2.312140746691872 ], [ -76.588818152905205, 2.311959495274102 ], [ -76.588638521100918, 2.311959495274102 ], [ -76.588638521100918, 2.311778243856333 ], [ -76.58935704831805, 2.311778243856333 ], [ -76.58935704831805, 2.311325115311909 ], [ -76.589446864220179, 2.311325115311909 ], [ -76.589446864220179, 2.311234489603025 ], [ -76.58935704831805, 2.311234489603025 ], [ -76.58935704831805, 2.310871986767486 ], [ -76.589177416513763, 2.310871986767486 ], [ -76.589177416513763, 2.310690735349717 ], [ -76.589446864220179, 2.310690735349717 ], [ -76.589446864220179, 2.310871986767486 ], [ -76.589536680122322, 2.310871986767486 ], [ -76.589536680122322, 2.310781361058601 ], [ -76.589626496024465, 2.310781361058601 ], [ -76.589626496024465, 2.310690735349717 ], [ -76.589536680122322, 2.310690735349717 ], [ -76.589536680122322, 2.310600109640832 ], [ -76.589446864220179, 2.310600109640832 ], [ -76.589446864220179, 2.310509483931947 ], [ -76.58935704831805, 2.310509483931947 ], [ -76.58935704831805, 2.310328232514178 ], [ -76.589267232415907, 2.310328232514178 ], [ -76.589267232415907, 2.310418858223063 ], [ -76.58908760061162, 2.310418858223063 ], [ -76.58908760061162, 2.310509483931947 ], [ -76.588997784709477, 2.310509483931947 ], [ -76.588997784709477, 2.310328232514178 ], [ -76.58908760061162, 2.310328232514178 ], [ -76.58908760061162, 2.310146981096409 ], [ -76.588818152905205, 2.310146981096409 ], [ -76.588818152905205, 2.309965729678639 ], [ -76.588638521100918, 2.309965729678639 ], [ -76.588638521100918, 2.3096032268431 ], [ -76.58827925749236, 2.3096032268431 ], [ -76.58827925749236, 2.309421975425331 ], [ -76.588099625688074, 2.309421975425331 ], [ -76.588099625688074, 2.309059472589792 ], [ -76.588369073394503, 2.309059472589792 ], [ -76.588369073394503, 2.309150098298677 ], [ -76.588458889296632, 2.309150098298677 ], [ -76.588458889296632, 2.309240724007561 ], [ -76.588548705198775, 2.309240724007561 ], [ -76.588548705198775, 2.309421975425331 ], [ -76.588638521100918, 2.309421975425331 ], [ -76.588638521100918, 2.309512601134216 ], [ -76.588728337003062, 2.309512601134216 ], [ -76.588728337003062, 2.3096032268431 ], [ -76.588907968807348, 2.3096032268431 ], [ -76.588907968807348, 2.309693852551985 ], [ -76.588997784709477, 2.309693852551985 ], [ -76.588997784709477, 2.30978447826087 ], [ -76.589177416513763, 2.30978447826087 ], [ -76.589177416513763, 2.3096032268431 ], [ -76.589267232415907, 2.3096032268431 ], [ -76.589267232415907, 2.309512601134216 ], [ -76.58935704831805, 2.309512601134216 ], [ -76.58935704831805, 2.309331349716446 ], [ -76.589536680122322, 2.309331349716446 ], [ -76.589536680122322, 2.309240724007561 ], [ -76.589626496024465, 2.309240724007561 ], [ -76.589626496024465, 2.309150098298677 ], [ -76.590524655045868, 2.309150098298677 ], [ -76.590524655045868, 2.309240724007561 ], [ -76.590614470948012, 2.309240724007561 ], [ -76.590614470948012, 2.309331349716446 ], [ -76.590704286850155, 2.309331349716446 ], [ -76.590704286850155, 2.3096032268431 ], [ -76.590794102752298, 2.3096032268431 ], [ -76.590794102752298, 2.309693852551985 ], [ -76.590883918654441, 2.309693852551985 ], [ -76.590883918654441, 2.30978447826087 ], [ -76.59097373455657, 2.30978447826087 ], [ -76.59097373455657, 2.309875103969754 ], [ -76.591063550458713, 2.309875103969754 ], [ -76.591063550458713, 2.309965729678639 ], [ -76.591153366360857, 2.309965729678639 ], [ -76.591153366360857, 2.310056355387524 ], [ -76.591332998165143, 2.310056355387524 ], [ -76.591332998165143, 2.309965729678639 ], [ -76.591692261773701, 2.309965729678639 ], [ -76.591692261773701, 2.310146981096409 ], [ -76.591512629969415, 2.310146981096409 ], [ -76.591512629969415, 2.310328232514178 ], [ -76.591782077675845, 2.310328232514178 ], [ -76.591782077675845, 2.310418858223063 ], [ -76.591692261773701, 2.310418858223063 ], [ -76.591692261773701, 2.310600109640832 ], [ -76.591602445871558, 2.310600109640832 ], [ -76.591602445871558, 2.310509483931947 ], [ -76.591422814067286, 2.310509483931947 ], [ -76.591422814067286, 2.310418858223063 ], [ -76.591063550458713, 2.310418858223063 ], [ -76.591063550458713, 2.310690735349717 ], [ -76.59097373455657, 2.310690735349717 ], [ -76.59097373455657, 2.310871986767486 ], [ -76.591332998165143, 2.310871986767486 ], [ -76.591332998165143, 2.31114386389414 ], [ -76.591422814067286, 2.31114386389414 ], [ -76.591422814067286, 2.311234489603025 ], [ -76.591512629969415, 2.311234489603025 ], [ -76.591512629969415, 2.311325115311909 ], [ -76.591602445871558, 2.311325115311909 ], [ -76.591602445871558, 2.311506366729679 ], [ -76.591692261773701, 2.311506366729679 ], [ -76.591692261773701, 2.311596992438564 ] ], [ [ -76.595284897859329, 2.320478311909263 ], [ -76.595284897859329, 2.320387686200378 ], [ -76.595195081957186, 2.320387686200378 ], [ -76.595195081957186, 2.320478311909263 ], [ -76.595284897859329, 2.320478311909263 ] ], [ [ -76.595374713761473, 2.320387686200378 ], [ -76.595374713761473, 2.320297060491494 ], [ -76.595284897859329, 2.320297060491494 ], [ -76.595284897859329, 2.320387686200378 ], [ -76.595374713761473, 2.320387686200378 ] ], [ [ -76.591243182263, 2.31558452362949 ], [ -76.591063550458713, 2.31558452362949 ], [ -76.591063550458713, 2.315765775047259 ], [ -76.591243182263, 2.315765775047259 ], [ -76.591243182263, 2.31558452362949 ] ], [ [ -76.591063550458713, 2.315403272211721 ], [ -76.590883918654441, 2.315403272211721 ], [ -76.590883918654441, 2.31558452362949 ], [ -76.591063550458713, 2.31558452362949 ], [ -76.591063550458713, 2.315403272211721 ] ], [ [ -76.590883918654441, 2.315222020793951 ], [ -76.590704286850155, 2.315222020793951 ], [ -76.590704286850155, 2.315403272211721 ], [ -76.590883918654441, 2.315403272211721 ], [ -76.590883918654441, 2.315222020793951 ] ], [ [ -76.591063550458713, 2.315222020793951 ], [ -76.591063550458713, 2.315040769376182 ], [ -76.590883918654441, 2.315040769376182 ], [ -76.590883918654441, 2.315222020793951 ], [ -76.591063550458713, 2.315222020793951 ] ], [ [ -76.589626496024465, 2.313047003780718 ], [ -76.589536680122322, 2.313047003780718 ], [ -76.589536680122322, 2.313137629489603 ], [ -76.589626496024465, 2.313137629489603 ], [ -76.589626496024465, 2.313047003780718 ] ], [ [ -76.589536680122322, 2.311234489603025 ], [ -76.589536680122322, 2.31114386389414 ], [ -76.589446864220179, 2.31114386389414 ], [ -76.589446864220179, 2.311234489603025 ], [ -76.589536680122322, 2.311234489603025 ] ], [ [ -76.589716311926608, 2.31114386389414 ], [ -76.589716311926608, 2.311234489603025 ], [ -76.589806127828751, 2.311234489603025 ], [ -76.589806127828751, 2.31114386389414 ], [ -76.589895943730895, 2.31114386389414 ], [ -76.589895943730895, 2.311053238185255 ], [ -76.589806127828751, 2.311053238185255 ], [ -76.589806127828751, 2.31096261247637 ], [ -76.589716311926608, 2.31096261247637 ], [ -76.589716311926608, 2.310871986767486 ], [ -76.589626496024465, 2.310871986767486 ], [ -76.589626496024465, 2.31096261247637 ], [ -76.589536680122322, 2.31096261247637 ], [ -76.589536680122322, 2.31114386389414 ], [ -76.589716311926608, 2.31114386389414 ] ], [ [ -76.589536680122322, 2.310509483931947 ], [ -76.589536680122322, 2.310418858223063 ], [ -76.589446864220179, 2.310418858223063 ], [ -76.589446864220179, 2.310509483931947 ], [ -76.589536680122322, 2.310509483931947 ] ], [ [ -76.590883918654441, 2.309875103969754 ], [ -76.590883918654441, 2.309965729678639 ], [ -76.59097373455657, 2.309965729678639 ], [ -76.59097373455657, 2.309875103969754 ], [ -76.590883918654441, 2.309875103969754 ] ], [ [ -76.590883918654441, 2.310871986767486 ], [ -76.590883918654441, 2.31096261247637 ], [ -76.59097373455657, 2.31096261247637 ], [ -76.59097373455657, 2.310871986767486 ], [ -76.590883918654441, 2.310871986767486 ] ], [ [ -76.592410788990833, 2.317850166351607 ], [ -76.592410788990833, 2.317940792060492 ], [ -76.592500604892962, 2.317940792060492 ], [ -76.592500604892962, 2.317850166351607 ], [ -76.592410788990833, 2.317850166351607 ] ], [ [ -76.593398763914379, 2.317759540642722 ], [ -76.593398763914379, 2.317850166351607 ], [ -76.593578395718652, 2.317850166351607 ], [ -76.593578395718652, 2.317759540642722 ], [ -76.593398763914379, 2.317759540642722 ] ], [ [ -76.594296922935783, 2.317397037807183 ], [ -76.594296922935783, 2.317759540642722 ], [ -76.594476554740069, 2.317759540642722 ], [ -76.594476554740069, 2.317397037807183 ], [ -76.594296922935783, 2.317397037807183 ] ], [ [ -76.594746002446485, 2.317487663516068 ], [ -76.594746002446485, 2.317578289224953 ], [ -76.594835818348628, 2.317578289224953 ], [ -76.594835818348628, 2.317487663516068 ], [ -76.594746002446485, 2.317487663516068 ] ], [ [ -76.593398763914379, 2.317397037807183 ], [ -76.593398763914379, 2.317578289224953 ], [ -76.593488579816508, 2.317578289224953 ], [ -76.593488579816508, 2.317397037807183 ], [ -76.593398763914379, 2.317397037807183 ] ], [ [ -76.59312931620795, 2.315947026465028 ], [ -76.59312931620795, 2.316037652173913 ], [ -76.593219132110093, 2.316037652173913 ], [ -76.593219132110093, 2.315947026465028 ], [ -76.59312931620795, 2.315947026465028 ] ], [ [ -76.59205152538226, 2.315403272211721 ], [ -76.59205152538226, 2.315312646502836 ], [ -76.591961709480117, 2.315312646502836 ], [ -76.591961709480117, 2.315131395085066 ], [ -76.591871893577988, 2.315131395085066 ], [ -76.591871893577988, 2.315222020793951 ], [ -76.591692261773701, 2.315222020793951 ], [ -76.591692261773701, 2.315312646502836 ], [ -76.591782077675845, 2.315312646502836 ], [ -76.591782077675845, 2.315403272211721 ], [ -76.59205152538226, 2.315403272211721 ] ], [ [ -76.591332998165143, 2.315222020793951 ], [ -76.591332998165143, 2.315312646502836 ], [ -76.591422814067286, 2.315312646502836 ], [ -76.591422814067286, 2.315222020793951 ], [ -76.591332998165143, 2.315222020793951 ] ], [ [ -76.592680236697248, 2.315040769376182 ], [ -76.592680236697248, 2.315222020793951 ], [ -76.592859868501534, 2.315222020793951 ], [ -76.592859868501534, 2.315131395085066 ], [ -76.592770052599391, 2.315131395085066 ], [ -76.592770052599391, 2.315040769376182 ], [ -76.592680236697248, 2.315040769376182 ] ], [ [ -76.59016539143731, 2.313318880907373 ], [ -76.59016539143731, 2.313409506616257 ], [ -76.590345023241596, 2.313409506616257 ], [ -76.590345023241596, 2.313318880907373 ], [ -76.59016539143731, 2.313318880907373 ] ], [ [ -76.589177416513763, 2.312956378071834 ], [ -76.589177416513763, 2.313047003780718 ], [ -76.589267232415907, 2.313047003780718 ], [ -76.589267232415907, 2.312956378071834 ], [ -76.589177416513763, 2.312956378071834 ] ], [ [ -76.59016539143731, 2.31250324952741 ], [ -76.59016539143731, 2.31268450094518 ], [ -76.590345023241596, 2.31268450094518 ], [ -76.590345023241596, 2.31250324952741 ], [ -76.59016539143731, 2.31250324952741 ] ], [ [ -76.589536680122322, 2.312231372400756 ], [ -76.589716311926608, 2.312231372400756 ], [ -76.589716311926608, 2.312140746691872 ], [ -76.589536680122322, 2.312140746691872 ], [ -76.589536680122322, 2.312231372400756 ] ], [ [ -76.589985759633024, 2.312140746691872 ], [ -76.589985759633024, 2.312050120982987 ], [ -76.589895943730895, 2.312050120982987 ], [ -76.589895943730895, 2.311959495274102 ], [ -76.589716311926608, 2.311959495274102 ], [ -76.589716311926608, 2.312140746691872 ], [ -76.589985759633024, 2.312140746691872 ] ], [ [ -76.589267232415907, 2.312050120982987 ], [ -76.589267232415907, 2.312140746691872 ], [ -76.58935704831805, 2.312140746691872 ], [ -76.58935704831805, 2.312050120982987 ], [ -76.589267232415907, 2.312050120982987 ] ], [ [ -76.590614470948012, 2.311687618147448 ], [ -76.590614470948012, 2.311778243856333 ], [ -76.590704286850155, 2.311778243856333 ], [ -76.590704286850155, 2.311687618147448 ], [ -76.590614470948012, 2.311687618147448 ] ], [ [ -76.589536680122322, 2.311596992438564 ], [ -76.589536680122322, 2.311687618147448 ], [ -76.589626496024465, 2.311687618147448 ], [ -76.589626496024465, 2.311596992438564 ], [ -76.589536680122322, 2.311596992438564 ] ], [ [ -76.590614470948012, 2.311506366729679 ], [ -76.590614470948012, 2.311415741020794 ], [ -76.59043483914374, 2.311415741020794 ], [ -76.59043483914374, 2.311506366729679 ], [ -76.590345023241596, 2.311506366729679 ], [ -76.590345023241596, 2.311596992438564 ], [ -76.590794102752298, 2.311596992438564 ], [ -76.590794102752298, 2.311506366729679 ], [ -76.590614470948012, 2.311506366729679 ] ], [ [ -76.590883918654441, 2.31114386389414 ], [ -76.590883918654441, 2.311234489603025 ], [ -76.590794102752298, 2.311234489603025 ], [ -76.590794102752298, 2.311415741020794 ], [ -76.59097373455657, 2.311415741020794 ], [ -76.59097373455657, 2.311506366729679 ], [ -76.591243182263, 2.311506366729679 ], [ -76.591243182263, 2.311415741020794 ], [ -76.591153366360857, 2.311415741020794 ], [ -76.591153366360857, 2.311325115311909 ], [ -76.591063550458713, 2.311325115311909 ], [ -76.591063550458713, 2.311234489603025 ], [ -76.59097373455657, 2.311234489603025 ], [ -76.59097373455657, 2.311053238185255 ], [ -76.590704286850155, 2.311053238185255 ], [ -76.590704286850155, 2.31114386389414 ], [ -76.590883918654441, 2.31114386389414 ] ], [ [ -76.590524655045868, 2.310781361058601 ], [ -76.590524655045868, 2.31096261247637 ], [ -76.590614470948012, 2.31096261247637 ], [ -76.590614470948012, 2.310781361058601 ], [ -76.590524655045868, 2.310781361058601 ] ], [ [ -76.590345023241596, 2.310781361058601 ], [ -76.590345023241596, 2.31096261247637 ], [ -76.59043483914374, 2.31096261247637 ], [ -76.59043483914374, 2.310781361058601 ], [ -76.590345023241596, 2.310781361058601 ] ], [ [ -76.589985759633024, 2.310509483931947 ], [ -76.590075575535167, 2.310509483931947 ], [ -76.590075575535167, 2.310600109640832 ], [ -76.59016539143731, 2.310600109640832 ], [ -76.59016539143731, 2.310690735349717 ], [ -76.590255207339453, 2.310690735349717 ], [ -76.590255207339453, 2.310418858223063 ], [ -76.590345023241596, 2.310418858223063 ], [ -76.590345023241596, 2.310146981096409 ], [ -76.590255207339453, 2.310146981096409 ], [ -76.590255207339453, 2.310056355387524 ], [ -76.590075575535167, 2.310056355387524 ], [ -76.590075575535167, 2.309965729678639 ], [ -76.590255207339453, 2.309965729678639 ], [ -76.590255207339453, 2.30978447826087 ], [ -76.589985759633024, 2.30978447826087 ], [ -76.589985759633024, 2.309693852551985 ], [ -76.589895943730895, 2.309693852551985 ], [ -76.589895943730895, 2.30978447826087 ], [ -76.589806127828751, 2.30978447826087 ], [ -76.589806127828751, 2.309875103969754 ], [ -76.589716311926608, 2.309875103969754 ], [ -76.589716311926608, 2.309965729678639 ], [ -76.589536680122322, 2.309965729678639 ], [ -76.589536680122322, 2.310056355387524 ], [ -76.589806127828751, 2.310056355387524 ], [ -76.589806127828751, 2.310146981096409 ], [ -76.589895943730895, 2.310146981096409 ], [ -76.589895943730895, 2.310237606805293 ], [ -76.589806127828751, 2.310237606805293 ], [ -76.589806127828751, 2.310328232514178 ], [ -76.589895943730895, 2.310328232514178 ], [ -76.589895943730895, 2.310418858223063 ], [ -76.589985759633024, 2.310418858223063 ], [ -76.589985759633024, 2.310509483931947 ] ], [ [ -76.589536680122322, 2.309875103969754 ], [ -76.589446864220179, 2.309875103969754 ], [ -76.589446864220179, 2.309965729678639 ], [ -76.589536680122322, 2.309965729678639 ], [ -76.589536680122322, 2.309875103969754 ] ], [ [ -76.589267232415907, 2.310056355387524 ], [ -76.589267232415907, 2.310146981096409 ], [ -76.58935704831805, 2.310146981096409 ], [ -76.58935704831805, 2.310237606805293 ], [ -76.589446864220179, 2.310237606805293 ], [ -76.589446864220179, 2.310146981096409 ], [ -76.589536680122322, 2.310146981096409 ], [ -76.589536680122322, 2.310056355387524 ], [ -76.589267232415907, 2.310056355387524 ] ], [ [ -76.59043483914374, 2.310146981096409 ], [ -76.59043483914374, 2.310237606805293 ], [ -76.590524655045868, 2.310237606805293 ], [ -76.590524655045868, 2.310146981096409 ], [ -76.59043483914374, 2.310146981096409 ] ], [ [ -76.590794102752298, 2.310056355387524 ], [ -76.590794102752298, 2.310146981096409 ], [ -76.590883918654441, 2.310146981096409 ], [ -76.590883918654441, 2.310056355387524 ], [ -76.590794102752298, 2.310056355387524 ] ], [ [ -76.59043483914374, 2.309875103969754 ], [ -76.59043483914374, 2.309965729678639 ], [ -76.590704286850155, 2.309965729678639 ], [ -76.590704286850155, 2.309875103969754 ], [ -76.59043483914374, 2.309875103969754 ] ], [ [ -76.590345023241596, 2.309693852551985 ], [ -76.590345023241596, 2.30978447826087 ], [ -76.590524655045868, 2.30978447826087 ], [ -76.590524655045868, 2.3096032268431 ], [ -76.590255207339453, 2.3096032268431 ], [ -76.590255207339453, 2.309693852551985 ], [ -76.590345023241596, 2.309693852551985 ] ] ], [ [ [ -76.594835818348628, 2.315131395085066 ], [ -76.594835818348628, 2.315040769376182 ], [ -76.594925634250771, 2.315040769376182 ], [ -76.594925634250771, 2.315131395085066 ], [ -76.594835818348628, 2.315131395085066 ] ] ], [ [ [ -76.59232097308869, 2.315131395085066 ], [ -76.592410788990833, 2.315131395085066 ], [ -76.592410788990833, 2.315222020793951 ], [ -76.59232097308869, 2.315222020793951 ], [ -76.59232097308869, 2.315131395085066 ] ] ], [ [ [ -76.59232097308869, 2.315312646502836 ], [ -76.592410788990833, 2.315312646502836 ], [ -76.592410788990833, 2.315403272211721 ], [ -76.59232097308869, 2.315403272211721 ], [ -76.59232097308869, 2.315312646502836 ] ] ], [ [ [ -76.595105266055043, 2.31558452362949 ], [ -76.595284897859329, 2.31558452362949 ], [ -76.595284897859329, 2.315675149338374 ], [ -76.595195081957186, 2.315675149338374 ], [ -76.595195081957186, 2.315765775047259 ], [ -76.594925634250771, 2.315765775047259 ], [ -76.594925634250771, 2.31558452362949 ], [ -76.594835818348628, 2.31558452362949 ], [ -76.594835818348628, 2.315403272211721 ], [ -76.594925634250771, 2.315403272211721 ], [ -76.594925634250771, 2.315312646502836 ], [ -76.5950154501529, 2.315312646502836 ], [ -76.5950154501529, 2.315222020793951 ], [ -76.595105266055043, 2.315222020793951 ], [ -76.595105266055043, 2.31558452362949 ] ] ], [ [ [ -76.592410788990833, 2.315675149338374 ], [ -76.592500604892962, 2.315675149338374 ], [ -76.592500604892962, 2.315765775047259 ], [ -76.592410788990833, 2.315765775047259 ], [ -76.592410788990833, 2.315675149338374 ] ] ], [ [ [ -76.592770052599391, 2.315765775047259 ], [ -76.592859868501534, 2.315765775047259 ], [ -76.592859868501534, 2.315856400756144 ], [ -76.592770052599391, 2.315856400756144 ], [ -76.592770052599391, 2.315765775047259 ] ] ], [ [ [ -76.592590420795105, 2.315947026465028 ], [ -76.592680236697248, 2.315947026465028 ], [ -76.592680236697248, 2.316037652173913 ], [ -76.592590420795105, 2.316037652173913 ], [ -76.592590420795105, 2.315947026465028 ] ] ], [ [ [ -76.591422814067286, 2.316309529300567 ], [ -76.591422814067286, 2.316128277882798 ], [ -76.591602445871558, 2.316128277882798 ], [ -76.591602445871558, 2.316309529300567 ], [ -76.591422814067286, 2.316309529300567 ] ] ], [ [ [ -76.592770052599391, 2.316490780718337 ], [ -76.592949684403678, 2.316490780718337 ], [ -76.592949684403678, 2.316672032136106 ], [ -76.592859868501534, 2.316672032136106 ], [ -76.592859868501534, 2.316581406427221 ], [ -76.592770052599391, 2.316581406427221 ], [ -76.592770052599391, 2.316490780718337 ] ] ], [ [ [ -76.59232097308869, 2.316581406427221 ], [ -76.592410788990833, 2.316581406427221 ], [ -76.592410788990833, 2.316672032136106 ], [ -76.59232097308869, 2.316672032136106 ], [ -76.59232097308869, 2.316581406427221 ] ] ], [ [ [ -76.592859868501534, 2.316762657844991 ], [ -76.592859868501534, 2.316853283553876 ], [ -76.592770052599391, 2.316853283553876 ], [ -76.592770052599391, 2.31694390926276 ], [ -76.592680236697248, 2.31694390926276 ], [ -76.592680236697248, 2.316762657844991 ], [ -76.592859868501534, 2.316762657844991 ] ] ], [ [ [ -76.592770052599391, 2.317306412098299 ], [ -76.592859868501534, 2.317306412098299 ], [ -76.592859868501534, 2.31712516068053 ], [ -76.59312931620795, 2.31712516068053 ], [ -76.59312931620795, 2.317215786389414 ], [ -76.593039500305807, 2.317215786389414 ], [ -76.593039500305807, 2.317668914933837 ], [ -76.592770052599391, 2.317668914933837 ], [ -76.592770052599391, 2.317306412098299 ] ] ], [ [ [ -76.591961709480117, 2.317578289224953 ], [ -76.592141341284403, 2.317578289224953 ], [ -76.592141341284403, 2.317668914933837 ], [ -76.591961709480117, 2.317668914933837 ], [ -76.591961709480117, 2.317578289224953 ] ] ], [ [ [ -76.592859868501534, 2.319209551984877 ], [ -76.592859868501534, 2.319028300567108 ], [ -76.593039500305807, 2.319028300567108 ], [ -76.593039500305807, 2.319209551984877 ], [ -76.592859868501534, 2.319209551984877 ] ] ], [ [ [ -76.593398763914379, 2.319753306238185 ], [ -76.593578395718652, 2.319753306238185 ], [ -76.593578395718652, 2.319934557655955 ], [ -76.593398763914379, 2.319934557655955 ], [ -76.593398763914379, 2.319753306238185 ] ] ], [ [ [ -76.594386738837926, 2.321293943289225 ], [ -76.594476554740069, 2.321293943289225 ], [ -76.594476554740069, 2.32138456899811 ], [ -76.594386738837926, 2.32138456899811 ], [ -76.594386738837926, 2.321293943289225 ] ] ], [ [ [ -76.594835818348628, 2.321656446124764 ], [ -76.594925634250771, 2.321656446124764 ], [ -76.594925634250771, 2.321747071833649 ], [ -76.594835818348628, 2.321747071833649 ], [ -76.594835818348628, 2.321656446124764 ] ] ], [ [ [ -76.594476554740069, 2.321928323251418 ], [ -76.594296922935783, 2.321928323251418 ], [ -76.594296922935783, 2.321656446124764 ], [ -76.594386738837926, 2.321656446124764 ], [ -76.594386738837926, 2.321565820415879 ], [ -76.594476554740069, 2.321565820415879 ], [ -76.594476554740069, 2.321475194706994 ], [ -76.594566370642198, 2.321475194706994 ], [ -76.594566370642198, 2.321656446124764 ], [ -76.594476554740069, 2.321656446124764 ], [ -76.594476554740069, 2.321928323251418 ] ] ], [ [ [ -76.594656186544341, 2.333619039697543 ], [ -76.5950154501529, 2.333619039697543 ], [ -76.5950154501529, 2.333800291115312 ], [ -76.594656186544341, 2.333800291115312 ], [ -76.594656186544341, 2.333619039697543 ] ] ], [ [ [ -76.591243182263, 2.333800291115312 ], [ -76.591153366360857, 2.333800291115312 ], [ -76.591153366360857, 2.333619039697543 ], [ -76.591871893577988, 2.333619039697543 ], [ -76.591871893577988, 2.333800291115312 ], [ -76.591422814067286, 2.333800291115312 ], [ -76.591422814067286, 2.333981542533082 ], [ -76.591243182263, 2.333981542533082 ], [ -76.591243182263, 2.333800291115312 ] ] ], [ [ [ -76.592859868501534, 2.333709665406428 ], [ -76.592859868501534, 2.333800291115312 ], [ -76.592949684403678, 2.333800291115312 ], [ -76.592949684403678, 2.333890916824197 ], [ -76.593039500305807, 2.333890916824197 ], [ -76.593039500305807, 2.334072168241966 ], [ -76.59312931620795, 2.334072168241966 ], [ -76.59312931620795, 2.334162793950851 ], [ -76.592859868501534, 2.334162793950851 ], [ -76.592859868501534, 2.333981542533082 ], [ -76.592500604892962, 2.333981542533082 ], [ -76.592500604892962, 2.333800291115312 ], [ -76.592410788990833, 2.333800291115312 ], [ -76.592410788990833, 2.333619039697543 ], [ -76.592770052599391, 2.333619039697543 ], [ -76.592770052599391, 2.333709665406428 ], [ -76.592859868501534, 2.333709665406428 ] ] ], [ [ [ -76.594476554740069, 2.333800291115312 ], [ -76.594656186544341, 2.333800291115312 ], [ -76.594656186544341, 2.333981542533082 ], [ -76.594476554740069, 2.333981542533082 ], [ -76.594476554740069, 2.333800291115312 ] ] ], [ [ [ -76.5950154501529, 2.333800291115312 ], [ -76.595195081957186, 2.333800291115312 ], [ -76.595195081957186, 2.333981542533082 ], [ -76.5950154501529, 2.333981542533082 ], [ -76.5950154501529, 2.333800291115312 ] ] ], [ [ [ -76.593847843425081, 2.334434671077505 ], [ -76.594027475229353, 2.334434671077505 ], [ -76.594027475229353, 2.33434404536862 ], [ -76.594117291131496, 2.33434404536862 ], [ -76.594117291131496, 2.334253419659735 ], [ -76.59420710703364, 2.334253419659735 ], [ -76.59420710703364, 2.334162793950851 ], [ -76.594476554740069, 2.334162793950851 ], [ -76.594476554740069, 2.33434404536862 ], [ -76.594566370642198, 2.33434404536862 ], [ -76.594566370642198, 2.334434671077505 ], [ -76.594476554740069, 2.334434671077505 ], [ -76.594476554740069, 2.334525296786389 ], [ -76.59420710703364, 2.334525296786389 ], [ -76.59420710703364, 2.334615922495274 ], [ -76.594117291131496, 2.334615922495274 ], [ -76.594117291131496, 2.334706548204159 ], [ -76.59312931620795, 2.334706548204159 ], [ -76.59312931620795, 2.334615922495274 ], [ -76.593039500305807, 2.334615922495274 ], [ -76.593039500305807, 2.33434404536862 ], [ -76.593219132110093, 2.33434404536862 ], [ -76.593219132110093, 2.334434671077505 ], [ -76.593488579816508, 2.334434671077505 ], [ -76.593488579816508, 2.334525296786389 ], [ -76.593847843425081, 2.334525296786389 ], [ -76.593847843425081, 2.334434671077505 ] ] ], [ [ [ -76.591422814067286, 2.334525296786389 ], [ -76.591602445871558, 2.334525296786389 ], [ -76.591602445871558, 2.334706548204159 ], [ -76.591512629969415, 2.334706548204159 ], [ -76.591512629969415, 2.334615922495274 ], [ -76.591422814067286, 2.334615922495274 ], [ -76.591422814067286, 2.334525296786389 ] ] ], [ [ [ -76.593937659327224, 2.335250302457467 ], [ -76.594027475229353, 2.335250302457467 ], [ -76.594027475229353, 2.335340928166352 ], [ -76.593937659327224, 2.335340928166352 ], [ -76.593937659327224, 2.335250302457467 ] ] ], [ [ [ -76.591782077675845, 2.335431553875237 ], [ -76.591961709480117, 2.335431553875237 ], [ -76.591961709480117, 2.335794056710775 ], [ -76.591782077675845, 2.335794056710775 ], [ -76.591782077675845, 2.335431553875237 ] ] ], [ [ [ -76.59312931620795, 2.335975308128544 ], [ -76.592949684403678, 2.335975308128544 ], [ -76.592949684403678, 2.335612805293006 ], [ -76.593039500305807, 2.335612805293006 ], [ -76.593039500305807, 2.335431553875237 ], [ -76.593219132110093, 2.335431553875237 ], [ -76.593219132110093, 2.335794056710775 ], [ -76.59312931620795, 2.335794056710775 ], [ -76.59312931620795, 2.335975308128544 ] ], [ [ -76.59312931620795, 2.335703431001891 ], [ -76.593039500305807, 2.335703431001891 ], [ -76.593039500305807, 2.335794056710775 ], [ -76.59312931620795, 2.335794056710775 ], [ -76.59312931620795, 2.335703431001891 ] ] ], [ [ [ -76.592141341284403, 2.336247185255198 ], [ -76.59205152538226, 2.336247185255198 ], [ -76.59205152538226, 2.336337810964083 ], [ -76.591961709480117, 2.336337810964083 ], [ -76.591961709480117, 2.335975308128544 ], [ -76.592141341284403, 2.335975308128544 ], [ -76.592141341284403, 2.336247185255198 ] ] ], [ [ [ -76.594476554740069, 2.33724406805293 ], [ -76.594566370642198, 2.33724406805293 ], [ -76.594566370642198, 2.337334693761815 ], [ -76.594656186544341, 2.337334693761815 ], [ -76.594656186544341, 2.33724406805293 ], [ -76.594925634250771, 2.33724406805293 ], [ -76.594925634250771, 2.337334693761815 ], [ -76.5950154501529, 2.337334693761815 ], [ -76.5950154501529, 2.337515945179584 ], [ -76.595105266055043, 2.337515945179584 ], [ -76.595105266055043, 2.337606570888469 ], [ -76.594835818348628, 2.337606570888469 ], [ -76.594835818348628, 2.3374253194707 ], [ -76.594296922935783, 2.3374253194707 ], [ -76.594296922935783, 2.33724406805293 ], [ -76.594027475229353, 2.33724406805293 ], [ -76.594027475229353, 2.337062816635161 ], [ -76.594386738837926, 2.337062816635161 ], [ -76.594386738837926, 2.337153442344046 ], [ -76.594476554740069, 2.337153442344046 ], [ -76.594476554740069, 2.33724406805293 ] ] ], [ [ [ -76.591512629969415, 2.3374253194707 ], [ -76.591602445871558, 2.3374253194707 ], [ -76.591602445871558, 2.337334693761815 ], [ -76.591961709480117, 2.337334693761815 ], [ -76.591961709480117, 2.33724406805293 ], [ -76.592141341284403, 2.33724406805293 ], [ -76.592141341284403, 2.3374253194707 ], [ -76.591961709480117, 2.3374253194707 ], [ -76.591961709480117, 2.337515945179584 ], [ -76.591782077675845, 2.337515945179584 ], [ -76.591782077675845, 2.337606570888469 ], [ -76.591602445871558, 2.337606570888469 ], [ -76.591602445871558, 2.337787822306238 ], [ -76.591243182263, 2.337787822306238 ], [ -76.591243182263, 2.337969073724008 ], [ -76.590883918654441, 2.337969073724008 ], [ -76.590883918654441, 2.337787822306238 ], [ -76.59097373455657, 2.337787822306238 ], [ -76.59097373455657, 2.337697196597354 ], [ -76.591063550458713, 2.337697196597354 ], [ -76.591063550458713, 2.3374253194707 ], [ -76.591422814067286, 2.3374253194707 ], [ -76.591422814067286, 2.337334693761815 ], [ -76.591512629969415, 2.337334693761815 ], [ -76.591512629969415, 2.3374253194707 ] ] ], [ [ [ -76.593039500305807, 2.337697196597354 ], [ -76.592949684403678, 2.337697196597354 ], [ -76.592949684403678, 2.337787822306238 ], [ -76.592859868501534, 2.337787822306238 ], [ -76.592859868501534, 2.337606570888469 ], [ -76.593039500305807, 2.337606570888469 ], [ -76.593039500305807, 2.337697196597354 ] ] ], [ [ [ -76.594027475229353, 2.337969073724008 ], [ -76.594117291131496, 2.337969073724008 ], [ -76.594117291131496, 2.338059699432892 ], [ -76.594027475229353, 2.338059699432892 ], [ -76.594027475229353, 2.337969073724008 ] ] ], [ [ [ -76.594476554740069, 2.337969073724008 ], [ -76.594566370642198, 2.337969073724008 ], [ -76.594566370642198, 2.338059699432892 ], [ -76.594476554740069, 2.338059699432892 ], [ -76.594476554740069, 2.337969073724008 ] ] ], [ [ [ -76.59420710703364, 2.338059699432892 ], [ -76.59420710703364, 2.337969073724008 ], [ -76.594296922935783, 2.337969073724008 ], [ -76.594296922935783, 2.338150325141777 ], [ -76.594117291131496, 2.338150325141777 ], [ -76.594117291131496, 2.338059699432892 ], [ -76.59420710703364, 2.338059699432892 ] ] ], [ [ [ -76.59312931620795, 2.338150325141777 ], [ -76.593219132110093, 2.338150325141777 ], [ -76.593219132110093, 2.338331576559546 ], [ -76.59312931620795, 2.338331576559546 ], [ -76.59312931620795, 2.338512827977316 ], [ -76.593039500305807, 2.338512827977316 ], [ -76.593039500305807, 2.338331576559546 ], [ -76.592859868501534, 2.338331576559546 ], [ -76.592859868501534, 2.338240950850662 ], [ -76.592680236697248, 2.338240950850662 ], [ -76.592680236697248, 2.338059699432892 ], [ -76.592859868501534, 2.338059699432892 ], [ -76.592859868501534, 2.337969073724008 ], [ -76.59312931620795, 2.337969073724008 ], [ -76.59312931620795, 2.338150325141777 ] ] ], [ [ [ -76.594566370642198, 2.338422202268431 ], [ -76.594656186544341, 2.338422202268431 ], [ -76.594656186544341, 2.338512827977316 ], [ -76.594566370642198, 2.338512827977316 ], [ -76.594566370642198, 2.338422202268431 ] ] ], [ [ [ -76.594027475229353, 2.338603453686201 ], [ -76.594296922935783, 2.338603453686201 ], [ -76.594296922935783, 2.338694079395085 ], [ -76.594027475229353, 2.338694079395085 ], [ -76.594027475229353, 2.338603453686201 ] ] ], [ [ [ -76.592141341284403, 2.338694079395085 ], [ -76.592500604892962, 2.338694079395085 ], [ -76.592500604892962, 2.338331576559546 ], [ -76.592859868501534, 2.338331576559546 ], [ -76.592859868501534, 2.338512827977316 ], [ -76.593039500305807, 2.338512827977316 ], [ -76.593039500305807, 2.338875330812855 ], [ -76.592680236697248, 2.338875330812855 ], [ -76.592680236697248, 2.339056582230624 ], [ -76.592410788990833, 2.339056582230624 ], [ -76.592410788990833, 2.338965956521739 ], [ -76.59232097308869, 2.338965956521739 ], [ -76.59232097308869, 2.338875330812855 ], [ -76.592141341284403, 2.338875330812855 ], [ -76.592141341284403, 2.338694079395085 ] ], [ [ -76.592680236697248, 2.338512827977316 ], [ -76.592680236697248, 2.338694079395085 ], [ -76.592859868501534, 2.338694079395085 ], [ -76.592859868501534, 2.338512827977316 ], [ -76.592680236697248, 2.338512827977316 ] ] ], [ [ [ -76.593758027522938, 2.33878470510397 ], [ -76.593937659327224, 2.33878470510397 ], [ -76.593937659327224, 2.338875330812855 ], [ -76.593758027522938, 2.338875330812855 ], [ -76.593758027522938, 2.33878470510397 ] ] ], [ [ [ -76.594117291131496, 2.339056582230624 ], [ -76.594296922935783, 2.339056582230624 ], [ -76.594296922935783, 2.339419085066163 ], [ -76.593937659327224, 2.339419085066163 ], [ -76.593937659327224, 2.339600336483932 ], [ -76.593578395718652, 2.339600336483932 ], [ -76.593578395718652, 2.339419085066163 ], [ -76.593219132110093, 2.339419085066163 ], [ -76.593219132110093, 2.339237833648393 ], [ -76.593578395718652, 2.339237833648393 ], [ -76.593578395718652, 2.339056582230624 ], [ -76.593758027522938, 2.339056582230624 ], [ -76.593758027522938, 2.339237833648393 ], [ -76.594117291131496, 2.339237833648393 ], [ -76.594117291131496, 2.339056582230624 ] ] ], [ [ [ -76.594835818348628, 2.339419085066163 ], [ -76.594835818348628, 2.339509710775047 ], [ -76.594746002446485, 2.339509710775047 ], [ -76.594746002446485, 2.339600336483932 ], [ -76.594656186544341, 2.339600336483932 ], [ -76.594656186544341, 2.339419085066163 ], [ -76.594835818348628, 2.339419085066163 ] ] ], [ [ [ -76.594117291131496, 2.339600336483932 ], [ -76.594476554740069, 2.339600336483932 ], [ -76.594476554740069, 2.339872213610586 ], [ -76.594296922935783, 2.339872213610586 ], [ -76.594296922935783, 2.339781587901701 ], [ -76.594117291131496, 2.339781587901701 ], [ -76.594117291131496, 2.339600336483932 ] ] ], [ [ [ -76.591332998165143, 2.339328459357278 ], [ -76.591512629969415, 2.339328459357278 ], [ -76.591512629969415, 2.339419085066163 ], [ -76.591602445871558, 2.339419085066163 ], [ -76.591602445871558, 2.339509710775047 ], [ -76.591782077675845, 2.339509710775047 ], [ -76.591782077675845, 2.339600336483932 ], [ -76.591422814067286, 2.339600336483932 ], [ -76.591422814067286, 2.339781587901701 ], [ -76.591243182263, 2.339781587901701 ], [ -76.591243182263, 2.34014409073724 ], [ -76.591063550458713, 2.34014409073724 ], [ -76.591063550458713, 2.340053465028356 ], [ -76.591153366360857, 2.340053465028356 ], [ -76.591153366360857, 2.339872213610586 ], [ -76.591063550458713, 2.339872213610586 ], [ -76.591063550458713, 2.339600336483932 ], [ -76.591243182263, 2.339600336483932 ], [ -76.591243182263, 2.339419085066163 ], [ -76.591332998165143, 2.339419085066163 ], [ -76.591332998165143, 2.339328459357278 ] ] ], [ [ [ -76.594925634250771, 2.339962839319471 ], [ -76.5950154501529, 2.339962839319471 ], [ -76.5950154501529, 2.340053465028356 ], [ -76.594925634250771, 2.340053465028356 ], [ -76.594925634250771, 2.339962839319471 ] ] ], [ [ [ -76.591602445871558, 2.34014409073724 ], [ -76.591692261773701, 2.34014409073724 ], [ -76.591692261773701, 2.34032534215501 ], [ -76.591602445871558, 2.34032534215501 ], [ -76.591602445871558, 2.34014409073724 ] ] ], [ [ [ -76.591871893577988, 2.340234716446125 ], [ -76.591961709480117, 2.340234716446125 ], [ -76.591961709480117, 2.340415967863894 ], [ -76.591871893577988, 2.340415967863894 ], [ -76.591871893577988, 2.340234716446125 ] ] ], [ [ [ -76.594027475229353, 2.340506593572779 ], [ -76.594117291131496, 2.340506593572779 ], [ -76.594117291131496, 2.340687844990548 ], [ -76.594027475229353, 2.340687844990548 ], [ -76.594027475229353, 2.340506593572779 ] ] ], [ [ [ -76.59420710703364, 2.341231599243856 ], [ -76.59420710703364, 2.341050347826087 ], [ -76.594296922935783, 2.341050347826087 ], [ -76.594296922935783, 2.341231599243856 ], [ -76.59420710703364, 2.341231599243856 ] ] ], [ [ [ -76.595105266055043, 2.34168472778828 ], [ -76.595195081957186, 2.34168472778828 ], [ -76.595195081957186, 2.341775353497165 ], [ -76.594656186544341, 2.341775353497165 ], [ -76.594656186544341, 2.341594102079395 ], [ -76.595105266055043, 2.341594102079395 ], [ -76.595105266055043, 2.34168472778828 ] ] ], [ [ [ -76.5950154501529, 2.342137856332704 ], [ -76.594835818348628, 2.342137856332704 ], [ -76.594835818348628, 2.342319107750473 ], [ -76.594656186544341, 2.342319107750473 ], [ -76.594656186544341, 2.341956604914934 ], [ -76.5950154501529, 2.341956604914934 ], [ -76.5950154501529, 2.342137856332704 ] ] ], [ [ [ -76.594566370642198, 2.342319107750473 ], [ -76.594656186544341, 2.342319107750473 ], [ -76.594656186544341, 2.342681610586011 ], [ -76.594566370642198, 2.342681610586011 ], [ -76.594566370642198, 2.342319107750473 ] ] ], [ [ [ -76.595195081957186, 2.342681610586011 ], [ -76.595284897859329, 2.342681610586011 ], [ -76.595284897859329, 2.342862862003781 ], [ -76.595195081957186, 2.342862862003781 ], [ -76.595195081957186, 2.342681610586011 ] ] ], [ [ [ -76.59205152538226, 2.343859744801513 ], [ -76.592141341284403, 2.343859744801513 ], [ -76.592141341284403, 2.343950370510397 ], [ -76.591961709480117, 2.343950370510397 ], [ -76.591961709480117, 2.343678493383743 ], [ -76.59205152538226, 2.343678493383743 ], [ -76.59205152538226, 2.343859744801513 ] ] ], [ [ [ -76.592590420795105, 2.344222247637051 ], [ -76.592680236697248, 2.344222247637051 ], [ -76.592680236697248, 2.344312873345936 ], [ -76.592590420795105, 2.344312873345936 ], [ -76.592590420795105, 2.344222247637051 ] ] ], [ [ [ -76.592949684403678, 2.344766001890359 ], [ -76.592949684403678, 2.344675376181474 ], [ -76.59312931620795, 2.344675376181474 ], [ -76.59312931620795, 2.344856627599244 ], [ -76.593039500305807, 2.344856627599244 ], [ -76.593039500305807, 2.344766001890359 ], [ -76.592949684403678, 2.344766001890359 ] ] ], [ [ [ -76.593578395718652, 2.345037879017013 ], [ -76.593488579816508, 2.345037879017013 ], [ -76.593488579816508, 2.344947253308129 ], [ -76.593398763914379, 2.344947253308129 ], [ -76.593398763914379, 2.344856627599244 ], [ -76.593308948012236, 2.344856627599244 ], [ -76.593308948012236, 2.344766001890359 ], [ -76.593219132110093, 2.344766001890359 ], [ -76.593219132110093, 2.34458475047259 ], [ -76.592859868501534, 2.34458475047259 ], [ -76.592859868501534, 2.344675376181474 ], [ -76.592770052599391, 2.344675376181474 ], [ -76.592770052599391, 2.344312873345936 ], [ -76.592949684403678, 2.344312873345936 ], [ -76.592949684403678, 2.344222247637051 ], [ -76.593488579816508, 2.344222247637051 ], [ -76.593488579816508, 2.34458475047259 ], [ -76.593578395718652, 2.34458475047259 ], [ -76.593578395718652, 2.344766001890359 ], [ -76.593488579816508, 2.344766001890359 ], [ -76.593488579816508, 2.344856627599244 ], [ -76.593578395718652, 2.344856627599244 ], [ -76.593578395718652, 2.344947253308129 ], [ -76.593758027522938, 2.344947253308129 ], [ -76.593758027522938, 2.344856627599244 ], [ -76.593847843425081, 2.344856627599244 ], [ -76.593847843425081, 2.345128504725898 ], [ -76.593758027522938, 2.345128504725898 ], [ -76.593758027522938, 2.345309756143668 ], [ -76.593578395718652, 2.345309756143668 ], [ -76.593578395718652, 2.345672258979206 ], [ -76.593398763914379, 2.345672258979206 ], [ -76.593398763914379, 2.345581633270322 ], [ -76.59312931620795, 2.345581633270322 ], [ -76.59312931620795, 2.345400381852552 ], [ -76.593219132110093, 2.345400381852552 ], [ -76.593219132110093, 2.345309756143668 ], [ -76.593308948012236, 2.345309756143668 ], [ -76.593308948012236, 2.345219130434783 ], [ -76.593578395718652, 2.345219130434783 ], [ -76.593578395718652, 2.345037879017013 ] ] ], [ [ [ -76.591961709480117, 2.345491007561437 ], [ -76.59205152538226, 2.345491007561437 ], [ -76.59205152538226, 2.345581633270322 ], [ -76.591961709480117, 2.345581633270322 ], [ -76.591961709480117, 2.345491007561437 ] ] ], [ [ [ -76.591961709480117, 2.34612538752363 ], [ -76.59205152538226, 2.34612538752363 ], [ -76.59205152538226, 2.346216013232514 ], [ -76.591961709480117, 2.346216013232514 ], [ -76.591961709480117, 2.34612538752363 ] ] ], [ [ [ -76.593937659327224, 2.346941018903592 ], [ -76.594027475229353, 2.346941018903592 ], [ -76.594027475229353, 2.347031644612477 ], [ -76.593847843425081, 2.347031644612477 ], [ -76.593847843425081, 2.346941018903592 ], [ -76.593668211620795, 2.346941018903592 ], [ -76.593668211620795, 2.346669141776938 ], [ -76.593758027522938, 2.346669141776938 ], [ -76.593758027522938, 2.346578516068053 ], [ -76.593847843425081, 2.346578516068053 ], [ -76.593847843425081, 2.346850393194707 ], [ -76.593937659327224, 2.346850393194707 ], [ -76.593937659327224, 2.346941018903592 ] ] ], [ [ [ -76.591961709480117, 2.347575398865785 ], [ -76.591871893577988, 2.347575398865785 ], [ -76.591871893577988, 2.3474847731569 ], [ -76.59205152538226, 2.3474847731569 ], [ -76.59205152538226, 2.347575398865785 ], [ -76.592141341284403, 2.347575398865785 ], [ -76.592141341284403, 2.347756650283554 ], [ -76.591961709480117, 2.347756650283554 ], [ -76.591961709480117, 2.347575398865785 ] ] ], [ [ [ -76.592410788990833, 2.347575398865785 ], [ -76.592500604892962, 2.347575398865785 ], [ -76.592500604892962, 2.347756650283554 ], [ -76.592410788990833, 2.347756650283554 ], [ -76.592410788990833, 2.347575398865785 ] ] ], [ [ [ -76.59232097308869, 2.347847275992439 ], [ -76.592410788990833, 2.347847275992439 ], [ -76.592410788990833, 2.347937901701323 ], [ -76.59232097308869, 2.347937901701323 ], [ -76.59232097308869, 2.347847275992439 ] ] ], [ [ [ -76.592231157186546, 2.347937901701323 ], [ -76.59232097308869, 2.347937901701323 ], [ -76.59232097308869, 2.348028527410208 ], [ -76.592231157186546, 2.348028527410208 ], [ -76.592231157186546, 2.347937901701323 ] ] ], [ [ [ -76.591422814067286, 2.358087981096408 ], [ -76.591602445871558, 2.358087981096408 ], [ -76.591602445871558, 2.358450483931947 ], [ -76.591422814067286, 2.358450483931947 ], [ -76.591422814067286, 2.358087981096408 ] ] ], [ [ [ -76.591243182263, 2.367422429111532 ], [ -76.591422814067286, 2.367422429111532 ], [ -76.591422814067286, 2.367603680529301 ], [ -76.591243182263, 2.367603680529301 ], [ -76.591243182263, 2.367422429111532 ] ] ], [ [ [ -76.591243182263, 2.367875557655955 ], [ -76.591332998165143, 2.367875557655955 ], [ -76.591332998165143, 2.367966183364839 ], [ -76.591243182263, 2.367966183364839 ], [ -76.591243182263, 2.367875557655955 ] ] ], [ [ [ -76.591961709480117, 2.367059926275993 ], [ -76.591961709480117, 2.366878674858223 ], [ -76.591871893577988, 2.366878674858223 ], [ -76.591871893577988, 2.366969300567108 ], [ -76.591692261773701, 2.366969300567108 ], [ -76.591692261773701, 2.366788049149338 ], [ -76.591602445871558, 2.366788049149338 ], [ -76.591602445871558, 2.3664255463138 ], [ -76.591782077675845, 2.3664255463138 ], [ -76.591782077675845, 2.365700540642723 ], [ -76.591602445871558, 2.365700540642723 ], [ -76.591602445871558, 2.365338037807184 ], [ -76.591871893577988, 2.365338037807184 ], [ -76.591871893577988, 2.365428663516068 ], [ -76.591961709480117, 2.365428663516068 ], [ -76.591961709480117, 2.365519289224953 ], [ -76.59205152538226, 2.365519289224953 ], [ -76.59205152538226, 2.365700540642723 ], [ -76.592141341284403, 2.365700540642723 ], [ -76.592141341284403, 2.365881792060492 ], [ -76.592231157186546, 2.365881792060492 ], [ -76.592231157186546, 2.365972417769376 ], [ -76.59232097308869, 2.365972417769376 ], [ -76.59232097308869, 2.366153669187146 ], [ -76.592410788990833, 2.366153669187146 ], [ -76.592410788990833, 2.36624429489603 ], [ -76.592500604892962, 2.36624429489603 ], [ -76.592500604892962, 2.366516172022684 ], [ -76.592590420795105, 2.366516172022684 ], [ -76.592590420795105, 2.366606797731569 ], [ -76.592680236697248, 2.366606797731569 ], [ -76.592680236697248, 2.366697423440454 ], [ -76.592770052599391, 2.366697423440454 ], [ -76.592770052599391, 2.366878674858223 ], [ -76.592949684403678, 2.366878674858223 ], [ -76.592949684403678, 2.366969300567108 ], [ -76.59312931620795, 2.366969300567108 ], [ -76.59312931620795, 2.367059926275993 ], [ -76.593219132110093, 2.367059926275993 ], [ -76.593219132110093, 2.367150551984877 ], [ -76.593308948012236, 2.367150551984877 ], [ -76.593308948012236, 2.367422429111532 ], [ -76.593398763914379, 2.367422429111532 ], [ -76.593398763914379, 2.367603680529301 ], [ -76.593578395718652, 2.367603680529301 ], [ -76.593578395718652, 2.367966183364839 ], [ -76.593668211620795, 2.367966183364839 ], [ -76.593668211620795, 2.368056809073724 ], [ -76.593758027522938, 2.368056809073724 ], [ -76.593758027522938, 2.368147434782609 ], [ -76.593578395718652, 2.368147434782609 ], [ -76.593578395718652, 2.368419311909263 ], [ -76.593668211620795, 2.368419311909263 ], [ -76.593668211620795, 2.368509937618148 ], [ -76.593578395718652, 2.368509937618148 ], [ -76.593578395718652, 2.368691189035917 ], [ -76.593668211620795, 2.368691189035917 ], [ -76.593668211620795, 2.368872440453687 ], [ -76.593758027522938, 2.368872440453687 ], [ -76.593758027522938, 2.368963066162571 ], [ -76.593668211620795, 2.368963066162571 ], [ -76.593668211620795, 2.369416194706995 ], [ -76.593758027522938, 2.369416194706995 ], [ -76.593758027522938, 2.36932556899811 ], [ -76.593847843425081, 2.36932556899811 ], [ -76.593847843425081, 2.369234943289225 ], [ -76.593937659327224, 2.369234943289225 ], [ -76.593937659327224, 2.369416194706995 ], [ -76.593847843425081, 2.369416194706995 ], [ -76.593847843425081, 2.369597446124764 ], [ -76.593937659327224, 2.369597446124764 ], [ -76.593937659327224, 2.369688071833648 ], [ -76.594027475229353, 2.369688071833648 ], [ -76.594027475229353, 2.369778697542533 ], [ -76.594117291131496, 2.369778697542533 ], [ -76.594117291131496, 2.370050574669187 ], [ -76.594476554740069, 2.370050574669187 ], [ -76.594476554740069, 2.370231826086957 ], [ -76.594656186544341, 2.370231826086957 ], [ -76.594656186544341, 2.370141200378072 ], [ -76.594835818348628, 2.370141200378072 ], [ -76.594835818348628, 2.370231826086957 ], [ -76.594925634250771, 2.370231826086957 ], [ -76.594925634250771, 2.370413077504726 ], [ -76.594835818348628, 2.370413077504726 ], [ -76.594835818348628, 2.37068495463138 ], [ -76.594746002446485, 2.37068495463138 ], [ -76.594746002446485, 2.371228708884688 ], [ -76.594656186544341, 2.371228708884688 ], [ -76.594656186544341, 2.371319334593573 ], [ -76.594566370642198, 2.371319334593573 ], [ -76.594566370642198, 2.371409960302457 ], [ -76.594476554740069, 2.371409960302457 ], [ -76.594476554740069, 2.371681837429112 ], [ -76.594566370642198, 2.371681837429112 ], [ -76.594566370642198, 2.371772463137996 ], [ -76.594296922935783, 2.371772463137996 ], [ -76.594296922935783, 2.371591211720227 ], [ -76.594386738837926, 2.371591211720227 ], [ -76.594386738837926, 2.371409960302457 ], [ -76.594296922935783, 2.371409960302457 ], [ -76.594296922935783, 2.371319334593573 ], [ -76.594117291131496, 2.371319334593573 ], [ -76.594117291131496, 2.371409960302457 ], [ -76.593937659327224, 2.371409960302457 ], [ -76.593937659327224, 2.371228708884688 ], [ -76.593758027522938, 2.371228708884688 ], [ -76.593758027522938, 2.371047457466919 ], [ -76.593578395718652, 2.371047457466919 ], [ -76.593578395718652, 2.37068495463138 ], [ -76.593039500305807, 2.37068495463138 ], [ -76.593039500305807, 2.370503703213611 ], [ -76.592859868501534, 2.370503703213611 ], [ -76.592859868501534, 2.370322451795841 ], [ -76.593039500305807, 2.370322451795841 ], [ -76.593039500305807, 2.370141200378072 ], [ -76.593219132110093, 2.370141200378072 ], [ -76.593219132110093, 2.369778697542533 ], [ -76.592859868501534, 2.369778697542533 ], [ -76.592859868501534, 2.369597446124764 ], [ -76.592680236697248, 2.369597446124764 ], [ -76.592680236697248, 2.369416194706995 ], [ -76.59232097308869, 2.369416194706995 ], [ -76.59232097308869, 2.369234943289225 ], [ -76.592141341284403, 2.369234943289225 ], [ -76.592141341284403, 2.369053691871456 ], [ -76.591602445871558, 2.369053691871456 ], [ -76.591602445871558, 2.368781814744802 ], [ -76.591782077675845, 2.368781814744802 ], [ -76.591782077675845, 2.368600563327032 ], [ -76.591602445871558, 2.368600563327032 ], [ -76.591602445871558, 2.368419311909263 ], [ -76.591422814067286, 2.368419311909263 ], [ -76.591422814067286, 2.368238060491493 ], [ -76.590883918654441, 2.368238060491493 ], [ -76.590883918654441, 2.367875557655955 ], [ -76.590345023241596, 2.367875557655955 ], [ -76.590345023241596, 2.367694306238185 ], [ -76.59016539143731, 2.367694306238185 ], [ -76.59016539143731, 2.367513054820416 ], [ -76.59043483914374, 2.367513054820416 ], [ -76.59043483914374, 2.367694306238185 ], [ -76.590614470948012, 2.367694306238185 ], [ -76.590614470948012, 2.36778493194707 ], [ -76.59097373455657, 2.36778493194707 ], [ -76.59097373455657, 2.367875557655955 ], [ -76.591153366360857, 2.367875557655955 ], [ -76.591153366360857, 2.367966183364839 ], [ -76.59097373455657, 2.367966183364839 ], [ -76.59097373455657, 2.368147434782609 ], [ -76.591422814067286, 2.368147434782609 ], [ -76.591422814067286, 2.368056809073724 ], [ -76.591602445871558, 2.368056809073724 ], [ -76.591602445871558, 2.367966183364839 ], [ -76.591692261773701, 2.367966183364839 ], [ -76.591692261773701, 2.367875557655955 ], [ -76.591602445871558, 2.367875557655955 ], [ -76.591602445871558, 2.367603680529301 ], [ -76.591871893577988, 2.367603680529301 ], [ -76.591871893577988, 2.367422429111532 ], [ -76.591961709480117, 2.367422429111532 ], [ -76.591961709480117, 2.367513054820416 ], [ -76.59205152538226, 2.367513054820416 ], [ -76.59205152538226, 2.367331803402647 ], [ -76.592141341284403, 2.367331803402647 ], [ -76.592141341284403, 2.367150551984877 ], [ -76.59205152538226, 2.367150551984877 ], [ -76.59205152538226, 2.367241177693762 ], [ -76.591871893577988, 2.367241177693762 ], [ -76.591871893577988, 2.367150551984877 ], [ -76.591782077675845, 2.367150551984877 ], [ -76.591782077675845, 2.367059926275993 ], [ -76.591961709480117, 2.367059926275993 ] ], [ [ -76.59205152538226, 2.36778493194707 ], [ -76.592141341284403, 2.36778493194707 ], [ -76.592141341284403, 2.367875557655955 ], [ -76.592231157186546, 2.367875557655955 ], [ -76.592231157186546, 2.36778493194707 ], [ -76.59232097308869, 2.36778493194707 ], [ -76.59232097308869, 2.367875557655955 ], [ -76.592410788990833, 2.367875557655955 ], [ -76.592410788990833, 2.36778493194707 ], [ -76.592500604892962, 2.36778493194707 ], [ -76.592500604892962, 2.367875557655955 ], [ -76.592590420795105, 2.367875557655955 ], [ -76.592590420795105, 2.367694306238185 ], [ -76.592410788990833, 2.367694306238185 ], [ -76.592410788990833, 2.367603680529301 ], [ -76.592141341284403, 2.367603680529301 ], [ -76.592141341284403, 2.367513054820416 ], [ -76.59205152538226, 2.367513054820416 ], [ -76.59205152538226, 2.36778493194707 ] ], [ [ -76.594027475229353, 2.371047457466919 ], [ -76.594027475229353, 2.371138083175804 ], [ -76.59420710703364, 2.371138083175804 ], [ -76.59420710703364, 2.371047457466919 ], [ -76.594027475229353, 2.371047457466919 ] ], [ [ -76.594566370642198, 2.370503703213611 ], [ -76.594566370642198, 2.37068495463138 ], [ -76.594656186544341, 2.37068495463138 ], [ -76.594656186544341, 2.370503703213611 ], [ -76.594566370642198, 2.370503703213611 ] ], [ [ -76.592590420795105, 2.369053691871456 ], [ -76.592590420795105, 2.368963066162571 ], [ -76.592500604892962, 2.368963066162571 ], [ -76.592500604892962, 2.368872440453687 ], [ -76.592410788990833, 2.368872440453687 ], [ -76.592410788990833, 2.368963066162571 ], [ -76.59232097308869, 2.368963066162571 ], [ -76.59232097308869, 2.369053691871456 ], [ -76.592500604892962, 2.369053691871456 ], [ -76.592500604892962, 2.369144317580341 ], [ -76.592590420795105, 2.369144317580341 ], [ -76.592590420795105, 2.36932556899811 ], [ -76.592680236697248, 2.36932556899811 ], [ -76.592680236697248, 2.369234943289225 ], [ -76.592859868501534, 2.369234943289225 ], [ -76.592859868501534, 2.36932556899811 ], [ -76.59312931620795, 2.36932556899811 ], [ -76.59312931620795, 2.369144317580341 ], [ -76.593219132110093, 2.369144317580341 ], [ -76.593219132110093, 2.369053691871456 ], [ -76.593308948012236, 2.369053691871456 ], [ -76.593308948012236, 2.368872440453687 ], [ -76.593219132110093, 2.368872440453687 ], [ -76.593219132110093, 2.368963066162571 ], [ -76.592770052599391, 2.368963066162571 ], [ -76.592770052599391, 2.369053691871456 ], [ -76.592590420795105, 2.369053691871456 ] ], [ [ -76.592590420795105, 2.368600563327032 ], [ -76.592590420795105, 2.368691189035917 ], [ -76.592680236697248, 2.368691189035917 ], [ -76.592680236697248, 2.368600563327032 ], [ -76.592590420795105, 2.368600563327032 ] ] ], [ [ [ -76.592141341284403, 2.369959948960302 ], [ -76.59232097308869, 2.369959948960302 ], [ -76.59232097308869, 2.370050574669187 ], [ -76.591692261773701, 2.370050574669187 ], [ -76.591692261773701, 2.369959948960302 ], [ -76.591782077675845, 2.369959948960302 ], [ -76.591782077675845, 2.369688071833648 ], [ -76.591871893577988, 2.369688071833648 ], [ -76.591871893577988, 2.369597446124764 ], [ -76.591961709480117, 2.369597446124764 ], [ -76.591961709480117, 2.369778697542533 ], [ -76.592141341284403, 2.369778697542533 ], [ -76.592141341284403, 2.369959948960302 ] ] ], [ [ [ -76.592500604892962, 2.369959948960302 ], [ -76.592500604892962, 2.369778697542533 ], [ -76.592680236697248, 2.369778697542533 ], [ -76.592680236697248, 2.369959948960302 ], [ -76.592500604892962, 2.369959948960302 ] ] ], [ [ [ -76.592680236697248, 2.370503703213611 ], [ -76.592859868501534, 2.370503703213611 ], [ -76.592859868501534, 2.37068495463138 ], [ -76.592680236697248, 2.37068495463138 ], [ -76.592680236697248, 2.370503703213611 ] ] ], [ [ [ -76.592410788990833, 2.370594328922496 ], [ -76.592500604892962, 2.370594328922496 ], [ -76.592500604892962, 2.37068495463138 ], [ -76.592410788990833, 2.37068495463138 ], [ -76.592410788990833, 2.370594328922496 ] ] ], [ [ [ -76.592500604892962, 2.37068495463138 ], [ -76.592680236697248, 2.37068495463138 ], [ -76.592680236697248, 2.37086620604915 ], [ -76.592590420795105, 2.37086620604915 ], [ -76.592590420795105, 2.370775580340265 ], [ -76.592500604892962, 2.370775580340265 ], [ -76.592500604892962, 2.37068495463138 ] ] ], [ [ [ -76.592859868501534, 2.37068495463138 ], [ -76.593039500305807, 2.37068495463138 ], [ -76.593039500305807, 2.37086620604915 ], [ -76.592859868501534, 2.37086620604915 ], [ -76.592859868501534, 2.37068495463138 ] ] ], [ [ [ -76.587919993883787, 2.306250075614367 ], [ -76.588189441590217, 2.306250075614367 ], [ -76.588189441590217, 2.306521952741021 ], [ -76.587919993883787, 2.306521952741021 ], [ -76.587919993883787, 2.306340701323252 ], [ -76.587560730275229, 2.306340701323252 ], [ -76.587560730275229, 2.305978198487713 ], [ -76.587740362079515, 2.305978198487713 ], [ -76.587740362079515, 2.306068824196597 ], [ -76.587830177981658, 2.306068824196597 ], [ -76.587830177981658, 2.306159449905482 ], [ -76.587919993883787, 2.306159449905482 ], [ -76.587919993883787, 2.306250075614367 ] ] ], [ [ [ -76.588728337003062, 2.307065706994329 ], [ -76.588458889296632, 2.307065706994329 ], [ -76.588458889296632, 2.30688445557656 ], [ -76.58827925749236, 2.30688445557656 ], [ -76.58827925749236, 2.30670320415879 ], [ -76.588369073394503, 2.30670320415879 ], [ -76.588369073394503, 2.306793829867675 ], [ -76.588638521100918, 2.306793829867675 ], [ -76.588638521100918, 2.30688445557656 ], [ -76.588728337003062, 2.30688445557656 ], [ -76.588728337003062, 2.307065706994329 ] ] ], [ [ [ -76.588099625688074, 2.307065706994329 ], [ -76.588099625688074, 2.307246958412098 ], [ -76.587919993883787, 2.307246958412098 ], [ -76.587919993883787, 2.307428209829868 ], [ -76.587650546177372, 2.307428209829868 ], [ -76.587650546177372, 2.307337584120983 ], [ -76.587560730275229, 2.307337584120983 ], [ -76.587560730275229, 2.307246958412098 ], [ -76.587650546177372, 2.307246958412098 ], [ -76.587650546177372, 2.307156332703214 ], [ -76.587740362079515, 2.307156332703214 ], [ -76.587740362079515, 2.307065706994329 ], [ -76.588099625688074, 2.307065706994329 ] ] ], [ [ [ -76.591332998165143, 2.307609461247637 ], [ -76.59097373455657, 2.307609461247637 ], [ -76.59097373455657, 2.307700086956522 ], [ -76.590883918654441, 2.307700086956522 ], [ -76.590883918654441, 2.307609461247637 ], [ -76.590794102752298, 2.307609461247637 ], [ -76.590794102752298, 2.307337584120983 ], [ -76.59097373455657, 2.307337584120983 ], [ -76.59097373455657, 2.307428209829868 ], [ -76.591153366360857, 2.307428209829868 ], [ -76.591153366360857, 2.307518835538752 ], [ -76.591332998165143, 2.307518835538752 ], [ -76.591332998165143, 2.307609461247637 ] ] ], [ [ [ -76.588099625688074, 2.307609461247637 ], [ -76.58827925749236, 2.307609461247637 ], [ -76.58827925749236, 2.307700086956522 ], [ -76.588099625688074, 2.307700086956522 ], [ -76.588099625688074, 2.307609461247637 ] ] ], [ [ [ -76.587381098470956, 2.308062589792061 ], [ -76.587560730275229, 2.308062589792061 ], [ -76.587560730275229, 2.307971964083176 ], [ -76.587740362079515, 2.307971964083176 ], [ -76.587740362079515, 2.307790712665406 ], [ -76.587919993883787, 2.307790712665406 ], [ -76.587919993883787, 2.308153215500945 ], [ -76.587740362079515, 2.308153215500945 ], [ -76.587740362079515, 2.308334466918715 ], [ -76.587111650764527, 2.308334466918715 ], [ -76.587111650764527, 2.30824384120983 ], [ -76.587021834862384, 2.30824384120983 ], [ -76.587021834862384, 2.308153215500945 ], [ -76.587111650764527, 2.308153215500945 ], [ -76.587111650764527, 2.307971964083176 ], [ -76.58720146666667, 2.307971964083176 ], [ -76.58720146666667, 2.307881338374291 ], [ -76.587381098470956, 2.307881338374291 ], [ -76.587381098470956, 2.308062589792061 ] ] ], [ [ [ -76.587919993883787, 2.308515718336484 ], [ -76.587740362079515, 2.308515718336484 ], [ -76.587740362079515, 2.308334466918715 ], [ -76.587919993883787, 2.308334466918715 ], [ -76.587919993883787, 2.308515718336484 ] ] ], [ [ [ -76.587381098470956, 2.309059472589792 ], [ -76.586572755351682, 2.309059472589792 ], [ -76.586572755351682, 2.308787595463138 ], [ -76.586752387155968, 2.308787595463138 ], [ -76.586752387155968, 2.308696969754254 ], [ -76.58693201896024, 2.308696969754254 ], [ -76.58693201896024, 2.308787595463138 ], [ -76.587021834862384, 2.308787595463138 ], [ -76.587021834862384, 2.308878221172023 ], [ -76.587381098470956, 2.308878221172023 ], [ -76.587381098470956, 2.309059472589792 ] ] ], [ [ [ -76.587919993883787, 2.309240724007561 ], [ -76.587740362079515, 2.309240724007561 ], [ -76.587740362079515, 2.309421975425331 ], [ -76.587560730275229, 2.309421975425331 ], [ -76.587560730275229, 2.309512601134216 ], [ -76.587470914373085, 2.309512601134216 ], [ -76.587470914373085, 2.309693852551985 ], [ -76.587560730275229, 2.309693852551985 ], [ -76.587560730275229, 2.310146981096409 ], [ -76.587381098470956, 2.310146981096409 ], [ -76.587381098470956, 2.30978447826087 ], [ -76.58720146666667, 2.30978447826087 ], [ -76.58720146666667, 2.3096032268431 ], [ -76.587021834862384, 2.3096032268431 ], [ -76.587021834862384, 2.309421975425331 ], [ -76.58720146666667, 2.309421975425331 ], [ -76.58720146666667, 2.309240724007561 ], [ -76.587381098470956, 2.309240724007561 ], [ -76.587381098470956, 2.309059472589792 ], [ -76.587740362079515, 2.309059472589792 ], [ -76.587740362079515, 2.308696969754254 ], [ -76.587919993883787, 2.308696969754254 ], [ -76.587919993883787, 2.308606344045369 ], [ -76.58800980978593, 2.308606344045369 ], [ -76.58800980978593, 2.308515718336484 ], [ -76.588099625688074, 2.308515718336484 ], [ -76.588099625688074, 2.309059472589792 ], [ -76.587919993883787, 2.309059472589792 ], [ -76.587919993883787, 2.309240724007561 ] ] ], [ [ [ -76.586662571253825, 2.310146981096409 ], [ -76.586662571253825, 2.309965729678639 ], [ -76.586842203058112, 2.309965729678639 ], [ -76.586842203058112, 2.310237606805293 ], [ -76.586752387155968, 2.310237606805293 ], [ -76.586752387155968, 2.310146981096409 ], [ -76.586662571253825, 2.310146981096409 ] ] ], [ [ [ -76.587919993883787, 2.310871986767486 ], [ -76.587919993883787, 2.310600109640832 ], [ -76.58800980978593, 2.310600109640832 ], [ -76.58800980978593, 2.310509483931947 ], [ -76.588099625688074, 2.310509483931947 ], [ -76.588099625688074, 2.310328232514178 ], [ -76.588458889296632, 2.310328232514178 ], [ -76.588458889296632, 2.310600109640832 ], [ -76.588369073394503, 2.310600109640832 ], [ -76.588369073394503, 2.310509483931947 ], [ -76.58827925749236, 2.310509483931947 ], [ -76.58827925749236, 2.310871986767486 ], [ -76.587919993883787, 2.310871986767486 ] ], [ [ -76.58800980978593, 2.310690735349717 ], [ -76.588099625688074, 2.310690735349717 ], [ -76.588099625688074, 2.310600109640832 ], [ -76.58800980978593, 2.310600109640832 ], [ -76.58800980978593, 2.310690735349717 ] ] ], [ [ [ -76.587560730275229, 2.311053238185255 ], [ -76.587381098470956, 2.311053238185255 ], [ -76.587381098470956, 2.310871986767486 ], [ -76.58720146666667, 2.310871986767486 ], [ -76.58720146666667, 2.310509483931947 ], [ -76.587381098470956, 2.310509483931947 ], [ -76.587381098470956, 2.310690735349717 ], [ -76.587470914373085, 2.310690735349717 ], [ -76.587470914373085, 2.310781361058601 ], [ -76.587560730275229, 2.310781361058601 ], [ -76.587560730275229, 2.311053238185255 ] ] ], [ [ [ -76.588638521100918, 2.311415741020794 ], [ -76.588818152905205, 2.311415741020794 ], [ -76.588818152905205, 2.311596992438564 ], [ -76.588638521100918, 2.311596992438564 ], [ -76.588638521100918, 2.311415741020794 ] ] ], [ [ [ -76.588728337003062, 2.312140746691872 ], [ -76.588818152905205, 2.312140746691872 ], [ -76.588818152905205, 2.312321998109641 ], [ -76.588728337003062, 2.312321998109641 ], [ -76.588728337003062, 2.312140746691872 ] ] ], [ [ [ -76.587560730275229, 2.312865752362949 ], [ -76.587291282568813, 2.312865752362949 ], [ -76.587291282568813, 2.312775126654064 ], [ -76.587111650764527, 2.312775126654064 ], [ -76.587111650764527, 2.312865752362949 ], [ -76.587021834862384, 2.312865752362949 ], [ -76.587021834862384, 2.312956378071834 ], [ -76.586842203058112, 2.312956378071834 ], [ -76.586842203058112, 2.312865752362949 ], [ -76.586303307645267, 2.312865752362949 ], [ -76.586303307645267, 2.313228255198488 ], [ -76.58612367584098, 2.313228255198488 ], [ -76.58612367584098, 2.313047003780718 ], [ -76.585944044036694, 2.313047003780718 ], [ -76.585944044036694, 2.312865752362949 ], [ -76.585764412232422, 2.312865752362949 ], [ -76.585764412232422, 2.31268450094518 ], [ -76.585944044036694, 2.31268450094518 ], [ -76.585944044036694, 2.31250324952741 ], [ -76.586482939449539, 2.31250324952741 ], [ -76.586482939449539, 2.312321998109641 ], [ -76.586572755351682, 2.312321998109641 ], [ -76.586572755351682, 2.312231372400756 ], [ -76.587021834862384, 2.312231372400756 ], [ -76.587021834862384, 2.312321998109641 ], [ -76.58720146666667, 2.312321998109641 ], [ -76.58720146666667, 2.312412623818526 ], [ -76.587560730275229, 2.312412623818526 ], [ -76.587560730275229, 2.31250324952741 ], [ -76.587650546177372, 2.31250324952741 ], [ -76.587650546177372, 2.312593875236295 ], [ -76.587740362079515, 2.312593875236295 ], [ -76.587740362079515, 2.31250324952741 ], [ -76.587919993883787, 2.31250324952741 ], [ -76.587919993883787, 2.31268450094518 ], [ -76.58800980978593, 2.31268450094518 ], [ -76.58800980978593, 2.312865752362949 ], [ -76.588099625688074, 2.312865752362949 ], [ -76.588099625688074, 2.313228255198488 ], [ -76.587919993883787, 2.313228255198488 ], [ -76.587919993883787, 2.313047003780718 ], [ -76.587830177981658, 2.313047003780718 ], [ -76.587830177981658, 2.312956378071834 ], [ -76.587740362079515, 2.312956378071834 ], [ -76.587740362079515, 2.312865752362949 ], [ -76.587650546177372, 2.312865752362949 ], [ -76.587650546177372, 2.312775126654064 ], [ -76.587560730275229, 2.312775126654064 ], [ -76.587560730275229, 2.312865752362949 ] ] ], [ [ [ -76.588189441590217, 2.313318880907373 ], [ -76.588099625688074, 2.313318880907373 ], [ -76.588099625688074, 2.313228255198488 ], [ -76.588369073394503, 2.313228255198488 ], [ -76.588369073394503, 2.313409506616257 ], [ -76.588189441590217, 2.313409506616257 ], [ -76.588189441590217, 2.313318880907373 ] ] ], [ [ [ -76.590883918654441, 2.313953260869565 ], [ -76.590883918654441, 2.313228255198488 ], [ -76.591063550458713, 2.313228255198488 ], [ -76.591063550458713, 2.313590758034027 ], [ -76.591243182263, 2.313590758034027 ], [ -76.591243182263, 2.313772009451796 ], [ -76.591063550458713, 2.313772009451796 ], [ -76.591063550458713, 2.313953260869565 ], [ -76.590883918654441, 2.313953260869565 ] ] ], [ [ [ -76.590704286850155, 2.314134512287335 ], [ -76.590883918654441, 2.314134512287335 ], [ -76.590883918654441, 2.314315763705104 ], [ -76.590704286850155, 2.314315763705104 ], [ -76.590704286850155, 2.314134512287335 ] ] ], [ [ [ -76.588189441590217, 2.314406389413989 ], [ -76.58827925749236, 2.314406389413989 ], [ -76.58827925749236, 2.314497015122873 ], [ -76.588189441590217, 2.314497015122873 ], [ -76.588189441590217, 2.314406389413989 ] ] ], [ [ [ -76.587291282568813, 2.333437788279773 ], [ -76.586752387155968, 2.333437788279773 ], [ -76.586752387155968, 2.333256536862004 ], [ -76.58693201896024, 2.333256536862004 ], [ -76.58693201896024, 2.333075285444234 ], [ -76.587021834862384, 2.333075285444234 ], [ -76.587021834862384, 2.333165911153119 ], [ -76.587111650764527, 2.333165911153119 ], [ -76.587111650764527, 2.333256536862004 ], [ -76.587291282568813, 2.333256536862004 ], [ -76.587291282568813, 2.333437788279773 ] ] ], [ [ [ -76.588189441590217, 2.33280340831758 ], [ -76.58827925749236, 2.33280340831758 ], [ -76.58827925749236, 2.332712782608696 ], [ -76.588369073394503, 2.332712782608696 ], [ -76.588369073394503, 2.33280340831758 ], [ -76.588458889296632, 2.33280340831758 ], [ -76.588458889296632, 2.33298465973535 ], [ -76.58827925749236, 2.33298465973535 ], [ -76.58827925749236, 2.333075285444234 ], [ -76.588099625688074, 2.333075285444234 ], [ -76.588099625688074, 2.333256536862004 ], [ -76.588548705198775, 2.333256536862004 ], [ -76.588548705198775, 2.333347162570889 ], [ -76.588638521100918, 2.333347162570889 ], [ -76.588638521100918, 2.333437788279773 ], [ -76.588458889296632, 2.333437788279773 ], [ -76.588458889296632, 2.333528413988658 ], [ -76.588189441590217, 2.333528413988658 ], [ -76.588189441590217, 2.333800291115312 ], [ -76.587291282568813, 2.333800291115312 ], [ -76.587291282568813, 2.333437788279773 ], [ -76.587470914373085, 2.333437788279773 ], [ -76.587470914373085, 2.333528413988658 ], [ -76.587650546177372, 2.333528413988658 ], [ -76.587650546177372, 2.333165911153119 ], [ -76.587740362079515, 2.333165911153119 ], [ -76.587740362079515, 2.333075285444234 ], [ -76.58800980978593, 2.333075285444234 ], [ -76.58800980978593, 2.33298465973535 ], [ -76.588189441590217, 2.33298465973535 ], [ -76.588189441590217, 2.33280340831758 ] ], [ [ -76.587830177981658, 2.333256536862004 ], [ -76.587830177981658, 2.333437788279773 ], [ -76.58800980978593, 2.333437788279773 ], [ -76.58800980978593, 2.333256536862004 ], [ -76.587830177981658, 2.333256536862004 ] ] ], [ [ [ -76.588818152905205, 2.333709665406428 ], [ -76.588728337003062, 2.333709665406428 ], [ -76.588728337003062, 2.333619039697543 ], [ -76.588818152905205, 2.333619039697543 ], [ -76.588818152905205, 2.333528413988658 ], [ -76.588907968807348, 2.333528413988658 ], [ -76.588907968807348, 2.333800291115312 ], [ -76.588818152905205, 2.333800291115312 ], [ -76.588818152905205, 2.333709665406428 ] ] ], [ [ [ -76.58693201896024, 2.333619039697543 ], [ -76.587111650764527, 2.333619039697543 ], [ -76.587111650764527, 2.333800291115312 ], [ -76.587021834862384, 2.333800291115312 ], [ -76.587021834862384, 2.333709665406428 ], [ -76.58693201896024, 2.333709665406428 ], [ -76.58693201896024, 2.333619039697543 ] ] ], [ [ [ -76.588369073394503, 2.333800291115312 ], [ -76.588369073394503, 2.333619039697543 ], [ -76.588548705198775, 2.333619039697543 ], [ -76.588548705198775, 2.333800291115312 ], [ -76.588369073394503, 2.333800291115312 ] ] ], [ [ [ -76.58908760061162, 2.333800291115312 ], [ -76.589177416513763, 2.333800291115312 ], [ -76.589177416513763, 2.333981542533082 ], [ -76.58908760061162, 2.333981542533082 ], [ -76.58908760061162, 2.333800291115312 ] ] ], [ [ [ -76.590883918654441, 2.333800291115312 ], [ -76.591063550458713, 2.333800291115312 ], [ -76.591063550458713, 2.333981542533082 ], [ -76.590883918654441, 2.333981542533082 ], [ -76.590883918654441, 2.333800291115312 ] ] ], [ [ [ -76.586572755351682, 2.333981542533082 ], [ -76.586752387155968, 2.333981542533082 ], [ -76.586752387155968, 2.334162793950851 ], [ -76.58693201896024, 2.334162793950851 ], [ -76.58693201896024, 2.333890916824197 ], [ -76.587111650764527, 2.333890916824197 ], [ -76.587111650764527, 2.333800291115312 ], [ -76.587291282568813, 2.333800291115312 ], [ -76.587291282568813, 2.334072168241966 ], [ -76.587381098470956, 2.334072168241966 ], [ -76.587381098470956, 2.333981542533082 ], [ -76.587560730275229, 2.333981542533082 ], [ -76.587560730275229, 2.334072168241966 ], [ -76.587650546177372, 2.334072168241966 ], [ -76.587650546177372, 2.334162793950851 ], [ -76.587740362079515, 2.334162793950851 ], [ -76.587740362079515, 2.33434404536862 ], [ -76.587830177981658, 2.33434404536862 ], [ -76.587830177981658, 2.334434671077505 ], [ -76.587740362079515, 2.334434671077505 ], [ -76.587740362079515, 2.334525296786389 ], [ -76.587381098470956, 2.334525296786389 ], [ -76.587381098470956, 2.334615922495274 ], [ -76.587291282568813, 2.334615922495274 ], [ -76.587291282568813, 2.334706548204159 ], [ -76.587111650764527, 2.334706548204159 ], [ -76.587111650764527, 2.334615922495274 ], [ -76.587021834862384, 2.334615922495274 ], [ -76.587021834862384, 2.334797173913044 ], [ -76.58693201896024, 2.334797173913044 ], [ -76.58693201896024, 2.334887799621928 ], [ -76.586842203058112, 2.334887799621928 ], [ -76.586842203058112, 2.334797173913044 ], [ -76.586662571253825, 2.334797173913044 ], [ -76.586662571253825, 2.334978425330813 ], [ -76.586572755351682, 2.334978425330813 ], [ -76.586572755351682, 2.334887799621928 ], [ -76.586482939449539, 2.334887799621928 ], [ -76.586482939449539, 2.334978425330813 ], [ -76.586393123547396, 2.334978425330813 ], [ -76.586393123547396, 2.334525296786389 ], [ -76.586213491743123, 2.334525296786389 ], [ -76.586213491743123, 2.33434404536862 ], [ -76.586572755351682, 2.33434404536862 ], [ -76.586572755351682, 2.333981542533082 ] ] ], [ [ [ -76.58720146666667, 2.335069051039698 ], [ -76.587291282568813, 2.335069051039698 ], [ -76.587291282568813, 2.335250302457467 ], [ -76.58720146666667, 2.335250302457467 ], [ -76.58720146666667, 2.335069051039698 ] ] ], [ [ [ -76.586842203058112, 2.335159676748582 ], [ -76.587021834862384, 2.335159676748582 ], [ -76.587021834862384, 2.335250302457467 ], [ -76.586842203058112, 2.335250302457467 ], [ -76.586842203058112, 2.335159676748582 ] ] ], [ [ [ -76.587470914373085, 2.335975308128544 ], [ -76.587650546177372, 2.335975308128544 ], [ -76.587650546177372, 2.336156559546314 ], [ -76.587470914373085, 2.336156559546314 ], [ -76.587470914373085, 2.335975308128544 ] ] ], [ [ [ -76.587381098470956, 2.336609688090737 ], [ -76.587381098470956, 2.336519062381853 ], [ -76.587470914373085, 2.336519062381853 ], [ -76.587470914373085, 2.336609688090737 ], [ -76.587381098470956, 2.336609688090737 ] ] ], [ [ [ -76.586842203058112, 2.336609688090737 ], [ -76.587021834862384, 2.336609688090737 ], [ -76.587021834862384, 2.336700313799622 ], [ -76.586572755351682, 2.336700313799622 ], [ -76.586572755351682, 2.336519062381853 ], [ -76.586842203058112, 2.336519062381853 ], [ -76.586842203058112, 2.336609688090737 ] ] ], [ [ [ -76.588369073394503, 2.33724406805293 ], [ -76.588369073394503, 2.337062816635161 ], [ -76.588189441590217, 2.337062816635161 ], [ -76.588189441590217, 2.3374253194707 ], [ -76.587830177981658, 2.3374253194707 ], [ -76.587830177981658, 2.33724406805293 ], [ -76.58800980978593, 2.33724406805293 ], [ -76.58800980978593, 2.337062816635161 ], [ -76.587650546177372, 2.337062816635161 ], [ -76.587650546177372, 2.336700313799622 ], [ -76.587740362079515, 2.336700313799622 ], [ -76.587740362079515, 2.336790939508507 ], [ -76.587830177981658, 2.336790939508507 ], [ -76.587830177981658, 2.336881565217392 ], [ -76.587919993883787, 2.336881565217392 ], [ -76.587919993883787, 2.336972190926276 ], [ -76.58800980978593, 2.336972190926276 ], [ -76.58800980978593, 2.336790939508507 ], [ -76.588099625688074, 2.336790939508507 ], [ -76.588099625688074, 2.336700313799622 ], [ -76.58827925749236, 2.336700313799622 ], [ -76.58827925749236, 2.336790939508507 ], [ -76.588458889296632, 2.336790939508507 ], [ -76.588458889296632, 2.336881565217392 ], [ -76.588638521100918, 2.336881565217392 ], [ -76.588638521100918, 2.336972190926276 ], [ -76.588818152905205, 2.336972190926276 ], [ -76.588818152905205, 2.336881565217392 ], [ -76.588907968807348, 2.336881565217392 ], [ -76.588907968807348, 2.336790939508507 ], [ -76.588997784709477, 2.336790939508507 ], [ -76.588997784709477, 2.336609688090737 ], [ -76.58908760061162, 2.336609688090737 ], [ -76.58908760061162, 2.336428436672968 ], [ -76.58935704831805, 2.336428436672968 ], [ -76.58935704831805, 2.336247185255198 ], [ -76.589446864220179, 2.336247185255198 ], [ -76.589446864220179, 2.335975308128544 ], [ -76.589806127828751, 2.335975308128544 ], [ -76.589806127828751, 2.33588468241966 ], [ -76.589985759633024, 2.33588468241966 ], [ -76.589985759633024, 2.335975308128544 ], [ -76.590524655045868, 2.335975308128544 ], [ -76.590524655045868, 2.336065933837429 ], [ -76.591243182263, 2.336065933837429 ], [ -76.591243182263, 2.335975308128544 ], [ -76.591332998165143, 2.335975308128544 ], [ -76.591332998165143, 2.336065933837429 ], [ -76.591422814067286, 2.336065933837429 ], [ -76.591422814067286, 2.336247185255198 ], [ -76.591332998165143, 2.336247185255198 ], [ -76.591332998165143, 2.336337810964083 ], [ -76.591063550458713, 2.336337810964083 ], [ -76.591063550458713, 2.336519062381853 ], [ -76.590704286850155, 2.336519062381853 ], [ -76.590704286850155, 2.336428436672968 ], [ -76.590614470948012, 2.336428436672968 ], [ -76.590614470948012, 2.336337810964083 ], [ -76.59043483914374, 2.336337810964083 ], [ -76.59043483914374, 2.336247185255198 ], [ -76.589985759633024, 2.336247185255198 ], [ -76.589985759633024, 2.336337810964083 ], [ -76.589806127828751, 2.336337810964083 ], [ -76.589806127828751, 2.336428436672968 ], [ -76.589716311926608, 2.336428436672968 ], [ -76.589716311926608, 2.336609688090737 ], [ -76.589536680122322, 2.336609688090737 ], [ -76.589536680122322, 2.336700313799622 ], [ -76.589177416513763, 2.336700313799622 ], [ -76.589177416513763, 2.336881565217392 ], [ -76.58908760061162, 2.336881565217392 ], [ -76.58908760061162, 2.337062816635161 ], [ -76.588907968807348, 2.337062816635161 ], [ -76.588907968807348, 2.33724406805293 ], [ -76.588369073394503, 2.33724406805293 ] ], [ [ -76.589716311926608, 2.336337810964083 ], [ -76.589626496024465, 2.336337810964083 ], [ -76.589626496024465, 2.336428436672968 ], [ -76.589716311926608, 2.336428436672968 ], [ -76.589716311926608, 2.336337810964083 ] ] ], [ [ [ -76.590255207339453, 2.33724406805293 ], [ -76.590075575535167, 2.33724406805293 ], [ -76.590075575535167, 2.336790939508507 ], [ -76.59016539143731, 2.336790939508507 ], [ -76.59016539143731, 2.336972190926276 ], [ -76.590255207339453, 2.336972190926276 ], [ -76.590255207339453, 2.336881565217392 ], [ -76.590345023241596, 2.336881565217392 ], [ -76.590345023241596, 2.337153442344046 ], [ -76.590255207339453, 2.337153442344046 ], [ -76.590255207339453, 2.33724406805293 ] ] ], [ [ [ -76.58908760061162, 2.33724406805293 ], [ -76.589177416513763, 2.33724406805293 ], [ -76.589177416513763, 2.337334693761815 ], [ -76.58908760061162, 2.337334693761815 ], [ -76.58908760061162, 2.33724406805293 ] ] ], [ [ [ -76.59016539143731, 2.337334693761815 ], [ -76.590255207339453, 2.337334693761815 ], [ -76.590255207339453, 2.3374253194707 ], [ -76.59016539143731, 2.3374253194707 ], [ -76.59016539143731, 2.337334693761815 ] ] ], [ [ [ -76.589985759633024, 2.337606570888469 ], [ -76.590345023241596, 2.337606570888469 ], [ -76.590345023241596, 2.337787822306238 ], [ -76.59016539143731, 2.337787822306238 ], [ -76.59016539143731, 2.337697196597354 ], [ -76.589985759633024, 2.337697196597354 ], [ -76.589985759633024, 2.337606570888469 ] ] ], [ [ [ -76.588818152905205, 2.337969073724008 ], [ -76.588818152905205, 2.338059699432892 ], [ -76.588728337003062, 2.338059699432892 ], [ -76.588728337003062, 2.338150325141777 ], [ -76.588369073394503, 2.338150325141777 ], [ -76.588369073394503, 2.337606570888469 ], [ -76.588638521100918, 2.337606570888469 ], [ -76.588638521100918, 2.337697196597354 ], [ -76.588548705198775, 2.337697196597354 ], [ -76.588548705198775, 2.337787822306238 ], [ -76.588728337003062, 2.337787822306238 ], [ -76.588728337003062, 2.337969073724008 ], [ -76.588818152905205, 2.337969073724008 ] ] ], [ [ [ -76.590345023241596, 2.337969073724008 ], [ -76.59043483914374, 2.337969073724008 ], [ -76.59043483914374, 2.338150325141777 ], [ -76.590345023241596, 2.338150325141777 ], [ -76.590345023241596, 2.337969073724008 ] ] ], [ [ [ -76.588818152905205, 2.338240950850662 ], [ -76.588997784709477, 2.338240950850662 ], [ -76.588997784709477, 2.338331576559546 ], [ -76.588818152905205, 2.338331576559546 ], [ -76.588818152905205, 2.338240950850662 ] ] ], [ [ [ -76.590794102752298, 2.339147207939509 ], [ -76.590883918654441, 2.339147207939509 ], [ -76.590883918654441, 2.339237833648393 ], [ -76.590704286850155, 2.339237833648393 ], [ -76.590704286850155, 2.339056582230624 ], [ -76.590794102752298, 2.339056582230624 ], [ -76.590794102752298, 2.339147207939509 ] ] ], [ [ [ -76.591063550458713, 2.339419085066163 ], [ -76.590883918654441, 2.339419085066163 ], [ -76.590883918654441, 2.339237833648393 ], [ -76.59097373455657, 2.339237833648393 ], [ -76.59097373455657, 2.339328459357278 ], [ -76.591063550458713, 2.339328459357278 ], [ -76.591063550458713, 2.339419085066163 ] ] ], [ [ [ -76.586213491743123, 2.340415967863894 ], [ -76.586303307645267, 2.340415967863894 ], [ -76.586303307645267, 2.34032534215501 ], [ -76.586393123547396, 2.34032534215501 ], [ -76.586393123547396, 2.34014409073724 ], [ -76.586482939449539, 2.34014409073724 ], [ -76.586482939449539, 2.340053465028356 ], [ -76.586752387155968, 2.340053465028356 ], [ -76.586752387155968, 2.339962839319471 ], [ -76.586842203058112, 2.339962839319471 ], [ -76.586842203058112, 2.339872213610586 ], [ -76.58693201896024, 2.339872213610586 ], [ -76.58693201896024, 2.339781587901701 ], [ -76.587021834862384, 2.339781587901701 ], [ -76.587021834862384, 2.339690962192817 ], [ -76.587111650764527, 2.339690962192817 ], [ -76.587111650764527, 2.339962839319471 ], [ -76.587291282568813, 2.339962839319471 ], [ -76.587291282568813, 2.339781587901701 ], [ -76.587470914373085, 2.339781587901701 ], [ -76.587470914373085, 2.339328459357278 ], [ -76.587560730275229, 2.339328459357278 ], [ -76.587560730275229, 2.339419085066163 ], [ -76.587740362079515, 2.339419085066163 ], [ -76.587740362079515, 2.339328459357278 ], [ -76.587830177981658, 2.339328459357278 ], [ -76.587830177981658, 2.339237833648393 ], [ -76.587919993883787, 2.339237833648393 ], [ -76.587919993883787, 2.338965956521739 ], [ -76.58800980978593, 2.338965956521739 ], [ -76.58800980978593, 2.338875330812855 ], [ -76.588099625688074, 2.338875330812855 ], [ -76.588099625688074, 2.33878470510397 ], [ -76.588189441590217, 2.33878470510397 ], [ -76.588189441590217, 2.338875330812855 ], [ -76.58827925749236, 2.338875330812855 ], [ -76.58827925749236, 2.33878470510397 ], [ -76.588369073394503, 2.33878470510397 ], [ -76.588369073394503, 2.338875330812855 ], [ -76.588728337003062, 2.338875330812855 ], [ -76.588728337003062, 2.33878470510397 ], [ -76.588818152905205, 2.33878470510397 ], [ -76.588818152905205, 2.338694079395085 ], [ -76.588907968807348, 2.338694079395085 ], [ -76.588907968807348, 2.339056582230624 ], [ -76.58908760061162, 2.339056582230624 ], [ -76.58908760061162, 2.339147207939509 ], [ -76.588818152905205, 2.339147207939509 ], [ -76.588818152905205, 2.339237833648393 ], [ -76.588728337003062, 2.339237833648393 ], [ -76.588728337003062, 2.339419085066163 ], [ -76.58800980978593, 2.339419085066163 ], [ -76.58800980978593, 2.339781587901701 ], [ -76.588189441590217, 2.339781587901701 ], [ -76.588189441590217, 2.339962839319471 ], [ -76.587830177981658, 2.339962839319471 ], [ -76.587830177981658, 2.34014409073724 ], [ -76.587470914373085, 2.34014409073724 ], [ -76.587470914373085, 2.34032534215501 ], [ -76.586572755351682, 2.34032534215501 ], [ -76.586572755351682, 2.340506593572779 ], [ -76.586213491743123, 2.340506593572779 ], [ -76.586213491743123, 2.340869096408318 ], [ -76.586033859938837, 2.340869096408318 ], [ -76.586033859938837, 2.340687844990548 ], [ -76.585854228134565, 2.340687844990548 ], [ -76.585854228134565, 2.340597219281664 ], [ -76.585944044036694, 2.340597219281664 ], [ -76.585944044036694, 2.340415967863894 ], [ -76.586033859938837, 2.340415967863894 ], [ -76.586033859938837, 2.34032534215501 ], [ -76.586213491743123, 2.34032534215501 ], [ -76.586213491743123, 2.340415967863894 ] ] ], [ [ [ -76.588548705198775, 2.339781587901701 ], [ -76.588638521100918, 2.339781587901701 ], [ -76.588638521100918, 2.340234716446125 ], [ -76.588548705198775, 2.340234716446125 ], [ -76.588548705198775, 2.339781587901701 ] ] ], [ [ [ -76.590704286850155, 2.34014409073724 ], [ -76.590704286850155, 2.340053465028356 ], [ -76.590794102752298, 2.340053465028356 ], [ -76.590794102752298, 2.34014409073724 ], [ -76.590704286850155, 2.34014409073724 ] ] ], [ [ [ -76.590345023241596, 2.34014409073724 ], [ -76.59043483914374, 2.34014409073724 ], [ -76.59043483914374, 2.34032534215501 ], [ -76.590255207339453, 2.34032534215501 ], [ -76.590255207339453, 2.340234716446125 ], [ -76.590345023241596, 2.340234716446125 ], [ -76.590345023241596, 2.34014409073724 ] ] ], [ [ [ -76.58800980978593, 2.34014409073724 ], [ -76.588369073394503, 2.34014409073724 ], [ -76.588369073394503, 2.34032534215501 ], [ -76.58800980978593, 2.34032534215501 ], [ -76.58800980978593, 2.34014409073724 ] ] ], [ [ [ -76.58800980978593, 2.340687844990548 ], [ -76.58800980978593, 2.340506593572779 ], [ -76.588189441590217, 2.340506593572779 ], [ -76.588189441590217, 2.340687844990548 ], [ -76.58800980978593, 2.340687844990548 ] ] ], [ [ [ -76.587470914373085, 2.340506593572779 ], [ -76.587650546177372, 2.340506593572779 ], [ -76.587650546177372, 2.340687844990548 ], [ -76.587470914373085, 2.340687844990548 ], [ -76.587470914373085, 2.340506593572779 ] ] ], [ [ [ -76.587111650764527, 2.341050347826087 ], [ -76.587291282568813, 2.341050347826087 ], [ -76.587291282568813, 2.341231599243856 ], [ -76.587111650764527, 2.341231599243856 ], [ -76.587111650764527, 2.341050347826087 ] ] ], [ [ [ -76.58693201896024, 2.341412850661626 ], [ -76.58693201896024, 2.341231599243856 ], [ -76.587111650764527, 2.341231599243856 ], [ -76.587111650764527, 2.341412850661626 ], [ -76.58693201896024, 2.341412850661626 ] ] ], [ [ [ -76.587111650764527, 2.341412850661626 ], [ -76.587291282568813, 2.341412850661626 ], [ -76.587291282568813, 2.341775353497165 ], [ -76.587111650764527, 2.341775353497165 ], [ -76.587111650764527, 2.341412850661626 ] ] ], [ [ [ -76.586752387155968, 2.341594102079395 ], [ -76.58693201896024, 2.341594102079395 ], [ -76.58693201896024, 2.341775353497165 ], [ -76.586752387155968, 2.341775353497165 ], [ -76.586752387155968, 2.341594102079395 ] ] ], [ [ [ -76.587830177981658, 2.342137856332704 ], [ -76.587650546177372, 2.342137856332704 ], [ -76.587650546177372, 2.342319107750473 ], [ -76.587470914373085, 2.342319107750473 ], [ -76.587470914373085, 2.341956604914934 ], [ -76.587830177981658, 2.341956604914934 ], [ -76.587830177981658, 2.342137856332704 ] ] ], [ [ [ -76.58693201896024, 2.342137856332704 ], [ -76.587111650764527, 2.342137856332704 ], [ -76.587111650764527, 2.342319107750473 ], [ -76.58693201896024, 2.342319107750473 ], [ -76.58693201896024, 2.342137856332704 ] ] ], [ [ [ -76.586752387155968, 2.342319107750473 ], [ -76.58693201896024, 2.342319107750473 ], [ -76.58693201896024, 2.342500359168242 ], [ -76.586752387155968, 2.342500359168242 ], [ -76.586752387155968, 2.342319107750473 ] ] ], [ [ [ -76.587381098470956, 2.342590984877127 ], [ -76.587470914373085, 2.342590984877127 ], [ -76.587470914373085, 2.342681610586011 ], [ -76.587291282568813, 2.342681610586011 ], [ -76.587291282568813, 2.342500359168242 ], [ -76.587381098470956, 2.342500359168242 ], [ -76.587381098470956, 2.342590984877127 ] ] ], [ [ [ -76.587111650764527, 2.342862862003781 ], [ -76.587111650764527, 2.342681610586011 ], [ -76.587291282568813, 2.342681610586011 ], [ -76.587291282568813, 2.342862862003781 ], [ -76.587111650764527, 2.342862862003781 ] ] ], [ [ [ -76.587650546177372, 2.342681610586011 ], [ -76.587560730275229, 2.342681610586011 ], [ -76.587560730275229, 2.342590984877127 ], [ -76.587470914373085, 2.342590984877127 ], [ -76.587470914373085, 2.342500359168242 ], [ -76.587830177981658, 2.342500359168242 ], [ -76.587830177981658, 2.34304411342155 ], [ -76.587650546177372, 2.34304411342155 ], [ -76.587650546177372, 2.342681610586011 ] ] ], [ [ [ -76.58800980978593, 2.342862862003781 ], [ -76.588189441590217, 2.342862862003781 ], [ -76.588189441590217, 2.34304411342155 ], [ -76.58800980978593, 2.34304411342155 ], [ -76.58800980978593, 2.342862862003781 ] ] ], [ [ [ -76.586752387155968, 2.342681610586011 ], [ -76.58693201896024, 2.342681610586011 ], [ -76.58693201896024, 2.342862862003781 ], [ -76.587111650764527, 2.342862862003781 ], [ -76.587111650764527, 2.34304411342155 ], [ -76.58693201896024, 2.34304411342155 ], [ -76.58693201896024, 2.34322536483932 ], [ -76.586752387155968, 2.34322536483932 ], [ -76.586752387155968, 2.342681610586011 ] ] ], [ [ [ -76.587111650764527, 2.34322536483932 ], [ -76.587291282568813, 2.34322536483932 ], [ -76.587291282568813, 2.343406616257089 ], [ -76.587111650764527, 2.343406616257089 ], [ -76.587111650764527, 2.34322536483932 ] ] ], [ [ [ -76.587470914373085, 2.34304411342155 ], [ -76.587650546177372, 2.34304411342155 ], [ -76.587650546177372, 2.343587867674858 ], [ -76.587470914373085, 2.343587867674858 ], [ -76.587470914373085, 2.34304411342155 ] ] ], [ [ [ -76.58908760061162, 2.340869096408318 ], [ -76.58908760061162, 2.340959722117202 ], [ -76.588907968807348, 2.340959722117202 ], [ -76.588907968807348, 2.341050347826087 ], [ -76.589267232415907, 2.341050347826087 ], [ -76.589267232415907, 2.340869096408318 ], [ -76.589716311926608, 2.340869096408318 ], [ -76.589716311926608, 2.340959722117202 ], [ -76.589806127828751, 2.340959722117202 ], [ -76.589806127828751, 2.340778470699433 ], [ -76.589895943730895, 2.340778470699433 ], [ -76.589895943730895, 2.340959722117202 ], [ -76.589985759633024, 2.340959722117202 ], [ -76.589985759633024, 2.341050347826087 ], [ -76.59043483914374, 2.341050347826087 ], [ -76.59043483914374, 2.341140973534972 ], [ -76.590704286850155, 2.341140973534972 ], [ -76.590704286850155, 2.341231599243856 ], [ -76.591063550458713, 2.341231599243856 ], [ -76.591063550458713, 2.341140973534972 ], [ -76.591153366360857, 2.341140973534972 ], [ -76.591153366360857, 2.340959722117202 ], [ -76.591063550458713, 2.340959722117202 ], [ -76.591063550458713, 2.340869096408318 ], [ -76.590883918654441, 2.340869096408318 ], [ -76.590883918654441, 2.340959722117202 ], [ -76.590794102752298, 2.340959722117202 ], [ -76.590794102752298, 2.340869096408318 ], [ -76.590704286850155, 2.340869096408318 ], [ -76.590704286850155, 2.340597219281664 ], [ -76.590614470948012, 2.340597219281664 ], [ -76.590614470948012, 2.340506593572779 ], [ -76.590524655045868, 2.340506593572779 ], [ -76.590524655045868, 2.34014409073724 ], [ -76.59043483914374, 2.34014409073724 ], [ -76.59043483914374, 2.340053465028356 ], [ -76.590614470948012, 2.340053465028356 ], [ -76.590614470948012, 2.34014409073724 ], [ -76.590704286850155, 2.34014409073724 ], [ -76.590704286850155, 2.340506593572779 ], [ -76.590794102752298, 2.340506593572779 ], [ -76.590794102752298, 2.340597219281664 ], [ -76.590883918654441, 2.340597219281664 ], [ -76.590883918654441, 2.340687844990548 ], [ -76.591063550458713, 2.340687844990548 ], [ -76.591063550458713, 2.340778470699433 ], [ -76.591153366360857, 2.340778470699433 ], [ -76.591153366360857, 2.340869096408318 ], [ -76.591243182263, 2.340869096408318 ], [ -76.591243182263, 2.341322224952741 ], [ -76.591422814067286, 2.341322224952741 ], [ -76.591422814067286, 2.341412850661626 ], [ -76.591512629969415, 2.341412850661626 ], [ -76.591512629969415, 2.34150347637051 ], [ -76.591692261773701, 2.34150347637051 ], [ -76.591692261773701, 2.341594102079395 ], [ -76.591782077675845, 2.341594102079395 ], [ -76.591782077675845, 2.34168472778828 ], [ -76.591871893577988, 2.34168472778828 ], [ -76.591871893577988, 2.342137856332704 ], [ -76.59232097308869, 2.342137856332704 ], [ -76.59232097308869, 2.342319107750473 ], [ -76.592410788990833, 2.342319107750473 ], [ -76.592410788990833, 2.342409733459358 ], [ -76.592500604892962, 2.342409733459358 ], [ -76.592500604892962, 2.342500359168242 ], [ -76.592590420795105, 2.342500359168242 ], [ -76.592590420795105, 2.342590984877127 ], [ -76.592410788990833, 2.342590984877127 ], [ -76.592410788990833, 2.342500359168242 ], [ -76.592141341284403, 2.342500359168242 ], [ -76.592141341284403, 2.342681610586011 ], [ -76.59205152538226, 2.342681610586011 ], [ -76.59205152538226, 2.34304411342155 ], [ -76.592141341284403, 2.34304411342155 ], [ -76.592141341284403, 2.343315990548204 ], [ -76.591961709480117, 2.343315990548204 ], [ -76.591961709480117, 2.343497241965974 ], [ -76.591782077675845, 2.343497241965974 ], [ -76.591782077675845, 2.343406616257089 ], [ -76.591602445871558, 2.343406616257089 ], [ -76.591602445871558, 2.343497241965974 ], [ -76.591692261773701, 2.343497241965974 ], [ -76.591692261773701, 2.343678493383743 ], [ -76.591422814067286, 2.343678493383743 ], [ -76.591422814067286, 2.343769119092628 ], [ -76.591332998165143, 2.343769119092628 ], [ -76.591332998165143, 2.344131621928167 ], [ -76.591422814067286, 2.344131621928167 ], [ -76.591422814067286, 2.344222247637051 ], [ -76.591602445871558, 2.344222247637051 ], [ -76.591602445871558, 2.344494124763705 ], [ -76.591512629969415, 2.344494124763705 ], [ -76.591512629969415, 2.345037879017013 ], [ -76.591422814067286, 2.345037879017013 ], [ -76.591422814067286, 2.345219130434783 ], [ -76.591332998165143, 2.345219130434783 ], [ -76.591332998165143, 2.345309756143668 ], [ -76.591422814067286, 2.345309756143668 ], [ -76.591422814067286, 2.345400381852552 ], [ -76.591512629969415, 2.345400381852552 ], [ -76.591512629969415, 2.345491007561437 ], [ -76.591602445871558, 2.345491007561437 ], [ -76.591602445871558, 2.345581633270322 ], [ -76.591692261773701, 2.345581633270322 ], [ -76.591692261773701, 2.345672258979206 ], [ -76.591602445871558, 2.345672258979206 ], [ -76.591602445871558, 2.346034761814745 ], [ -76.591692261773701, 2.346034761814745 ], [ -76.591692261773701, 2.346306638941399 ], [ -76.591602445871558, 2.346306638941399 ], [ -76.591602445871558, 2.346397264650284 ], [ -76.591422814067286, 2.346397264650284 ], [ -76.591422814067286, 2.346487890359168 ], [ -76.591243182263, 2.346487890359168 ], [ -76.591243182263, 2.346578516068053 ], [ -76.591063550458713, 2.346578516068053 ], [ -76.591063550458713, 2.346487890359168 ], [ -76.59097373455657, 2.346487890359168 ], [ -76.59097373455657, 2.346397264650284 ], [ -76.590883918654441, 2.346397264650284 ], [ -76.590883918654441, 2.346306638941399 ], [ -76.590794102752298, 2.346306638941399 ], [ -76.590794102752298, 2.346216013232514 ], [ -76.590704286850155, 2.346216013232514 ], [ -76.590704286850155, 2.34612538752363 ], [ -76.590614470948012, 2.34612538752363 ], [ -76.590614470948012, 2.346216013232514 ], [ -76.590524655045868, 2.346216013232514 ], [ -76.590524655045868, 2.346306638941399 ], [ -76.59043483914374, 2.346306638941399 ], [ -76.59043483914374, 2.346216013232514 ], [ -76.590345023241596, 2.346216013232514 ], [ -76.590345023241596, 2.346487890359168 ], [ -76.590255207339453, 2.346487890359168 ], [ -76.590255207339453, 2.346306638941399 ], [ -76.59016539143731, 2.346306638941399 ], [ -76.59016539143731, 2.346216013232514 ], [ -76.590075575535167, 2.346216013232514 ], [ -76.590075575535167, 2.34612538752363 ], [ -76.589985759633024, 2.34612538752363 ], [ -76.589985759633024, 2.346306638941399 ], [ -76.590075575535167, 2.346306638941399 ], [ -76.590075575535167, 2.346487890359168 ], [ -76.59016539143731, 2.346487890359168 ], [ -76.59016539143731, 2.346669141776938 ], [ -76.589806127828751, 2.346669141776938 ], [ -76.589806127828751, 2.346487890359168 ], [ -76.588907968807348, 2.346487890359168 ], [ -76.588907968807348, 2.346669141776938 ], [ -76.588818152905205, 2.346669141776938 ], [ -76.588818152905205, 2.346578516068053 ], [ -76.588728337003062, 2.346578516068053 ], [ -76.588728337003062, 2.346397264650284 ], [ -76.588638521100918, 2.346397264650284 ], [ -76.588638521100918, 2.346306638941399 ], [ -76.588548705198775, 2.346306638941399 ], [ -76.588548705198775, 2.346216013232514 ], [ -76.588369073394503, 2.346216013232514 ], [ -76.588369073394503, 2.34612538752363 ], [ -76.588189441590217, 2.34612538752363 ], [ -76.588189441590217, 2.346034761814745 ], [ -76.587919993883787, 2.346034761814745 ], [ -76.587919993883787, 2.34612538752363 ], [ -76.587830177981658, 2.34612538752363 ], [ -76.587830177981658, 2.345762884688091 ], [ -76.587650546177372, 2.345762884688091 ], [ -76.587650546177372, 2.345219130434783 ], [ -76.587830177981658, 2.345219130434783 ], [ -76.587830177981658, 2.344675376181474 ], [ -76.588189441590217, 2.344675376181474 ], [ -76.588189441590217, 2.344494124763705 ], [ -76.588099625688074, 2.344494124763705 ], [ -76.588099625688074, 2.344312873345936 ], [ -76.58800980978593, 2.344312873345936 ], [ -76.58800980978593, 2.344131621928167 ], [ -76.588189441590217, 2.344131621928167 ], [ -76.588189441590217, 2.343950370510397 ], [ -76.588369073394503, 2.343950370510397 ], [ -76.588369073394503, 2.343769119092628 ], [ -76.588548705198775, 2.343769119092628 ], [ -76.588548705198775, 2.343587867674858 ], [ -76.588369073394503, 2.343587867674858 ], [ -76.588369073394503, 2.343406616257089 ], [ -76.588728337003062, 2.343406616257089 ], [ -76.588728337003062, 2.34322536483932 ], [ -76.588548705198775, 2.34322536483932 ], [ -76.588548705198775, 2.342681610586011 ], [ -76.588369073394503, 2.342681610586011 ], [ -76.588369073394503, 2.342319107750473 ], [ -76.588189441590217, 2.342319107750473 ], [ -76.588189441590217, 2.341775353497165 ], [ -76.58800980978593, 2.341775353497165 ], [ -76.58800980978593, 2.341594102079395 ], [ -76.587830177981658, 2.341594102079395 ], [ -76.587830177981658, 2.341412850661626 ], [ -76.587650546177372, 2.341412850661626 ], [ -76.587650546177372, 2.341231599243856 ], [ -76.587470914373085, 2.341231599243856 ], [ -76.587470914373085, 2.341050347826087 ], [ -76.587650546177372, 2.341050347826087 ], [ -76.587650546177372, 2.340869096408318 ], [ -76.587830177981658, 2.340869096408318 ], [ -76.587830177981658, 2.341231599243856 ], [ -76.588189441590217, 2.341231599243856 ], [ -76.588189441590217, 2.340687844990548 ], [ -76.588369073394503, 2.340687844990548 ], [ -76.588369073394503, 2.340506593572779 ], [ -76.588548705198775, 2.340506593572779 ], [ -76.588548705198775, 2.340687844990548 ], [ -76.588638521100918, 2.340687844990548 ], [ -76.588638521100918, 2.340778470699433 ], [ -76.588907968807348, 2.340778470699433 ], [ -76.588907968807348, 2.340869096408318 ], [ -76.58908760061162, 2.340869096408318 ] ], [ [ -76.588189441590217, 2.341412850661626 ], [ -76.588548705198775, 2.341412850661626 ], [ -76.588548705198775, 2.341231599243856 ], [ -76.588728337003062, 2.341231599243856 ], [ -76.588728337003062, 2.340869096408318 ], [ -76.588548705198775, 2.340869096408318 ], [ -76.588548705198775, 2.341050347826087 ], [ -76.588369073394503, 2.341050347826087 ], [ -76.588369073394503, 2.341231599243856 ], [ -76.588189441590217, 2.341231599243856 ], [ -76.588189441590217, 2.341412850661626 ] ], [ [ -76.589716311926608, 2.345037879017013 ], [ -76.589716311926608, 2.345309756143668 ], [ -76.589806127828751, 2.345309756143668 ], [ -76.589806127828751, 2.345037879017013 ], [ -76.589716311926608, 2.345037879017013 ] ], [ [ -76.589716311926608, 2.344494124763705 ], [ -76.589716311926608, 2.344766001890359 ], [ -76.589806127828751, 2.344766001890359 ], [ -76.589806127828751, 2.344494124763705 ], [ -76.589716311926608, 2.344494124763705 ] ], [ [ -76.590255207339453, 2.34458475047259 ], [ -76.590255207339453, 2.344675376181474 ], [ -76.590345023241596, 2.344675376181474 ], [ -76.590345023241596, 2.34458475047259 ], [ -76.590255207339453, 2.34458475047259 ] ], [ [ -76.589267232415907, 2.34440349905482 ], [ -76.589267232415907, 2.344494124763705 ], [ -76.589446864220179, 2.344494124763705 ], [ -76.589446864220179, 2.34440349905482 ], [ -76.589267232415907, 2.34440349905482 ] ], [ [ -76.59016539143731, 2.344222247637051 ], [ -76.59016539143731, 2.344312873345936 ], [ -76.590255207339453, 2.344312873345936 ], [ -76.590255207339453, 2.344222247637051 ], [ -76.59016539143731, 2.344222247637051 ] ], [ [ -76.589267232415907, 2.344131621928167 ], [ -76.589267232415907, 2.344312873345936 ], [ -76.58935704831805, 2.344312873345936 ], [ -76.58935704831805, 2.344131621928167 ], [ -76.589267232415907, 2.344131621928167 ] ], [ [ -76.590345023241596, 2.344040996219282 ], [ -76.590345023241596, 2.344131621928167 ], [ -76.59043483914374, 2.344131621928167 ], [ -76.59043483914374, 2.344040996219282 ], [ -76.590345023241596, 2.344040996219282 ] ], [ [ -76.58908760061162, 2.343769119092628 ], [ -76.58908760061162, 2.343950370510397 ], [ -76.589267232415907, 2.343950370510397 ], [ -76.589267232415907, 2.343769119092628 ], [ -76.58908760061162, 2.343769119092628 ] ], [ [ -76.59043483914374, 2.343315990548204 ], [ -76.59043483914374, 2.343406616257089 ], [ -76.590524655045868, 2.343406616257089 ], [ -76.590524655045868, 2.343315990548204 ], [ -76.59043483914374, 2.343315990548204 ] ], [ [ -76.591782077675845, 2.342681610586011 ], [ -76.591782077675845, 2.342772236294896 ], [ -76.591871893577988, 2.342772236294896 ], [ -76.591871893577988, 2.342681610586011 ], [ -76.591782077675845, 2.342681610586011 ] ], [ [ -76.591692261773701, 2.342319107750473 ], [ -76.591692261773701, 2.342500359168242 ], [ -76.59205152538226, 2.342500359168242 ], [ -76.59205152538226, 2.342409733459358 ], [ -76.591871893577988, 2.342409733459358 ], [ -76.591871893577988, 2.342319107750473 ], [ -76.591692261773701, 2.342319107750473 ] ], [ [ -76.589267232415907, 2.342409733459358 ], [ -76.589267232415907, 2.342500359168242 ], [ -76.58935704831805, 2.342500359168242 ], [ -76.58935704831805, 2.342409733459358 ], [ -76.589267232415907, 2.342409733459358 ] ], [ [ -76.590704286850155, 2.342319107750473 ], [ -76.590704286850155, 2.342409733459358 ], [ -76.590794102752298, 2.342409733459358 ], [ -76.590794102752298, 2.342319107750473 ], [ -76.590704286850155, 2.342319107750473 ] ], [ [ -76.591512629969415, 2.342228482041588 ], [ -76.591512629969415, 2.342319107750473 ], [ -76.591602445871558, 2.342319107750473 ], [ -76.591602445871558, 2.342228482041588 ], [ -76.591512629969415, 2.342228482041588 ] ], [ [ -76.589626496024465, 2.342047230623819 ], [ -76.589626496024465, 2.342137856332704 ], [ -76.589716311926608, 2.342137856332704 ], [ -76.589716311926608, 2.342047230623819 ], [ -76.589626496024465, 2.342047230623819 ] ], [ [ -76.591332998165143, 2.341775353497165 ], [ -76.591332998165143, 2.342047230623819 ], [ -76.591602445871558, 2.342047230623819 ], [ -76.591602445871558, 2.341956604914934 ], [ -76.591512629969415, 2.341956604914934 ], [ -76.591512629969415, 2.341775353497165 ], [ -76.591332998165143, 2.341775353497165 ] ], [ [ -76.590794102752298, 2.341412850661626 ], [ -76.590794102752298, 2.341322224952741 ], [ -76.590524655045868, 2.341322224952741 ], [ -76.590524655045868, 2.34150347637051 ], [ -76.59043483914374, 2.34150347637051 ], [ -76.59043483914374, 2.341594102079395 ], [ -76.590345023241596, 2.341594102079395 ], [ -76.590345023241596, 2.341775353497165 ], [ -76.590524655045868, 2.341775353497165 ], [ -76.590524655045868, 2.341865979206049 ], [ -76.590614470948012, 2.341865979206049 ], [ -76.590614470948012, 2.341956604914934 ], [ -76.590794102752298, 2.341956604914934 ], [ -76.590794102752298, 2.342047230623819 ], [ -76.590883918654441, 2.342047230623819 ], [ -76.590883918654441, 2.341956604914934 ], [ -76.591153366360857, 2.341956604914934 ], [ -76.591153366360857, 2.341865979206049 ], [ -76.591243182263, 2.341865979206049 ], [ -76.591243182263, 2.341775353497165 ], [ -76.591153366360857, 2.341775353497165 ], [ -76.591153366360857, 2.34150347637051 ], [ -76.590883918654441, 2.34150347637051 ], [ -76.590883918654441, 2.341412850661626 ], [ -76.590794102752298, 2.341412850661626 ] ], [ [ -76.589716311926608, 2.341956604914934 ], [ -76.589716311926608, 2.341865979206049 ], [ -76.589806127828751, 2.341865979206049 ], [ -76.589806127828751, 2.341775353497165 ], [ -76.589716311926608, 2.341775353497165 ], [ -76.589716311926608, 2.34168472778828 ], [ -76.589536680122322, 2.34168472778828 ], [ -76.589536680122322, 2.341865979206049 ], [ -76.589626496024465, 2.341865979206049 ], [ -76.589626496024465, 2.341956604914934 ], [ -76.589716311926608, 2.341956604914934 ] ], [ [ -76.589267232415907, 2.341231599243856 ], [ -76.589267232415907, 2.341412850661626 ], [ -76.58935704831805, 2.341412850661626 ], [ -76.58935704831805, 2.341231599243856 ], [ -76.589267232415907, 2.341231599243856 ] ] ], [ [ [ -76.587470914373085, 2.343769119092628 ], [ -76.587650546177372, 2.343769119092628 ], [ -76.587650546177372, 2.344131621928167 ], [ -76.587470914373085, 2.344131621928167 ], [ -76.587470914373085, 2.343950370510397 ], [ -76.587291282568813, 2.343950370510397 ], [ -76.587291282568813, 2.343769119092628 ], [ -76.586752387155968, 2.343769119092628 ], [ -76.586752387155968, 2.343406616257089 ], [ -76.587111650764527, 2.343406616257089 ], [ -76.587111650764527, 2.343587867674858 ], [ -76.587470914373085, 2.343587867674858 ], [ -76.587470914373085, 2.343769119092628 ] ] ], [ [ [ -76.58800980978593, 2.343769119092628 ], [ -76.588189441590217, 2.343769119092628 ], [ -76.588189441590217, 2.343950370510397 ], [ -76.58800980978593, 2.343950370510397 ], [ -76.58800980978593, 2.343769119092628 ] ] ], [ [ [ -76.587111650764527, 2.344131621928167 ], [ -76.587470914373085, 2.344131621928167 ], [ -76.587470914373085, 2.344312873345936 ], [ -76.587111650764527, 2.344312873345936 ], [ -76.587111650764527, 2.344131621928167 ] ] ], [ [ [ -76.587650546177372, 2.344131621928167 ], [ -76.587830177981658, 2.344131621928167 ], [ -76.587830177981658, 2.344312873345936 ], [ -76.587650546177372, 2.344312873345936 ], [ -76.587650546177372, 2.344131621928167 ] ] ], [ [ [ -76.58693201896024, 2.345581633270322 ], [ -76.587111650764527, 2.345581633270322 ], [ -76.587111650764527, 2.34612538752363 ], [ -76.586752387155968, 2.34612538752363 ], [ -76.586752387155968, 2.34594413610586 ], [ -76.58693201896024, 2.34594413610586 ], [ -76.58693201896024, 2.345581633270322 ] ] ], [ [ [ -76.587291282568813, 2.34612538752363 ], [ -76.587470914373085, 2.34612538752363 ], [ -76.587470914373085, 2.346306638941399 ], [ -76.587291282568813, 2.346306638941399 ], [ -76.587291282568813, 2.34612538752363 ] ] ], [ [ [ -76.589985759633024, 2.347303521739131 ], [ -76.59016539143731, 2.347303521739131 ], [ -76.59016539143731, 2.347394147448015 ], [ -76.589985759633024, 2.347394147448015 ], [ -76.589985759633024, 2.347303521739131 ] ] ], [ [ [ -76.589806127828751, 2.356909846880908 ], [ -76.589806127828751, 2.357000472589792 ], [ -76.589626496024465, 2.357000472589792 ], [ -76.589626496024465, 2.357091098298677 ], [ -76.589536680122322, 2.357091098298677 ], [ -76.589536680122322, 2.357181724007562 ], [ -76.58935704831805, 2.357181724007562 ], [ -76.58935704831805, 2.357000472589792 ], [ -76.589536680122322, 2.357000472589792 ], [ -76.589536680122322, 2.356909846880908 ], [ -76.589806127828751, 2.356909846880908 ] ] ], [ [ [ -76.589806127828751, 2.357000472589792 ], [ -76.589985759633024, 2.357000472589792 ], [ -76.589985759633024, 2.357181724007562 ], [ -76.589806127828751, 2.357181724007562 ], [ -76.589806127828751, 2.357000472589792 ] ] ], [ [ [ -76.591332998165143, 2.356909846880908 ], [ -76.591422814067286, 2.356909846880908 ], [ -76.591422814067286, 2.357000472589792 ], [ -76.591602445871558, 2.357000472589792 ], [ -76.591602445871558, 2.357181724007562 ], [ -76.591243182263, 2.357181724007562 ], [ -76.591243182263, 2.357362975425331 ], [ -76.590883918654441, 2.357362975425331 ], [ -76.590883918654441, 2.357272349716447 ], [ -76.59097373455657, 2.357272349716447 ], [ -76.59097373455657, 2.357181724007562 ], [ -76.591063550458713, 2.357181724007562 ], [ -76.591063550458713, 2.357091098298677 ], [ -76.591153366360857, 2.357091098298677 ], [ -76.591153366360857, 2.357000472589792 ], [ -76.591332998165143, 2.357000472589792 ], [ -76.591332998165143, 2.356909846880908 ] ] ], [ [ [ -76.590883918654441, 2.35772547826087 ], [ -76.591063550458713, 2.35772547826087 ], [ -76.591063550458713, 2.357906729678639 ], [ -76.590883918654441, 2.357906729678639 ], [ -76.590883918654441, 2.35772547826087 ] ] ], [ [ [ -76.59097373455657, 2.363888026465029 ], [ -76.591153366360857, 2.363888026465029 ], [ -76.591153366360857, 2.364069277882798 ], [ -76.590883918654441, 2.364069277882798 ], [ -76.590883918654441, 2.363978652173913 ], [ -76.59097373455657, 2.363978652173913 ], [ -76.59097373455657, 2.363888026465029 ] ] ], [ [ [ -76.590883918654441, 2.364703657844991 ], [ -76.591063550458713, 2.364703657844991 ], [ -76.591063550458713, 2.364975534971645 ], [ -76.590524655045868, 2.364975534971645 ], [ -76.590524655045868, 2.364794283553875 ], [ -76.590883918654441, 2.364794283553875 ], [ -76.590883918654441, 2.364703657844991 ] ] ], [ [ [ -76.589806127828751, 2.364975534971645 ], [ -76.589895943730895, 2.364975534971645 ], [ -76.589895943730895, 2.365066160680529 ], [ -76.589806127828751, 2.365066160680529 ], [ -76.589806127828751, 2.364975534971645 ] ] ], [ [ [ -76.590345023241596, 2.364975534971645 ], [ -76.590524655045868, 2.364975534971645 ], [ -76.590524655045868, 2.365156786389414 ], [ -76.590345023241596, 2.365156786389414 ], [ -76.590345023241596, 2.364975534971645 ] ] ], [ [ [ -76.58693201896024, 2.365066160680529 ], [ -76.587381098470956, 2.365066160680529 ], [ -76.587381098470956, 2.364975534971645 ], [ -76.587650546177372, 2.364975534971645 ], [ -76.587650546177372, 2.365066160680529 ], [ -76.587740362079515, 2.365066160680529 ], [ -76.587740362079515, 2.365156786389414 ], [ -76.587650546177372, 2.365156786389414 ], [ -76.587650546177372, 2.365247412098299 ], [ -76.587560730275229, 2.365247412098299 ], [ -76.587560730275229, 2.365156786389414 ], [ -76.587470914373085, 2.365156786389414 ], [ -76.587470914373085, 2.365338037807184 ], [ -76.587291282568813, 2.365338037807184 ], [ -76.587291282568813, 2.365156786389414 ], [ -76.587021834862384, 2.365156786389414 ], [ -76.587021834862384, 2.365247412098299 ], [ -76.58693201896024, 2.365247412098299 ], [ -76.58693201896024, 2.365338037807184 ], [ -76.586752387155968, 2.365338037807184 ], [ -76.586752387155968, 2.365156786389414 ], [ -76.58693201896024, 2.365156786389414 ], [ -76.58693201896024, 2.365066160680529 ] ] ], [ [ [ -76.590345023241596, 2.365338037807184 ], [ -76.59016539143731, 2.365338037807184 ], [ -76.59016539143731, 2.365247412098299 ], [ -76.589985759633024, 2.365247412098299 ], [ -76.589985759633024, 2.365156786389414 ], [ -76.589895943730895, 2.365156786389414 ], [ -76.589895943730895, 2.365066160680529 ], [ -76.59016539143731, 2.365066160680529 ], [ -76.59016539143731, 2.365156786389414 ], [ -76.590345023241596, 2.365156786389414 ], [ -76.590345023241596, 2.365338037807184 ] ] ], [ [ [ -76.588907968807348, 2.366334920604915 ], [ -76.58908760061162, 2.366334920604915 ], [ -76.58908760061162, 2.3664255463138 ], [ -76.588189441590217, 2.3664255463138 ], [ -76.588189441590217, 2.366334920604915 ], [ -76.588369073394503, 2.366334920604915 ], [ -76.588369073394503, 2.36624429489603 ], [ -76.588458889296632, 2.36624429489603 ], [ -76.588458889296632, 2.366153669187146 ], [ -76.588818152905205, 2.366153669187146 ], [ -76.588818152905205, 2.36624429489603 ], [ -76.588907968807348, 2.36624429489603 ], [ -76.588907968807348, 2.366334920604915 ] ] ], [ [ [ -76.589267232415907, 2.366606797731569 ], [ -76.58908760061162, 2.366606797731569 ], [ -76.58908760061162, 2.3664255463138 ], [ -76.589267232415907, 2.3664255463138 ], [ -76.589267232415907, 2.366606797731569 ] ] ], [ [ [ -76.588369073394503, 2.366606797731569 ], [ -76.588728337003062, 2.366606797731569 ], [ -76.588728337003062, 2.366788049149338 ], [ -76.588369073394503, 2.366788049149338 ], [ -76.588369073394503, 2.366606797731569 ] ] ], [ [ [ -76.590345023241596, 2.367331803402647 ], [ -76.590255207339453, 2.367331803402647 ], [ -76.590255207339453, 2.367241177693762 ], [ -76.59016539143731, 2.367241177693762 ], [ -76.59016539143731, 2.367059926275993 ], [ -76.590075575535167, 2.367059926275993 ], [ -76.590075575535167, 2.366969300567108 ], [ -76.59016539143731, 2.366969300567108 ], [ -76.59016539143731, 2.366878674858223 ], [ -76.590255207339453, 2.366878674858223 ], [ -76.590255207339453, 2.366516172022684 ], [ -76.590345023241596, 2.366516172022684 ], [ -76.590345023241596, 2.366788049149338 ], [ -76.590704286850155, 2.366788049149338 ], [ -76.590704286850155, 2.366969300567108 ], [ -76.591422814067286, 2.366969300567108 ], [ -76.591422814067286, 2.366788049149338 ], [ -76.591602445871558, 2.366788049149338 ], [ -76.591602445871558, 2.367241177693762 ], [ -76.591512629969415, 2.367241177693762 ], [ -76.591512629969415, 2.367331803402647 ], [ -76.591422814067286, 2.367331803402647 ], [ -76.591422814067286, 2.367059926275993 ], [ -76.59097373455657, 2.367059926275993 ], [ -76.59097373455657, 2.367150551984877 ], [ -76.590883918654441, 2.367150551984877 ], [ -76.590883918654441, 2.367059926275993 ], [ -76.590614470948012, 2.367059926275993 ], [ -76.590614470948012, 2.367150551984877 ], [ -76.590345023241596, 2.367150551984877 ], [ -76.590345023241596, 2.367331803402647 ] ] ], [ [ [ -76.589985759633024, 2.367150551984877 ], [ -76.589985759633024, 2.367059926275993 ], [ -76.590075575535167, 2.367059926275993 ], [ -76.590075575535167, 2.367150551984877 ], [ -76.589985759633024, 2.367150551984877 ] ] ], [ [ [ -76.590255207339453, 2.368419311909263 ], [ -76.590524655045868, 2.368419311909263 ], [ -76.590524655045868, 2.368600563327032 ], [ -76.59016539143731, 2.368600563327032 ], [ -76.59016539143731, 2.368509937618148 ], [ -76.590255207339453, 2.368509937618148 ], [ -76.590255207339453, 2.368419311909263 ] ] ], [ [ [ -76.591063550458713, 2.369144317580341 ], [ -76.591243182263, 2.369144317580341 ], [ -76.591243182263, 2.36932556899811 ], [ -76.591063550458713, 2.36932556899811 ], [ -76.591063550458713, 2.369144317580341 ] ] ], [ [ [ -76.589806127828751, 2.369688071833648 ], [ -76.589985759633024, 2.369688071833648 ], [ -76.589985759633024, 2.369869323251418 ], [ -76.589806127828751, 2.369869323251418 ], [ -76.589806127828751, 2.369688071833648 ] ] ], [ [ [ -76.582171776146794, 2.280784251417769 ], [ -76.582081960244651, 2.280784251417769 ], [ -76.582081960244651, 2.280874877126654 ], [ -76.581992144342507, 2.280874877126654 ], [ -76.581992144342507, 2.280693625708885 ], [ -76.582171776146794, 2.280693625708885 ], [ -76.582171776146794, 2.280784251417769 ] ] ], [ [ [ -76.582531039755352, 2.280965502835539 ], [ -76.582620855657495, 2.280965502835539 ], [ -76.582620855657495, 2.280874877126654 ], [ -76.582800487461782, 2.280874877126654 ], [ -76.582800487461782, 2.280965502835539 ], [ -76.582890303363911, 2.280965502835539 ], [ -76.582890303363911, 2.281056128544424 ], [ -76.582531039755352, 2.281056128544424 ], [ -76.582531039755352, 2.280965502835539 ] ] ], [ [ [ -76.582171776146794, 2.281056128544424 ], [ -76.582351407951066, 2.281056128544424 ], [ -76.582351407951066, 2.281418631379962 ], [ -76.581992144342507, 2.281418631379962 ], [ -76.581992144342507, 2.281237379962193 ], [ -76.582171776146794, 2.281237379962193 ], [ -76.582171776146794, 2.281056128544424 ] ] ], [ [ [ -76.582620855657495, 2.282053011342155 ], [ -76.582620855657495, 2.28196238563327 ], [ -76.582890303363911, 2.28196238563327 ], [ -76.582890303363911, 2.282053011342155 ], [ -76.582620855657495, 2.282053011342155 ] ] ], [ [ [ -76.583069935168197, 2.281871759924386 ], [ -76.583249566972484, 2.281871759924386 ], [ -76.583249566972484, 2.28214363705104 ], [ -76.583069935168197, 2.28214363705104 ], [ -76.583069935168197, 2.281871759924386 ] ] ], [ [ [ -76.582171776146794, 2.282234262759924 ], [ -76.582081960244651, 2.282234262759924 ], [ -76.582081960244651, 2.28214363705104 ], [ -76.581902328440364, 2.28214363705104 ], [ -76.581902328440364, 2.282053011342155 ], [ -76.581992144342507, 2.282053011342155 ], [ -76.581992144342507, 2.28196238563327 ], [ -76.582081960244651, 2.28196238563327 ], [ -76.582081960244651, 2.282053011342155 ], [ -76.582171776146794, 2.282053011342155 ], [ -76.582171776146794, 2.282234262759924 ] ] ], [ [ [ -76.582620855657495, 2.282234262759924 ], [ -76.582710671559639, 2.282234262759924 ], [ -76.582710671559639, 2.282324888468809 ], [ -76.582620855657495, 2.282324888468809 ], [ -76.582620855657495, 2.282234262759924 ] ] ], [ [ [ -76.582171776146794, 2.282234262759924 ], [ -76.582261592048937, 2.282234262759924 ], [ -76.582261592048937, 2.282415514177694 ], [ -76.582171776146794, 2.282415514177694 ], [ -76.582171776146794, 2.282234262759924 ] ] ], [ [ [ -76.582531039755352, 2.282324888468809 ], [ -76.582620855657495, 2.282324888468809 ], [ -76.582620855657495, 2.282506139886578 ], [ -76.582531039755352, 2.282506139886578 ], [ -76.582531039755352, 2.282324888468809 ] ] ], [ [ [ -76.582351407951066, 2.282506139886578 ], [ -76.582441223853209, 2.282506139886578 ], [ -76.582441223853209, 2.282596765595463 ], [ -76.582351407951066, 2.282596765595463 ], [ -76.582351407951066, 2.282506139886578 ] ] ], [ [ [ -76.581632880733949, 2.285406162570889 ], [ -76.581632880733949, 2.285224911153119 ], [ -76.581812512538221, 2.285224911153119 ], [ -76.581812512538221, 2.285406162570889 ], [ -76.581632880733949, 2.285406162570889 ] ] ], [ [ [ -76.581812512538221, 2.285406162570889 ], [ -76.581992144342507, 2.285406162570889 ], [ -76.581992144342507, 2.285587413988658 ], [ -76.581812512538221, 2.285587413988658 ], [ -76.581812512538221, 2.285406162570889 ] ] ], [ [ [ -76.582171776146794, 2.285315536862004 ], [ -76.582351407951066, 2.285315536862004 ], [ -76.582351407951066, 2.285406162570889 ], [ -76.582531039755352, 2.285406162570889 ], [ -76.582531039755352, 2.285587413988658 ], [ -76.582351407951066, 2.285587413988658 ], [ -76.582351407951066, 2.285768665406427 ], [ -76.582171776146794, 2.285768665406427 ], [ -76.582171776146794, 2.285315536862004 ] ] ], [ [ [ -76.581812512538221, 2.285768665406427 ], [ -76.582171776146794, 2.285768665406427 ], [ -76.582171776146794, 2.285859291115312 ], [ -76.582351407951066, 2.285859291115312 ], [ -76.582351407951066, 2.285949916824197 ], [ -76.582441223853209, 2.285949916824197 ], [ -76.582441223853209, 2.285859291115312 ], [ -76.582531039755352, 2.285859291115312 ], [ -76.582531039755352, 2.285949916824197 ], [ -76.582620855657495, 2.285949916824197 ], [ -76.582620855657495, 2.286040542533081 ], [ -76.582800487461782, 2.286040542533081 ], [ -76.582800487461782, 2.286131168241966 ], [ -76.582890303363911, 2.286131168241966 ], [ -76.582890303363911, 2.286312419659736 ], [ -76.583069935168197, 2.286312419659736 ], [ -76.583069935168197, 2.286221793950851 ], [ -76.58315975107034, 2.286221793950851 ], [ -76.58315975107034, 2.28640304536862 ], [ -76.583249566972484, 2.28640304536862 ], [ -76.583249566972484, 2.286493671077505 ], [ -76.583339382874613, 2.286493671077505 ], [ -76.583339382874613, 2.286765548204159 ], [ -76.583249566972484, 2.286765548204159 ], [ -76.583249566972484, 2.28658429678639 ], [ -76.582890303363911, 2.28658429678639 ], [ -76.582890303363911, 2.28640304536862 ], [ -76.582710671559639, 2.28640304536862 ], [ -76.582710671559639, 2.286221793950851 ], [ -76.582351407951066, 2.286221793950851 ], [ -76.582351407951066, 2.286040542533081 ], [ -76.581812512538221, 2.286040542533081 ], [ -76.581812512538221, 2.285768665406427 ] ] ], [ [ [ -76.583429198776756, 2.287128051039698 ], [ -76.583608830581042, 2.287128051039698 ], [ -76.583608830581042, 2.287309302457467 ], [ -76.583429198776756, 2.287309302457467 ], [ -76.583429198776756, 2.287128051039698 ] ] ], [ [ [ -76.583429198776756, 2.287671805293006 ], [ -76.583608830581042, 2.287671805293006 ], [ -76.583608830581042, 2.287853056710775 ], [ -76.583429198776756, 2.287853056710775 ], [ -76.583429198776756, 2.287671805293006 ] ] ], [ [ [ -76.581722696636092, 2.287853056710775 ], [ -76.581812512538221, 2.287853056710775 ], [ -76.581812512538221, 2.28794368241966 ], [ -76.581722696636092, 2.28794368241966 ], [ -76.581722696636092, 2.287853056710775 ] ] ], [ [ [ -76.581632880733949, 2.288759313799622 ], [ -76.581632880733949, 2.288578062381853 ], [ -76.581812512538221, 2.288578062381853 ], [ -76.581812512538221, 2.288759313799622 ], [ -76.581632880733949, 2.288759313799622 ] ] ], [ [ [ -76.581992144342507, 2.288940565217391 ], [ -76.582351407951066, 2.288940565217391 ], [ -76.582351407951066, 2.289121816635161 ], [ -76.581992144342507, 2.289121816635161 ], [ -76.581992144342507, 2.288940565217391 ] ] ], [ [ [ -76.582531039755352, 2.289212442344045 ], [ -76.582890303363911, 2.289212442344045 ], [ -76.582890303363911, 2.2894843194707 ], [ -76.582531039755352, 2.2894843194707 ], [ -76.582531039755352, 2.289212442344045 ] ] ], [ [ [ -76.582531039755352, 2.289846822306238 ], [ -76.582531039755352, 2.289665570888469 ], [ -76.582710671559639, 2.289665570888469 ], [ -76.582710671559639, 2.289846822306238 ], [ -76.583069935168197, 2.289846822306238 ], [ -76.583069935168197, 2.289756196597354 ], [ -76.583608830581042, 2.289756196597354 ], [ -76.583608830581042, 2.289846822306238 ], [ -76.583698646483185, 2.289846822306238 ], [ -76.583698646483185, 2.289937448015123 ], [ -76.583788462385328, 2.289937448015123 ], [ -76.583788462385328, 2.290028073724008 ], [ -76.583878278287457, 2.290028073724008 ], [ -76.583878278287457, 2.290118699432893 ], [ -76.583788462385328, 2.290118699432893 ], [ -76.583788462385328, 2.290209325141777 ], [ -76.583429198776756, 2.290209325141777 ], [ -76.583429198776756, 2.290028073724008 ], [ -76.583069935168197, 2.290028073724008 ], [ -76.583069935168197, 2.290390576559546 ], [ -76.582890303363911, 2.290390576559546 ], [ -76.582890303363911, 2.290299950850662 ], [ -76.582710671559639, 2.290299950850662 ], [ -76.582710671559639, 2.290390576559546 ], [ -76.582620855657495, 2.290390576559546 ], [ -76.582620855657495, 2.290299950850662 ], [ -76.582441223853209, 2.290299950850662 ], [ -76.582441223853209, 2.290390576559546 ], [ -76.582261592048937, 2.290390576559546 ], [ -76.582261592048937, 2.290481202268431 ], [ -76.582710671559639, 2.290481202268431 ], [ -76.582710671559639, 2.290753079395085 ], [ -76.582531039755352, 2.290753079395085 ], [ -76.582531039755352, 2.29084370510397 ], [ -76.582441223853209, 2.29084370510397 ], [ -76.582441223853209, 2.290934330812854 ], [ -76.582261592048937, 2.290934330812854 ], [ -76.582261592048937, 2.29084370510397 ], [ -76.582351407951066, 2.29084370510397 ], [ -76.582351407951066, 2.290753079395085 ], [ -76.581992144342507, 2.290753079395085 ], [ -76.581992144342507, 2.290390576559546 ], [ -76.581812512538221, 2.290390576559546 ], [ -76.581812512538221, 2.290118699432893 ], [ -76.581992144342507, 2.290118699432893 ], [ -76.581992144342507, 2.289937448015123 ], [ -76.582081960244651, 2.289937448015123 ], [ -76.582081960244651, 2.289846822306238 ], [ -76.582261592048937, 2.289846822306238 ], [ -76.582261592048937, 2.289937448015123 ], [ -76.582351407951066, 2.289937448015123 ], [ -76.582351407951066, 2.289846822306238 ], [ -76.582531039755352, 2.289846822306238 ] ] ], [ [ [ -76.581632880733949, 2.290571827977316 ], [ -76.581632880733949, 2.290390576559546 ], [ -76.581812512538221, 2.290390576559546 ], [ -76.581812512538221, 2.290571827977316 ], [ -76.581632880733949, 2.290571827977316 ] ] ], [ [ [ -76.586752387155968, 2.306975081285445 ], [ -76.586662571253825, 2.306975081285445 ], [ -76.586662571253825, 2.30688445557656 ], [ -76.586752387155968, 2.30688445557656 ], [ -76.586752387155968, 2.306793829867675 ], [ -76.586842203058112, 2.306793829867675 ], [ -76.586842203058112, 2.307065706994329 ], [ -76.586752387155968, 2.307065706994329 ], [ -76.586752387155968, 2.306975081285445 ] ] ], [ [ [ -76.584506989602446, 2.310690735349717 ], [ -76.584417173700302, 2.310690735349717 ], [ -76.584417173700302, 2.310418858223063 ], [ -76.584506989602446, 2.310418858223063 ], [ -76.584506989602446, 2.310328232514178 ], [ -76.584596805504589, 2.310328232514178 ], [ -76.584596805504589, 2.310237606805293 ], [ -76.584686621406732, 2.310237606805293 ], [ -76.584686621406732, 2.310509483931947 ], [ -76.584506989602446, 2.310509483931947 ], [ -76.584506989602446, 2.310690735349717 ] ] ], [ [ [ -76.585854228134565, 2.311778243856333 ], [ -76.585854228134565, 2.311959495274102 ], [ -76.586033859938837, 2.311959495274102 ], [ -76.586033859938837, 2.311778243856333 ], [ -76.58612367584098, 2.311778243856333 ], [ -76.58612367584098, 2.311868869565218 ], [ -76.586213491743123, 2.311868869565218 ], [ -76.586213491743123, 2.312050120982987 ], [ -76.586303307645267, 2.312050120982987 ], [ -76.586303307645267, 2.312140746691872 ], [ -76.586393123547396, 2.312140746691872 ], [ -76.586393123547396, 2.312231372400756 ], [ -76.586303307645267, 2.312231372400756 ], [ -76.586303307645267, 2.312321998109641 ], [ -76.58612367584098, 2.312321998109641 ], [ -76.58612367584098, 2.312140746691872 ], [ -76.585405148623849, 2.312140746691872 ], [ -76.585405148623849, 2.312321998109641 ], [ -76.585225516819577, 2.312321998109641 ], [ -76.585225516819577, 2.31250324952741 ], [ -76.58504588501529, 2.31250324952741 ], [ -76.58504588501529, 2.312231372400756 ], [ -76.585135700917434, 2.312231372400756 ], [ -76.585135700917434, 2.312140746691872 ], [ -76.585225516819577, 2.312140746691872 ], [ -76.585225516819577, 2.311868869565218 ], [ -76.585494964525992, 2.311868869565218 ], [ -76.585494964525992, 2.311778243856333 ], [ -76.585854228134565, 2.311778243856333 ] ] ], [ [ [ -76.583968094189601, 2.312140746691872 ], [ -76.584147725993887, 2.312140746691872 ], [ -76.584147725993887, 2.312321998109641 ], [ -76.583968094189601, 2.312321998109641 ], [ -76.583968094189601, 2.312140746691872 ] ] ], [ [ [ -76.581722696636092, 2.312775126654064 ], [ -76.581902328440364, 2.312775126654064 ], [ -76.581902328440364, 2.312865752362949 ], [ -76.581722696636092, 2.312865752362949 ], [ -76.581722696636092, 2.312775126654064 ] ] ], [ [ [ -76.584147725993887, 2.313047003780718 ], [ -76.584327357798173, 2.313047003780718 ], [ -76.584327357798173, 2.313228255198488 ], [ -76.584147725993887, 2.313228255198488 ], [ -76.584147725993887, 2.313047003780718 ] ] ], [ [ [ -76.585764412232422, 2.313409506616257 ], [ -76.585944044036694, 2.313409506616257 ], [ -76.585944044036694, 2.313590758034027 ], [ -76.585584780428135, 2.313590758034027 ], [ -76.585584780428135, 2.313318880907373 ], [ -76.585764412232422, 2.313318880907373 ], [ -76.585764412232422, 2.313409506616257 ] ] ], [ [ [ -76.584956069113147, 2.329722134215501 ], [ -76.58504588501529, 2.329722134215501 ], [ -76.58504588501529, 2.329812759924386 ], [ -76.584956069113147, 2.329812759924386 ], [ -76.584956069113147, 2.329722134215501 ] ] ], [ [ [ -76.586662571253825, 2.330900268431002 ], [ -76.586752387155968, 2.330900268431002 ], [ -76.586752387155968, 2.331081519848771 ], [ -76.586572755351682, 2.331081519848771 ], [ -76.586572755351682, 2.330990894139887 ], [ -76.586662571253825, 2.330990894139887 ], [ -76.586662571253825, 2.330900268431002 ] ] ], [ [ [ -76.586572755351682, 2.331715899810964 ], [ -76.586572755351682, 2.331806525519849 ], [ -76.586393123547396, 2.331806525519849 ], [ -76.586393123547396, 2.331987776937618 ], [ -76.586213491743123, 2.331987776937618 ], [ -76.586213491743123, 2.331715899810964 ], [ -76.586572755351682, 2.331715899810964 ] ] ], [ [ [ -76.583519014678899, 2.332440905482042 ], [ -76.583698646483185, 2.332440905482042 ], [ -76.583698646483185, 2.332531531190926 ], [ -76.583788462385328, 2.332531531190926 ], [ -76.583788462385328, 2.332622156899811 ], [ -76.583698646483185, 2.332622156899811 ], [ -76.583698646483185, 2.33280340831758 ], [ -76.583519014678899, 2.33280340831758 ], [ -76.583519014678899, 2.332440905482042 ] ] ], [ [ [ -76.582620855657495, 2.332622156899811 ], [ -76.582710671559639, 2.332622156899811 ], [ -76.582710671559639, 2.33280340831758 ], [ -76.582620855657495, 2.33280340831758 ], [ -76.582620855657495, 2.332622156899811 ] ] ], [ [ [ -76.584866253211004, 2.332894034026465 ], [ -76.58423754189603, 2.332894034026465 ], [ -76.58423754189603, 2.33280340831758 ], [ -76.584147725993887, 2.33280340831758 ], [ -76.584147725993887, 2.332622156899811 ], [ -76.58423754189603, 2.332622156899811 ], [ -76.58423754189603, 2.332531531190926 ], [ -76.584327357798173, 2.332531531190926 ], [ -76.584327357798173, 2.332622156899811 ], [ -76.584596805504589, 2.332622156899811 ], [ -76.584596805504589, 2.33280340831758 ], [ -76.584866253211004, 2.33280340831758 ], [ -76.584866253211004, 2.332622156899811 ], [ -76.584956069113147, 2.332622156899811 ], [ -76.584956069113147, 2.332531531190926 ], [ -76.58531533272172, 2.332531531190926 ], [ -76.58531533272172, 2.332622156899811 ], [ -76.585494964525992, 2.332622156899811 ], [ -76.585494964525992, 2.332531531190926 ], [ -76.585674596330279, 2.332531531190926 ], [ -76.585674596330279, 2.332622156899811 ], [ -76.585854228134565, 2.332622156899811 ], [ -76.585854228134565, 2.332531531190926 ], [ -76.586033859938837, 2.332531531190926 ], [ -76.586033859938837, 2.332350279773157 ], [ -76.586572755351682, 2.332350279773157 ], [ -76.586572755351682, 2.332531531190926 ], [ -76.586393123547396, 2.332531531190926 ], [ -76.586393123547396, 2.332712782608696 ], [ -76.586572755351682, 2.332712782608696 ], [ -76.586572755351682, 2.333075285444234 ], [ -76.586482939449539, 2.333075285444234 ], [ -76.586482939449539, 2.33298465973535 ], [ -76.586303307645267, 2.33298465973535 ], [ -76.586303307645267, 2.333075285444234 ], [ -76.585494964525992, 2.333075285444234 ], [ -76.585494964525992, 2.332894034026465 ], [ -76.584956069113147, 2.332894034026465 ], [ -76.584956069113147, 2.33298465973535 ], [ -76.584866253211004, 2.33298465973535 ], [ -76.584866253211004, 2.332894034026465 ] ] ], [ [ [ -76.582710671559639, 2.33280340831758 ], [ -76.582890303363911, 2.33280340831758 ], [ -76.582890303363911, 2.332712782608696 ], [ -76.582980119266054, 2.332712782608696 ], [ -76.582980119266054, 2.333256536862004 ], [ -76.582800487461782, 2.333256536862004 ], [ -76.582800487461782, 2.333347162570889 ], [ -76.582620855657495, 2.333347162570889 ], [ -76.582620855657495, 2.333437788279773 ], [ -76.582441223853209, 2.333437788279773 ], [ -76.582441223853209, 2.333256536862004 ], [ -76.582620855657495, 2.333256536862004 ], [ -76.582620855657495, 2.333165911153119 ], [ -76.582710671559639, 2.333165911153119 ], [ -76.582710671559639, 2.333075285444234 ], [ -76.582800487461782, 2.333075285444234 ], [ -76.582800487461782, 2.332894034026465 ], [ -76.582710671559639, 2.332894034026465 ], [ -76.582710671559639, 2.33280340831758 ] ] ], [ [ [ -76.584776437308875, 2.333437788279773 ], [ -76.584866253211004, 2.333437788279773 ], [ -76.584866253211004, 2.333528413988658 ], [ -76.584776437308875, 2.333528413988658 ], [ -76.584776437308875, 2.333437788279773 ] ] ], [ [ [ -76.584956069113147, 2.333619039697543 ], [ -76.584866253211004, 2.333619039697543 ], [ -76.584866253211004, 2.333528413988658 ], [ -76.584956069113147, 2.333528413988658 ], [ -76.584956069113147, 2.333619039697543 ] ] ], [ [ [ -76.584506989602446, 2.33434404536862 ], [ -76.584506989602446, 2.334253419659735 ], [ -76.584596805504589, 2.334253419659735 ], [ -76.584596805504589, 2.33434404536862 ], [ -76.584506989602446, 2.33434404536862 ] ] ], [ [ [ -76.584596805504589, 2.33434404536862 ], [ -76.584956069113147, 2.33434404536862 ], [ -76.584956069113147, 2.334525296786389 ], [ -76.584596805504589, 2.334525296786389 ], [ -76.584596805504589, 2.33434404536862 ] ] ], [ [ [ -76.586033859938837, 2.334525296786389 ], [ -76.586213491743123, 2.334525296786389 ], [ -76.586213491743123, 2.334706548204159 ], [ -76.586033859938837, 2.334706548204159 ], [ -76.586033859938837, 2.334525296786389 ] ] ], [ [ [ -76.584956069113147, 2.334525296786389 ], [ -76.585135700917434, 2.334525296786389 ], [ -76.585135700917434, 2.33434404536862 ], [ -76.584956069113147, 2.33434404536862 ], [ -76.584956069113147, 2.333890916824197 ], [ -76.585225516819577, 2.333890916824197 ], [ -76.585225516819577, 2.333800291115312 ], [ -76.585135700917434, 2.333800291115312 ], [ -76.585135700917434, 2.333528413988658 ], [ -76.585225516819577, 2.333528413988658 ], [ -76.585225516819577, 2.333619039697543 ], [ -76.585494964525992, 2.333619039697543 ], [ -76.585494964525992, 2.333800291115312 ], [ -76.585854228134565, 2.333800291115312 ], [ -76.585854228134565, 2.333981542533082 ], [ -76.585674596330279, 2.333981542533082 ], [ -76.585674596330279, 2.334162793950851 ], [ -76.58531533272172, 2.334162793950851 ], [ -76.58531533272172, 2.334525296786389 ], [ -76.585674596330279, 2.334525296786389 ], [ -76.585674596330279, 2.33434404536862 ], [ -76.586033859938837, 2.33434404536862 ], [ -76.586033859938837, 2.334525296786389 ], [ -76.585854228134565, 2.334525296786389 ], [ -76.585854228134565, 2.334706548204159 ], [ -76.586033859938837, 2.334706548204159 ], [ -76.586033859938837, 2.335069051039698 ], [ -76.586482939449539, 2.335069051039698 ], [ -76.586482939449539, 2.335159676748582 ], [ -76.586752387155968, 2.335159676748582 ], [ -76.586752387155968, 2.335250302457467 ], [ -76.586842203058112, 2.335250302457467 ], [ -76.586842203058112, 2.335340928166352 ], [ -76.586572755351682, 2.335340928166352 ], [ -76.586572755351682, 2.335431553875237 ], [ -76.586393123547396, 2.335431553875237 ], [ -76.586393123547396, 2.335250302457467 ], [ -76.586213491743123, 2.335250302457467 ], [ -76.586213491743123, 2.335612805293006 ], [ -76.586393123547396, 2.335612805293006 ], [ -76.586393123547396, 2.335794056710775 ], [ -76.586213491743123, 2.335794056710775 ], [ -76.586213491743123, 2.335975308128544 ], [ -76.586033859938837, 2.335975308128544 ], [ -76.586033859938837, 2.335794056710775 ], [ -76.585854228134565, 2.335794056710775 ], [ -76.585854228134565, 2.335431553875237 ], [ -76.585674596330279, 2.335431553875237 ], [ -76.585674596330279, 2.334887799621928 ], [ -76.585494964525992, 2.334887799621928 ], [ -76.585494964525992, 2.334706548204159 ], [ -76.584956069113147, 2.334706548204159 ], [ -76.584956069113147, 2.334525296786389 ] ] ], [ [ [ -76.583788462385328, 2.335340928166352 ], [ -76.584147725993887, 2.335340928166352 ], [ -76.584147725993887, 2.335250302457467 ], [ -76.584057910091744, 2.335250302457467 ], [ -76.584057910091744, 2.335069051039698 ], [ -76.584327357798173, 2.335069051039698 ], [ -76.584327357798173, 2.335159676748582 ], [ -76.584417173700302, 2.335159676748582 ], [ -76.584417173700302, 2.335250302457467 ], [ -76.584596805504589, 2.335250302457467 ], [ -76.584596805504589, 2.335612805293006 ], [ -76.58423754189603, 2.335612805293006 ], [ -76.58423754189603, 2.335794056710775 ], [ -76.584057910091744, 2.335794056710775 ], [ -76.584057910091744, 2.335612805293006 ], [ -76.583788462385328, 2.335612805293006 ], [ -76.583788462385328, 2.335340928166352 ] ], [ [ -76.58423754189603, 2.335159676748582 ], [ -76.58423754189603, 2.335250302457467 ], [ -76.584327357798173, 2.335250302457467 ], [ -76.584327357798173, 2.335159676748582 ], [ -76.58423754189603, 2.335159676748582 ] ] ], [ [ [ -76.58531533272172, 2.335431553875237 ], [ -76.58531533272172, 2.335612805293006 ], [ -76.584956069113147, 2.335612805293006 ], [ -76.584956069113147, 2.335431553875237 ], [ -76.58531533272172, 2.335431553875237 ] ] ], [ [ [ -76.584776437308875, 2.335794056710775 ], [ -76.584776437308875, 2.335612805293006 ], [ -76.584956069113147, 2.335612805293006 ], [ -76.584956069113147, 2.335975308128544 ], [ -76.584596805504589, 2.335975308128544 ], [ -76.584596805504589, 2.335794056710775 ], [ -76.584776437308875, 2.335794056710775 ] ] ], [ [ [ -76.583519014678899, 2.336065933837429 ], [ -76.583519014678899, 2.335794056710775 ], [ -76.583878278287457, 2.335794056710775 ], [ -76.583878278287457, 2.336156559546314 ], [ -76.583519014678899, 2.336156559546314 ], [ -76.583519014678899, 2.336337810964083 ], [ -76.583339382874613, 2.336337810964083 ], [ -76.583339382874613, 2.336519062381853 ], [ -76.583249566972484, 2.336519062381853 ], [ -76.583249566972484, 2.336428436672968 ], [ -76.58315975107034, 2.336428436672968 ], [ -76.58315975107034, 2.336247185255198 ], [ -76.583249566972484, 2.336247185255198 ], [ -76.583249566972484, 2.336156559546314 ], [ -76.583429198776756, 2.336156559546314 ], [ -76.583429198776756, 2.336065933837429 ], [ -76.583519014678899, 2.336065933837429 ] ] ], [ [ [ -76.586662571253825, 2.336247185255198 ], [ -76.586752387155968, 2.336247185255198 ], [ -76.586752387155968, 2.336337810964083 ], [ -76.586572755351682, 2.336337810964083 ], [ -76.586572755351682, 2.336156559546314 ], [ -76.586662571253825, 2.336156559546314 ], [ -76.586662571253825, 2.336247185255198 ] ] ], [ [ [ -76.585674596330279, 2.336337810964083 ], [ -76.585854228134565, 2.336337810964083 ], [ -76.585854228134565, 2.336519062381853 ], [ -76.585584780428135, 2.336519062381853 ], [ -76.585584780428135, 2.336428436672968 ], [ -76.585674596330279, 2.336428436672968 ], [ -76.585674596330279, 2.336337810964083 ] ] ], [ [ [ -76.586213491743123, 2.336519062381853 ], [ -76.586393123547396, 2.336519062381853 ], [ -76.586393123547396, 2.336700313799622 ], [ -76.586213491743123, 2.336700313799622 ], [ -76.586213491743123, 2.336519062381853 ] ] ], [ [ [ -76.583608830581042, 2.336972190926276 ], [ -76.583698646483185, 2.336972190926276 ], [ -76.583698646483185, 2.337062816635161 ], [ -76.583519014678899, 2.337062816635161 ], [ -76.583519014678899, 2.336881565217392 ], [ -76.583608830581042, 2.336881565217392 ], [ -76.583608830581042, 2.336972190926276 ] ] ], [ [ [ -76.586752387155968, 2.336881565217392 ], [ -76.587111650764527, 2.336881565217392 ], [ -76.587111650764527, 2.33724406805293 ], [ -76.58693201896024, 2.33724406805293 ], [ -76.58693201896024, 2.3374253194707 ], [ -76.586572755351682, 2.3374253194707 ], [ -76.586572755351682, 2.33724406805293 ], [ -76.586393123547396, 2.33724406805293 ], [ -76.586393123547396, 2.337062816635161 ], [ -76.586213491743123, 2.337062816635161 ], [ -76.586213491743123, 2.336881565217392 ], [ -76.586572755351682, 2.336881565217392 ], [ -76.586572755351682, 2.337062816635161 ], [ -76.586752387155968, 2.337062816635161 ], [ -76.586752387155968, 2.336881565217392 ] ] ], [ [ [ -76.584776437308875, 2.34032534215501 ], [ -76.584866253211004, 2.34032534215501 ], [ -76.584866253211004, 2.340506593572779 ], [ -76.584596805504589, 2.340506593572779 ], [ -76.584596805504589, 2.340234716446125 ], [ -76.584776437308875, 2.340234716446125 ], [ -76.584776437308875, 2.34032534215501 ] ] ], [ [ [ -76.585135700917434, 2.340687844990548 ], [ -76.585135700917434, 2.340778470699433 ], [ -76.585225516819577, 2.340778470699433 ], [ -76.585225516819577, 2.340869096408318 ], [ -76.584956069113147, 2.340869096408318 ], [ -76.584956069113147, 2.340687844990548 ], [ -76.585135700917434, 2.340687844990548 ] ] ], [ [ [ -76.586393123547396, 2.340687844990548 ], [ -76.586572755351682, 2.340687844990548 ], [ -76.586572755351682, 2.340869096408318 ], [ -76.586393123547396, 2.340869096408318 ], [ -76.586393123547396, 2.340687844990548 ] ] ], [ [ [ -76.585764412232422, 2.340778470699433 ], [ -76.585854228134565, 2.340778470699433 ], [ -76.585854228134565, 2.340869096408318 ], [ -76.585764412232422, 2.340869096408318 ], [ -76.585764412232422, 2.340778470699433 ] ] ], [ [ [ -76.58531533272172, 2.340959722117202 ], [ -76.585405148623849, 2.340959722117202 ], [ -76.585405148623849, 2.340869096408318 ], [ -76.585494964525992, 2.340869096408318 ], [ -76.585494964525992, 2.340778470699433 ], [ -76.585674596330279, 2.340778470699433 ], [ -76.585674596330279, 2.341050347826087 ], [ -76.58531533272172, 2.341050347826087 ], [ -76.58531533272172, 2.340959722117202 ] ] ], [ [ [ -76.586572755351682, 2.341050347826087 ], [ -76.586752387155968, 2.341050347826087 ], [ -76.586752387155968, 2.341231599243856 ], [ -76.586572755351682, 2.341231599243856 ], [ -76.586572755351682, 2.341050347826087 ] ] ], [ [ [ -76.586572755351682, 2.341412850661626 ], [ -76.586752387155968, 2.341412850661626 ], [ -76.586752387155968, 2.341594102079395 ], [ -76.586393123547396, 2.341594102079395 ], [ -76.586393123547396, 2.341231599243856 ], [ -76.586572755351682, 2.341231599243856 ], [ -76.586572755351682, 2.341412850661626 ] ] ], [ [ [ -76.584417173700302, 2.341412850661626 ], [ -76.584506989602446, 2.341412850661626 ], [ -76.584506989602446, 2.341594102079395 ], [ -76.584327357798173, 2.341594102079395 ], [ -76.584327357798173, 2.34150347637051 ], [ -76.584417173700302, 2.34150347637051 ], [ -76.584417173700302, 2.341412850661626 ] ] ], [ [ [ -76.585854228134565, 2.341594102079395 ], [ -76.585854228134565, 2.341412850661626 ], [ -76.586033859938837, 2.341412850661626 ], [ -76.586033859938837, 2.341594102079395 ], [ -76.585854228134565, 2.341594102079395 ] ] ], [ [ [ -76.586033859938837, 2.341594102079395 ], [ -76.586213491743123, 2.341594102079395 ], [ -76.586213491743123, 2.341775353497165 ], [ -76.586033859938837, 2.341775353497165 ], [ -76.586033859938837, 2.341594102079395 ] ] ], [ [ [ -76.586393123547396, 2.341956604914934 ], [ -76.586213491743123, 2.341956604914934 ], [ -76.586213491743123, 2.341775353497165 ], [ -76.586393123547396, 2.341775353497165 ], [ -76.586393123547396, 2.341956604914934 ] ] ], [ [ [ -76.585854228134565, 2.341956604914934 ], [ -76.586213491743123, 2.341956604914934 ], [ -76.586213491743123, 2.342137856332704 ], [ -76.585854228134565, 2.342137856332704 ], [ -76.585854228134565, 2.341956604914934 ] ] ], [ [ [ -76.585584780428135, 2.341775353497165 ], [ -76.585674596330279, 2.341775353497165 ], [ -76.585674596330279, 2.342319107750473 ], [ -76.585494964525992, 2.342319107750473 ], [ -76.585494964525992, 2.342047230623819 ], [ -76.585584780428135, 2.342047230623819 ], [ -76.585584780428135, 2.341775353497165 ] ] ], [ [ [ -76.586393123547396, 2.341956604914934 ], [ -76.586572755351682, 2.341956604914934 ], [ -76.586572755351682, 2.342137856332704 ], [ -76.586393123547396, 2.342137856332704 ], [ -76.586393123547396, 2.341956604914934 ] ] ], [ [ [ -76.586213491743123, 2.342500359168242 ], [ -76.586033859938837, 2.342500359168242 ], [ -76.586033859938837, 2.342681610586011 ], [ -76.585854228134565, 2.342681610586011 ], [ -76.585854228134565, 2.342319107750473 ], [ -76.586213491743123, 2.342319107750473 ], [ -76.586213491743123, 2.342500359168242 ] ] ], [ [ [ -76.585405148623849, 2.342590984877127 ], [ -76.585405148623849, 2.342319107750473 ], [ -76.585494964525992, 2.342319107750473 ], [ -76.585494964525992, 2.342681610586011 ], [ -76.58531533272172, 2.342681610586011 ], [ -76.58531533272172, 2.342590984877127 ], [ -76.585405148623849, 2.342590984877127 ] ] ], [ [ [ -76.586033859938837, 2.343769119092628 ], [ -76.586213491743123, 2.343769119092628 ], [ -76.586213491743123, 2.343950370510397 ], [ -76.586033859938837, 2.343950370510397 ], [ -76.586033859938837, 2.343769119092628 ] ] ], [ [ [ -76.585674596330279, 2.344131621928167 ], [ -76.585854228134565, 2.344131621928167 ], [ -76.585854228134565, 2.344312873345936 ], [ -76.585674596330279, 2.344312873345936 ], [ -76.585674596330279, 2.344131621928167 ] ] ], [ [ [ -76.584956069113147, 2.34440349905482 ], [ -76.584956069113147, 2.344494124763705 ], [ -76.585135700917434, 2.344494124763705 ], [ -76.585135700917434, 2.344675376181474 ], [ -76.584776437308875, 2.344675376181474 ], [ -76.584776437308875, 2.344766001890359 ], [ -76.584686621406732, 2.344766001890359 ], [ -76.584686621406732, 2.344675376181474 ], [ -76.584506989602446, 2.344675376181474 ], [ -76.584506989602446, 2.34458475047259 ], [ -76.584596805504589, 2.34458475047259 ], [ -76.584596805504589, 2.344494124763705 ], [ -76.584776437308875, 2.344494124763705 ], [ -76.584776437308875, 2.34440349905482 ], [ -76.584956069113147, 2.34440349905482 ] ] ], [ [ [ -76.586393123547396, 2.344312873345936 ], [ -76.586213491743123, 2.344312873345936 ], [ -76.586213491743123, 2.344131621928167 ], [ -76.586393123547396, 2.344131621928167 ], [ -76.586393123547396, 2.343950370510397 ], [ -76.587111650764527, 2.343950370510397 ], [ -76.587111650764527, 2.344131621928167 ], [ -76.58693201896024, 2.344131621928167 ], [ -76.58693201896024, 2.344312873345936 ], [ -76.587111650764527, 2.344312873345936 ], [ -76.587111650764527, 2.344494124763705 ], [ -76.58693201896024, 2.344494124763705 ], [ -76.58693201896024, 2.344856627599244 ], [ -76.586572755351682, 2.344856627599244 ], [ -76.586572755351682, 2.345219130434783 ], [ -76.586213491743123, 2.345219130434783 ], [ -76.586213491743123, 2.345037879017013 ], [ -76.586393123547396, 2.345037879017013 ], [ -76.586393123547396, 2.344856627599244 ], [ -76.586033859938837, 2.344856627599244 ], [ -76.586033859938837, 2.344675376181474 ], [ -76.586572755351682, 2.344675376181474 ], [ -76.586572755351682, 2.344494124763705 ], [ -76.586393123547396, 2.344494124763705 ], [ -76.586393123547396, 2.344312873345936 ] ] ], [ [ [ -76.58531533272172, 2.344675376181474 ], [ -76.585494964525992, 2.344675376181474 ], [ -76.585494964525992, 2.345037879017013 ], [ -76.58531533272172, 2.345037879017013 ], [ -76.58531533272172, 2.344675376181474 ] ] ], [ [ [ -76.585494964525992, 2.345219130434783 ], [ -76.585494964525992, 2.345037879017013 ], [ -76.585674596330279, 2.345037879017013 ], [ -76.585674596330279, 2.345219130434783 ], [ -76.585494964525992, 2.345219130434783 ] ] ], [ [ [ -76.584417173700302, 2.345491007561437 ], [ -76.584686621406732, 2.345491007561437 ], [ -76.584686621406732, 2.345581633270322 ], [ -76.585494964525992, 2.345581633270322 ], [ -76.585494964525992, 2.345762884688091 ], [ -76.585135700917434, 2.345762884688091 ], [ -76.585135700917434, 2.34594413610586 ], [ -76.583968094189601, 2.34594413610586 ], [ -76.583968094189601, 2.345853510396976 ], [ -76.583878278287457, 2.345853510396976 ], [ -76.583878278287457, 2.345762884688091 ], [ -76.583968094189601, 2.345762884688091 ], [ -76.583968094189601, 2.345672258979206 ], [ -76.584147725993887, 2.345672258979206 ], [ -76.584147725993887, 2.345581633270322 ], [ -76.584417173700302, 2.345581633270322 ], [ -76.584417173700302, 2.345491007561437 ] ] ], [ [ [ -76.583519014678899, 2.346034761814745 ], [ -76.583608830581042, 2.346034761814745 ], [ -76.583608830581042, 2.34612538752363 ], [ -76.583519014678899, 2.34612538752363 ], [ -76.583519014678899, 2.346034761814745 ] ] ], [ [ [ -76.585854228134565, 2.346487890359168 ], [ -76.585494964525992, 2.346487890359168 ], [ -76.585494964525992, 2.345762884688091 ], [ -76.585674596330279, 2.345762884688091 ], [ -76.585674596330279, 2.34612538752363 ], [ -76.585854228134565, 2.34612538752363 ], [ -76.585854228134565, 2.34594413610586 ], [ -76.586033859938837, 2.34594413610586 ], [ -76.586033859938837, 2.346306638941399 ], [ -76.585854228134565, 2.346306638941399 ], [ -76.585854228134565, 2.346487890359168 ] ] ], [ [ [ -76.585135700917434, 2.34612538752363 ], [ -76.58531533272172, 2.34612538752363 ], [ -76.58531533272172, 2.346306638941399 ], [ -76.585135700917434, 2.346306638941399 ], [ -76.585135700917434, 2.34612538752363 ] ] ], [ [ [ -76.581812512538221, 2.358994238185256 ], [ -76.581902328440364, 2.358994238185256 ], [ -76.581902328440364, 2.35908486389414 ], [ -76.581812512538221, 2.35908486389414 ], [ -76.581812512538221, 2.358994238185256 ] ] ], [ [ [ -76.582081960244651, 2.359175489603025 ], [ -76.582171776146794, 2.359175489603025 ], [ -76.582171776146794, 2.359356741020794 ], [ -76.582081960244651, 2.359356741020794 ], [ -76.582081960244651, 2.359175489603025 ] ] ], [ [ [ -76.581543064831806, 2.36062550094518 ], [ -76.581543064831806, 2.36044424952741 ], [ -76.581093985321104, 2.36044424952741 ], [ -76.581093985321104, 2.360172372400756 ], [ -76.581183801223247, 2.360172372400756 ], [ -76.581183801223247, 2.360081746691872 ], [ -76.58127361712539, 2.360081746691872 ], [ -76.58127361712539, 2.359809869565217 ], [ -76.581543064831806, 2.359809869565217 ], [ -76.581543064831806, 2.359719243856333 ], [ -76.581632880733949, 2.359719243856333 ], [ -76.581632880733949, 2.359537992438563 ], [ -76.581902328440364, 2.359537992438563 ], [ -76.581902328440364, 2.359628618147448 ], [ -76.582081960244651, 2.359628618147448 ], [ -76.582081960244651, 2.359719243856333 ], [ -76.582261592048937, 2.359719243856333 ], [ -76.582261592048937, 2.359809869565217 ], [ -76.582171776146794, 2.359809869565217 ], [ -76.582171776146794, 2.359991120982987 ], [ -76.582081960244651, 2.359991120982987 ], [ -76.582081960244651, 2.360262998109641 ], [ -76.582171776146794, 2.360262998109641 ], [ -76.582171776146794, 2.360353623818526 ], [ -76.582261592048937, 2.360353623818526 ], [ -76.582261592048937, 2.36044424952741 ], [ -76.582351407951066, 2.36044424952741 ], [ -76.582351407951066, 2.360806752362949 ], [ -76.582441223853209, 2.360806752362949 ], [ -76.582441223853209, 2.360897378071834 ], [ -76.582531039755352, 2.360897378071834 ], [ -76.582531039755352, 2.360988003780719 ], [ -76.582890303363911, 2.360988003780719 ], [ -76.582890303363911, 2.361259880907372 ], [ -76.582800487461782, 2.361259880907372 ], [ -76.582800487461782, 2.361350506616257 ], [ -76.582710671559639, 2.361350506616257 ], [ -76.582710671559639, 2.361259880907372 ], [ -76.582441223853209, 2.361259880907372 ], [ -76.582441223853209, 2.361441132325142 ], [ -76.582531039755352, 2.361441132325142 ], [ -76.582531039755352, 2.361622383742911 ], [ -76.582620855657495, 2.361622383742911 ], [ -76.582620855657495, 2.361713009451796 ], [ -76.582441223853209, 2.361713009451796 ], [ -76.582441223853209, 2.361531758034026 ], [ -76.582261592048937, 2.361531758034026 ], [ -76.582261592048937, 2.361350506616257 ], [ -76.582081960244651, 2.361350506616257 ], [ -76.582081960244651, 2.360988003780719 ], [ -76.581722696636092, 2.360988003780719 ], [ -76.581722696636092, 2.36062550094518 ], [ -76.581543064831806, 2.36062550094518 ] ] ], [ [ [ -76.582800487461782, 2.361441132325142 ], [ -76.582890303363911, 2.361441132325142 ], [ -76.582890303363911, 2.361531758034026 ], [ -76.582800487461782, 2.361531758034026 ], [ -76.582800487461782, 2.361441132325142 ] ] ], [ [ [ -76.582980119266054, 2.361894260869565 ], [ -76.583249566972484, 2.361894260869565 ], [ -76.583249566972484, 2.36198488657845 ], [ -76.583339382874613, 2.36198488657845 ], [ -76.583339382874613, 2.362075512287335 ], [ -76.582710671559639, 2.362075512287335 ], [ -76.582710671559639, 2.36198488657845 ], [ -76.582620855657495, 2.36198488657845 ], [ -76.582620855657495, 2.361713009451796 ], [ -76.582710671559639, 2.361713009451796 ], [ -76.582710671559639, 2.361622383742911 ], [ -76.582890303363911, 2.361622383742911 ], [ -76.582890303363911, 2.361803635160681 ], [ -76.582980119266054, 2.361803635160681 ], [ -76.582980119266054, 2.361894260869565 ] ] ], [ [ [ -76.584057910091744, 2.36198488657845 ], [ -76.584147725993887, 2.36198488657845 ], [ -76.584147725993887, 2.362256763705104 ], [ -76.584057910091744, 2.362256763705104 ], [ -76.584057910091744, 2.36198488657845 ] ] ], [ [ [ -76.584506989602446, 2.362438015122874 ], [ -76.584596805504589, 2.362438015122874 ], [ -76.584596805504589, 2.362528640831758 ], [ -76.584686621406732, 2.362528640831758 ], [ -76.584686621406732, 2.362619266540643 ], [ -76.584596805504589, 2.362619266540643 ], [ -76.584596805504589, 2.362709892249528 ], [ -76.584506989602446, 2.362709892249528 ], [ -76.584506989602446, 2.362438015122874 ] ] ], [ [ [ -76.583968094189601, 2.362528640831758 ], [ -76.584057910091744, 2.362528640831758 ], [ -76.584057910091744, 2.362438015122874 ], [ -76.58423754189603, 2.362438015122874 ], [ -76.58423754189603, 2.362256763705104 ], [ -76.584327357798173, 2.362256763705104 ], [ -76.584327357798173, 2.362619266540643 ], [ -76.584417173700302, 2.362619266540643 ], [ -76.584417173700302, 2.362800517958412 ], [ -76.58423754189603, 2.362800517958412 ], [ -76.58423754189603, 2.363163020793951 ], [ -76.584057910091744, 2.363163020793951 ], [ -76.584057910091744, 2.362619266540643 ], [ -76.583698646483185, 2.362619266540643 ], [ -76.583698646483185, 2.362347389413989 ], [ -76.583878278287457, 2.362347389413989 ], [ -76.583878278287457, 2.362438015122874 ], [ -76.583968094189601, 2.362438015122874 ], [ -76.583968094189601, 2.362528640831758 ] ] ], [ [ [ -76.584596805504589, 2.362981769376182 ], [ -76.584417173700302, 2.362981769376182 ], [ -76.584417173700302, 2.362800517958412 ], [ -76.584596805504589, 2.362800517958412 ], [ -76.584596805504589, 2.362981769376182 ] ] ], [ [ [ -76.585135700917434, 2.363434897920605 ], [ -76.585135700917434, 2.36334427221172 ], [ -76.584956069113147, 2.36334427221172 ], [ -76.584956069113147, 2.363163020793951 ], [ -76.58504588501529, 2.363163020793951 ], [ -76.58504588501529, 2.363253646502836 ], [ -76.585225516819577, 2.363253646502836 ], [ -76.585225516819577, 2.363434897920605 ], [ -76.585135700917434, 2.363434897920605 ] ] ], [ [ [ -76.584776437308875, 2.363706775047259 ], [ -76.585135700917434, 2.363706775047259 ], [ -76.585135700917434, 2.363888026465029 ], [ -76.584776437308875, 2.363888026465029 ], [ -76.584776437308875, 2.363706775047259 ] ] ], [ [ [ -76.586033859938837, 2.364341155009452 ], [ -76.585854228134565, 2.364341155009452 ], [ -76.585854228134565, 2.364069277882798 ], [ -76.585584780428135, 2.364069277882798 ], [ -76.585584780428135, 2.363978652173913 ], [ -76.585494964525992, 2.363978652173913 ], [ -76.585494964525992, 2.363797400756144 ], [ -76.585405148623849, 2.363797400756144 ], [ -76.585405148623849, 2.363978652173913 ], [ -76.58531533272172, 2.363978652173913 ], [ -76.58531533272172, 2.363616149338374 ], [ -76.585405148623849, 2.363616149338374 ], [ -76.585405148623849, 2.36352552362949 ], [ -76.585494964525992, 2.36352552362949 ], [ -76.585494964525992, 2.363253646502836 ], [ -76.585405148623849, 2.363253646502836 ], [ -76.585405148623849, 2.363163020793951 ], [ -76.585854228134565, 2.363163020793951 ], [ -76.585854228134565, 2.363072395085066 ], [ -76.586572755351682, 2.363072395085066 ], [ -76.586572755351682, 2.363163020793951 ], [ -76.586662571253825, 2.363163020793951 ], [ -76.586662571253825, 2.36334427221172 ], [ -76.586752387155968, 2.36334427221172 ], [ -76.586752387155968, 2.363616149338374 ], [ -76.586842203058112, 2.363616149338374 ], [ -76.586842203058112, 2.363888026465029 ], [ -76.587111650764527, 2.363888026465029 ], [ -76.587111650764527, 2.364159903591683 ], [ -76.58720146666667, 2.364159903591683 ], [ -76.58720146666667, 2.364250529300567 ], [ -76.587291282568813, 2.364250529300567 ], [ -76.587291282568813, 2.364431780718337 ], [ -76.587021834862384, 2.364431780718337 ], [ -76.587021834862384, 2.364703657844991 ], [ -76.58693201896024, 2.364703657844991 ], [ -76.58693201896024, 2.364613032136106 ], [ -76.586752387155968, 2.364613032136106 ], [ -76.586752387155968, 2.364431780718337 ], [ -76.586393123547396, 2.364431780718337 ], [ -76.586393123547396, 2.364159903591683 ], [ -76.586213491743123, 2.364159903591683 ], [ -76.586213491743123, 2.364431780718337 ], [ -76.586033859938837, 2.364431780718337 ], [ -76.586033859938837, 2.364341155009452 ] ], [ [ -76.586213491743123, 2.363616149338374 ], [ -76.586213491743123, 2.363797400756144 ], [ -76.58612367584098, 2.363797400756144 ], [ -76.58612367584098, 2.363888026465029 ], [ -76.585944044036694, 2.363888026465029 ], [ -76.585944044036694, 2.363978652173913 ], [ -76.586033859938837, 2.363978652173913 ], [ -76.586033859938837, 2.364069277882798 ], [ -76.58612367584098, 2.364069277882798 ], [ -76.58612367584098, 2.363978652173913 ], [ -76.586213491743123, 2.363978652173913 ], [ -76.586213491743123, 2.363888026465029 ], [ -76.586303307645267, 2.363888026465029 ], [ -76.586303307645267, 2.363797400756144 ], [ -76.586393123547396, 2.363797400756144 ], [ -76.586393123547396, 2.363706775047259 ], [ -76.586303307645267, 2.363706775047259 ], [ -76.586303307645267, 2.363616149338374 ], [ -76.586213491743123, 2.363616149338374 ] ] ], [ [ [ -76.581453248929662, 2.280603 ], [ -76.581632880733949, 2.280603 ], [ -76.581632880733949, 2.280874877126654 ], [ -76.581453248929662, 2.280874877126654 ], [ -76.581453248929662, 2.280603 ] ] ], [ [ [ -76.5801958262997, 2.283412396975426 ], [ -76.580375458103973, 2.283412396975426 ], [ -76.580375458103973, 2.283593648393195 ], [ -76.5801958262997, 2.283593648393195 ], [ -76.5801958262997, 2.283412396975426 ] ] ], [ [ [ -76.581183801223247, 2.283774899810964 ], [ -76.58127361712539, 2.283774899810964 ], [ -76.58127361712539, 2.284046776937618 ], [ -76.581453248929662, 2.284046776937618 ], [ -76.581453248929662, 2.283956151228733 ], [ -76.581632880733949, 2.283956151228733 ], [ -76.581632880733949, 2.284318654064272 ], [ -76.581453248929662, 2.284318654064272 ], [ -76.581453248929662, 2.284499905482042 ], [ -76.581632880733949, 2.284499905482042 ], [ -76.581632880733949, 2.284681156899811 ], [ -76.581363433027519, 2.284681156899811 ], [ -76.581363433027519, 2.284318654064272 ], [ -76.581183801223247, 2.284318654064272 ], [ -76.581183801223247, 2.284228028355388 ], [ -76.581004169418961, 2.284228028355388 ], [ -76.581004169418961, 2.284137402646503 ], [ -76.581093985321104, 2.284137402646503 ], [ -76.581093985321104, 2.284046776937618 ], [ -76.581183801223247, 2.284046776937618 ], [ -76.581183801223247, 2.283774899810964 ] ] ], [ [ [ -76.580555089908259, 2.284318654064272 ], [ -76.580914353516818, 2.284318654064272 ], [ -76.580914353516818, 2.284499905482042 ], [ -76.581004169418961, 2.284499905482042 ], [ -76.581004169418961, 2.284409279773157 ], [ -76.581183801223247, 2.284409279773157 ], [ -76.581183801223247, 2.284681156899811 ], [ -76.581093985321104, 2.284681156899811 ], [ -76.581093985321104, 2.284771782608696 ], [ -76.581004169418961, 2.284771782608696 ], [ -76.581004169418961, 2.284681156899811 ], [ -76.580914353516818, 2.284681156899811 ], [ -76.580914353516818, 2.284590531190926 ], [ -76.580824537614674, 2.284590531190926 ], [ -76.580824537614674, 2.284681156899811 ], [ -76.580644905810402, 2.284681156899811 ], [ -76.580644905810402, 2.284590531190926 ], [ -76.580555089908259, 2.284590531190926 ], [ -76.580555089908259, 2.284318654064272 ] ] ], [ [ [ -76.579567114984712, 2.284590531190926 ], [ -76.579567114984712, 2.284499905482042 ], [ -76.579656930886856, 2.284499905482042 ], [ -76.579656930886856, 2.284681156899811 ], [ -76.579477299082569, 2.284681156899811 ], [ -76.579477299082569, 2.284590531190926 ], [ -76.579567114984712, 2.284590531190926 ] ] ], [ [ [ -76.579297667278283, 2.284590531190926 ], [ -76.579297667278283, 2.284681156899811 ], [ -76.579118035474011, 2.284681156899811 ], [ -76.579118035474011, 2.284590531190926 ], [ -76.579297667278283, 2.284590531190926 ] ] ], [ [ [ -76.578938403669724, 2.284862408317581 ], [ -76.578938403669724, 2.284681156899811 ], [ -76.578758771865438, 2.284681156899811 ], [ -76.578758771865438, 2.284590531190926 ], [ -76.579028219571867, 2.284590531190926 ], [ -76.579028219571867, 2.284681156899811 ], [ -76.579118035474011, 2.284681156899811 ], [ -76.579118035474011, 2.284862408317581 ], [ -76.578938403669724, 2.284862408317581 ] ] ], [ [ [ -76.579926378593271, 2.284590531190926 ], [ -76.580016194495414, 2.284590531190926 ], [ -76.580016194495414, 2.28504365973535 ], [ -76.579836562691128, 2.28504365973535 ], [ -76.579836562691128, 2.284499905482042 ], [ -76.579926378593271, 2.284499905482042 ], [ -76.579926378593271, 2.284590531190926 ] ] ], [ [ [ -76.577680981039762, 2.284681156899811 ], [ -76.577860612844034, 2.284681156899811 ], [ -76.577860612844034, 2.284862408317581 ], [ -76.577680981039762, 2.284862408317581 ], [ -76.577680981039762, 2.284681156899811 ] ] ], [ [ [ -76.578579140061166, 2.284681156899811 ], [ -76.578758771865438, 2.284681156899811 ], [ -76.578758771865438, 2.284862408317581 ], [ -76.578579140061166, 2.284862408317581 ], [ -76.578579140061166, 2.284681156899811 ] ] ], [ [ [ -76.580734721712545, 2.285134285444235 ], [ -76.580644905810402, 2.285134285444235 ], [ -76.580644905810402, 2.285224911153119 ], [ -76.580555089908259, 2.285224911153119 ], [ -76.580555089908259, 2.285406162570889 ], [ -76.580465274006116, 2.285406162570889 ], [ -76.580465274006116, 2.285315536862004 ], [ -76.580375458103973, 2.285315536862004 ], [ -76.580375458103973, 2.285224911153119 ], [ -76.5801958262997, 2.285224911153119 ], [ -76.5801958262997, 2.28504365973535 ], [ -76.580375458103973, 2.28504365973535 ], [ -76.580375458103973, 2.284681156899811 ], [ -76.580555089908259, 2.284681156899811 ], [ -76.580555089908259, 2.284771782608696 ], [ -76.580644905810402, 2.284771782608696 ], [ -76.580644905810402, 2.28504365973535 ], [ -76.580734721712545, 2.28504365973535 ], [ -76.580734721712545, 2.285134285444235 ] ], [ [ -76.580465274006116, 2.285224911153119 ], [ -76.580465274006116, 2.285134285444235 ], [ -76.580375458103973, 2.285134285444235 ], [ -76.580375458103973, 2.285224911153119 ], [ -76.580465274006116, 2.285224911153119 ] ] ], [ [ [ -76.578040244648321, 2.285224911153119 ], [ -76.578040244648321, 2.28504365973535 ], [ -76.578219876452607, 2.28504365973535 ], [ -76.578219876452607, 2.284862408317581 ], [ -76.578579140061166, 2.284862408317581 ], [ -76.578579140061166, 2.28504365973535 ], [ -76.578399508256879, 2.28504365973535 ], [ -76.578399508256879, 2.285224911153119 ], [ -76.578040244648321, 2.285224911153119 ] ] ], [ [ [ -76.578938403669724, 2.285224911153119 ], [ -76.579118035474011, 2.285224911153119 ], [ -76.579118035474011, 2.285406162570889 ], [ -76.578938403669724, 2.285406162570889 ], [ -76.578938403669724, 2.285224911153119 ] ] ], [ [ [ -76.580016194495414, 2.285406162570889 ], [ -76.579836562691128, 2.285406162570889 ], [ -76.579836562691128, 2.285224911153119 ], [ -76.5801958262997, 2.285224911153119 ], [ -76.5801958262997, 2.285496788279773 ], [ -76.580106010397557, 2.285496788279773 ], [ -76.580106010397557, 2.285587413988658 ], [ -76.580016194495414, 2.285587413988658 ], [ -76.580016194495414, 2.285406162570889 ] ] ], [ [ [ -76.580465274006116, 2.285678039697543 ], [ -76.580555089908259, 2.285678039697543 ], [ -76.580555089908259, 2.285768665406427 ], [ -76.580375458103973, 2.285768665406427 ], [ -76.580375458103973, 2.285587413988658 ], [ -76.580465274006116, 2.285587413988658 ], [ -76.580465274006116, 2.285678039697543 ] ] ], [ [ [ -76.577680981039762, 2.285587413988658 ], [ -76.577860612844034, 2.285587413988658 ], [ -76.577860612844034, 2.285768665406427 ], [ -76.577680981039762, 2.285768665406427 ], [ -76.577680981039762, 2.285587413988658 ] ] ], [ [ [ -76.5801958262997, 2.285768665406427 ], [ -76.580375458103973, 2.285768665406427 ], [ -76.580375458103973, 2.285859291115312 ], [ -76.5801958262997, 2.285859291115312 ], [ -76.5801958262997, 2.285768665406427 ] ] ], [ [ [ -76.57732171743119, 2.285768665406427 ], [ -76.577680981039762, 2.285768665406427 ], [ -76.577680981039762, 2.285949916824197 ], [ -76.57732171743119, 2.285949916824197 ], [ -76.57732171743119, 2.285768665406427 ] ] ], [ [ [ -76.579477299082569, 2.285949916824197 ], [ -76.579477299082569, 2.285768665406427 ], [ -76.579656930886856, 2.285768665406427 ], [ -76.579656930886856, 2.285949916824197 ], [ -76.579477299082569, 2.285949916824197 ] ] ], [ [ [ -76.579836562691128, 2.286040542533081 ], [ -76.579746746788999, 2.286040542533081 ], [ -76.579746746788999, 2.286131168241966 ], [ -76.579656930886856, 2.286131168241966 ], [ -76.579656930886856, 2.285949916824197 ], [ -76.579836562691128, 2.285949916824197 ], [ -76.579836562691128, 2.286040542533081 ] ] ], [ [ [ -76.578040244648321, 2.286312419659736 ], [ -76.577860612844034, 2.286312419659736 ], [ -76.577860612844034, 2.286131168241966 ], [ -76.578040244648321, 2.286131168241966 ], [ -76.578040244648321, 2.285949916824197 ], [ -76.578579140061166, 2.285949916824197 ], [ -76.578579140061166, 2.286131168241966 ], [ -76.578309692354736, 2.286131168241966 ], [ -76.578309692354736, 2.286221793950851 ], [ -76.578040244648321, 2.286221793950851 ], [ -76.578040244648321, 2.286312419659736 ] ] ], [ [ [ -76.578579140061166, 2.286131168241966 ], [ -76.578758771865438, 2.286131168241966 ], [ -76.578758771865438, 2.286312419659736 ], [ -76.578668955963309, 2.286312419659736 ], [ -76.578668955963309, 2.286221793950851 ], [ -76.578579140061166, 2.286221793950851 ], [ -76.578579140061166, 2.286131168241966 ] ] ], [ [ [ -76.579656930886856, 2.286221793950851 ], [ -76.579746746788999, 2.286221793950851 ], [ -76.579746746788999, 2.286312419659736 ], [ -76.579477299082569, 2.286312419659736 ], [ -76.579477299082569, 2.286131168241966 ], [ -76.579656930886856, 2.286131168241966 ], [ -76.579656930886856, 2.286221793950851 ] ] ], [ [ [ -76.580016194495414, 2.286312419659736 ], [ -76.579926378593271, 2.286312419659736 ], [ -76.579926378593271, 2.28640304536862 ], [ -76.579836562691128, 2.28640304536862 ], [ -76.579836562691128, 2.286131168241966 ], [ -76.580016194495414, 2.286131168241966 ], [ -76.580016194495414, 2.286312419659736 ] ] ], [ [ [ -76.578130060550464, 2.286312419659736 ], [ -76.578219876452607, 2.286312419659736 ], [ -76.578219876452607, 2.286493671077505 ], [ -76.578040244648321, 2.286493671077505 ], [ -76.578040244648321, 2.28640304536862 ], [ -76.578130060550464, 2.28640304536862 ], [ -76.578130060550464, 2.286312419659736 ] ] ], [ [ [ -76.578219876452607, 2.286493671077505 ], [ -76.578309692354736, 2.286493671077505 ], [ -76.578309692354736, 2.28658429678639 ], [ -76.578219876452607, 2.28658429678639 ], [ -76.578219876452607, 2.286493671077505 ] ] ], [ [ [ -76.578130060550464, 2.28658429678639 ], [ -76.578219876452607, 2.28658429678639 ], [ -76.578219876452607, 2.286674922495274 ], [ -76.578130060550464, 2.286674922495274 ], [ -76.578130060550464, 2.28658429678639 ] ] ], [ [ [ -76.577501349235476, 2.286674922495274 ], [ -76.577591165137619, 2.286674922495274 ], [ -76.577591165137619, 2.286765548204159 ], [ -76.577680981039762, 2.286765548204159 ], [ -76.577680981039762, 2.286674922495274 ], [ -76.578040244648321, 2.286674922495274 ], [ -76.578040244648321, 2.286856173913044 ], [ -76.577501349235476, 2.286856173913044 ], [ -76.577501349235476, 2.286674922495274 ] ] ], [ [ [ -76.578040244648321, 2.286856173913044 ], [ -76.578219876452607, 2.286856173913044 ], [ -76.578219876452607, 2.287037425330813 ], [ -76.578040244648321, 2.287037425330813 ], [ -76.578040244648321, 2.286856173913044 ] ] ], [ [ [ -76.577680981039762, 2.287309302457467 ], [ -76.577591165137619, 2.287309302457467 ], [ -76.577591165137619, 2.287399928166352 ], [ -76.577501349235476, 2.287399928166352 ], [ -76.577501349235476, 2.287037425330813 ], [ -76.577680981039762, 2.287037425330813 ], [ -76.577680981039762, 2.287309302457467 ] ] ], [ [ [ -76.581543064831806, 2.287309302457467 ], [ -76.581632880733949, 2.287309302457467 ], [ -76.581632880733949, 2.287399928166352 ], [ -76.581543064831806, 2.287399928166352 ], [ -76.581543064831806, 2.287309302457467 ] ] ], [ [ [ -76.579567114984712, 2.287671805293006 ], [ -76.579656930886856, 2.287671805293006 ], [ -76.579656930886856, 2.287853056710775 ], [ -76.579567114984712, 2.287853056710775 ], [ -76.579567114984712, 2.287671805293006 ] ] ], [ [ [ -76.580734721712545, 2.287853056710775 ], [ -76.580734721712545, 2.287671805293006 ], [ -76.580824537614674, 2.287671805293006 ], [ -76.580824537614674, 2.287853056710775 ], [ -76.580734721712545, 2.287853056710775 ] ] ], [ [ [ -76.581093985321104, 2.287671805293006 ], [ -76.58127361712539, 2.287671805293006 ], [ -76.58127361712539, 2.287853056710775 ], [ -76.581093985321104, 2.287853056710775 ], [ -76.581093985321104, 2.287671805293006 ] ] ], [ [ [ -76.579118035474011, 2.28794368241966 ], [ -76.579028219571867, 2.28794368241966 ], [ -76.579028219571867, 2.288034308128545 ], [ -76.578579140061166, 2.288034308128545 ], [ -76.578579140061166, 2.28794368241966 ], [ -76.578848587767581, 2.28794368241966 ], [ -76.578848587767581, 2.287853056710775 ], [ -76.578579140061166, 2.287853056710775 ], [ -76.578579140061166, 2.28776243100189 ], [ -76.579297667278283, 2.28776243100189 ], [ -76.579297667278283, 2.287853056710775 ], [ -76.579118035474011, 2.287853056710775 ], [ -76.579118035474011, 2.28794368241966 ] ] ], [ [ [ -76.579656930886856, 2.287853056710775 ], [ -76.579836562691128, 2.287853056710775 ], [ -76.579836562691128, 2.288034308128545 ], [ -76.579746746788999, 2.288034308128545 ], [ -76.579746746788999, 2.28794368241966 ], [ -76.579656930886856, 2.28794368241966 ], [ -76.579656930886856, 2.287853056710775 ] ] ], [ [ [ -76.5801958262997, 2.287853056710775 ], [ -76.580375458103973, 2.287853056710775 ], [ -76.580375458103973, 2.288034308128545 ], [ -76.5801958262997, 2.288034308128545 ], [ -76.5801958262997, 2.287853056710775 ] ] ], [ [ [ -76.58127361712539, 2.287853056710775 ], [ -76.581453248929662, 2.287853056710775 ], [ -76.581453248929662, 2.288124933837429 ], [ -76.581363433027519, 2.288124933837429 ], [ -76.581363433027519, 2.288034308128545 ], [ -76.58127361712539, 2.288034308128545 ], [ -76.58127361712539, 2.287853056710775 ] ] ], [ [ [ -76.580824537614674, 2.288034308128545 ], [ -76.581093985321104, 2.288034308128545 ], [ -76.581093985321104, 2.288215559546314 ], [ -76.580734721712545, 2.288215559546314 ], [ -76.580734721712545, 2.288124933837429 ], [ -76.580824537614674, 2.288124933837429 ], [ -76.580824537614674, 2.288034308128545 ] ] ], [ [ [ -76.579387483180426, 2.288487436672968 ], [ -76.579387483180426, 2.288215559546314 ], [ -76.579297667278283, 2.288215559546314 ], [ -76.579297667278283, 2.28794368241966 ], [ -76.579477299082569, 2.28794368241966 ], [ -76.579477299082569, 2.288396810964084 ], [ -76.579567114984712, 2.288396810964084 ], [ -76.579567114984712, 2.288487436672968 ], [ -76.579387483180426, 2.288487436672968 ] ] ], [ [ [ -76.581453248929662, 2.288215559546314 ], [ -76.581632880733949, 2.288215559546314 ], [ -76.581632880733949, 2.288396810964084 ], [ -76.581453248929662, 2.288396810964084 ], [ -76.581453248929662, 2.288215559546314 ] ] ], [ [ [ -76.581093985321104, 2.288215559546314 ], [ -76.58127361712539, 2.288215559546314 ], [ -76.58127361712539, 2.288396810964084 ], [ -76.581093985321104, 2.288396810964084 ], [ -76.581093985321104, 2.288215559546314 ] ] ], [ [ [ -76.578758771865438, 2.288306185255199 ], [ -76.578668955963309, 2.288306185255199 ], [ -76.578668955963309, 2.288396810964084 ], [ -76.578579140061166, 2.288396810964084 ], [ -76.578579140061166, 2.288215559546314 ], [ -76.578758771865438, 2.288215559546314 ], [ -76.578758771865438, 2.288306185255199 ] ] ], [ [ [ -76.580644905810402, 2.288306185255199 ], [ -76.580734721712545, 2.288306185255199 ], [ -76.580734721712545, 2.288396810964084 ], [ -76.580644905810402, 2.288396810964084 ], [ -76.580644905810402, 2.288306185255199 ] ] ], [ [ [ -76.580465274006116, 2.288396810964084 ], [ -76.580555089908259, 2.288396810964084 ], [ -76.580555089908259, 2.288578062381853 ], [ -76.580375458103973, 2.288578062381853 ], [ -76.580375458103973, 2.288487436672968 ], [ -76.580465274006116, 2.288487436672968 ], [ -76.580465274006116, 2.288396810964084 ] ] ], [ [ [ -76.580734721712545, 2.288396810964084 ], [ -76.581093985321104, 2.288396810964084 ], [ -76.581093985321104, 2.288578062381853 ], [ -76.580734721712545, 2.288578062381853 ], [ -76.580734721712545, 2.288396810964084 ] ] ], [ [ [ -76.578758771865438, 2.288578062381853 ], [ -76.578758771865438, 2.288487436672968 ], [ -76.578848587767581, 2.288487436672968 ], [ -76.578848587767581, 2.288578062381853 ], [ -76.578758771865438, 2.288578062381853 ] ] ], [ [ [ -76.580375458103973, 2.288578062381853 ], [ -76.580375458103973, 2.288759313799622 ], [ -76.5801958262997, 2.288759313799622 ], [ -76.5801958262997, 2.288668688090737 ], [ -76.580285642201829, 2.288668688090737 ], [ -76.580285642201829, 2.288578062381853 ], [ -76.580375458103973, 2.288578062381853 ] ] ], [ [ [ -76.580106010397557, 2.288849939508507 ], [ -76.580106010397557, 2.288759313799622 ], [ -76.5801958262997, 2.288759313799622 ], [ -76.5801958262997, 2.288940565217391 ], [ -76.580016194495414, 2.288940565217391 ], [ -76.580016194495414, 2.288849939508507 ], [ -76.580106010397557, 2.288849939508507 ] ] ], [ [ [ -76.579836562691128, 2.289121816635161 ], [ -76.579477299082569, 2.289121816635161 ], [ -76.579477299082569, 2.288940565217391 ], [ -76.579297667278283, 2.288940565217391 ], [ -76.579297667278283, 2.288578062381853 ], [ -76.578938403669724, 2.288578062381853 ], [ -76.578938403669724, 2.288487436672968 ], [ -76.578848587767581, 2.288487436672968 ], [ -76.578848587767581, 2.288396810964084 ], [ -76.579207851376154, 2.288396810964084 ], [ -76.579207851376154, 2.288487436672968 ], [ -76.579387483180426, 2.288487436672968 ], [ -76.579387483180426, 2.288759313799622 ], [ -76.579477299082569, 2.288759313799622 ], [ -76.579477299082569, 2.288849939508507 ], [ -76.579656930886856, 2.288849939508507 ], [ -76.579656930886856, 2.288940565217391 ], [ -76.580016194495414, 2.288940565217391 ], [ -76.580016194495414, 2.289121816635161 ], [ -76.5801958262997, 2.289121816635161 ], [ -76.5801958262997, 2.288940565217391 ], [ -76.580644905810402, 2.288940565217391 ], [ -76.580644905810402, 2.289031190926276 ], [ -76.581004169418961, 2.289031190926276 ], [ -76.581004169418961, 2.288940565217391 ], [ -76.580914353516818, 2.288940565217391 ], [ -76.580914353516818, 2.288759313799622 ], [ -76.581093985321104, 2.288759313799622 ], [ -76.581093985321104, 2.28930306805293 ], [ -76.580914353516818, 2.28930306805293 ], [ -76.580914353516818, 2.289212442344045 ], [ -76.580734721712545, 2.289212442344045 ], [ -76.580734721712545, 2.28930306805293 ], [ -76.580555089908259, 2.28930306805293 ], [ -76.580555089908259, 2.289121816635161 ], [ -76.580375458103973, 2.289121816635161 ], [ -76.580375458103973, 2.28930306805293 ], [ -76.579836562691128, 2.28930306805293 ], [ -76.579836562691128, 2.289121816635161 ] ] ], [ [ [ -76.578579140061166, 2.289212442344045 ], [ -76.578489324159023, 2.289212442344045 ], [ -76.578489324159023, 2.28930306805293 ], [ -76.578399508256879, 2.28930306805293 ], [ -76.578399508256879, 2.288940565217391 ], [ -76.578579140061166, 2.288940565217391 ], [ -76.578579140061166, 2.289212442344045 ] ] ], [ [ [ -76.581453248929662, 2.289121816635161 ], [ -76.581632880733949, 2.289121816635161 ], [ -76.581632880733949, 2.28930306805293 ], [ -76.581453248929662, 2.28930306805293 ], [ -76.581453248929662, 2.289121816635161 ] ] ], [ [ [ -76.578938403669724, 2.28930306805293 ], [ -76.579028219571867, 2.28930306805293 ], [ -76.579028219571867, 2.289393693761815 ], [ -76.578938403669724, 2.289393693761815 ], [ -76.578938403669724, 2.28930306805293 ] ] ], [ [ [ -76.580824537614674, 2.28930306805293 ], [ -76.580914353516818, 2.28930306805293 ], [ -76.580914353516818, 2.289665570888469 ], [ -76.580734721712545, 2.289665570888469 ], [ -76.580734721712545, 2.289393693761815 ], [ -76.580824537614674, 2.289393693761815 ], [ -76.580824537614674, 2.28930306805293 ] ] ], [ [ [ -76.579926378593271, 2.290481202268431 ], [ -76.579746746788999, 2.290481202268431 ], [ -76.579746746788999, 2.290571827977316 ], [ -76.579477299082569, 2.290571827977316 ], [ -76.579477299082569, 2.290390576559546 ], [ -76.579836562691128, 2.290390576559546 ], [ -76.579836562691128, 2.290028073724008 ], [ -76.579656930886856, 2.290028073724008 ], [ -76.579656930886856, 2.289846822306238 ], [ -76.579836562691128, 2.289846822306238 ], [ -76.579836562691128, 2.289756196597354 ], [ -76.579926378593271, 2.289756196597354 ], [ -76.579926378593271, 2.289665570888469 ], [ -76.580734721712545, 2.289665570888469 ], [ -76.580734721712545, 2.289846822306238 ], [ -76.5801958262997, 2.289846822306238 ], [ -76.5801958262997, 2.290028073724008 ], [ -76.580375458103973, 2.290028073724008 ], [ -76.580375458103973, 2.290209325141777 ], [ -76.5801958262997, 2.290209325141777 ], [ -76.5801958262997, 2.290571827977316 ], [ -76.580734721712545, 2.290571827977316 ], [ -76.580734721712545, 2.290934330812854 ], [ -76.580644905810402, 2.290934330812854 ], [ -76.580644905810402, 2.29084370510397 ], [ -76.580555089908259, 2.29084370510397 ], [ -76.580555089908259, 2.290753079395085 ], [ -76.580465274006116, 2.290753079395085 ], [ -76.580465274006116, 2.2906624536862 ], [ -76.580016194495414, 2.2906624536862 ], [ -76.580016194495414, 2.290571827977316 ], [ -76.579926378593271, 2.290571827977316 ], [ -76.579926378593271, 2.290481202268431 ] ] ], [ [ [ -76.578758771865438, 2.290934330812854 ], [ -76.579118035474011, 2.290934330812854 ], [ -76.579118035474011, 2.291115582230624 ], [ -76.578758771865438, 2.291115582230624 ], [ -76.578758771865438, 2.290934330812854 ] ] ], [ [ [ -76.57732171743119, 2.291478085066163 ], [ -76.577501349235476, 2.291478085066163 ], [ -76.577501349235476, 2.291659336483932 ], [ -76.57732171743119, 2.291659336483932 ], [ -76.57732171743119, 2.291478085066163 ] ] ], [ [ [ -76.579028219571867, 2.291659336483932 ], [ -76.578938403669724, 2.291659336483932 ], [ -76.578938403669724, 2.292021839319471 ], [ -76.578758771865438, 2.292021839319471 ], [ -76.578758771865438, 2.291840587901702 ], [ -76.578579140061166, 2.291840587901702 ], [ -76.578579140061166, 2.291659336483932 ], [ -76.578758771865438, 2.291659336483932 ], [ -76.578758771865438, 2.291296833648393 ], [ -76.579118035474011, 2.291296833648393 ], [ -76.579118035474011, 2.291478085066163 ], [ -76.579028219571867, 2.291478085066163 ], [ -76.579028219571867, 2.291659336483932 ] ] ], [ [ [ -76.57732171743119, 2.292565593572779 ], [ -76.577501349235476, 2.292565593572779 ], [ -76.577501349235476, 2.292746844990548 ], [ -76.57732171743119, 2.292746844990548 ], [ -76.57732171743119, 2.292565593572779 ] ] ], [ [ [ -76.580375458103973, 2.312956378071834 ], [ -76.580285642201829, 2.312956378071834 ], [ -76.580285642201829, 2.312865752362949 ], [ -76.580465274006116, 2.312865752362949 ], [ -76.580465274006116, 2.312956378071834 ], [ -76.580555089908259, 2.312956378071834 ], [ -76.580555089908259, 2.313047003780718 ], [ -76.580375458103973, 2.313047003780718 ], [ -76.580375458103973, 2.312956378071834 ] ] ], [ [ [ -76.577501349235476, 2.314315763705104 ], [ -76.577501349235476, 2.314134512287335 ], [ -76.577680981039762, 2.314134512287335 ], [ -76.577680981039762, 2.313953260869565 ], [ -76.577770796941891, 2.313953260869565 ], [ -76.577770796941891, 2.313862635160681 ], [ -76.577860612844034, 2.313862635160681 ], [ -76.577860612844034, 2.314315763705104 ], [ -76.577501349235476, 2.314315763705104 ] ] ], [ [ [ -76.579028219571867, 2.318756423440454 ], [ -76.579118035474011, 2.318756423440454 ], [ -76.579118035474011, 2.318847049149339 ], [ -76.579028219571867, 2.318847049149339 ], [ -76.579028219571867, 2.318756423440454 ] ] ], [ [ [ -76.578938403669724, 2.319028300567108 ], [ -76.578758771865438, 2.319028300567108 ], [ -76.578758771865438, 2.319209551984877 ], [ -76.578579140061166, 2.319209551984877 ], [ -76.578579140061166, 2.319028300567108 ], [ -76.578668955963309, 2.319028300567108 ], [ -76.578668955963309, 2.318937674858223 ], [ -76.578758771865438, 2.318937674858223 ], [ -76.578758771865438, 2.318847049149339 ], [ -76.578848587767581, 2.318847049149339 ], [ -76.578848587767581, 2.318756423440454 ], [ -76.578938403669724, 2.318756423440454 ], [ -76.578938403669724, 2.319028300567108 ] ] ], [ [ [ -76.578219876452607, 2.320115809073724 ], [ -76.578399508256879, 2.320115809073724 ], [ -76.578399508256879, 2.320297060491494 ], [ -76.578219876452607, 2.320297060491494 ], [ -76.578219876452607, 2.320115809073724 ] ] ], [ [ [ -76.580824537614674, 2.331987776937618 ], [ -76.580914353516818, 2.331987776937618 ], [ -76.580914353516818, 2.331897151228734 ], [ -76.581004169418961, 2.331897151228734 ], [ -76.581004169418961, 2.331806525519849 ], [ -76.581363433027519, 2.331806525519849 ], [ -76.581363433027519, 2.331715899810964 ], [ -76.581543064831806, 2.331715899810964 ], [ -76.581543064831806, 2.331806525519849 ], [ -76.581453248929662, 2.331806525519849 ], [ -76.581453248929662, 2.331897151228734 ], [ -76.581363433027519, 2.331897151228734 ], [ -76.581363433027519, 2.332078402646503 ], [ -76.581004169418961, 2.332078402646503 ], [ -76.581004169418961, 2.332169028355388 ], [ -76.580465274006116, 2.332169028355388 ], [ -76.580465274006116, 2.332078402646503 ], [ -76.580555089908259, 2.332078402646503 ], [ -76.580555089908259, 2.331897151228734 ], [ -76.580644905810402, 2.331897151228734 ], [ -76.580644905810402, 2.331806525519849 ], [ -76.580734721712545, 2.331806525519849 ], [ -76.580734721712545, 2.331897151228734 ], [ -76.580824537614674, 2.331897151228734 ], [ -76.580824537614674, 2.331987776937618 ] ] ], [ [ [ -76.580824537614674, 2.332350279773157 ], [ -76.581004169418961, 2.332350279773157 ], [ -76.581004169418961, 2.332531531190926 ], [ -76.580824537614674, 2.332531531190926 ], [ -76.580824537614674, 2.332350279773157 ] ] ], [ [ [ -76.582081960244651, 2.332531531190926 ], [ -76.581992144342507, 2.332531531190926 ], [ -76.581992144342507, 2.332440905482042 ], [ -76.582171776146794, 2.332440905482042 ], [ -76.582171776146794, 2.332531531190926 ], [ -76.582261592048937, 2.332531531190926 ], [ -76.582261592048937, 2.332622156899811 ], [ -76.582351407951066, 2.332622156899811 ], [ -76.582351407951066, 2.332712782608696 ], [ -76.582261592048937, 2.332712782608696 ], [ -76.582261592048937, 2.33280340831758 ], [ -76.582171776146794, 2.33280340831758 ], [ -76.582171776146794, 2.332894034026465 ], [ -76.582081960244651, 2.332894034026465 ], [ -76.582081960244651, 2.333075285444234 ], [ -76.581543064831806, 2.333075285444234 ], [ -76.581543064831806, 2.332894034026465 ], [ -76.581183801223247, 2.332894034026465 ], [ -76.581183801223247, 2.332712782608696 ], [ -76.581004169418961, 2.332712782608696 ], [ -76.581004169418961, 2.332531531190926 ], [ -76.581453248929662, 2.332531531190926 ], [ -76.581453248929662, 2.332622156899811 ], [ -76.581543064831806, 2.332622156899811 ], [ -76.581543064831806, 2.332712782608696 ], [ -76.581902328440364, 2.332712782608696 ], [ -76.581902328440364, 2.33280340831758 ], [ -76.581992144342507, 2.33280340831758 ], [ -76.581992144342507, 2.332622156899811 ], [ -76.582081960244651, 2.332622156899811 ], [ -76.582081960244651, 2.332531531190926 ] ] ], [ [ [ -76.580824537614674, 2.333075285444234 ], [ -76.580824537614674, 2.332894034026465 ], [ -76.581004169418961, 2.332894034026465 ], [ -76.581004169418961, 2.333075285444234 ], [ -76.580824537614674, 2.333075285444234 ] ] ], [ [ [ -76.581363433027519, 2.333075285444234 ], [ -76.581543064831806, 2.333075285444234 ], [ -76.581543064831806, 2.333256536862004 ], [ -76.581363433027519, 2.333256536862004 ], [ -76.581363433027519, 2.333075285444234 ] ] ], [ [ [ -76.581363433027519, 2.340415967863894 ], [ -76.581453248929662, 2.340415967863894 ], [ -76.581453248929662, 2.34032534215501 ], [ -76.581543064831806, 2.34032534215501 ], [ -76.581543064831806, 2.340415967863894 ], [ -76.581632880733949, 2.340415967863894 ], [ -76.581632880733949, 2.340597219281664 ], [ -76.581363433027519, 2.340597219281664 ], [ -76.581363433027519, 2.340415967863894 ] ] ], [ [ [ -76.577501349235476, 2.352106684310019 ], [ -76.577142085626917, 2.352106684310019 ], [ -76.577142085626917, 2.35192543289225 ], [ -76.577231901529046, 2.35192543289225 ], [ -76.577231901529046, 2.351834807183365 ], [ -76.57732171743119, 2.351834807183365 ], [ -76.57732171743119, 2.35192543289225 ], [ -76.577411533333333, 2.35192543289225 ], [ -76.577411533333333, 2.352016058601134 ], [ -76.577501349235476, 2.352016058601134 ], [ -76.577501349235476, 2.352106684310019 ] ] ], [ [ [ -76.577770796941891, 2.353194192816635 ], [ -76.577950428746178, 2.353194192816635 ], [ -76.577950428746178, 2.353375444234405 ], [ -76.577770796941891, 2.353375444234405 ], [ -76.577770796941891, 2.353194192816635 ] ] ], [ [ [ -76.578219876452607, 2.353466069943289 ], [ -76.578309692354736, 2.353466069943289 ], [ -76.578309692354736, 2.353556695652174 ], [ -76.578130060550464, 2.353556695652174 ], [ -76.578130060550464, 2.353375444234405 ], [ -76.578219876452607, 2.353375444234405 ], [ -76.578219876452607, 2.353466069943289 ] ] ], [ [ [ -76.578399508256879, 2.353737947069944 ], [ -76.578309692354736, 2.353737947069944 ], [ -76.578309692354736, 2.353556695652174 ], [ -76.578399508256879, 2.353556695652174 ], [ -76.578399508256879, 2.353737947069944 ] ] ], [ [ [ -76.578758771865438, 2.354100449905482 ], [ -76.578758771865438, 2.354281701323252 ], [ -76.578489324159023, 2.354281701323252 ], [ -76.578489324159023, 2.354100449905482 ], [ -76.578309692354736, 2.354100449905482 ], [ -76.578309692354736, 2.353919198487713 ], [ -76.578579140061166, 2.353919198487713 ], [ -76.578579140061166, 2.354009824196598 ], [ -76.578668955963309, 2.354009824196598 ], [ -76.578668955963309, 2.354100449905482 ], [ -76.578758771865438, 2.354100449905482 ] ] ], [ [ [ -76.578938403669724, 2.354553578449906 ], [ -76.579028219571867, 2.354553578449906 ], [ -76.579028219571867, 2.35464420415879 ], [ -76.578668955963309, 2.35464420415879 ], [ -76.578668955963309, 2.354462952741021 ], [ -76.578938403669724, 2.354462952741021 ], [ -76.578938403669724, 2.354553578449906 ] ] ], [ [ [ -76.578668955963309, 2.356819221172023 ], [ -76.578848587767581, 2.356819221172023 ], [ -76.578848587767581, 2.357000472589792 ], [ -76.578668955963309, 2.357000472589792 ], [ -76.578668955963309, 2.356819221172023 ] ] ], [ [ [ -76.580465274006116, 2.357816103969754 ], [ -76.580555089908259, 2.357816103969754 ], [ -76.580555089908259, 2.35772547826087 ], [ -76.580734721712545, 2.35772547826087 ], [ -76.580734721712545, 2.357816103969754 ], [ -76.580914353516818, 2.357816103969754 ], [ -76.580914353516818, 2.357906729678639 ], [ -76.581093985321104, 2.357906729678639 ], [ -76.581093985321104, 2.357997355387524 ], [ -76.58127361712539, 2.357997355387524 ], [ -76.58127361712539, 2.357906729678639 ], [ -76.581363433027519, 2.357906729678639 ], [ -76.581363433027519, 2.358087981096408 ], [ -76.581453248929662, 2.358087981096408 ], [ -76.581453248929662, 2.358178606805293 ], [ -76.581543064831806, 2.358178606805293 ], [ -76.581543064831806, 2.358269232514178 ], [ -76.581183801223247, 2.358269232514178 ], [ -76.581183801223247, 2.358178606805293 ], [ -76.581004169418961, 2.358178606805293 ], [ -76.581004169418961, 2.358359858223062 ], [ -76.580824537614674, 2.358359858223062 ], [ -76.580824537614674, 2.358269232514178 ], [ -76.580734721712545, 2.358269232514178 ], [ -76.580734721712545, 2.358178606805293 ], [ -76.580465274006116, 2.358178606805293 ], [ -76.580465274006116, 2.358269232514178 ], [ -76.580285642201829, 2.358269232514178 ], [ -76.580285642201829, 2.358087981096408 ], [ -76.580465274006116, 2.358087981096408 ], [ -76.580465274006116, 2.357816103969754 ] ] ], [ [ [ -76.580016194495414, 2.358269232514178 ], [ -76.580106010397557, 2.358269232514178 ], [ -76.580106010397557, 2.358450483931947 ], [ -76.580016194495414, 2.358450483931947 ], [ -76.580016194495414, 2.358269232514178 ] ] ], [ [ [ -76.580555089908259, 2.358722361058601 ], [ -76.580644905810402, 2.358722361058601 ], [ -76.580644905810402, 2.358812986767486 ], [ -76.580734721712545, 2.358812986767486 ], [ -76.580734721712545, 2.358994238185256 ], [ -76.580644905810402, 2.358994238185256 ], [ -76.580644905810402, 2.358903612476371 ], [ -76.580555089908259, 2.358903612476371 ], [ -76.580555089908259, 2.358994238185256 ], [ -76.580285642201829, 2.358994238185256 ], [ -76.580285642201829, 2.358812986767486 ], [ -76.580465274006116, 2.358812986767486 ], [ -76.580465274006116, 2.358631735349717 ], [ -76.580555089908259, 2.358631735349717 ], [ -76.580555089908259, 2.358722361058601 ] ] ], [ [ [ -76.580285642201829, 2.359537992438563 ], [ -76.580375458103973, 2.359537992438563 ], [ -76.580375458103973, 2.359719243856333 ], [ -76.580285642201829, 2.359719243856333 ], [ -76.580285642201829, 2.359537992438563 ] ] ], [ [ [ -76.578489324159023, 2.36044424952741 ], [ -76.578489324159023, 2.360262998109641 ], [ -76.578668955963309, 2.360262998109641 ], [ -76.578668955963309, 2.36044424952741 ], [ -76.578489324159023, 2.36044424952741 ] ] ], [ [ [ -76.579028219571867, 2.36044424952741 ], [ -76.579207851376154, 2.36044424952741 ], [ -76.579207851376154, 2.36062550094518 ], [ -76.579028219571867, 2.36062550094518 ], [ -76.579028219571867, 2.36044424952741 ] ] ], [ [ [ -76.578489324159023, 2.36062550094518 ], [ -76.578668955963309, 2.36062550094518 ], [ -76.578668955963309, 2.360806752362949 ], [ -76.578489324159023, 2.360806752362949 ], [ -76.578489324159023, 2.36062550094518 ] ] ], [ [ [ -76.579028219571867, 2.360806752362949 ], [ -76.579207851376154, 2.360806752362949 ], [ -76.579207851376154, 2.360988003780719 ], [ -76.579028219571867, 2.360988003780719 ], [ -76.579028219571867, 2.360806752362949 ] ] ], [ [ [ -76.579387483180426, 2.360806752362949 ], [ -76.579567114984712, 2.360806752362949 ], [ -76.579567114984712, 2.360988003780719 ], [ -76.579387483180426, 2.360988003780719 ], [ -76.579387483180426, 2.360806752362949 ] ] ], [ [ [ -76.578668955963309, 2.361350506616257 ], [ -76.578848587767581, 2.361350506616257 ], [ -76.578848587767581, 2.361531758034026 ], [ -76.578489324159023, 2.361531758034026 ], [ -76.578489324159023, 2.361169255198488 ], [ -76.578668955963309, 2.361169255198488 ], [ -76.578668955963309, 2.361350506616257 ] ] ], [ [ [ -76.579028219571867, 2.361713009451796 ], [ -76.579207851376154, 2.361713009451796 ], [ -76.579207851376154, 2.361894260869565 ], [ -76.579028219571867, 2.361894260869565 ], [ -76.579028219571867, 2.362256763705104 ], [ -76.578848587767581, 2.362256763705104 ], [ -76.578848587767581, 2.361531758034026 ], [ -76.579028219571867, 2.361531758034026 ], [ -76.579028219571867, 2.361713009451796 ] ] ], [ [ [ -76.579567114984712, 2.362438015122874 ], [ -76.579567114984712, 2.362256763705104 ], [ -76.579746746788999, 2.362256763705104 ], [ -76.579746746788999, 2.362438015122874 ], [ -76.579567114984712, 2.362438015122874 ] ] ], [ [ [ -76.573100370030588, 2.281056128544424 ], [ -76.573190185932717, 2.281056128544424 ], [ -76.573190185932717, 2.281237379962193 ], [ -76.573010554128444, 2.281237379962193 ], [ -76.573010554128444, 2.281146754253308 ], [ -76.573100370030588, 2.281146754253308 ], [ -76.573100370030588, 2.281056128544424 ] ] ], [ [ [ -76.572830922324158, 2.281690508506617 ], [ -76.572920738226301, 2.281690508506617 ], [ -76.572920738226301, 2.281781134215501 ], [ -76.572830922324158, 2.281781134215501 ], [ -76.572830922324158, 2.281690508506617 ] ] ], [ [ [ -76.577501349235476, 2.286493671077505 ], [ -76.577501349235476, 2.286674922495274 ], [ -76.577142085626917, 2.286674922495274 ], [ -76.577142085626917, 2.286856173913044 ], [ -76.576603190214072, 2.286856173913044 ], [ -76.576603190214072, 2.286674922495274 ], [ -76.576782822018345, 2.286674922495274 ], [ -76.576782822018345, 2.286493671077505 ], [ -76.577142085626917, 2.286493671077505 ], [ -76.577142085626917, 2.286312419659736 ], [ -76.57732171743119, 2.286312419659736 ], [ -76.57732171743119, 2.286493671077505 ], [ -76.577501349235476, 2.286493671077505 ] ] ], [ [ [ -76.576064294801228, 2.287037425330813 ], [ -76.575705031192655, 2.287037425330813 ], [ -76.575705031192655, 2.286856173913044 ], [ -76.575884662996941, 2.286856173913044 ], [ -76.575884662996941, 2.286765548204159 ], [ -76.576064294801228, 2.286765548204159 ], [ -76.576064294801228, 2.287037425330813 ] ] ], [ [ [ -76.575166135779824, 2.286765548204159 ], [ -76.575255951681953, 2.286765548204159 ], [ -76.575255951681953, 2.286674922495274 ], [ -76.575615215290526, 2.286674922495274 ], [ -76.575615215290526, 2.286765548204159 ], [ -76.575705031192655, 2.286765548204159 ], [ -76.575705031192655, 2.286856173913044 ], [ -76.575525399388383, 2.286856173913044 ], [ -76.575525399388383, 2.287037425330813 ], [ -76.575166135779824, 2.287037425330813 ], [ -76.575166135779824, 2.287218676748582 ], [ -76.574986503975538, 2.287218676748582 ], [ -76.574986503975538, 2.287037425330813 ], [ -76.575076319877681, 2.287037425330813 ], [ -76.575076319877681, 2.286856173913044 ], [ -76.575166135779824, 2.286856173913044 ], [ -76.575166135779824, 2.286765548204159 ] ] ], [ [ [ -76.5762439266055, 2.287218676748582 ], [ -76.5762439266055, 2.287037425330813 ], [ -76.576423558409786, 2.287037425330813 ], [ -76.576423558409786, 2.287218676748582 ], [ -76.5762439266055, 2.287218676748582 ] ] ], [ [ [ -76.574896688073395, 2.287218676748582 ], [ -76.574986503975538, 2.287218676748582 ], [ -76.574986503975538, 2.287399928166352 ], [ -76.574806872171251, 2.287399928166352 ], [ -76.574806872171251, 2.287309302457467 ], [ -76.574896688073395, 2.287309302457467 ], [ -76.574896688073395, 2.287218676748582 ] ] ], [ [ [ -76.575166135779824, 2.287399928166352 ], [ -76.575345767584096, 2.287399928166352 ], [ -76.575345767584096, 2.287581179584121 ], [ -76.575166135779824, 2.287581179584121 ], [ -76.575166135779824, 2.287399928166352 ] ] ], [ [ [ -76.574986503975538, 2.28794368241966 ], [ -76.574806872171251, 2.28794368241966 ], [ -76.574806872171251, 2.288124933837429 ], [ -76.574627240366979, 2.288124933837429 ], [ -76.574627240366979, 2.28776243100189 ], [ -76.574986503975538, 2.28776243100189 ], [ -76.574986503975538, 2.28794368241966 ] ] ], [ [ [ -76.575884662996941, 2.288124933837429 ], [ -76.575884662996941, 2.28794368241966 ], [ -76.576064294801228, 2.28794368241966 ], [ -76.576064294801228, 2.287853056710775 ], [ -76.576154110703371, 2.287853056710775 ], [ -76.576154110703371, 2.287671805293006 ], [ -76.576064294801228, 2.287671805293006 ], [ -76.576064294801228, 2.287581179584121 ], [ -76.576423558409786, 2.287581179584121 ], [ -76.576423558409786, 2.287399928166352 ], [ -76.576782822018345, 2.287399928166352 ], [ -76.576782822018345, 2.287218676748582 ], [ -76.576962453822631, 2.287218676748582 ], [ -76.576962453822631, 2.287399928166352 ], [ -76.577142085626917, 2.287399928166352 ], [ -76.577142085626917, 2.288487436672968 ], [ -76.576962453822631, 2.288487436672968 ], [ -76.576962453822631, 2.288668688090737 ], [ -76.576872637920488, 2.288668688090737 ], [ -76.576872637920488, 2.288759313799622 ], [ -76.576962453822631, 2.288759313799622 ], [ -76.576962453822631, 2.288940565217391 ], [ -76.576872637920488, 2.288940565217391 ], [ -76.576872637920488, 2.289121816635161 ], [ -76.576782822018345, 2.289121816635161 ], [ -76.576782822018345, 2.289031190926276 ], [ -76.576603190214072, 2.289031190926276 ], [ -76.576603190214072, 2.288668688090737 ], [ -76.576423558409786, 2.288668688090737 ], [ -76.576423558409786, 2.288487436672968 ], [ -76.5762439266055, 2.288487436672968 ], [ -76.5762439266055, 2.288124933837429 ], [ -76.575884662996941, 2.288124933837429 ] ], [ [ -76.576872637920488, 2.288849939508507 ], [ -76.576782822018345, 2.288849939508507 ], [ -76.576782822018345, 2.288940565217391 ], [ -76.576872637920488, 2.288940565217391 ], [ -76.576872637920488, 2.288849939508507 ] ], [ [ -76.576603190214072, 2.288396810964084 ], [ -76.576603190214072, 2.288578062381853 ], [ -76.576693006116216, 2.288578062381853 ], [ -76.576693006116216, 2.288396810964084 ], [ -76.576603190214072, 2.288396810964084 ] ], [ [ -76.576333742507643, 2.288306185255199 ], [ -76.576513374311929, 2.288306185255199 ], [ -76.576513374311929, 2.288215559546314 ], [ -76.576333742507643, 2.288215559546314 ], [ -76.576333742507643, 2.288306185255199 ] ], [ [ -76.576603190214072, 2.288215559546314 ], [ -76.576603190214072, 2.288124933837429 ], [ -76.576513374311929, 2.288124933837429 ], [ -76.576513374311929, 2.288215559546314 ], [ -76.576603190214072, 2.288215559546314 ] ] ], [ [ [ -76.575525399388383, 2.288306185255199 ], [ -76.575705031192655, 2.288306185255199 ], [ -76.575705031192655, 2.288487436672968 ], [ -76.575525399388383, 2.288487436672968 ], [ -76.575525399388383, 2.288306185255199 ] ] ], [ [ [ -76.577052269724774, 2.288668688090737 ], [ -76.577142085626917, 2.288668688090737 ], [ -76.577142085626917, 2.288759313799622 ], [ -76.577052269724774, 2.288759313799622 ], [ -76.577052269724774, 2.288668688090737 ] ] ], [ [ [ -76.575345767584096, 2.288849939508507 ], [ -76.575345767584096, 2.288668688090737 ], [ -76.575525399388383, 2.288668688090737 ], [ -76.575525399388383, 2.288849939508507 ], [ -76.575345767584096, 2.288849939508507 ] ] ], [ [ [ -76.576064294801228, 2.288849939508507 ], [ -76.5762439266055, 2.288849939508507 ], [ -76.5762439266055, 2.289031190926276 ], [ -76.576064294801228, 2.289031190926276 ], [ -76.576064294801228, 2.288849939508507 ] ] ], [ [ [ -76.572830922324158, 2.289665570888469 ], [ -76.572920738226301, 2.289665570888469 ], [ -76.572920738226301, 2.289574945179584 ], [ -76.573010554128444, 2.289574945179584 ], [ -76.573010554128444, 2.289665570888469 ], [ -76.573190185932717, 2.289665570888469 ], [ -76.573190185932717, 2.289756196597354 ], [ -76.572830922324158, 2.289756196597354 ], [ -76.572830922324158, 2.289665570888469 ] ] ], [ [ [ -76.574267976758406, 2.289937448015123 ], [ -76.574088344954134, 2.289937448015123 ], [ -76.574088344954134, 2.289756196597354 ], [ -76.573818897247705, 2.289756196597354 ], [ -76.573818897247705, 2.289665570888469 ], [ -76.573908713149848, 2.289665570888469 ], [ -76.573908713149848, 2.289574945179584 ], [ -76.574088344954134, 2.289574945179584 ], [ -76.574088344954134, 2.289665570888469 ], [ -76.574267976758406, 2.289665570888469 ], [ -76.574267976758406, 2.289937448015123 ] ] ], [ [ [ -76.5762439266055, 2.289665570888469 ], [ -76.576423558409786, 2.289665570888469 ], [ -76.576423558409786, 2.289846822306238 ], [ -76.5762439266055, 2.289846822306238 ], [ -76.5762439266055, 2.289665570888469 ] ] ], [ [ [ -76.575705031192655, 2.289846822306238 ], [ -76.575884662996941, 2.289846822306238 ], [ -76.575884662996941, 2.290028073724008 ], [ -76.575705031192655, 2.290028073724008 ], [ -76.575705031192655, 2.289846822306238 ] ] ], [ [ [ -76.574537424464836, 2.290299950850662 ], [ -76.574627240366979, 2.290299950850662 ], [ -76.574627240366979, 2.290390576559546 ], [ -76.574537424464836, 2.290390576559546 ], [ -76.574537424464836, 2.290299950850662 ] ] ], [ [ [ -76.56950773394496, 2.2906624536862 ], [ -76.56950773394496, 2.290571827977316 ], [ -76.569687365749232, 2.290571827977316 ], [ -76.569687365749232, 2.2906624536862 ], [ -76.56950773394496, 2.2906624536862 ] ] ], [ [ [ -76.572830922324158, 2.29084370510397 ], [ -76.572920738226301, 2.29084370510397 ], [ -76.572920738226301, 2.290934330812854 ], [ -76.572830922324158, 2.290934330812854 ], [ -76.572830922324158, 2.29084370510397 ] ] ], [ [ [ -76.570226261162077, 2.291931213610586 ], [ -76.57031607706422, 2.291931213610586 ], [ -76.57031607706422, 2.292112465028356 ], [ -76.570226261162077, 2.292112465028356 ], [ -76.570226261162077, 2.291931213610586 ] ] ], [ [ [ -76.571034604281351, 2.304075058601134 ], [ -76.571124420183494, 2.304075058601134 ], [ -76.571124420183494, 2.304165684310019 ], [ -76.571034604281351, 2.304165684310019 ], [ -76.571034604281351, 2.304075058601134 ] ] ], [ [ [ -76.570765156574922, 2.306068824196597 ], [ -76.570854972477065, 2.306068824196597 ], [ -76.570854972477065, 2.306159449905482 ], [ -76.570765156574922, 2.306159449905482 ], [ -76.570765156574922, 2.306068824196597 ] ] ], [ [ [ -76.573010554128444, 2.305978198487713 ], [ -76.573190185932717, 2.305978198487713 ], [ -76.573190185932717, 2.306340701323252 ], [ -76.573010554128444, 2.306340701323252 ], [ -76.573010554128444, 2.305978198487713 ] ] ], [ [ [ -76.571034604281351, 2.306250075614367 ], [ -76.571124420183494, 2.306250075614367 ], [ -76.571124420183494, 2.306340701323252 ], [ -76.571034604281351, 2.306340701323252 ], [ -76.571034604281351, 2.306250075614367 ] ] ], [ [ [ -76.572651290519886, 2.306431327032136 ], [ -76.572651290519886, 2.306159449905482 ], [ -76.572830922324158, 2.306159449905482 ], [ -76.572830922324158, 2.306521952741021 ], [ -76.572741106422015, 2.306521952741021 ], [ -76.572741106422015, 2.306431327032136 ], [ -76.572651290519886, 2.306431327032136 ] ] ], [ [ [ -76.569687365749232, 2.307246958412098 ], [ -76.569777181651375, 2.307246958412098 ], [ -76.569777181651375, 2.307065706994329 ], [ -76.570046629357805, 2.307065706994329 ], [ -76.570046629357805, 2.307246958412098 ], [ -76.569956813455661, 2.307246958412098 ], [ -76.569956813455661, 2.307337584120983 ], [ -76.569687365749232, 2.307337584120983 ], [ -76.569687365749232, 2.307246958412098 ] ] ], [ [ [ -76.568340127217127, 2.308515718336484 ], [ -76.568519759021413, 2.308515718336484 ], [ -76.568519759021413, 2.308696969754254 ], [ -76.568340127217127, 2.308696969754254 ], [ -76.568340127217127, 2.308515718336484 ] ] ], [ [ [ -76.569148470336387, 2.309059472589792 ], [ -76.568879022629972, 2.309059472589792 ], [ -76.568879022629972, 2.308878221172023 ], [ -76.569058654434258, 2.308878221172023 ], [ -76.569058654434258, 2.308787595463138 ], [ -76.569148470336387, 2.308787595463138 ], [ -76.569148470336387, 2.308878221172023 ], [ -76.56923828623853, 2.308878221172023 ], [ -76.56923828623853, 2.308968846880908 ], [ -76.569148470336387, 2.308968846880908 ], [ -76.569148470336387, 2.309059472589792 ] ] ], [ [ [ -76.572561474617743, 2.311506366729679 ], [ -76.572830922324158, 2.311506366729679 ], [ -76.572830922324158, 2.311596992438564 ], [ -76.572561474617743, 2.311596992438564 ], [ -76.572561474617743, 2.311506366729679 ] ] ], [ [ [ -76.572830922324158, 2.311596992438564 ], [ -76.572920738226301, 2.311596992438564 ], [ -76.572920738226301, 2.311687618147448 ], [ -76.573010554128444, 2.311687618147448 ], [ -76.573010554128444, 2.311778243856333 ], [ -76.573100370030588, 2.311778243856333 ], [ -76.573100370030588, 2.311959495274102 ], [ -76.572830922324158, 2.311959495274102 ], [ -76.572830922324158, 2.311596992438564 ] ] ], [ [ [ -76.5762439266055, 2.312321998109641 ], [ -76.576333742507643, 2.312321998109641 ], [ -76.576333742507643, 2.312412623818526 ], [ -76.576423558409786, 2.312412623818526 ], [ -76.576423558409786, 2.312593875236295 ], [ -76.576333742507643, 2.312593875236295 ], [ -76.576333742507643, 2.31268450094518 ], [ -76.5762439266055, 2.31268450094518 ], [ -76.5762439266055, 2.312321998109641 ] ] ], [ [ [ -76.575794847094798, 2.313318880907373 ], [ -76.575794847094798, 2.313047003780718 ], [ -76.576064294801228, 2.313047003780718 ], [ -76.576064294801228, 2.313409506616257 ], [ -76.575884662996941, 2.313409506616257 ], [ -76.575884662996941, 2.313318880907373 ], [ -76.575794847094798, 2.313318880907373 ] ] ], [ [ [ -76.576423558409786, 2.313590758034027 ], [ -76.576423558409786, 2.313409506616257 ], [ -76.576603190214072, 2.313409506616257 ], [ -76.576603190214072, 2.313500132325142 ], [ -76.576782822018345, 2.313500132325142 ], [ -76.576782822018345, 2.313590758034027 ], [ -76.577411533333333, 2.313590758034027 ], [ -76.577411533333333, 2.313772009451796 ], [ -76.576603190214072, 2.313772009451796 ], [ -76.576603190214072, 2.313590758034027 ], [ -76.576423558409786, 2.313590758034027 ] ] ], [ [ [ -76.5762439266055, 2.313772009451796 ], [ -76.5762439266055, 2.313590758034027 ], [ -76.576423558409786, 2.313590758034027 ], [ -76.576423558409786, 2.313772009451796 ], [ -76.5762439266055, 2.313772009451796 ] ] ], [ [ [ -76.575884662996941, 2.313953260869565 ], [ -76.576064294801228, 2.313953260869565 ], [ -76.576064294801228, 2.314134512287335 ], [ -76.575974478899084, 2.314134512287335 ], [ -76.575974478899084, 2.31404388657845 ], [ -76.575884662996941, 2.31404388657845 ], [ -76.575884662996941, 2.313953260869565 ] ] ], [ [ [ -76.575794847094798, 2.314587640831758 ], [ -76.575884662996941, 2.314587640831758 ], [ -76.575884662996941, 2.314768892249528 ], [ -76.575705031192655, 2.314768892249528 ], [ -76.575705031192655, 2.314859517958412 ], [ -76.575525399388383, 2.314859517958412 ], [ -76.575525399388383, 2.314950143667297 ], [ -76.575345767584096, 2.314950143667297 ], [ -76.575345767584096, 2.314859517958412 ], [ -76.575255951681953, 2.314859517958412 ], [ -76.575255951681953, 2.314678266540643 ], [ -76.575525399388383, 2.314678266540643 ], [ -76.575525399388383, 2.314587640831758 ], [ -76.575615215290526, 2.314587640831758 ], [ -76.575615215290526, 2.314497015122873 ], [ -76.575794847094798, 2.314497015122873 ], [ -76.575794847094798, 2.314587640831758 ] ] ], [ [ [ -76.576603190214072, 2.314859517958412 ], [ -76.576064294801228, 2.314859517958412 ], [ -76.576064294801228, 2.314678266540643 ], [ -76.576693006116216, 2.314678266540643 ], [ -76.576693006116216, 2.314768892249528 ], [ -76.576872637920488, 2.314768892249528 ], [ -76.576872637920488, 2.315040769376182 ], [ -76.576603190214072, 2.315040769376182 ], [ -76.576603190214072, 2.314859517958412 ] ] ], [ [ [ -76.576064294801228, 2.315403272211721 ], [ -76.576154110703371, 2.315403272211721 ], [ -76.576154110703371, 2.31558452362949 ], [ -76.576064294801228, 2.31558452362949 ], [ -76.576064294801228, 2.315403272211721 ] ] ], [ [ [ -76.575705031192655, 2.318665797731569 ], [ -76.575705031192655, 2.318575172022685 ], [ -76.575884662996941, 2.318575172022685 ], [ -76.575884662996941, 2.318665797731569 ], [ -76.575705031192655, 2.318665797731569 ] ] ], [ [ [ -76.575255951681953, 2.319390803402646 ], [ -76.575166135779824, 2.319390803402646 ], [ -76.575166135779824, 2.319572054820416 ], [ -76.575076319877681, 2.319572054820416 ], [ -76.575076319877681, 2.319209551984877 ], [ -76.575255951681953, 2.319209551984877 ], [ -76.575255951681953, 2.319390803402646 ] ] ], [ [ [ -76.575345767584096, 2.346397264650284 ], [ -76.575435583486239, 2.346397264650284 ], [ -76.575435583486239, 2.346487890359168 ], [ -76.575345767584096, 2.346487890359168 ], [ -76.575345767584096, 2.346397264650284 ] ] ], [ [ [ -76.576333742507643, 2.346487890359168 ], [ -76.576423558409786, 2.346487890359168 ], [ -76.576423558409786, 2.346669141776938 ], [ -76.576333742507643, 2.346669141776938 ], [ -76.576333742507643, 2.346487890359168 ] ] ], [ [ [ -76.576782822018345, 2.346941018903592 ], [ -76.576872637920488, 2.346941018903592 ], [ -76.576872637920488, 2.347031644612477 ], [ -76.576513374311929, 2.347031644612477 ], [ -76.576513374311929, 2.346850393194707 ], [ -76.576782822018345, 2.346850393194707 ], [ -76.576782822018345, 2.346941018903592 ] ] ], [ [ [ -76.568789206727828, 2.350837924385634 ], [ -76.568968838532115, 2.350837924385634 ], [ -76.568968838532115, 2.350928550094518 ], [ -76.568789206727828, 2.350928550094518 ], [ -76.568789206727828, 2.350837924385634 ] ] ], [ [ [ -76.574088344954134, 2.35192543289225 ], [ -76.57435779266055, 2.35192543289225 ], [ -76.57435779266055, 2.352106684310019 ], [ -76.574088344954134, 2.352106684310019 ], [ -76.574088344954134, 2.35192543289225 ] ] ], [ [ [ -76.568968838532115, 2.352287935727789 ], [ -76.568968838532115, 2.352106684310019 ], [ -76.569148470336387, 2.352106684310019 ], [ -76.569148470336387, 2.352287935727789 ], [ -76.568968838532115, 2.352287935727789 ] ] ], [ [ [ -76.574267976758406, 2.352559812854443 ], [ -76.574267976758406, 2.352650438563327 ], [ -76.574178160856263, 2.352650438563327 ], [ -76.574178160856263, 2.352287935727789 ], [ -76.57435779266055, 2.352287935727789 ], [ -76.57435779266055, 2.352559812854443 ], [ -76.574267976758406, 2.352559812854443 ] ] ], [ [ [ -76.573100370030588, 2.353375444234405 ], [ -76.573100370030588, 2.353556695652174 ], [ -76.572920738226301, 2.353556695652174 ], [ -76.572920738226301, 2.353919198487713 ], [ -76.572741106422015, 2.353919198487713 ], [ -76.572741106422015, 2.353466069943289 ], [ -76.572561474617743, 2.353466069943289 ], [ -76.572561474617743, 2.35328481852552 ], [ -76.572651290519886, 2.35328481852552 ], [ -76.572651290519886, 2.353012941398866 ], [ -76.572830922324158, 2.353012941398866 ], [ -76.572830922324158, 2.352831689981096 ], [ -76.572651290519886, 2.352831689981096 ], [ -76.572651290519886, 2.352741064272212 ], [ -76.572561474617743, 2.352741064272212 ], [ -76.572561474617743, 2.352831689981096 ], [ -76.5724716587156, 2.352831689981096 ], [ -76.5724716587156, 2.352741064272212 ], [ -76.572292026911313, 2.352741064272212 ], [ -76.572292026911313, 2.352831689981096 ], [ -76.57220221100917, 2.352831689981096 ], [ -76.57220221100917, 2.352922315689981 ], [ -76.572292026911313, 2.352922315689981 ], [ -76.572292026911313, 2.35310356710775 ], [ -76.572022579204898, 2.35310356710775 ], [ -76.572022579204898, 2.353012941398866 ], [ -76.571932763302755, 2.353012941398866 ], [ -76.571932763302755, 2.35310356710775 ], [ -76.571573499694196, 2.35310356710775 ], [ -76.571573499694196, 2.353012941398866 ], [ -76.571304051987767, 2.353012941398866 ], [ -76.571304051987767, 2.35310356710775 ], [ -76.571124420183494, 2.35310356710775 ], [ -76.571124420183494, 2.353194192816635 ], [ -76.570944788379208, 2.353194192816635 ], [ -76.570944788379208, 2.353012941398866 ], [ -76.570765156574922, 2.353012941398866 ], [ -76.570765156574922, 2.352831689981096 ], [ -76.570585524770649, 2.352831689981096 ], [ -76.570585524770649, 2.352650438563327 ], [ -76.570405892966363, 2.352650438563327 ], [ -76.570405892966363, 2.352469187145558 ], [ -76.570226261162077, 2.352469187145558 ], [ -76.570226261162077, 2.352378561436673 ], [ -76.57031607706422, 2.352378561436673 ], [ -76.57031607706422, 2.352287935727789 ], [ -76.570226261162077, 2.352287935727789 ], [ -76.570226261162077, 2.352106684310019 ], [ -76.569866997553518, 2.352106684310019 ], [ -76.569866997553518, 2.35192543289225 ], [ -76.569148470336387, 2.35192543289225 ], [ -76.569148470336387, 2.35174418147448 ], [ -76.568968838532115, 2.35174418147448 ], [ -76.568968838532115, 2.351562930056711 ], [ -76.568879022629972, 2.351562930056711 ], [ -76.568879022629972, 2.351472304347826 ], [ -76.568789206727828, 2.351472304347826 ], [ -76.568789206727828, 2.351381678638941 ], [ -76.56842994311927, 2.351381678638941 ], [ -76.56842994311927, 2.351200427221172 ], [ -76.568250311314983, 2.351200427221172 ], [ -76.568250311314983, 2.351019175803403 ], [ -76.568609574923542, 2.351019175803403 ], [ -76.568609574923542, 2.351109801512287 ], [ -76.568789206727828, 2.351109801512287 ], [ -76.568789206727828, 2.351200427221172 ], [ -76.568968838532115, 2.351200427221172 ], [ -76.568968838532115, 2.351291052930057 ], [ -76.56923828623853, 2.351291052930057 ], [ -76.56923828623853, 2.351200427221172 ], [ -76.569328102140673, 2.351200427221172 ], [ -76.569328102140673, 2.351019175803403 ], [ -76.56923828623853, 2.351019175803403 ], [ -76.56923828623853, 2.350928550094518 ], [ -76.569687365749232, 2.350928550094518 ], [ -76.569687365749232, 2.351109801512287 ], [ -76.569777181651375, 2.351109801512287 ], [ -76.569777181651375, 2.351200427221172 ], [ -76.569866997553518, 2.351200427221172 ], [ -76.569866997553518, 2.351109801512287 ], [ -76.570136445259934, 2.351109801512287 ], [ -76.570136445259934, 2.351381678638941 ], [ -76.569866997553518, 2.351381678638941 ], [ -76.569866997553518, 2.351291052930057 ], [ -76.569687365749232, 2.351291052930057 ], [ -76.569687365749232, 2.351472304347826 ], [ -76.569597549847103, 2.351472304347826 ], [ -76.569597549847103, 2.351562930056711 ], [ -76.56950773394496, 2.351562930056711 ], [ -76.56950773394496, 2.35174418147448 ], [ -76.570226261162077, 2.35174418147448 ], [ -76.570226261162077, 2.351472304347826 ], [ -76.570405892966363, 2.351472304347826 ], [ -76.570405892966363, 2.35174418147448 ], [ -76.57031607706422, 2.35174418147448 ], [ -76.57031607706422, 2.352197310018904 ], [ -76.570405892966363, 2.352197310018904 ], [ -76.570405892966363, 2.352287935727789 ], [ -76.570585524770649, 2.352287935727789 ], [ -76.570585524770649, 2.352197310018904 ], [ -76.570765156574922, 2.352197310018904 ], [ -76.570765156574922, 2.352106684310019 ], [ -76.571034604281351, 2.352106684310019 ], [ -76.571034604281351, 2.352197310018904 ], [ -76.570944788379208, 2.352197310018904 ], [ -76.570944788379208, 2.352378561436673 ], [ -76.571124420183494, 2.352378561436673 ], [ -76.571124420183494, 2.352106684310019 ], [ -76.571214236085623, 2.352106684310019 ], [ -76.571214236085623, 2.35192543289225 ], [ -76.571304051987767, 2.35192543289225 ], [ -76.571304051987767, 2.351834807183365 ], [ -76.571214236085623, 2.351834807183365 ], [ -76.571214236085623, 2.35174418147448 ], [ -76.571753131498468, 2.35174418147448 ], [ -76.571753131498468, 2.351834807183365 ], [ -76.571932763302755, 2.351834807183365 ], [ -76.571932763302755, 2.35192543289225 ], [ -76.57220221100917, 2.35192543289225 ], [ -76.57220221100917, 2.352016058601134 ], [ -76.572292026911313, 2.352016058601134 ], [ -76.572292026911313, 2.35192543289225 ], [ -76.572381842813456, 2.35192543289225 ], [ -76.572381842813456, 2.351834807183365 ], [ -76.5724716587156, 2.351834807183365 ], [ -76.5724716587156, 2.35174418147448 ], [ -76.572741106422015, 2.35174418147448 ], [ -76.572741106422015, 2.351834807183365 ], [ -76.572830922324158, 2.351834807183365 ], [ -76.572830922324158, 2.35192543289225 ], [ -76.572920738226301, 2.35192543289225 ], [ -76.572920738226301, 2.352106684310019 ], [ -76.573459633639146, 2.352106684310019 ], [ -76.573459633639146, 2.352197310018904 ], [ -76.573549449541289, 2.352197310018904 ], [ -76.573549449541289, 2.352287935727789 ], [ -76.573639265443433, 2.352287935727789 ], [ -76.573639265443433, 2.352378561436673 ], [ -76.573729081345562, 2.352378561436673 ], [ -76.573729081345562, 2.352469187145558 ], [ -76.573818897247705, 2.352469187145558 ], [ -76.573818897247705, 2.352650438563327 ], [ -76.574178160856263, 2.352650438563327 ], [ -76.574178160856263, 2.352831689981096 ], [ -76.574267976758406, 2.352831689981096 ], [ -76.574267976758406, 2.352922315689981 ], [ -76.57435779266055, 2.352922315689981 ], [ -76.57435779266055, 2.353012941398866 ], [ -76.574447608562693, 2.353012941398866 ], [ -76.574447608562693, 2.35310356710775 ], [ -76.574537424464836, 2.35310356710775 ], [ -76.574537424464836, 2.353194192816635 ], [ -76.574896688073395, 2.353194192816635 ], [ -76.574896688073395, 2.353012941398866 ], [ -76.575076319877681, 2.353012941398866 ], [ -76.575076319877681, 2.35310356710775 ], [ -76.575166135779824, 2.35310356710775 ], [ -76.575166135779824, 2.353647321361059 ], [ -76.575255951681953, 2.353647321361059 ], [ -76.575255951681953, 2.353828572778828 ], [ -76.575166135779824, 2.353828572778828 ], [ -76.575166135779824, 2.354009824196598 ], [ -76.575076319877681, 2.354009824196598 ], [ -76.575076319877681, 2.354191075614367 ], [ -76.574986503975538, 2.354191075614367 ], [ -76.574986503975538, 2.354281701323252 ], [ -76.574537424464836, 2.354281701323252 ], [ -76.574537424464836, 2.354462952741021 ], [ -76.57435779266055, 2.354462952741021 ], [ -76.57435779266055, 2.354281701323252 ], [ -76.574178160856263, 2.354281701323252 ], [ -76.574178160856263, 2.354100449905482 ], [ -76.573998529051991, 2.354100449905482 ], [ -76.573998529051991, 2.353556695652174 ], [ -76.57328000183486, 2.353556695652174 ], [ -76.57328000183486, 2.353375444234405 ], [ -76.573100370030588, 2.353375444234405 ] ], [ [ -76.574537424464836, 2.354191075614367 ], [ -76.574447608562693, 2.354191075614367 ], [ -76.574447608562693, 2.354281701323252 ], [ -76.574537424464836, 2.354281701323252 ], [ -76.574537424464836, 2.354191075614367 ] ], [ [ -76.574267976758406, 2.354100449905482 ], [ -76.57435779266055, 2.354100449905482 ], [ -76.57435779266055, 2.353919198487713 ], [ -76.574267976758406, 2.353919198487713 ], [ -76.574267976758406, 2.354100449905482 ] ], [ [ -76.574447608562693, 2.353919198487713 ], [ -76.574447608562693, 2.354009824196598 ], [ -76.574537424464836, 2.354009824196598 ], [ -76.574537424464836, 2.353828572778828 ], [ -76.57435779266055, 2.353828572778828 ], [ -76.57435779266055, 2.353919198487713 ], [ -76.574447608562693, 2.353919198487713 ] ], [ [ -76.57435779266055, 2.353375444234405 ], [ -76.57435779266055, 2.353737947069944 ], [ -76.574537424464836, 2.353737947069944 ], [ -76.574537424464836, 2.353556695652174 ], [ -76.575076319877681, 2.353556695652174 ], [ -76.575076319877681, 2.353375444234405 ], [ -76.57435779266055, 2.353375444234405 ] ], [ [ -76.572741106422015, 2.352378561436673 ], [ -76.572741106422015, 2.352559812854443 ], [ -76.572830922324158, 2.352559812854443 ], [ -76.572830922324158, 2.352378561436673 ], [ -76.572741106422015, 2.352378561436673 ] ], [ [ -76.571663315596325, 2.352287935727789 ], [ -76.571663315596325, 2.352469187145558 ], [ -76.57220221100917, 2.352469187145558 ], [ -76.57220221100917, 2.352106684310019 ], [ -76.571842947400611, 2.352106684310019 ], [ -76.571842947400611, 2.352287935727789 ], [ -76.571663315596325, 2.352287935727789 ] ] ], [ [ [ -76.57220221100917, 2.35328481852552 ], [ -76.572292026911313, 2.35328481852552 ], [ -76.572292026911313, 2.353194192816635 ], [ -76.572381842813456, 2.353194192816635 ], [ -76.572381842813456, 2.353375444234405 ], [ -76.572292026911313, 2.353375444234405 ], [ -76.572292026911313, 2.353466069943289 ], [ -76.57220221100917, 2.353466069943289 ], [ -76.57220221100917, 2.35328481852552 ] ] ], [ [ [ -76.572381842813456, 2.353556695652174 ], [ -76.572292026911313, 2.353556695652174 ], [ -76.572292026911313, 2.353466069943289 ], [ -76.572381842813456, 2.353466069943289 ], [ -76.572381842813456, 2.353556695652174 ] ] ], [ [ [ -76.569687365749232, 2.353737947069944 ], [ -76.569866997553518, 2.353737947069944 ], [ -76.569866997553518, 2.353919198487713 ], [ -76.569687365749232, 2.353919198487713 ], [ -76.569687365749232, 2.353737947069944 ] ] ], [ [ [ -76.574806872171251, 2.354916081285444 ], [ -76.574896688073395, 2.354916081285444 ], [ -76.574896688073395, 2.355006706994329 ], [ -76.574717056269108, 2.355006706994329 ], [ -76.574717056269108, 2.354734829867675 ], [ -76.574806872171251, 2.354734829867675 ], [ -76.574806872171251, 2.354916081285444 ] ] ], [ [ [ -76.573998529051991, 2.35482545557656 ], [ -76.574178160856263, 2.35482545557656 ], [ -76.574178160856263, 2.355006706994329 ], [ -76.573998529051991, 2.355006706994329 ], [ -76.573998529051991, 2.35482545557656 ] ] ], [ [ [ -76.574896688073395, 2.355006706994329 ], [ -76.575076319877681, 2.355006706994329 ], [ -76.575076319877681, 2.354916081285444 ], [ -76.575166135779824, 2.354916081285444 ], [ -76.575166135779824, 2.355006706994329 ], [ -76.575255951681953, 2.355006706994329 ], [ -76.575255951681953, 2.355187958412098 ], [ -76.574896688073395, 2.355187958412098 ], [ -76.574896688073395, 2.355006706994329 ] ] ], [ [ [ -76.573818897247705, 2.355006706994329 ], [ -76.573998529051991, 2.355006706994329 ], [ -76.573998529051991, 2.355187958412098 ], [ -76.573818897247705, 2.355187958412098 ], [ -76.573818897247705, 2.355006706994329 ] ] ], [ [ [ -76.569058654434258, 2.359447366729679 ], [ -76.569148470336387, 2.359447366729679 ], [ -76.569148470336387, 2.359537992438563 ], [ -76.568968838532115, 2.359537992438563 ], [ -76.568968838532115, 2.359356741020794 ], [ -76.569058654434258, 2.359356741020794 ], [ -76.569058654434258, 2.359447366729679 ] ] ], [ [ [ -76.568609574923542, 2.361259880907372 ], [ -76.568968838532115, 2.361259880907372 ], [ -76.568968838532115, 2.361531758034026 ], [ -76.56842994311927, 2.361531758034026 ], [ -76.56842994311927, 2.361350506616257 ], [ -76.568609574923542, 2.361350506616257 ], [ -76.568609574923542, 2.361259880907372 ] ] ], [ [ [ -76.569148470336387, 2.362256763705104 ], [ -76.569328102140673, 2.362256763705104 ], [ -76.569328102140673, 2.362438015122874 ], [ -76.569148470336387, 2.362438015122874 ], [ -76.569148470336387, 2.362256763705104 ] ] ], [ [ [ -76.56842994311927, 2.362438015122874 ], [ -76.568609574923542, 2.362438015122874 ], [ -76.568609574923542, 2.362619266540643 ], [ -76.56842994311927, 2.362619266540643 ], [ -76.56842994311927, 2.362438015122874 ] ] ], [ [ [ -76.568789206727828, 2.362800517958412 ], [ -76.568789206727828, 2.362619266540643 ], [ -76.569148470336387, 2.362619266540643 ], [ -76.569148470336387, 2.362800517958412 ], [ -76.568789206727828, 2.362800517958412 ] ] ], [ [ [ -76.570226261162077, 2.362528640831758 ], [ -76.570405892966363, 2.362528640831758 ], [ -76.570405892966363, 2.362709892249528 ], [ -76.570495708868506, 2.362709892249528 ], [ -76.570495708868506, 2.362800517958412 ], [ -76.570585524770649, 2.362800517958412 ], [ -76.570585524770649, 2.362981769376182 ], [ -76.570405892966363, 2.362981769376182 ], [ -76.570405892966363, 2.362800517958412 ], [ -76.570226261162077, 2.362800517958412 ], [ -76.570226261162077, 2.362619266540643 ], [ -76.569687365749232, 2.362619266540643 ], [ -76.569687365749232, 2.362800517958412 ], [ -76.56950773394496, 2.362800517958412 ], [ -76.56950773394496, 2.362438015122874 ], [ -76.570226261162077, 2.362438015122874 ], [ -76.570226261162077, 2.362528640831758 ] ] ], [ [ [ -76.572112395107041, 2.362800517958412 ], [ -76.57220221100917, 2.362800517958412 ], [ -76.57220221100917, 2.363163020793951 ], [ -76.571932763302755, 2.363163020793951 ], [ -76.571932763302755, 2.362891143667297 ], [ -76.572112395107041, 2.362891143667297 ], [ -76.572112395107041, 2.362800517958412 ] ] ], [ [ [ -76.572651290519886, 2.363163020793951 ], [ -76.572920738226301, 2.363163020793951 ], [ -76.572920738226301, 2.363253646502836 ], [ -76.572651290519886, 2.363253646502836 ], [ -76.572651290519886, 2.363163020793951 ] ] ], [ [ [ -76.573459633639146, 2.36334427221172 ], [ -76.573639265443433, 2.36334427221172 ], [ -76.573639265443433, 2.363434897920605 ], [ -76.573729081345562, 2.363434897920605 ], [ -76.573729081345562, 2.363616149338374 ], [ -76.573639265443433, 2.363616149338374 ], [ -76.573639265443433, 2.36352552362949 ], [ -76.57328000183486, 2.36352552362949 ], [ -76.57328000183486, 2.36334427221172 ], [ -76.573100370030588, 2.36334427221172 ], [ -76.573100370030588, 2.363163020793951 ], [ -76.57328000183486, 2.363163020793951 ], [ -76.57328000183486, 2.363253646502836 ], [ -76.573459633639146, 2.363253646502836 ], [ -76.573459633639146, 2.36334427221172 ] ] ], [ [ [ -76.572112395107041, 2.363706775047259 ], [ -76.571932763302755, 2.363706775047259 ], [ -76.571932763302755, 2.363616149338374 ], [ -76.571842947400611, 2.363616149338374 ], [ -76.571842947400611, 2.36352552362949 ], [ -76.571753131498468, 2.36352552362949 ], [ -76.571753131498468, 2.36334427221172 ], [ -76.572022579204898, 2.36334427221172 ], [ -76.572022579204898, 2.36352552362949 ], [ -76.572112395107041, 2.36352552362949 ], [ -76.572112395107041, 2.363706775047259 ] ] ], [ [ [ -76.572741106422015, 2.36352552362949 ], [ -76.572920738226301, 2.36352552362949 ], [ -76.572920738226301, 2.363706775047259 ], [ -76.572741106422015, 2.363706775047259 ], [ -76.572741106422015, 2.36352552362949 ] ] ], [ [ [ -76.572112395107041, 2.363797400756144 ], [ -76.572112395107041, 2.363706775047259 ], [ -76.572292026911313, 2.363706775047259 ], [ -76.572292026911313, 2.363797400756144 ], [ -76.572112395107041, 2.363797400756144 ] ] ], [ [ [ -76.574178160856263, 2.363888026465029 ], [ -76.574088344954134, 2.363888026465029 ], [ -76.574088344954134, 2.363978652173913 ], [ -76.574178160856263, 2.363978652173913 ], [ -76.574178160856263, 2.364069277882798 ], [ -76.573998529051991, 2.364069277882798 ], [ -76.573998529051991, 2.363888026465029 ], [ -76.573818897247705, 2.363888026465029 ], [ -76.573818897247705, 2.363706775047259 ], [ -76.573729081345562, 2.363706775047259 ], [ -76.573729081345562, 2.363616149338374 ], [ -76.573908713149848, 2.363616149338374 ], [ -76.573908713149848, 2.363706775047259 ], [ -76.574178160856263, 2.363706775047259 ], [ -76.574178160856263, 2.363888026465029 ] ] ], [ [ [ -76.573639265443433, 2.364522406427221 ], [ -76.573818897247705, 2.364522406427221 ], [ -76.573818897247705, 2.364613032136106 ], [ -76.573639265443433, 2.364613032136106 ], [ -76.573639265443433, 2.364522406427221 ] ] ], [ [ [ -76.5762439266055, 2.364613032136106 ], [ -76.576333742507643, 2.364613032136106 ], [ -76.576333742507643, 2.364794283553875 ], [ -76.576154110703371, 2.364794283553875 ], [ -76.576154110703371, 2.364703657844991 ], [ -76.5762439266055, 2.364703657844991 ], [ -76.5762439266055, 2.364613032136106 ] ] ], [ [ [ -76.577142085626917, 2.365791166351607 ], [ -76.577231901529046, 2.365791166351607 ], [ -76.577231901529046, 2.365609914933838 ], [ -76.57732171743119, 2.365609914933838 ], [ -76.57732171743119, 2.365700540642723 ], [ -76.577411533333333, 2.365700540642723 ], [ -76.577411533333333, 2.365881792060492 ], [ -76.577142085626917, 2.365881792060492 ], [ -76.577142085626917, 2.365791166351607 ] ] ], [ [ [ -76.571034604281351, 2.367694306238185 ], [ -76.571124420183494, 2.367694306238185 ], [ -76.571124420183494, 2.367875557655955 ], [ -76.571034604281351, 2.367875557655955 ], [ -76.571034604281351, 2.367694306238185 ] ] ], [ [ [ -76.574267976758406, 2.368056809073724 ], [ -76.57435779266055, 2.368056809073724 ], [ -76.57435779266055, 2.368238060491493 ], [ -76.574178160856263, 2.368238060491493 ], [ -76.574178160856263, 2.368147434782609 ], [ -76.574267976758406, 2.368147434782609 ], [ -76.574267976758406, 2.368056809073724 ] ] ], [ [ [ -76.573190185932717, 2.368419311909263 ], [ -76.573190185932717, 2.368238060491493 ], [ -76.573369817737003, 2.368238060491493 ], [ -76.573369817737003, 2.368147434782609 ], [ -76.573459633639146, 2.368147434782609 ], [ -76.573459633639146, 2.368328686200378 ], [ -76.57328000183486, 2.368328686200378 ], [ -76.57328000183486, 2.368419311909263 ], [ -76.573190185932717, 2.368419311909263 ] ] ], [ [ [ -76.572920738226301, 2.368328686200378 ], [ -76.573100370030588, 2.368328686200378 ], [ -76.573100370030588, 2.368419311909263 ], [ -76.572920738226301, 2.368419311909263 ], [ -76.572920738226301, 2.368328686200378 ] ] ], [ [ [ -76.574537424464836, 2.368419311909263 ], [ -76.574447608562693, 2.368419311909263 ], [ -76.574447608562693, 2.368509937618148 ], [ -76.57435779266055, 2.368509937618148 ], [ -76.57435779266055, 2.368328686200378 ], [ -76.574537424464836, 2.368328686200378 ], [ -76.574537424464836, 2.368419311909263 ] ] ], [ [ [ -76.574537424464836, 2.368419311909263 ], [ -76.574627240366979, 2.368419311909263 ], [ -76.574627240366979, 2.368509937618148 ], [ -76.574537424464836, 2.368509937618148 ], [ -76.574537424464836, 2.368419311909263 ] ] ], [ [ [ -76.57220221100917, 2.369053691871456 ], [ -76.572292026911313, 2.369053691871456 ], [ -76.572292026911313, 2.369144317580341 ], [ -76.57220221100917, 2.369144317580341 ], [ -76.57220221100917, 2.369053691871456 ] ] ], [ [ [ -76.573998529051991, 2.368691189035917 ], [ -76.57435779266055, 2.368691189035917 ], [ -76.57435779266055, 2.368963066162571 ], [ -76.574447608562693, 2.368963066162571 ], [ -76.574447608562693, 2.369053691871456 ], [ -76.57435779266055, 2.369053691871456 ], [ -76.57435779266055, 2.369144317580341 ], [ -76.574447608562693, 2.369144317580341 ], [ -76.574447608562693, 2.369234943289225 ], [ -76.57435779266055, 2.369234943289225 ], [ -76.57435779266055, 2.369416194706995 ], [ -76.574267976758406, 2.369416194706995 ], [ -76.574267976758406, 2.369506820415879 ], [ -76.574178160856263, 2.369506820415879 ], [ -76.574178160856263, 2.369778697542533 ], [ -76.573998529051991, 2.369778697542533 ], [ -76.573998529051991, 2.369688071833648 ], [ -76.573908713149848, 2.369688071833648 ], [ -76.573908713149848, 2.369506820415879 ], [ -76.573818897247705, 2.369506820415879 ], [ -76.573818897247705, 2.368691189035917 ], [ -76.573908713149848, 2.368691189035917 ], [ -76.573908713149848, 2.368600563327032 ], [ -76.573998529051991, 2.368600563327032 ], [ -76.573998529051991, 2.368691189035917 ] ] ], [ [ [ -76.568340127217127, 2.369234943289225 ], [ -76.56842994311927, 2.369234943289225 ], [ -76.56842994311927, 2.36932556899811 ], [ -76.568340127217127, 2.36932556899811 ], [ -76.568340127217127, 2.369234943289225 ] ] ], [ [ [ -76.574717056269108, 2.369688071833648 ], [ -76.574717056269108, 2.369506820415879 ], [ -76.574627240366979, 2.369506820415879 ], [ -76.574627240366979, 2.369416194706995 ], [ -76.574717056269108, 2.369416194706995 ], [ -76.574717056269108, 2.36932556899811 ], [ -76.574806872171251, 2.36932556899811 ], [ -76.574806872171251, 2.369688071833648 ], [ -76.574717056269108, 2.369688071833648 ] ] ], [ [ [ -76.570854972477065, 2.371591211720227 ], [ -76.570944788379208, 2.371591211720227 ], [ -76.570944788379208, 2.371772463137996 ], [ -76.570854972477065, 2.371772463137996 ], [ -76.570854972477065, 2.371591211720227 ] ] ], [ [ [ -76.569328102140673, 2.372134965973535 ], [ -76.569417918042816, 2.372134965973535 ], [ -76.569417918042816, 2.372406843100189 ], [ -76.569328102140673, 2.372406843100189 ], [ -76.569328102140673, 2.372134965973535 ] ] ], [ [ [ -76.56950773394496, 2.372316217391305 ], [ -76.569597549847103, 2.372316217391305 ], [ -76.569597549847103, 2.372406843100189 ], [ -76.56950773394496, 2.372406843100189 ], [ -76.56950773394496, 2.372316217391305 ] ] ], [ [ [ -76.56842994311927, 2.372406843100189 ], [ -76.568250311314983, 2.372406843100189 ], [ -76.568250311314983, 2.37204434026465 ], [ -76.56842994311927, 2.37204434026465 ], [ -76.56842994311927, 2.371863088846881 ], [ -76.568609574923542, 2.371863088846881 ], [ -76.568609574923542, 2.371772463137996 ], [ -76.568968838532115, 2.371772463137996 ], [ -76.568968838532115, 2.371863088846881 ], [ -76.569058654434258, 2.371863088846881 ], [ -76.569058654434258, 2.371953714555766 ], [ -76.569148470336387, 2.371953714555766 ], [ -76.569148470336387, 2.37222559168242 ], [ -76.569058654434258, 2.37222559168242 ], [ -76.569058654434258, 2.372406843100189 ], [ -76.568879022629972, 2.372406843100189 ], [ -76.568879022629972, 2.372588094517959 ], [ -76.568968838532115, 2.372588094517959 ], [ -76.568968838532115, 2.372678720226843 ], [ -76.569058654434258, 2.372678720226843 ], [ -76.569058654434258, 2.372769345935728 ], [ -76.56923828623853, 2.372769345935728 ], [ -76.56923828623853, 2.372859971644613 ], [ -76.569148470336387, 2.372859971644613 ], [ -76.569148470336387, 2.372950597353497 ], [ -76.568968838532115, 2.372950597353497 ], [ -76.568968838532115, 2.373041223062382 ], [ -76.568789206727828, 2.373041223062382 ], [ -76.568789206727828, 2.372769345935728 ], [ -76.568699390825685, 2.372769345935728 ], [ -76.568699390825685, 2.372678720226843 ], [ -76.568609574923542, 2.372678720226843 ], [ -76.568609574923542, 2.372588094517959 ], [ -76.568519759021413, 2.372588094517959 ], [ -76.568519759021413, 2.372497468809074 ], [ -76.56842994311927, 2.372497468809074 ], [ -76.56842994311927, 2.372406843100189 ] ] ], [ [ [ -76.569328102140673, 2.372588094517959 ], [ -76.569417918042816, 2.372588094517959 ], [ -76.569417918042816, 2.372406843100189 ], [ -76.56950773394496, 2.372406843100189 ], [ -76.56950773394496, 2.372588094517959 ], [ -76.569866997553518, 2.372588094517959 ], [ -76.569866997553518, 2.372678720226843 ], [ -76.569687365749232, 2.372678720226843 ], [ -76.569687365749232, 2.372859971644613 ], [ -76.569866997553518, 2.372859971644613 ], [ -76.569866997553518, 2.372950597353497 ], [ -76.569687365749232, 2.372950597353497 ], [ -76.569687365749232, 2.373494351606805 ], [ -76.56950773394496, 2.373494351606805 ], [ -76.56950773394496, 2.37376622873346 ], [ -76.569417918042816, 2.37376622873346 ], [ -76.569417918042816, 2.373313100189036 ], [ -76.56950773394496, 2.373313100189036 ], [ -76.56950773394496, 2.372950597353497 ], [ -76.569597549847103, 2.372950597353497 ], [ -76.569597549847103, 2.372859971644613 ], [ -76.569328102140673, 2.372859971644613 ], [ -76.569328102140673, 2.372588094517959 ] ] ], [ [ [ -76.571304051987767, 2.376485 ], [ -76.56950773394496, 2.376485 ], [ -76.56950773394496, 2.376031871455577 ], [ -76.569148470336387, 2.376031871455577 ], [ -76.569148470336387, 2.376213122873346 ], [ -76.569328102140673, 2.376213122873346 ], [ -76.569328102140673, 2.376485 ], [ -76.568968838532115, 2.376485 ], [ -76.568968838532115, 2.376031871455577 ], [ -76.568789206727828, 2.376031871455577 ], [ -76.568789206727828, 2.375850620037808 ], [ -76.56842994311927, 2.375850620037808 ], [ -76.56842994311927, 2.376213122873346 ], [ -76.568789206727828, 2.376213122873346 ], [ -76.568789206727828, 2.376485 ], [ -76.567980863608568, 2.376485 ], [ -76.567980863608568, 2.376031871455577 ], [ -76.568070679510711, 2.376031871455577 ], [ -76.568070679510711, 2.375941245746692 ], [ -76.56816049541284, 2.375941245746692 ], [ -76.56816049541284, 2.375850620037808 ], [ -76.568250311314983, 2.375850620037808 ], [ -76.568250311314983, 2.375669368620038 ], [ -76.56842994311927, 2.375669368620038 ], [ -76.56842994311927, 2.375306865784499 ], [ -76.568250311314983, 2.375306865784499 ], [ -76.568250311314983, 2.37512561436673 ], [ -76.568070679510711, 2.37512561436673 ], [ -76.568070679510711, 2.37494436294896 ], [ -76.567711415902139, 2.37494436294896 ], [ -76.567711415902139, 2.374581860113422 ], [ -76.567531784097866, 2.374581860113422 ], [ -76.567531784097866, 2.374038105860114 ], [ -76.56735215229358, 2.374038105860114 ], [ -76.56735215229358, 2.374219357277883 ], [ -76.566992888685022, 2.374219357277883 ], [ -76.566992888685022, 2.374581860113422 ], [ -76.566453993272177, 2.374581860113422 ], [ -76.566453993272177, 2.374219357277883 ], [ -76.566184545565747, 2.374219357277883 ], [ -76.566184545565747, 2.374038105860114 ], [ -76.56627436146789, 2.374038105860114 ], [ -76.56627436146789, 2.373947480151229 ], [ -76.566364177370033, 2.373947480151229 ], [ -76.566364177370033, 2.374038105860114 ], [ -76.566453993272177, 2.374038105860114 ], [ -76.566453993272177, 2.374128731568999 ], [ -76.56654380917432, 2.374128731568999 ], [ -76.56654380917432, 2.374219357277883 ], [ -76.566633625076449, 2.374219357277883 ], [ -76.566633625076449, 2.374400608695652 ], [ -76.566723440978592, 2.374400608695652 ], [ -76.566723440978592, 2.374128731568999 ], [ -76.566813256880735, 2.374128731568999 ], [ -76.566813256880735, 2.374038105860114 ], [ -76.566903072782878, 2.374038105860114 ], [ -76.566903072782878, 2.373947480151229 ], [ -76.566992888685022, 2.373947480151229 ], [ -76.566992888685022, 2.373856854442344 ], [ -76.56708270458715, 2.373856854442344 ], [ -76.56708270458715, 2.373494351606805 ], [ -76.567262336391437, 2.373494351606805 ], [ -76.567262336391437, 2.37358497731569 ], [ -76.56735215229358, 2.37358497731569 ], [ -76.56735215229358, 2.37376622873346 ], [ -76.567531784097866, 2.37376622873346 ], [ -76.567531784097866, 2.373856854442344 ], [ -76.567711415902139, 2.373856854442344 ], [ -76.567711415902139, 2.373947480151229 ], [ -76.567801231804282, 2.373947480151229 ], [ -76.567801231804282, 2.374038105860114 ], [ -76.568070679510711, 2.374038105860114 ], [ -76.568070679510711, 2.374219357277883 ], [ -76.56816049541284, 2.374219357277883 ], [ -76.56816049541284, 2.374491234404537 ], [ -76.568250311314983, 2.374491234404537 ], [ -76.568250311314983, 2.374581860113422 ], [ -76.568340127217127, 2.374581860113422 ], [ -76.568340127217127, 2.374763111531191 ], [ -76.568519759021413, 2.374763111531191 ], [ -76.568519759021413, 2.374853737240076 ], [ -76.568699390825685, 2.374853737240076 ], [ -76.568699390825685, 2.375306865784499 ], [ -76.568968838532115, 2.375306865784499 ], [ -76.568968838532115, 2.375397491493384 ], [ -76.569148470336387, 2.375397491493384 ], [ -76.569148470336387, 2.375488117202269 ], [ -76.56923828623853, 2.375488117202269 ], [ -76.56923828623853, 2.375397491493384 ], [ -76.569328102140673, 2.375397491493384 ], [ -76.569328102140673, 2.374763111531191 ], [ -76.569417918042816, 2.374763111531191 ], [ -76.569417918042816, 2.374581860113422 ], [ -76.569328102140673, 2.374581860113422 ], [ -76.569328102140673, 2.374491234404537 ], [ -76.56923828623853, 2.374491234404537 ], [ -76.56923828623853, 2.374038105860114 ], [ -76.569328102140673, 2.374038105860114 ], [ -76.569328102140673, 2.373947480151229 ], [ -76.569417918042816, 2.373947480151229 ], [ -76.569417918042816, 2.373856854442344 ], [ -76.569866997553518, 2.373856854442344 ], [ -76.569866997553518, 2.373675603024575 ], [ -76.569687365749232, 2.373675603024575 ], [ -76.569687365749232, 2.373494351606805 ], [ -76.569956813455661, 2.373494351606805 ], [ -76.569956813455661, 2.373675603024575 ], [ -76.570046629357805, 2.373675603024575 ], [ -76.570046629357805, 2.37376622873346 ], [ -76.570136445259934, 2.37376622873346 ], [ -76.570136445259934, 2.374038105860114 ], [ -76.570226261162077, 2.374038105860114 ], [ -76.570226261162077, 2.374128731568999 ], [ -76.57031607706422, 2.374128731568999 ], [ -76.57031607706422, 2.374038105860114 ], [ -76.570675340672778, 2.374038105860114 ], [ -76.570675340672778, 2.374128731568999 ], [ -76.570765156574922, 2.374128731568999 ], [ -76.570765156574922, 2.374219357277883 ], [ -76.570226261162077, 2.374219357277883 ], [ -76.570226261162077, 2.374400608695652 ], [ -76.570046629357805, 2.374400608695652 ], [ -76.570046629357805, 2.37512561436673 ], [ -76.57031607706422, 2.37512561436673 ], [ -76.57031607706422, 2.375216240075614 ], [ -76.570136445259934, 2.375216240075614 ], [ -76.570136445259934, 2.375306865784499 ], [ -76.57031607706422, 2.375306865784499 ], [ -76.57031607706422, 2.375397491493384 ], [ -76.570405892966363, 2.375397491493384 ], [ -76.570405892966363, 2.375578742911153 ], [ -76.570226261162077, 2.375578742911153 ], [ -76.570226261162077, 2.375759994328923 ], [ -76.570495708868506, 2.375759994328923 ], [ -76.570495708868506, 2.375669368620038 ], [ -76.570765156574922, 2.375669368620038 ], [ -76.570765156574922, 2.375488117202269 ], [ -76.570854972477065, 2.375488117202269 ], [ -76.570854972477065, 2.375941245746692 ], [ -76.571034604281351, 2.375941245746692 ], [ -76.571034604281351, 2.375850620037808 ], [ -76.571124420183494, 2.375850620037808 ], [ -76.571124420183494, 2.375669368620038 ], [ -76.571034604281351, 2.375669368620038 ], [ -76.571034604281351, 2.375306865784499 ], [ -76.570944788379208, 2.375306865784499 ], [ -76.570944788379208, 2.375216240075614 ], [ -76.570765156574922, 2.375216240075614 ], [ -76.570765156574922, 2.374853737240076 ], [ -76.570675340672778, 2.374853737240076 ], [ -76.570675340672778, 2.37494436294896 ], [ -76.570585524770649, 2.37494436294896 ], [ -76.570585524770649, 2.374763111531191 ], [ -76.571034604281351, 2.374763111531191 ], [ -76.571034604281351, 2.375216240075614 ], [ -76.571124420183494, 2.375216240075614 ], [ -76.571124420183494, 2.375488117202269 ], [ -76.571304051987767, 2.375488117202269 ], [ -76.571304051987767, 2.375759994328923 ], [ -76.57139386788991, 2.375759994328923 ], [ -76.57139386788991, 2.375850620037808 ], [ -76.571483683792053, 2.375850620037808 ], [ -76.571483683792053, 2.376122497164461 ], [ -76.57139386788991, 2.376122497164461 ], [ -76.57139386788991, 2.376303748582231 ], [ -76.571214236085623, 2.376303748582231 ], [ -76.571214236085623, 2.376394374291115 ], [ -76.571304051987767, 2.376394374291115 ], [ -76.571304051987767, 2.376485 ] ], [ [ -76.571214236085623, 2.375759994328923 ], [ -76.571214236085623, 2.376031871455577 ], [ -76.571304051987767, 2.376031871455577 ], [ -76.571304051987767, 2.375759994328923 ], [ -76.571214236085623, 2.375759994328923 ] ], [ [ -76.570136445259934, 2.376303748582231 ], [ -76.570136445259934, 2.376394374291115 ], [ -76.570226261162077, 2.376394374291115 ], [ -76.570226261162077, 2.376303748582231 ], [ -76.570136445259934, 2.376303748582231 ] ], [ [ -76.570675340672778, 2.375850620037808 ], [ -76.570675340672778, 2.375941245746692 ], [ -76.570765156574922, 2.375941245746692 ], [ -76.570765156574922, 2.375850620037808 ], [ -76.570675340672778, 2.375850620037808 ] ], [ [ -76.569777181651375, 2.375578742911153 ], [ -76.569777181651375, 2.375669368620038 ], [ -76.569866997553518, 2.375669368620038 ], [ -76.569866997553518, 2.375578742911153 ], [ -76.569777181651375, 2.375578742911153 ] ] ], [ [ [ -76.566453993272177, 2.28794368241966 ], [ -76.566453993272177, 2.28776243100189 ], [ -76.566723440978592, 2.28776243100189 ], [ -76.566723440978592, 2.28794368241966 ], [ -76.566453993272177, 2.28794368241966 ] ] ], [ [ [ -76.566992888685022, 2.288034308128545 ], [ -76.56708270458715, 2.288034308128545 ], [ -76.56708270458715, 2.288124933837429 ], [ -76.566723440978592, 2.288124933837429 ], [ -76.566723440978592, 2.28794368241966 ], [ -76.566992888685022, 2.28794368241966 ], [ -76.566992888685022, 2.288034308128545 ] ] ], [ [ [ -76.56654380917432, 2.288668688090737 ], [ -76.56708270458715, 2.288668688090737 ], [ -76.56708270458715, 2.288849939508507 ], [ -76.56654380917432, 2.288849939508507 ], [ -76.56654380917432, 2.288668688090737 ] ] ], [ [ [ -76.5651965706422, 2.289031190926276 ], [ -76.565286386544344, 2.289031190926276 ], [ -76.565286386544344, 2.289121816635161 ], [ -76.5651965706422, 2.289121816635161 ], [ -76.5651965706422, 2.289031190926276 ] ] ], [ [ [ -76.56735215229358, 2.289212442344045 ], [ -76.5676216, 2.289212442344045 ], [ -76.5676216, 2.289121816635161 ], [ -76.567711415902139, 2.289121816635161 ], [ -76.567711415902139, 2.289212442344045 ], [ -76.567801231804282, 2.289212442344045 ], [ -76.567801231804282, 2.289121816635161 ], [ -76.567980863608568, 2.289121816635161 ], [ -76.567980863608568, 2.289212442344045 ], [ -76.568250311314983, 2.289212442344045 ], [ -76.568250311314983, 2.28930306805293 ], [ -76.568879022629972, 2.28930306805293 ], [ -76.568879022629972, 2.289393693761815 ], [ -76.568699390825685, 2.289393693761815 ], [ -76.568699390825685, 2.289574945179584 ], [ -76.56816049541284, 2.289574945179584 ], [ -76.56816049541284, 2.289393693761815 ], [ -76.5676216, 2.289393693761815 ], [ -76.5676216, 2.289574945179584 ], [ -76.567441968195723, 2.289574945179584 ], [ -76.567441968195723, 2.289393693761815 ], [ -76.567262336391437, 2.289393693761815 ], [ -76.567262336391437, 2.28930306805293 ], [ -76.56735215229358, 2.28930306805293 ], [ -76.56735215229358, 2.289212442344045 ] ] ], [ [ [ -76.5651965706422, 2.289393693761815 ], [ -76.565376202446487, 2.289393693761815 ], [ -76.565376202446487, 2.2894843194707 ], [ -76.5651965706422, 2.2894843194707 ], [ -76.5651965706422, 2.289393693761815 ] ] ], [ [ [ -76.567801231804282, 2.289574945179584 ], [ -76.567980863608568, 2.289574945179584 ], [ -76.567980863608568, 2.289756196597354 ], [ -76.567801231804282, 2.289756196597354 ], [ -76.567801231804282, 2.289574945179584 ] ] ], [ [ [ -76.5676216, 2.289937448015123 ], [ -76.5676216, 2.289756196597354 ], [ -76.567801231804282, 2.289756196597354 ], [ -76.567801231804282, 2.289937448015123 ], [ -76.5676216, 2.289937448015123 ] ] ], [ [ [ -76.56654380917432, 2.2906624536862 ], [ -76.56627436146789, 2.2906624536862 ], [ -76.56627436146789, 2.290481202268431 ], [ -76.566364177370033, 2.290481202268431 ], [ -76.566364177370033, 2.290299950850662 ], [ -76.566453993272177, 2.290299950850662 ], [ -76.566453993272177, 2.290118699432893 ], [ -76.566723440978592, 2.290118699432893 ], [ -76.566723440978592, 2.290481202268431 ], [ -76.56654380917432, 2.290481202268431 ], [ -76.56654380917432, 2.2906624536862 ] ] ], [ [ [ -76.565106754740057, 2.29084370510397 ], [ -76.565286386544344, 2.29084370510397 ], [ -76.565286386544344, 2.291024956521739 ], [ -76.565106754740057, 2.291024956521739 ], [ -76.565106754740057, 2.29084370510397 ] ] ], [ [ [ -76.5614243027523, 2.291115582230624 ], [ -76.561603934556572, 2.291115582230624 ], [ -76.561603934556572, 2.291206207939509 ], [ -76.5614243027523, 2.291206207939509 ], [ -76.5614243027523, 2.291115582230624 ] ] ], [ [ [ -76.565106754740057, 2.291206207939509 ], [ -76.565286386544344, 2.291206207939509 ], [ -76.565286386544344, 2.291387459357278 ], [ -76.565106754740057, 2.291387459357278 ], [ -76.565106754740057, 2.291206207939509 ] ] ], [ [ [ -76.561963198165145, 2.292656219281664 ], [ -76.562053014067274, 2.292656219281664 ], [ -76.562053014067274, 2.292746844990548 ], [ -76.561963198165145, 2.292746844990548 ], [ -76.561963198165145, 2.292656219281664 ] ] ], [ [ [ -76.561693750458716, 2.293471850661626 ], [ -76.561603934556572, 2.293471850661626 ], [ -76.561603934556572, 2.293381224952741 ], [ -76.561514118654429, 2.293381224952741 ], [ -76.561514118654429, 2.293199973534972 ], [ -76.561603934556572, 2.293199973534972 ], [ -76.561603934556572, 2.293290599243857 ], [ -76.561783566360859, 2.293290599243857 ], [ -76.561783566360859, 2.293199973534972 ], [ -76.561873382263002, 2.293199973534972 ], [ -76.561873382263002, 2.293109347826087 ], [ -76.561963198165145, 2.293109347826087 ], [ -76.561963198165145, 2.293018722117202 ], [ -76.562053014067274, 2.293018722117202 ], [ -76.562053014067274, 2.293199973534972 ], [ -76.562142829969417, 2.293199973534972 ], [ -76.562142829969417, 2.293290599243857 ], [ -76.562232645871561, 2.293290599243857 ], [ -76.562232645871561, 2.293381224952741 ], [ -76.562322461773704, 2.293381224952741 ], [ -76.562322461773704, 2.293471850661626 ], [ -76.562412277675847, 2.293471850661626 ], [ -76.562412277675847, 2.293562476370511 ], [ -76.562502093577976, 2.293562476370511 ], [ -76.562502093577976, 2.29374372778828 ], [ -76.562591909480119, 2.29374372778828 ], [ -76.562591909480119, 2.293834353497165 ], [ -76.562502093577976, 2.293834353497165 ], [ -76.562502093577976, 2.294015604914934 ], [ -76.562591909480119, 2.294015604914934 ], [ -76.562591909480119, 2.294106230623819 ], [ -76.562412277675847, 2.294106230623819 ], [ -76.562412277675847, 2.294196856332703 ], [ -76.562322461773704, 2.294196856332703 ], [ -76.562322461773704, 2.294287482041588 ], [ -76.562232645871561, 2.294287482041588 ], [ -76.562232645871561, 2.294196856332703 ], [ -76.562053014067274, 2.294196856332703 ], [ -76.562053014067274, 2.294015604914934 ], [ -76.561963198165145, 2.294015604914934 ], [ -76.561963198165145, 2.29374372778828 ], [ -76.562053014067274, 2.29374372778828 ], [ -76.562053014067274, 2.293381224952741 ], [ -76.561693750458716, 2.293381224952741 ], [ -76.561693750458716, 2.293471850661626 ] ] ], [ [ [ -76.561693750458716, 2.293562476370511 ], [ -76.561693750458716, 2.29374372778828 ], [ -76.561514118654429, 2.29374372778828 ], [ -76.561514118654429, 2.293924979206049 ], [ -76.561334486850157, 2.293924979206049 ], [ -76.561334486850157, 2.29374372778828 ], [ -76.561244670948014, 2.29374372778828 ], [ -76.561244670948014, 2.293562476370511 ], [ -76.5614243027523, 2.293562476370511 ], [ -76.5614243027523, 2.293471850661626 ], [ -76.561603934556572, 2.293471850661626 ], [ -76.561603934556572, 2.293562476370511 ], [ -76.561693750458716, 2.293562476370511 ] ] ], [ [ [ -76.562861357186549, 2.294649984877127 ], [ -76.562771541284405, 2.294649984877127 ], [ -76.562771541284405, 2.294468733459357 ], [ -76.562861357186549, 2.294468733459357 ], [ -76.562861357186549, 2.294559359168242 ], [ -76.562951173088692, 2.294559359168242 ], [ -76.562951173088692, 2.294740610586012 ], [ -76.562861357186549, 2.294740610586012 ], [ -76.562861357186549, 2.294649984877127 ] ] ], [ [ [ -76.5676216, 2.305071941398866 ], [ -76.567711415902139, 2.305071941398866 ], [ -76.567711415902139, 2.305253192816635 ], [ -76.567531784097866, 2.305253192816635 ], [ -76.567531784097866, 2.305162567107751 ], [ -76.5676216, 2.305162567107751 ], [ -76.5676216, 2.305071941398866 ] ] ], [ [ [ -76.56735215229358, 2.307700086956522 ], [ -76.567262336391437, 2.307700086956522 ], [ -76.567262336391437, 2.307609461247637 ], [ -76.567801231804282, 2.307609461247637 ], [ -76.567801231804282, 2.307700086956522 ], [ -76.567980863608568, 2.307700086956522 ], [ -76.567980863608568, 2.307790712665406 ], [ -76.56816049541284, 2.307790712665406 ], [ -76.56816049541284, 2.307700086956522 ], [ -76.568340127217127, 2.307700086956522 ], [ -76.568340127217127, 2.307609461247637 ], [ -76.568519759021413, 2.307609461247637 ], [ -76.568519759021413, 2.307790712665406 ], [ -76.568699390825685, 2.307790712665406 ], [ -76.568699390825685, 2.307971964083176 ], [ -76.568519759021413, 2.307971964083176 ], [ -76.568519759021413, 2.308153215500945 ], [ -76.568340127217127, 2.308153215500945 ], [ -76.568340127217127, 2.307971964083176 ], [ -76.56816049541284, 2.307971964083176 ], [ -76.56816049541284, 2.308153215500945 ], [ -76.567980863608568, 2.308153215500945 ], [ -76.567980863608568, 2.307971964083176 ], [ -76.5676216, 2.307971964083176 ], [ -76.5676216, 2.307790712665406 ], [ -76.56735215229358, 2.307790712665406 ], [ -76.56735215229358, 2.307700086956522 ] ] ], [ [ [ -76.567801231804282, 2.308334466918715 ], [ -76.567980863608568, 2.308334466918715 ], [ -76.567980863608568, 2.308515718336484 ], [ -76.567801231804282, 2.308515718336484 ], [ -76.567801231804282, 2.308334466918715 ] ] ], [ [ [ -76.5676216, 2.309240724007561 ], [ -76.567801231804282, 2.309240724007561 ], [ -76.567801231804282, 2.309421975425331 ], [ -76.5676216, 2.309421975425331 ], [ -76.5676216, 2.309240724007561 ] ] ], [ [ [ -76.56816049541284, 2.309240724007561 ], [ -76.568340127217127, 2.309240724007561 ], [ -76.568340127217127, 2.309421975425331 ], [ -76.56816049541284, 2.309421975425331 ], [ -76.56816049541284, 2.309240724007561 ] ] ], [ [ [ -76.567172520489294, 2.309150098298677 ], [ -76.567172520489294, 2.308968846880908 ], [ -76.567262336391437, 2.308968846880908 ], [ -76.567262336391437, 2.308878221172023 ], [ -76.56735215229358, 2.308878221172023 ], [ -76.56735215229358, 2.308968846880908 ], [ -76.567441968195723, 2.308968846880908 ], [ -76.567441968195723, 2.309421975425331 ], [ -76.567262336391437, 2.309421975425331 ], [ -76.567262336391437, 2.3096032268431 ], [ -76.56708270458715, 2.3096032268431 ], [ -76.56708270458715, 2.309965729678639 ], [ -76.566903072782878, 2.309965729678639 ], [ -76.566903072782878, 2.310146981096409 ], [ -76.566723440978592, 2.310146981096409 ], [ -76.566723440978592, 2.30978447826087 ], [ -76.566903072782878, 2.30978447826087 ], [ -76.566903072782878, 2.309512601134216 ], [ -76.566813256880735, 2.309512601134216 ], [ -76.566813256880735, 2.309421975425331 ], [ -76.566992888685022, 2.309421975425331 ], [ -76.566992888685022, 2.309150098298677 ], [ -76.567172520489294, 2.309150098298677 ] ] ], [ [ [ -76.562232645871561, 2.309875103969754 ], [ -76.562322461773704, 2.309875103969754 ], [ -76.562322461773704, 2.30978447826087 ], [ -76.562412277675847, 2.30978447826087 ], [ -76.562412277675847, 2.309965729678639 ], [ -76.562681725382262, 2.309965729678639 ], [ -76.562681725382262, 2.310146981096409 ], [ -76.562232645871561, 2.310146981096409 ], [ -76.562232645871561, 2.310328232514178 ], [ -76.562053014067274, 2.310328232514178 ], [ -76.562053014067274, 2.310509483931947 ], [ -76.561873382263002, 2.310509483931947 ], [ -76.561873382263002, 2.310237606805293 ], [ -76.561963198165145, 2.310237606805293 ], [ -76.561963198165145, 2.310146981096409 ], [ -76.562053014067274, 2.310146981096409 ], [ -76.562053014067274, 2.310056355387524 ], [ -76.562142829969417, 2.310056355387524 ], [ -76.562142829969417, 2.309965729678639 ], [ -76.562232645871561, 2.309965729678639 ], [ -76.562232645871561, 2.309875103969754 ] ] ], [ [ [ -76.566364177370033, 2.310690735349717 ], [ -76.566184545565747, 2.310690735349717 ], [ -76.566184545565747, 2.310418858223063 ], [ -76.56627436146789, 2.310418858223063 ], [ -76.56627436146789, 2.310328232514178 ], [ -76.566453993272177, 2.310328232514178 ], [ -76.566453993272177, 2.310418858223063 ], [ -76.56654380917432, 2.310418858223063 ], [ -76.56654380917432, 2.310509483931947 ], [ -76.566364177370033, 2.310509483931947 ], [ -76.566364177370033, 2.310690735349717 ] ] ], [ [ [ -76.56627436146789, 2.311234489603025 ], [ -76.56627436146789, 2.31114386389414 ], [ -76.566184545565747, 2.31114386389414 ], [ -76.566184545565747, 2.31096261247637 ], [ -76.56627436146789, 2.31096261247637 ], [ -76.56627436146789, 2.310871986767486 ], [ -76.566364177370033, 2.310871986767486 ], [ -76.566364177370033, 2.311234489603025 ], [ -76.56627436146789, 2.311234489603025 ] ] ], [ [ [ -76.561334486850157, 2.311506366729679 ], [ -76.561514118654429, 2.311506366729679 ], [ -76.561514118654429, 2.311596992438564 ], [ -76.560975223241584, 2.311596992438564 ], [ -76.560975223241584, 2.311415741020794 ], [ -76.561065039143728, 2.311415741020794 ], [ -76.561065039143728, 2.311325115311909 ], [ -76.561154855045871, 2.311325115311909 ], [ -76.561154855045871, 2.311234489603025 ], [ -76.561244670948014, 2.311234489603025 ], [ -76.561244670948014, 2.311325115311909 ], [ -76.561334486850157, 2.311325115311909 ], [ -76.561334486850157, 2.311506366729679 ] ] ], [ [ [ -76.563220620795107, 2.312321998109641 ], [ -76.563490068501537, 2.312321998109641 ], [ -76.563490068501537, 2.31250324952741 ], [ -76.563040988990821, 2.31250324952741 ], [ -76.563040988990821, 2.312412623818526 ], [ -76.563220620795107, 2.312412623818526 ], [ -76.563220620795107, 2.312321998109641 ] ] ], [ [ [ -76.562591909480119, 2.312865752362949 ], [ -76.562591909480119, 2.31250324952741 ], [ -76.562861357186549, 2.31250324952741 ], [ -76.562861357186549, 2.312593875236295 ], [ -76.562951173088692, 2.312593875236295 ], [ -76.562951173088692, 2.31268450094518 ], [ -76.562771541284405, 2.31268450094518 ], [ -76.562771541284405, 2.312865752362949 ], [ -76.562591909480119, 2.312865752362949 ] ] ], [ [ [ -76.566094729663604, 2.313318880907373 ], [ -76.566184545565747, 2.313318880907373 ], [ -76.566184545565747, 2.313409506616257 ], [ -76.566094729663604, 2.313409506616257 ], [ -76.566094729663604, 2.313318880907373 ] ] ], [ [ [ -76.561334486850157, 2.345128504725898 ], [ -76.5614243027523, 2.345128504725898 ], [ -76.5614243027523, 2.345219130434783 ], [ -76.561244670948014, 2.345219130434783 ], [ -76.561244670948014, 2.345037879017013 ], [ -76.561334486850157, 2.345037879017013 ], [ -76.561334486850157, 2.345128504725898 ] ] ], [ [ [ -76.561783566360859, 2.345491007561437 ], [ -76.561963198165145, 2.345491007561437 ], [ -76.561963198165145, 2.345581633270322 ], [ -76.561783566360859, 2.345581633270322 ], [ -76.561783566360859, 2.345491007561437 ] ] ], [ [ [ -76.563040988990821, 2.346487890359168 ], [ -76.563220620795107, 2.346487890359168 ], [ -76.563220620795107, 2.346669141776938 ], [ -76.563040988990821, 2.346669141776938 ], [ -76.563040988990821, 2.346487890359168 ] ] ], [ [ [ -76.560885407339455, 2.346850393194707 ], [ -76.561065039143728, 2.346850393194707 ], [ -76.561065039143728, 2.347031644612477 ], [ -76.560885407339455, 2.347031644612477 ], [ -76.560885407339455, 2.346850393194707 ] ] ], [ [ [ -76.566364177370033, 2.347122270321361 ], [ -76.566453993272177, 2.347122270321361 ], [ -76.566453993272177, 2.347212896030246 ], [ -76.566364177370033, 2.347212896030246 ], [ -76.566364177370033, 2.347122270321361 ] ] ], [ [ [ -76.563400252599394, 2.347394147448015 ], [ -76.563400252599394, 2.347212896030246 ], [ -76.563490068501537, 2.347212896030246 ], [ -76.563490068501537, 2.347394147448015 ], [ -76.563400252599394, 2.347394147448015 ] ] ], [ [ [ -76.563939148012238, 2.347394147448015 ], [ -76.563759516207952, 2.347394147448015 ], [ -76.563759516207952, 2.347575398865785 ], [ -76.563579884403666, 2.347575398865785 ], [ -76.563579884403666, 2.347303521739131 ], [ -76.563939148012238, 2.347303521739131 ], [ -76.563939148012238, 2.347394147448015 ] ] ], [ [ [ -76.562861357186549, 2.347666024574669 ], [ -76.563130804892964, 2.347666024574669 ], [ -76.563130804892964, 2.347575398865785 ], [ -76.563220620795107, 2.347575398865785 ], [ -76.563220620795107, 2.347756650283554 ], [ -76.563040988990821, 2.347756650283554 ], [ -76.563040988990821, 2.347937901701323 ], [ -76.562861357186549, 2.347937901701323 ], [ -76.562861357186549, 2.347666024574669 ] ] ], [ [ [ -76.562771541284405, 2.347937901701323 ], [ -76.562861357186549, 2.347937901701323 ], [ -76.562861357186549, 2.348119153119093 ], [ -76.562771541284405, 2.348119153119093 ], [ -76.562771541284405, 2.347937901701323 ] ] ], [ [ [ -76.568070679510711, 2.350928550094518 ], [ -76.568250311314983, 2.350928550094518 ], [ -76.568250311314983, 2.351019175803403 ], [ -76.568070679510711, 2.351019175803403 ], [ -76.568070679510711, 2.350928550094518 ] ] ], [ [ [ -76.5676216, 2.361531758034026 ], [ -76.567531784097866, 2.361531758034026 ], [ -76.567531784097866, 2.361350506616257 ], [ -76.5676216, 2.361350506616257 ], [ -76.5676216, 2.361169255198488 ], [ -76.56816049541284, 2.361169255198488 ], [ -76.56816049541284, 2.361350506616257 ], [ -76.567891047706425, 2.361350506616257 ], [ -76.567891047706425, 2.361441132325142 ], [ -76.5676216, 2.361441132325142 ], [ -76.5676216, 2.361531758034026 ] ] ], [ [ [ -76.5676216, 2.36216613799622 ], [ -76.567711415902139, 2.36216613799622 ], [ -76.567711415902139, 2.362256763705104 ], [ -76.5676216, 2.362256763705104 ], [ -76.5676216, 2.36216613799622 ] ] ], [ [ [ -76.56735215229358, 2.362619266540643 ], [ -76.56735215229358, 2.362347389413989 ], [ -76.567531784097866, 2.362347389413989 ], [ -76.567531784097866, 2.362619266540643 ], [ -76.56735215229358, 2.362619266540643 ] ] ], [ [ [ -76.565555834250759, 2.362709892249528 ], [ -76.56546601834863, 2.362709892249528 ], [ -76.56546601834863, 2.362800517958412 ], [ -76.565106754740057, 2.362800517958412 ], [ -76.565106754740057, 2.362709892249528 ], [ -76.5651965706422, 2.362709892249528 ], [ -76.5651965706422, 2.362528640831758 ], [ -76.565286386544344, 2.362528640831758 ], [ -76.565286386544344, 2.362438015122874 ], [ -76.565645650152902, 2.362438015122874 ], [ -76.565645650152902, 2.362619266540643 ], [ -76.565555834250759, 2.362619266540643 ], [ -76.565555834250759, 2.362709892249528 ] ] ], [ [ [ -76.567531784097866, 2.362619266540643 ], [ -76.567891047706425, 2.362619266540643 ], [ -76.567891047706425, 2.362800517958412 ], [ -76.567531784097866, 2.362800517958412 ], [ -76.567531784097866, 2.362619266540643 ] ] ], [ [ [ -76.565016938837928, 2.362981769376182 ], [ -76.564478043425083, 2.362981769376182 ], [ -76.564478043425083, 2.362709892249528 ], [ -76.564657675229356, 2.362709892249528 ], [ -76.564657675229356, 2.362619266540643 ], [ -76.564747491131499, 2.362619266540643 ], [ -76.564747491131499, 2.362709892249528 ], [ -76.564927122935785, 2.362709892249528 ], [ -76.564927122935785, 2.362891143667297 ], [ -76.565016938837928, 2.362891143667297 ], [ -76.565016938837928, 2.362981769376182 ] ] ], [ [ [ -76.56708270458715, 2.362891143667297 ], [ -76.566992888685022, 2.362891143667297 ], [ -76.566992888685022, 2.362709892249528 ], [ -76.567262336391437, 2.362709892249528 ], [ -76.567262336391437, 2.362619266540643 ], [ -76.56735215229358, 2.362619266540643 ], [ -76.56735215229358, 2.362981769376182 ], [ -76.56708270458715, 2.362981769376182 ], [ -76.56708270458715, 2.362891143667297 ] ] ], [ [ [ -76.5651965706422, 2.36334427221172 ], [ -76.565376202446487, 2.36334427221172 ], [ -76.565376202446487, 2.363434897920605 ], [ -76.5651965706422, 2.363434897920605 ], [ -76.5651965706422, 2.36334427221172 ] ] ], [ [ [ -76.56438822752294, 2.36334427221172 ], [ -76.564478043425083, 2.36334427221172 ], [ -76.564478043425083, 2.36352552362949 ], [ -76.56438822752294, 2.36352552362949 ], [ -76.56438822752294, 2.36334427221172 ] ] ], [ [ [ -76.562502093577976, 2.365519289224953 ], [ -76.562502093577976, 2.365338037807184 ], [ -76.562681725382262, 2.365338037807184 ], [ -76.562681725382262, 2.365519289224953 ], [ -76.562502093577976, 2.365519289224953 ] ] ], [ [ [ -76.562322461773704, 2.365609914933838 ], [ -76.562322461773704, 2.365881792060492 ], [ -76.561783566360859, 2.365881792060492 ], [ -76.561783566360859, 2.365700540642723 ], [ -76.562053014067274, 2.365700540642723 ], [ -76.562053014067274, 2.365609914933838 ], [ -76.562322461773704, 2.365609914933838 ] ] ], [ [ [ -76.561603934556572, 2.366063043478261 ], [ -76.561603934556572, 2.365881792060492 ], [ -76.561783566360859, 2.365881792060492 ], [ -76.561783566360859, 2.366063043478261 ], [ -76.561603934556572, 2.366063043478261 ] ] ], [ [ [ -76.563759516207952, 2.366334920604915 ], [ -76.563849332110095, 2.366334920604915 ], [ -76.563849332110095, 2.3664255463138 ], [ -76.563759516207952, 2.3664255463138 ], [ -76.563759516207952, 2.366334920604915 ] ] ], [ [ [ -76.561963198165145, 2.366606797731569 ], [ -76.562142829969417, 2.366606797731569 ], [ -76.562142829969417, 2.366788049149338 ], [ -76.561963198165145, 2.366788049149338 ], [ -76.561963198165145, 2.366606797731569 ] ] ], [ [ [ -76.563040988990821, 2.366697423440454 ], [ -76.563130804892964, 2.366697423440454 ], [ -76.563130804892964, 2.366788049149338 ], [ -76.563040988990821, 2.366788049149338 ], [ -76.563040988990821, 2.366697423440454 ] ] ], [ [ [ -76.563849332110095, 2.366788049149338 ], [ -76.563759516207952, 2.366788049149338 ], [ -76.563759516207952, 2.366878674858223 ], [ -76.563669700305809, 2.366878674858223 ], [ -76.563669700305809, 2.366697423440454 ], [ -76.563849332110095, 2.366697423440454 ], [ -76.563849332110095, 2.366788049149338 ] ] ], [ [ [ -76.562681725382262, 2.366969300567108 ], [ -76.562681725382262, 2.366788049149338 ], [ -76.562861357186549, 2.366788049149338 ], [ -76.562861357186549, 2.366969300567108 ], [ -76.562681725382262, 2.366969300567108 ] ] ], [ [ [ -76.563400252599394, 2.367241177693762 ], [ -76.56331043669725, 2.367241177693762 ], [ -76.56331043669725, 2.367331803402647 ], [ -76.563220620795107, 2.367331803402647 ], [ -76.563220620795107, 2.367150551984877 ], [ -76.563400252599394, 2.367150551984877 ], [ -76.563400252599394, 2.367241177693762 ] ] ], [ [ [ -76.562142829969417, 2.367513054820416 ], [ -76.561963198165145, 2.367513054820416 ], [ -76.561963198165145, 2.367694306238185 ], [ -76.561783566360859, 2.367694306238185 ], [ -76.561783566360859, 2.367513054820416 ], [ -76.561603934556572, 2.367513054820416 ], [ -76.561603934556572, 2.367603680529301 ], [ -76.561514118654429, 2.367603680529301 ], [ -76.561514118654429, 2.367422429111532 ], [ -76.561693750458716, 2.367422429111532 ], [ -76.561693750458716, 2.367331803402647 ], [ -76.562142829969417, 2.367331803402647 ], [ -76.562142829969417, 2.367513054820416 ] ] ], [ [ [ -76.562861357186549, 2.367694306238185 ], [ -76.562681725382262, 2.367694306238185 ], [ -76.562681725382262, 2.368238060491493 ], [ -76.562142829969417, 2.368238060491493 ], [ -76.562142829969417, 2.367513054820416 ], [ -76.562322461773704, 2.367513054820416 ], [ -76.562322461773704, 2.367331803402647 ], [ -76.562502093577976, 2.367331803402647 ], [ -76.562502093577976, 2.367150551984877 ], [ -76.562681725382262, 2.367150551984877 ], [ -76.562681725382262, 2.367513054820416 ], [ -76.562861357186549, 2.367513054820416 ], [ -76.562861357186549, 2.367694306238185 ] ] ], [ [ [ -76.562861357186549, 2.368238060491493 ], [ -76.562951173088692, 2.368238060491493 ], [ -76.562951173088692, 2.368419311909263 ], [ -76.562861357186549, 2.368419311909263 ], [ -76.562861357186549, 2.368238060491493 ] ] ], [ [ [ -76.570765156574922, 2.363434897920605 ], [ -76.570854972477065, 2.363434897920605 ], [ -76.570854972477065, 2.364069277882798 ], [ -76.570944788379208, 2.364069277882798 ], [ -76.570944788379208, 2.364250529300567 ], [ -76.571124420183494, 2.364250529300567 ], [ -76.571124420183494, 2.364613032136106 ], [ -76.571214236085623, 2.364613032136106 ], [ -76.571214236085623, 2.364703657844991 ], [ -76.571304051987767, 2.364703657844991 ], [ -76.571304051987767, 2.36488490926276 ], [ -76.57139386788991, 2.36488490926276 ], [ -76.57139386788991, 2.364975534971645 ], [ -76.571483683792053, 2.364975534971645 ], [ -76.571483683792053, 2.365066160680529 ], [ -76.57139386788991, 2.365066160680529 ], [ -76.57139386788991, 2.365247412098299 ], [ -76.570944788379208, 2.365247412098299 ], [ -76.570944788379208, 2.365338037807184 ], [ -76.570765156574922, 2.365338037807184 ], [ -76.570765156574922, 2.365247412098299 ], [ -76.570675340672778, 2.365247412098299 ], [ -76.570675340672778, 2.365066160680529 ], [ -76.570585524770649, 2.365066160680529 ], [ -76.570585524770649, 2.364975534971645 ], [ -76.570495708868506, 2.364975534971645 ], [ -76.570495708868506, 2.365066160680529 ], [ -76.570405892966363, 2.365066160680529 ], [ -76.570405892966363, 2.365247412098299 ], [ -76.57031607706422, 2.365247412098299 ], [ -76.57031607706422, 2.365338037807184 ], [ -76.570136445259934, 2.365338037807184 ], [ -76.570136445259934, 2.365519289224953 ], [ -76.570046629357805, 2.365519289224953 ], [ -76.570046629357805, 2.365609914933838 ], [ -76.569956813455661, 2.365609914933838 ], [ -76.569956813455661, 2.366334920604915 ], [ -76.569866997553518, 2.366334920604915 ], [ -76.569866997553518, 2.3664255463138 ], [ -76.569777181651375, 2.3664255463138 ], [ -76.569777181651375, 2.366516172022684 ], [ -76.569687365749232, 2.366516172022684 ], [ -76.569687365749232, 2.366788049149338 ], [ -76.56950773394496, 2.366788049149338 ], [ -76.56950773394496, 2.366969300567108 ], [ -76.569597549847103, 2.366969300567108 ], [ -76.569597549847103, 2.367150551984877 ], [ -76.569687365749232, 2.367150551984877 ], [ -76.569687365749232, 2.367331803402647 ], [ -76.569777181651375, 2.367331803402647 ], [ -76.569777181651375, 2.367513054820416 ], [ -76.569597549847103, 2.367513054820416 ], [ -76.569597549847103, 2.367694306238185 ], [ -76.56950773394496, 2.367694306238185 ], [ -76.56950773394496, 2.367966183364839 ], [ -76.569417918042816, 2.367966183364839 ], [ -76.569417918042816, 2.368056809073724 ], [ -76.56950773394496, 2.368056809073724 ], [ -76.56950773394496, 2.368147434782609 ], [ -76.569597549847103, 2.368147434782609 ], [ -76.569597549847103, 2.368238060491493 ], [ -76.569777181651375, 2.368238060491493 ], [ -76.569777181651375, 2.368691189035917 ], [ -76.569866997553518, 2.368691189035917 ], [ -76.569866997553518, 2.368872440453687 ], [ -76.569956813455661, 2.368872440453687 ], [ -76.569956813455661, 2.368691189035917 ], [ -76.570046629357805, 2.368691189035917 ], [ -76.570046629357805, 2.368600563327032 ], [ -76.570136445259934, 2.368600563327032 ], [ -76.570136445259934, 2.368691189035917 ], [ -76.570226261162077, 2.368691189035917 ], [ -76.570226261162077, 2.368781814744802 ], [ -76.570405892966363, 2.368781814744802 ], [ -76.570405892966363, 2.368872440453687 ], [ -76.570495708868506, 2.368872440453687 ], [ -76.570495708868506, 2.368781814744802 ], [ -76.570675340672778, 2.368781814744802 ], [ -76.570675340672778, 2.368691189035917 ], [ -76.570765156574922, 2.368691189035917 ], [ -76.570765156574922, 2.368509937618148 ], [ -76.570854972477065, 2.368509937618148 ], [ -76.570854972477065, 2.368419311909263 ], [ -76.570944788379208, 2.368419311909263 ], [ -76.570944788379208, 2.368509937618148 ], [ -76.571034604281351, 2.368509937618148 ], [ -76.571034604281351, 2.368600563327032 ], [ -76.571214236085623, 2.368600563327032 ], [ -76.571214236085623, 2.368691189035917 ], [ -76.57139386788991, 2.368691189035917 ], [ -76.57139386788991, 2.368600563327032 ], [ -76.571573499694196, 2.368600563327032 ], [ -76.571573499694196, 2.368509937618148 ], [ -76.572022579204898, 2.368509937618148 ], [ -76.572022579204898, 2.368600563327032 ], [ -76.572112395107041, 2.368600563327032 ], [ -76.572112395107041, 2.368509937618148 ], [ -76.57220221100917, 2.368509937618148 ], [ -76.57220221100917, 2.368238060491493 ], [ -76.572292026911313, 2.368238060491493 ], [ -76.572292026911313, 2.368328686200378 ], [ -76.572381842813456, 2.368328686200378 ], [ -76.572381842813456, 2.368419311909263 ], [ -76.572561474617743, 2.368419311909263 ], [ -76.572561474617743, 2.368328686200378 ], [ -76.572741106422015, 2.368328686200378 ], [ -76.572741106422015, 2.368419311909263 ], [ -76.572920738226301, 2.368419311909263 ], [ -76.572920738226301, 2.368600563327032 ], [ -76.572830922324158, 2.368600563327032 ], [ -76.572830922324158, 2.368691189035917 ], [ -76.572741106422015, 2.368691189035917 ], [ -76.572741106422015, 2.368781814744802 ], [ -76.572561474617743, 2.368781814744802 ], [ -76.572561474617743, 2.368872440453687 ], [ -76.572292026911313, 2.368872440453687 ], [ -76.572292026911313, 2.368963066162571 ], [ -76.572022579204898, 2.368963066162571 ], [ -76.572022579204898, 2.369144317580341 ], [ -76.572112395107041, 2.369144317580341 ], [ -76.572112395107041, 2.369234943289225 ], [ -76.572022579204898, 2.369234943289225 ], [ -76.572022579204898, 2.36932556899811 ], [ -76.57220221100917, 2.36932556899811 ], [ -76.57220221100917, 2.369416194706995 ], [ -76.572022579204898, 2.369416194706995 ], [ -76.572022579204898, 2.369506820415879 ], [ -76.572112395107041, 2.369506820415879 ], [ -76.572112395107041, 2.369597446124764 ], [ -76.571932763302755, 2.369597446124764 ], [ -76.571932763302755, 2.369688071833648 ], [ -76.572022579204898, 2.369688071833648 ], [ -76.572022579204898, 2.369778697542533 ], [ -76.572112395107041, 2.369778697542533 ], [ -76.572112395107041, 2.369869323251418 ], [ -76.572292026911313, 2.369869323251418 ], [ -76.572292026911313, 2.369959948960302 ], [ -76.5724716587156, 2.369959948960302 ], [ -76.5724716587156, 2.370050574669187 ], [ -76.572561474617743, 2.370050574669187 ], [ -76.572561474617743, 2.370141200378072 ], [ -76.572292026911313, 2.370141200378072 ], [ -76.572292026911313, 2.370231826086957 ], [ -76.57220221100917, 2.370231826086957 ], [ -76.57220221100917, 2.370413077504726 ], [ -76.572112395107041, 2.370413077504726 ], [ -76.572112395107041, 2.37068495463138 ], [ -76.57220221100917, 2.37068495463138 ], [ -76.57220221100917, 2.370775580340265 ], [ -76.572112395107041, 2.370775580340265 ], [ -76.572112395107041, 2.37086620604915 ], [ -76.572022579204898, 2.37086620604915 ], [ -76.572022579204898, 2.370956831758034 ], [ -76.571932763302755, 2.370956831758034 ], [ -76.571932763302755, 2.371138083175804 ], [ -76.571753131498468, 2.371138083175804 ], [ -76.571753131498468, 2.371409960302457 ], [ -76.571842947400611, 2.371409960302457 ], [ -76.571842947400611, 2.371500586011342 ], [ -76.571932763302755, 2.371500586011342 ], [ -76.571932763302755, 2.371591211720227 ], [ -76.571842947400611, 2.371591211720227 ], [ -76.571842947400611, 2.371953714555766 ], [ -76.571932763302755, 2.371953714555766 ], [ -76.571932763302755, 2.372134965973535 ], [ -76.572022579204898, 2.372134965973535 ], [ -76.572022579204898, 2.372316217391305 ], [ -76.57220221100917, 2.372316217391305 ], [ -76.57220221100917, 2.372406843100189 ], [ -76.572292026911313, 2.372406843100189 ], [ -76.572292026911313, 2.372497468809074 ], [ -76.572381842813456, 2.372497468809074 ], [ -76.572381842813456, 2.372769345935728 ], [ -76.572292026911313, 2.372769345935728 ], [ -76.572292026911313, 2.372859971644613 ], [ -76.57220221100917, 2.372859971644613 ], [ -76.57220221100917, 2.372950597353497 ], [ -76.572112395107041, 2.372950597353497 ], [ -76.572112395107041, 2.373041223062382 ], [ -76.571753131498468, 2.373041223062382 ], [ -76.571753131498468, 2.373222474480151 ], [ -76.571663315596325, 2.373222474480151 ], [ -76.571663315596325, 2.373313100189036 ], [ -76.571573499694196, 2.373313100189036 ], [ -76.571573499694196, 2.373403725897921 ], [ -76.571483683792053, 2.373403725897921 ], [ -76.571483683792053, 2.373131848771267 ], [ -76.571214236085623, 2.373131848771267 ], [ -76.571214236085623, 2.372769345935728 ], [ -76.571304051987767, 2.372769345935728 ], [ -76.571304051987767, 2.372678720226843 ], [ -76.57139386788991, 2.372678720226843 ], [ -76.57139386788991, 2.372588094517959 ], [ -76.571304051987767, 2.372588094517959 ], [ -76.571304051987767, 2.372497468809074 ], [ -76.57139386788991, 2.372497468809074 ], [ -76.57139386788991, 2.372406843100189 ], [ -76.571124420183494, 2.372406843100189 ], [ -76.571124420183494, 2.372497468809074 ], [ -76.570854972477065, 2.372497468809074 ], [ -76.570854972477065, 2.372769345935728 ], [ -76.570585524770649, 2.372769345935728 ], [ -76.570585524770649, 2.372588094517959 ], [ -76.570226261162077, 2.372588094517959 ], [ -76.570226261162077, 2.372316217391305 ], [ -76.570046629357805, 2.372316217391305 ], [ -76.570046629357805, 2.37222559168242 ], [ -76.569956813455661, 2.37222559168242 ], [ -76.569956813455661, 2.372134965973535 ], [ -76.569866997553518, 2.372134965973535 ], [ -76.569866997553518, 2.371953714555766 ], [ -76.569777181651375, 2.371953714555766 ], [ -76.569777181651375, 2.371863088846881 ], [ -76.569687365749232, 2.371863088846881 ], [ -76.569687365749232, 2.371681837429112 ], [ -76.569866997553518, 2.371681837429112 ], [ -76.569866997553518, 2.371500586011342 ], [ -76.569687365749232, 2.371500586011342 ], [ -76.569687365749232, 2.371591211720227 ], [ -76.569328102140673, 2.371591211720227 ], [ -76.569328102140673, 2.371772463137996 ], [ -76.569417918042816, 2.371772463137996 ], [ -76.569417918042816, 2.371863088846881 ], [ -76.56950773394496, 2.371863088846881 ], [ -76.56950773394496, 2.37204434026465 ], [ -76.569328102140673, 2.37204434026465 ], [ -76.569328102140673, 2.372134965973535 ], [ -76.56923828623853, 2.372134965973535 ], [ -76.56923828623853, 2.371953714555766 ], [ -76.569148470336387, 2.371953714555766 ], [ -76.569148470336387, 2.371863088846881 ], [ -76.56923828623853, 2.371863088846881 ], [ -76.56923828623853, 2.371772463137996 ], [ -76.569148470336387, 2.371772463137996 ], [ -76.569148470336387, 2.371681837429112 ], [ -76.569058654434258, 2.371681837429112 ], [ -76.569058654434258, 2.371591211720227 ], [ -76.568968838532115, 2.371591211720227 ], [ -76.568968838532115, 2.371319334593573 ], [ -76.569148470336387, 2.371319334593573 ], [ -76.569148470336387, 2.371228708884688 ], [ -76.56923828623853, 2.371228708884688 ], [ -76.56923828623853, 2.370956831758034 ], [ -76.568789206727828, 2.370956831758034 ], [ -76.568789206727828, 2.371047457466919 ], [ -76.568609574923542, 2.371047457466919 ], [ -76.568609574923542, 2.370956831758034 ], [ -76.568340127217127, 2.370956831758034 ], [ -76.568340127217127, 2.371047457466919 ], [ -76.568250311314983, 2.371047457466919 ], [ -76.568250311314983, 2.370956831758034 ], [ -76.56816049541284, 2.370956831758034 ], [ -76.56816049541284, 2.37086620604915 ], [ -76.568070679510711, 2.37086620604915 ], [ -76.568070679510711, 2.370775580340265 ], [ -76.567980863608568, 2.370775580340265 ], [ -76.567980863608568, 2.37068495463138 ], [ -76.567891047706425, 2.37068495463138 ], [ -76.567891047706425, 2.370594328922496 ], [ -76.567711415902139, 2.370594328922496 ], [ -76.567711415902139, 2.370775580340265 ], [ -76.567531784097866, 2.370775580340265 ], [ -76.567531784097866, 2.370594328922496 ], [ -76.56735215229358, 2.370594328922496 ], [ -76.56735215229358, 2.370231826086957 ], [ -76.567172520489294, 2.370231826086957 ], [ -76.567172520489294, 2.370413077504726 ], [ -76.566992888685022, 2.370413077504726 ], [ -76.566992888685022, 2.369869323251418 ], [ -76.566453993272177, 2.369869323251418 ], [ -76.566453993272177, 2.369959948960302 ], [ -76.56627436146789, 2.369959948960302 ], [ -76.56627436146789, 2.369869323251418 ], [ -76.566184545565747, 2.369869323251418 ], [ -76.566184545565747, 2.369778697542533 ], [ -76.566094729663604, 2.369778697542533 ], [ -76.566094729663604, 2.369688071833648 ], [ -76.566004913761475, 2.369688071833648 ], [ -76.566004913761475, 2.369597446124764 ], [ -76.56627436146789, 2.369597446124764 ], [ -76.56627436146789, 2.369506820415879 ], [ -76.566184545565747, 2.369506820415879 ], [ -76.566184545565747, 2.369416194706995 ], [ -76.566004913761475, 2.369416194706995 ], [ -76.566004913761475, 2.36932556899811 ], [ -76.565825281957189, 2.36932556899811 ], [ -76.565825281957189, 2.369506820415879 ], [ -76.565915097859332, 2.369506820415879 ], [ -76.565915097859332, 2.369688071833648 ], [ -76.565735466055045, 2.369688071833648 ], [ -76.565735466055045, 2.369597446124764 ], [ -76.56546601834863, 2.369597446124764 ], [ -76.56546601834863, 2.369416194706995 ], [ -76.5651965706422, 2.369416194706995 ], [ -76.5651965706422, 2.369506820415879 ], [ -76.564837307033642, 2.369506820415879 ], [ -76.564837307033642, 2.369959948960302 ], [ -76.56438822752294, 2.369959948960302 ], [ -76.56438822752294, 2.369778697542533 ], [ -76.563939148012238, 2.369778697542533 ], [ -76.563939148012238, 2.369869323251418 ], [ -76.563759516207952, 2.369869323251418 ], [ -76.563759516207952, 2.369959948960302 ], [ -76.563579884403666, 2.369959948960302 ], [ -76.563579884403666, 2.370322451795841 ], [ -76.563669700305809, 2.370322451795841 ], [ -76.563669700305809, 2.370413077504726 ], [ -76.563579884403666, 2.370413077504726 ], [ -76.563579884403666, 2.370503703213611 ], [ -76.563490068501537, 2.370503703213611 ], [ -76.563490068501537, 2.370594328922496 ], [ -76.563400252599394, 2.370594328922496 ], [ -76.563400252599394, 2.37068495463138 ], [ -76.563040988990821, 2.37068495463138 ], [ -76.563040988990821, 2.370775580340265 ], [ -76.562412277675847, 2.370775580340265 ], [ -76.562412277675847, 2.370956831758034 ], [ -76.561873382263002, 2.370956831758034 ], [ -76.561873382263002, 2.371138083175804 ], [ -76.561963198165145, 2.371138083175804 ], [ -76.561963198165145, 2.371228708884688 ], [ -76.562053014067274, 2.371228708884688 ], [ -76.562053014067274, 2.371681837429112 ], [ -76.561963198165145, 2.371681837429112 ], [ -76.561963198165145, 2.371500586011342 ], [ -76.561693750458716, 2.371500586011342 ], [ -76.561693750458716, 2.371409960302457 ], [ -76.561603934556572, 2.371409960302457 ], [ -76.561603934556572, 2.371319334593573 ], [ -76.561783566360859, 2.371319334593573 ], [ -76.561783566360859, 2.370413077504726 ], [ -76.561603934556572, 2.370413077504726 ], [ -76.561603934556572, 2.370231826086957 ], [ -76.5614243027523, 2.370231826086957 ], [ -76.5614243027523, 2.369688071833648 ], [ -76.561783566360859, 2.369688071833648 ], [ -76.561783566360859, 2.369869323251418 ], [ -76.561963198165145, 2.369869323251418 ], [ -76.561963198165145, 2.369688071833648 ], [ -76.562142829969417, 2.369688071833648 ], [ -76.562142829969417, 2.369506820415879 ], [ -76.562322461773704, 2.369506820415879 ], [ -76.562322461773704, 2.36932556899811 ], [ -76.562142829969417, 2.36932556899811 ], [ -76.562142829969417, 2.369144317580341 ], [ -76.561963198165145, 2.369144317580341 ], [ -76.561963198165145, 2.368963066162571 ], [ -76.561783566360859, 2.368963066162571 ], [ -76.561783566360859, 2.368600563327032 ], [ -76.561603934556572, 2.368600563327032 ], [ -76.561603934556572, 2.368419311909263 ], [ -76.561783566360859, 2.368419311909263 ], [ -76.561783566360859, 2.368238060491493 ], [ -76.561603934556572, 2.368238060491493 ], [ -76.561603934556572, 2.368056809073724 ], [ -76.561065039143728, 2.368056809073724 ], [ -76.561065039143728, 2.368238060491493 ], [ -76.560885407339455, 2.368238060491493 ], [ -76.560885407339455, 2.368509937618148 ], [ -76.560705775535169, 2.368509937618148 ], [ -76.560705775535169, 2.368328686200378 ], [ -76.560795591437312, 2.368328686200378 ], [ -76.560795591437312, 2.367966183364839 ], [ -76.560975223241584, 2.367966183364839 ], [ -76.560975223241584, 2.367875557655955 ], [ -76.561154855045871, 2.367875557655955 ], [ -76.561154855045871, 2.36778493194707 ], [ -76.561244670948014, 2.36778493194707 ], [ -76.561244670948014, 2.367694306238185 ], [ -76.5614243027523, 2.367694306238185 ], [ -76.5614243027523, 2.367875557655955 ], [ -76.561963198165145, 2.367875557655955 ], [ -76.561963198165145, 2.368419311909263 ], [ -76.562861357186549, 2.368419311909263 ], [ -76.562861357186549, 2.368509937618148 ], [ -76.563040988990821, 2.368509937618148 ], [ -76.563040988990821, 2.368600563327032 ], [ -76.563130804892964, 2.368600563327032 ], [ -76.563130804892964, 2.368691189035917 ], [ -76.563040988990821, 2.368691189035917 ], [ -76.563040988990821, 2.368781814744802 ], [ -76.563220620795107, 2.368781814744802 ], [ -76.563220620795107, 2.368691189035917 ], [ -76.56331043669725, 2.368691189035917 ], [ -76.56331043669725, 2.368509937618148 ], [ -76.563220620795107, 2.368509937618148 ], [ -76.563220620795107, 2.368419311909263 ], [ -76.563130804892964, 2.368419311909263 ], [ -76.563130804892964, 2.368238060491493 ], [ -76.563040988990821, 2.368238060491493 ], [ -76.563040988990821, 2.368056809073724 ], [ -76.563579884403666, 2.368056809073724 ], [ -76.563579884403666, 2.367875557655955 ], [ -76.564118779816511, 2.367875557655955 ], [ -76.564118779816511, 2.367694306238185 ], [ -76.563400252599394, 2.367694306238185 ], [ -76.563400252599394, 2.367513054820416 ], [ -76.563759516207952, 2.367513054820416 ], [ -76.563759516207952, 2.367422429111532 ], [ -76.563849332110095, 2.367422429111532 ], [ -76.563849332110095, 2.367241177693762 ], [ -76.563939148012238, 2.367241177693762 ], [ -76.563939148012238, 2.366969300567108 ], [ -76.564028963914367, 2.366969300567108 ], [ -76.564028963914367, 2.366878674858223 ], [ -76.564208595718654, 2.366878674858223 ], [ -76.564208595718654, 2.366788049149338 ], [ -76.564298411620797, 2.366788049149338 ], [ -76.564298411620797, 2.366697423440454 ], [ -76.56438822752294, 2.366697423440454 ], [ -76.56438822752294, 2.366606797731569 ], [ -76.564478043425083, 2.366606797731569 ], [ -76.564478043425083, 2.366334920604915 ], [ -76.564298411620797, 2.366334920604915 ], [ -76.564298411620797, 2.36624429489603 ], [ -76.564208595718654, 2.36624429489603 ], [ -76.564208595718654, 2.366153669187146 ], [ -76.564118779816511, 2.366153669187146 ], [ -76.564118779816511, 2.366063043478261 ], [ -76.564028963914367, 2.366063043478261 ], [ -76.564028963914367, 2.366153669187146 ], [ -76.563669700305809, 2.366153669187146 ], [ -76.563669700305809, 2.3664255463138 ], [ -76.563400252599394, 2.3664255463138 ], [ -76.563400252599394, 2.366516172022684 ], [ -76.563130804892964, 2.366516172022684 ], [ -76.563130804892964, 2.366606797731569 ], [ -76.562142829969417, 2.366606797731569 ], [ -76.562142829969417, 2.3664255463138 ], [ -76.562502093577976, 2.3664255463138 ], [ -76.562502093577976, 2.36624429489603 ], [ -76.563040988990821, 2.36624429489603 ], [ -76.563040988990821, 2.365881792060492 ], [ -76.563220620795107, 2.365881792060492 ], [ -76.563220620795107, 2.365700540642723 ], [ -76.563400252599394, 2.365700540642723 ], [ -76.563400252599394, 2.365881792060492 ], [ -76.563759516207952, 2.365881792060492 ], [ -76.563759516207952, 2.365700540642723 ], [ -76.563579884403666, 2.365700540642723 ], [ -76.563579884403666, 2.365519289224953 ], [ -76.563400252599394, 2.365519289224953 ], [ -76.563400252599394, 2.365338037807184 ], [ -76.563220620795107, 2.365338037807184 ], [ -76.563220620795107, 2.364975534971645 ], [ -76.562861357186549, 2.364975534971645 ], [ -76.562861357186549, 2.365156786389414 ], [ -76.562502093577976, 2.365156786389414 ], [ -76.562502093577976, 2.364975534971645 ], [ -76.562681725382262, 2.364975534971645 ], [ -76.562681725382262, 2.364794283553875 ], [ -76.562861357186549, 2.364794283553875 ], [ -76.562861357186549, 2.364613032136106 ], [ -76.562322461773704, 2.364613032136106 ], [ -76.562322461773704, 2.364794283553875 ], [ -76.561873382263002, 2.364794283553875 ], [ -76.561873382263002, 2.364703657844991 ], [ -76.561783566360859, 2.364703657844991 ], [ -76.561783566360859, 2.364069277882798 ], [ -76.561334486850157, 2.364069277882798 ], [ -76.561334486850157, 2.363888026465029 ], [ -76.561873382263002, 2.363888026465029 ], [ -76.561873382263002, 2.364159903591683 ], [ -76.561963198165145, 2.364159903591683 ], [ -76.561963198165145, 2.364250529300567 ], [ -76.562142829969417, 2.364250529300567 ], [ -76.562142829969417, 2.364159903591683 ], [ -76.562232645871561, 2.364159903591683 ], [ -76.562232645871561, 2.363978652173913 ], [ -76.562322461773704, 2.363978652173913 ], [ -76.562322461773704, 2.363888026465029 ], [ -76.562951173088692, 2.363888026465029 ], [ -76.562951173088692, 2.363797400756144 ], [ -76.563220620795107, 2.363797400756144 ], [ -76.563220620795107, 2.363706775047259 ], [ -76.56331043669725, 2.363706775047259 ], [ -76.56331043669725, 2.363797400756144 ], [ -76.563579884403666, 2.363797400756144 ], [ -76.563579884403666, 2.363888026465029 ], [ -76.563849332110095, 2.363888026465029 ], [ -76.563849332110095, 2.363797400756144 ], [ -76.564208595718654, 2.363797400756144 ], [ -76.564208595718654, 2.363978652173913 ], [ -76.564298411620797, 2.363978652173913 ], [ -76.564298411620797, 2.363888026465029 ], [ -76.564478043425083, 2.363888026465029 ], [ -76.564478043425083, 2.36352552362949 ], [ -76.564657675229356, 2.36352552362949 ], [ -76.564657675229356, 2.363706775047259 ], [ -76.565016938837928, 2.363706775047259 ], [ -76.565016938837928, 2.363888026465029 ], [ -76.5651965706422, 2.363888026465029 ], [ -76.5651965706422, 2.363978652173913 ], [ -76.565376202446487, 2.363978652173913 ], [ -76.565376202446487, 2.363888026465029 ], [ -76.565555834250759, 2.363888026465029 ], [ -76.565555834250759, 2.363797400756144 ], [ -76.565645650152902, 2.363797400756144 ], [ -76.565645650152902, 2.363706775047259 ], [ -76.565825281957189, 2.363706775047259 ], [ -76.565825281957189, 2.363616149338374 ], [ -76.565915097859332, 2.363616149338374 ], [ -76.565915097859332, 2.363706775047259 ], [ -76.56627436146789, 2.363706775047259 ], [ -76.56627436146789, 2.363797400756144 ], [ -76.566364177370033, 2.363797400756144 ], [ -76.566364177370033, 2.363706775047259 ], [ -76.56654380917432, 2.363706775047259 ], [ -76.56654380917432, 2.363888026465029 ], [ -76.566453993272177, 2.363888026465029 ], [ -76.566453993272177, 2.364069277882798 ], [ -76.565915097859332, 2.364069277882798 ], [ -76.565915097859332, 2.364250529300567 ], [ -76.565735466055045, 2.364250529300567 ], [ -76.565735466055045, 2.364431780718337 ], [ -76.566453993272177, 2.364431780718337 ], [ -76.566453993272177, 2.364613032136106 ], [ -76.566364177370033, 2.364613032136106 ], [ -76.566364177370033, 2.364703657844991 ], [ -76.565915097859332, 2.364703657844991 ], [ -76.565915097859332, 2.364613032136106 ], [ -76.565825281957189, 2.364613032136106 ], [ -76.565825281957189, 2.364522406427221 ], [ -76.565645650152902, 2.364522406427221 ], [ -76.565645650152902, 2.364431780718337 ], [ -76.565555834250759, 2.364431780718337 ], [ -76.565555834250759, 2.364250529300567 ], [ -76.5651965706422, 2.364250529300567 ], [ -76.5651965706422, 2.364431780718337 ], [ -76.565016938837928, 2.364431780718337 ], [ -76.565016938837928, 2.364522406427221 ], [ -76.564927122935785, 2.364522406427221 ], [ -76.564927122935785, 2.364703657844991 ], [ -76.564837307033642, 2.364703657844991 ], [ -76.564837307033642, 2.365066160680529 ], [ -76.564747491131499, 2.365066160680529 ], [ -76.564747491131499, 2.365247412098299 ], [ -76.564837307033642, 2.365247412098299 ], [ -76.564837307033642, 2.365338037807184 ], [ -76.564747491131499, 2.365338037807184 ], [ -76.564747491131499, 2.365428663516068 ], [ -76.564657675229356, 2.365428663516068 ], [ -76.564657675229356, 2.365519289224953 ], [ -76.564747491131499, 2.365519289224953 ], [ -76.564747491131499, 2.365700540642723 ], [ -76.565016938837928, 2.365700540642723 ], [ -76.565016938837928, 2.365972417769376 ], [ -76.5651965706422, 2.365972417769376 ], [ -76.5651965706422, 2.365881792060492 ], [ -76.565555834250759, 2.365881792060492 ], [ -76.565555834250759, 2.365972417769376 ], [ -76.565825281957189, 2.365972417769376 ], [ -76.565825281957189, 2.36624429489603 ], [ -76.565915097859332, 2.36624429489603 ], [ -76.565915097859332, 2.366334920604915 ], [ -76.566004913761475, 2.366334920604915 ], [ -76.566004913761475, 2.3664255463138 ], [ -76.566094729663604, 2.3664255463138 ], [ -76.566094729663604, 2.366334920604915 ], [ -76.566364177370033, 2.366334920604915 ], [ -76.566364177370033, 2.366153669187146 ], [ -76.566453993272177, 2.366153669187146 ], [ -76.566453993272177, 2.366334920604915 ], [ -76.566723440978592, 2.366334920604915 ], [ -76.566723440978592, 2.3664255463138 ], [ -76.566903072782878, 2.3664255463138 ], [ -76.566903072782878, 2.366516172022684 ], [ -76.566992888685022, 2.366516172022684 ], [ -76.566992888685022, 2.3664255463138 ], [ -76.567172520489294, 2.3664255463138 ], [ -76.567172520489294, 2.36624429489603 ], [ -76.567262336391437, 2.36624429489603 ], [ -76.567262336391437, 2.366153669187146 ], [ -76.567172520489294, 2.366153669187146 ], [ -76.567172520489294, 2.366063043478261 ], [ -76.567262336391437, 2.366063043478261 ], [ -76.567262336391437, 2.365972417769376 ], [ -76.56735215229358, 2.365972417769376 ], [ -76.56735215229358, 2.365700540642723 ], [ -76.567262336391437, 2.365700540642723 ], [ -76.567262336391437, 2.365609914933838 ], [ -76.567172520489294, 2.365609914933838 ], [ -76.567172520489294, 2.365156786389414 ], [ -76.566633625076449, 2.365156786389414 ], [ -76.566633625076449, 2.365338037807184 ], [ -76.566453993272177, 2.365338037807184 ], [ -76.566453993272177, 2.365156786389414 ], [ -76.56627436146789, 2.365156786389414 ], [ -76.56627436146789, 2.364975534971645 ], [ -76.566633625076449, 2.364975534971645 ], [ -76.566633625076449, 2.36488490926276 ], [ -76.566723440978592, 2.36488490926276 ], [ -76.566723440978592, 2.364794283553875 ], [ -76.566813256880735, 2.364794283553875 ], [ -76.566813256880735, 2.364613032136106 ], [ -76.566992888685022, 2.364613032136106 ], [ -76.566992888685022, 2.364522406427221 ], [ -76.567172520489294, 2.364522406427221 ], [ -76.567172520489294, 2.364613032136106 ], [ -76.56735215229358, 2.364613032136106 ], [ -76.56735215229358, 2.364703657844991 ], [ -76.567441968195723, 2.364703657844991 ], [ -76.567441968195723, 2.364522406427221 ], [ -76.56735215229358, 2.364522406427221 ], [ -76.56735215229358, 2.364431780718337 ], [ -76.567262336391437, 2.364431780718337 ], [ -76.567262336391437, 2.364250529300567 ], [ -76.567531784097866, 2.364250529300567 ], [ -76.567531784097866, 2.364159903591683 ], [ -76.5676216, 2.364159903591683 ], [ -76.5676216, 2.364069277882798 ], [ -76.568250311314983, 2.364069277882798 ], [ -76.568250311314983, 2.364250529300567 ], [ -76.567711415902139, 2.364250529300567 ], [ -76.567711415902139, 2.364431780718337 ], [ -76.567891047706425, 2.364431780718337 ], [ -76.567891047706425, 2.364794283553875 ], [ -76.567262336391437, 2.364794283553875 ], [ -76.567262336391437, 2.364975534971645 ], [ -76.56735215229358, 2.364975534971645 ], [ -76.56735215229358, 2.365156786389414 ], [ -76.567441968195723, 2.365156786389414 ], [ -76.567441968195723, 2.365338037807184 ], [ -76.5676216, 2.365338037807184 ], [ -76.5676216, 2.365428663516068 ], [ -76.567711415902139, 2.365428663516068 ], [ -76.567711415902139, 2.365609914933838 ], [ -76.5676216, 2.365609914933838 ], [ -76.5676216, 2.365791166351607 ], [ -76.567711415902139, 2.365791166351607 ], [ -76.567711415902139, 2.365972417769376 ], [ -76.567801231804282, 2.365972417769376 ], [ -76.567801231804282, 2.365609914933838 ], [ -76.567891047706425, 2.365609914933838 ], [ -76.567891047706425, 2.365338037807184 ], [ -76.567980863608568, 2.365338037807184 ], [ -76.567980863608568, 2.365247412098299 ], [ -76.568070679510711, 2.365247412098299 ], [ -76.568070679510711, 2.365156786389414 ], [ -76.56816049541284, 2.365156786389414 ], [ -76.56816049541284, 2.365066160680529 ], [ -76.568250311314983, 2.365066160680529 ], [ -76.568250311314983, 2.365156786389414 ], [ -76.56842994311927, 2.365156786389414 ], [ -76.56842994311927, 2.364794283553875 ], [ -76.568609574923542, 2.364794283553875 ], [ -76.568609574923542, 2.364431780718337 ], [ -76.568789206727828, 2.364431780718337 ], [ -76.568789206727828, 2.364613032136106 ], [ -76.568968838532115, 2.364613032136106 ], [ -76.568968838532115, 2.364431780718337 ], [ -76.569148470336387, 2.364431780718337 ], [ -76.569148470336387, 2.364250529300567 ], [ -76.568968838532115, 2.364250529300567 ], [ -76.568968838532115, 2.364069277882798 ], [ -76.568789206727828, 2.364069277882798 ], [ -76.568789206727828, 2.363888026465029 ], [ -76.568609574923542, 2.363888026465029 ], [ -76.568609574923542, 2.363706775047259 ], [ -76.568789206727828, 2.363706775047259 ], [ -76.568789206727828, 2.36352552362949 ], [ -76.56950773394496, 2.36352552362949 ], [ -76.56950773394496, 2.363706775047259 ], [ -76.569687365749232, 2.363706775047259 ], [ -76.569687365749232, 2.36334427221172 ], [ -76.570046629357805, 2.36334427221172 ], [ -76.570046629357805, 2.36352552362949 ], [ -76.569866997553518, 2.36352552362949 ], [ -76.569866997553518, 2.363888026465029 ], [ -76.569687365749232, 2.363888026465029 ], [ -76.569687365749232, 2.364069277882798 ], [ -76.570226261162077, 2.364069277882798 ], [ -76.570226261162077, 2.364431780718337 ], [ -76.570585524770649, 2.364431780718337 ], [ -76.570585524770649, 2.364069277882798 ], [ -76.570765156574922, 2.364069277882798 ], [ -76.570765156574922, 2.363706775047259 ], [ -76.570585524770649, 2.363706775047259 ], [ -76.570585524770649, 2.36334427221172 ], [ -76.570765156574922, 2.36334427221172 ], [ -76.570765156574922, 2.363434897920605 ] ], [ [ -76.563579884403666, 2.365338037807184 ], [ -76.563579884403666, 2.365247412098299 ], [ -76.563490068501537, 2.365247412098299 ], [ -76.563490068501537, 2.365156786389414 ], [ -76.563400252599394, 2.365156786389414 ], [ -76.563400252599394, 2.365338037807184 ], [ -76.563579884403666, 2.365338037807184 ] ], [ [ -76.56950773394496, 2.364069277882798 ], [ -76.56950773394496, 2.364250529300567 ], [ -76.569687365749232, 2.364250529300567 ], [ -76.569687365749232, 2.364069277882798 ], [ -76.56950773394496, 2.364069277882798 ] ], [ [ -76.571483683792053, 2.37086620604915 ], [ -76.571483683792053, 2.371047457466919 ], [ -76.571304051987767, 2.371047457466919 ], [ -76.571304051987767, 2.371138083175804 ], [ -76.571124420183494, 2.371138083175804 ], [ -76.571124420183494, 2.371228708884688 ], [ -76.571034604281351, 2.371228708884688 ], [ -76.571034604281351, 2.370956831758034 ], [ -76.570944788379208, 2.370956831758034 ], [ -76.570944788379208, 2.37068495463138 ], [ -76.570854972477065, 2.37068495463138 ], [ -76.570854972477065, 2.370594328922496 ], [ -76.570585524770649, 2.370594328922496 ], [ -76.570585524770649, 2.370775580340265 ], [ -76.570495708868506, 2.370775580340265 ], [ -76.570495708868506, 2.371138083175804 ], [ -76.570585524770649, 2.371138083175804 ], [ -76.570585524770649, 2.371591211720227 ], [ -76.570495708868506, 2.371591211720227 ], [ -76.570495708868506, 2.371681837429112 ], [ -76.570585524770649, 2.371681837429112 ], [ -76.570585524770649, 2.371953714555766 ], [ -76.570675340672778, 2.371953714555766 ], [ -76.570675340672778, 2.371863088846881 ], [ -76.570854972477065, 2.371863088846881 ], [ -76.570854972477065, 2.371953714555766 ], [ -76.571034604281351, 2.371953714555766 ], [ -76.571034604281351, 2.37204434026465 ], [ -76.571214236085623, 2.37204434026465 ], [ -76.571214236085623, 2.371953714555766 ], [ -76.571304051987767, 2.371953714555766 ], [ -76.571304051987767, 2.371863088846881 ], [ -76.57139386788991, 2.371863088846881 ], [ -76.57139386788991, 2.371772463137996 ], [ -76.571483683792053, 2.371772463137996 ], [ -76.571483683792053, 2.371681837429112 ], [ -76.571573499694196, 2.371681837429112 ], [ -76.571573499694196, 2.37086620604915 ], [ -76.571483683792053, 2.37086620604915 ] ], [ [ -76.56950773394496, 2.371228708884688 ], [ -76.56950773394496, 2.371319334593573 ], [ -76.569597549847103, 2.371319334593573 ], [ -76.569597549847103, 2.371228708884688 ], [ -76.56950773394496, 2.371228708884688 ] ], [ [ -76.570405892966363, 2.370594328922496 ], [ -76.570405892966363, 2.37068495463138 ], [ -76.570495708868506, 2.37068495463138 ], [ -76.570495708868506, 2.370594328922496 ], [ -76.570405892966363, 2.370594328922496 ] ], [ [ -76.57031607706422, 2.369416194706995 ], [ -76.570136445259934, 2.369416194706995 ], [ -76.570136445259934, 2.369869323251418 ], [ -76.570226261162077, 2.369869323251418 ], [ -76.570226261162077, 2.370141200378072 ], [ -76.570405892966363, 2.370141200378072 ], [ -76.570405892966363, 2.370231826086957 ], [ -76.570495708868506, 2.370231826086957 ], [ -76.570495708868506, 2.370141200378072 ], [ -76.570675340672778, 2.370141200378072 ], [ -76.570675340672778, 2.370050574669187 ], [ -76.570765156574922, 2.370050574669187 ], [ -76.570765156574922, 2.369959948960302 ], [ -76.570585524770649, 2.369959948960302 ], [ -76.570585524770649, 2.370050574669187 ], [ -76.570495708868506, 2.370050574669187 ], [ -76.570495708868506, 2.369597446124764 ], [ -76.570585524770649, 2.369597446124764 ], [ -76.570585524770649, 2.369416194706995 ], [ -76.570675340672778, 2.369416194706995 ], [ -76.570675340672778, 2.36932556899811 ], [ -76.57031607706422, 2.36932556899811 ], [ -76.57031607706422, 2.369416194706995 ] ], [ [ -76.570765156574922, 2.370141200378072 ], [ -76.570854972477065, 2.370141200378072 ], [ -76.570854972477065, 2.370050574669187 ], [ -76.570765156574922, 2.370050574669187 ], [ -76.570765156574922, 2.370141200378072 ] ], [ [ -76.571034604281351, 2.369959948960302 ], [ -76.571034604281351, 2.370050574669187 ], [ -76.571124420183494, 2.370050574669187 ], [ -76.571124420183494, 2.370141200378072 ], [ -76.571214236085623, 2.370141200378072 ], [ -76.571214236085623, 2.369869323251418 ], [ -76.571124420183494, 2.369869323251418 ], [ -76.571124420183494, 2.369778697542533 ], [ -76.571034604281351, 2.369778697542533 ], [ -76.571034604281351, 2.369869323251418 ], [ -76.570765156574922, 2.369869323251418 ], [ -76.570765156574922, 2.369959948960302 ], [ -76.571034604281351, 2.369959948960302 ] ], [ [ -76.56842994311927, 2.369053691871456 ], [ -76.56842994311927, 2.368963066162571 ], [ -76.568340127217127, 2.368963066162571 ], [ -76.568340127217127, 2.368872440453687 ], [ -76.568070679510711, 2.368872440453687 ], [ -76.568070679510711, 2.368963066162571 ], [ -76.567891047706425, 2.368963066162571 ], [ -76.567891047706425, 2.369053691871456 ], [ -76.567801231804282, 2.369053691871456 ], [ -76.567801231804282, 2.369234943289225 ], [ -76.567711415902139, 2.369234943289225 ], [ -76.567711415902139, 2.36932556899811 ], [ -76.5676216, 2.36932556899811 ], [ -76.5676216, 2.369597446124764 ], [ -76.567711415902139, 2.369597446124764 ], [ -76.567711415902139, 2.369688071833648 ], [ -76.5676216, 2.369688071833648 ], [ -76.5676216, 2.369869323251418 ], [ -76.567891047706425, 2.369869323251418 ], [ -76.567891047706425, 2.369778697542533 ], [ -76.568070679510711, 2.369778697542533 ], [ -76.568070679510711, 2.369869323251418 ], [ -76.56816049541284, 2.369869323251418 ], [ -76.56816049541284, 2.369778697542533 ], [ -76.568340127217127, 2.369778697542533 ], [ -76.568340127217127, 2.369869323251418 ], [ -76.568519759021413, 2.369869323251418 ], [ -76.568519759021413, 2.369959948960302 ], [ -76.568609574923542, 2.369959948960302 ], [ -76.568609574923542, 2.369778697542533 ], [ -76.568699390825685, 2.369778697542533 ], [ -76.568699390825685, 2.369416194706995 ], [ -76.568789206727828, 2.369416194706995 ], [ -76.568789206727828, 2.369144317580341 ], [ -76.568699390825685, 2.369144317580341 ], [ -76.568699390825685, 2.36932556899811 ], [ -76.568519759021413, 2.36932556899811 ], [ -76.568519759021413, 2.369053691871456 ], [ -76.56842994311927, 2.369053691871456 ] ], [ [ -76.563759516207952, 2.369688071833648 ], [ -76.563759516207952, 2.369506820415879 ], [ -76.563669700305809, 2.369506820415879 ], [ -76.563669700305809, 2.369688071833648 ], [ -76.563759516207952, 2.369688071833648 ] ], [ [ -76.563669700305809, 2.369144317580341 ], [ -76.563759516207952, 2.369144317580341 ], [ -76.563759516207952, 2.368963066162571 ], [ -76.563849332110095, 2.368963066162571 ], [ -76.563849332110095, 2.368872440453687 ], [ -76.563939148012238, 2.368872440453687 ], [ -76.563939148012238, 2.368600563327032 ], [ -76.563490068501537, 2.368600563327032 ], [ -76.563490068501537, 2.368781814744802 ], [ -76.56331043669725, 2.368781814744802 ], [ -76.56331043669725, 2.368963066162571 ], [ -76.563669700305809, 2.368963066162571 ], [ -76.563669700305809, 2.369053691871456 ], [ -76.563579884403666, 2.369053691871456 ], [ -76.563579884403666, 2.369234943289225 ], [ -76.563490068501537, 2.369234943289225 ], [ -76.563490068501537, 2.36932556899811 ], [ -76.563400252599394, 2.36932556899811 ], [ -76.563400252599394, 2.369416194706995 ], [ -76.563579884403666, 2.369416194706995 ], [ -76.563579884403666, 2.369506820415879 ], [ -76.563669700305809, 2.369506820415879 ], [ -76.563669700305809, 2.369144317580341 ] ], [ [ -76.564208595718654, 2.369234943289225 ], [ -76.564208595718654, 2.368963066162571 ], [ -76.564118779816511, 2.368963066162571 ], [ -76.564118779816511, 2.369053691871456 ], [ -76.564028963914367, 2.369053691871456 ], [ -76.564028963914367, 2.369144317580341 ], [ -76.563939148012238, 2.369144317580341 ], [ -76.563939148012238, 2.369416194706995 ], [ -76.564028963914367, 2.369416194706995 ], [ -76.564028963914367, 2.369506820415879 ], [ -76.564298411620797, 2.369506820415879 ], [ -76.564298411620797, 2.369234943289225 ], [ -76.564208595718654, 2.369234943289225 ] ], [ [ -76.564118779816511, 2.368781814744802 ], [ -76.564028963914367, 2.368781814744802 ], [ -76.564028963914367, 2.368963066162571 ], [ -76.564118779816511, 2.368963066162571 ], [ -76.564118779816511, 2.368781814744802 ] ], [ [ -76.56438822752294, 2.369234943289225 ], [ -76.56438822752294, 2.369144317580341 ], [ -76.564298411620797, 2.369144317580341 ], [ -76.564298411620797, 2.369234943289225 ], [ -76.56438822752294, 2.369234943289225 ] ], [ [ -76.570944788379208, 2.369053691871456 ], [ -76.570944788379208, 2.369234943289225 ], [ -76.571034604281351, 2.369234943289225 ], [ -76.571034604281351, 2.36932556899811 ], [ -76.57139386788991, 2.36932556899811 ], [ -76.57139386788991, 2.369234943289225 ], [ -76.571214236085623, 2.369234943289225 ], [ -76.571214236085623, 2.369144317580341 ], [ -76.571124420183494, 2.369144317580341 ], [ -76.571124420183494, 2.369053691871456 ], [ -76.570944788379208, 2.369053691871456 ] ], [ [ -76.570944788379208, 2.368963066162571 ], [ -76.570854972477065, 2.368963066162571 ], [ -76.570854972477065, 2.369053691871456 ], [ -76.570944788379208, 2.369053691871456 ], [ -76.570944788379208, 2.368963066162571 ] ], [ [ -76.566184545565747, 2.368781814744802 ], [ -76.566184545565747, 2.368691189035917 ], [ -76.565825281957189, 2.368691189035917 ], [ -76.565825281957189, 2.368872440453687 ], [ -76.565915097859332, 2.368872440453687 ], [ -76.565915097859332, 2.368963066162571 ], [ -76.566094729663604, 2.368963066162571 ], [ -76.566094729663604, 2.368781814744802 ], [ -76.566184545565747, 2.368781814744802 ] ], [ [ -76.5724716587156, 2.368781814744802 ], [ -76.5724716587156, 2.368691189035917 ], [ -76.572381842813456, 2.368691189035917 ], [ -76.572381842813456, 2.368781814744802 ], [ -76.5724716587156, 2.368781814744802 ] ], [ [ -76.572381842813456, 2.368600563327032 ], [ -76.572292026911313, 2.368600563327032 ], [ -76.572292026911313, 2.368691189035917 ], [ -76.572381842813456, 2.368691189035917 ], [ -76.572381842813456, 2.368600563327032 ] ], [ [ -76.562861357186549, 2.368691189035917 ], [ -76.562861357186549, 2.368781814744802 ], [ -76.562951173088692, 2.368781814744802 ], [ -76.562951173088692, 2.368691189035917 ], [ -76.562861357186549, 2.368691189035917 ] ], [ [ -76.568609574923542, 2.368691189035917 ], [ -76.568609574923542, 2.368509937618148 ], [ -76.568699390825685, 2.368509937618148 ], [ -76.568699390825685, 2.368238060491493 ], [ -76.568609574923542, 2.368238060491493 ], [ -76.568609574923542, 2.368328686200378 ], [ -76.56842994311927, 2.368328686200378 ], [ -76.56842994311927, 2.368419311909263 ], [ -76.568340127217127, 2.368419311909263 ], [ -76.568340127217127, 2.368509937618148 ], [ -76.568250311314983, 2.368509937618148 ], [ -76.568250311314983, 2.368600563327032 ], [ -76.568340127217127, 2.368600563327032 ], [ -76.568340127217127, 2.368691189035917 ], [ -76.568609574923542, 2.368691189035917 ] ], [ [ -76.568609574923542, 2.368056809073724 ], [ -76.56842994311927, 2.368056809073724 ], [ -76.56842994311927, 2.368147434782609 ], [ -76.568519759021413, 2.368147434782609 ], [ -76.568519759021413, 2.368238060491493 ], [ -76.568609574923542, 2.368238060491493 ], [ -76.568609574923542, 2.368056809073724 ] ], [ [ -76.567891047706425, 2.368600563327032 ], [ -76.567891047706425, 2.368691189035917 ], [ -76.567980863608568, 2.368691189035917 ], [ -76.567980863608568, 2.368600563327032 ], [ -76.567891047706425, 2.368600563327032 ] ], [ [ -76.566723440978592, 2.368509937618148 ], [ -76.566723440978592, 2.368600563327032 ], [ -76.566813256880735, 2.368600563327032 ], [ -76.566813256880735, 2.368328686200378 ], [ -76.566633625076449, 2.368328686200378 ], [ -76.566633625076449, 2.368509937618148 ], [ -76.566723440978592, 2.368509937618148 ] ], [ [ -76.563490068501537, 2.368509937618148 ], [ -76.563579884403666, 2.368509937618148 ], [ -76.563579884403666, 2.368419311909263 ], [ -76.563490068501537, 2.368419311909263 ], [ -76.563490068501537, 2.368509937618148 ] ], [ [ -76.563759516207952, 2.368419311909263 ], [ -76.563759516207952, 2.368238060491493 ], [ -76.563579884403666, 2.368238060491493 ], [ -76.563579884403666, 2.368419311909263 ], [ -76.563759516207952, 2.368419311909263 ] ], [ [ -76.567891047706425, 2.368328686200378 ], [ -76.567980863608568, 2.368328686200378 ], [ -76.567980863608568, 2.368238060491493 ], [ -76.567891047706425, 2.368238060491493 ], [ -76.567891047706425, 2.368328686200378 ] ], [ [ -76.568070679510711, 2.368238060491493 ], [ -76.568070679510711, 2.368147434782609 ], [ -76.567980863608568, 2.368147434782609 ], [ -76.567980863608568, 2.368238060491493 ], [ -76.568070679510711, 2.368238060491493 ] ], [ [ -76.566004913761475, 2.368238060491493 ], [ -76.566004913761475, 2.368328686200378 ], [ -76.566094729663604, 2.368328686200378 ], [ -76.566094729663604, 2.368238060491493 ], [ -76.566004913761475, 2.368238060491493 ] ], [ [ -76.568879022629972, 2.368056809073724 ], [ -76.568879022629972, 2.368147434782609 ], [ -76.568968838532115, 2.368147434782609 ], [ -76.568968838532115, 2.368056809073724 ], [ -76.568879022629972, 2.368056809073724 ] ], [ [ -76.566633625076449, 2.368056809073724 ], [ -76.566633625076449, 2.368147434782609 ], [ -76.566813256880735, 2.368147434782609 ], [ -76.566813256880735, 2.368056809073724 ], [ -76.566633625076449, 2.368056809073724 ] ], [ [ -76.566364177370033, 2.367694306238185 ], [ -76.566184545565747, 2.367694306238185 ], [ -76.566184545565747, 2.36778493194707 ], [ -76.566004913761475, 2.36778493194707 ], [ -76.566004913761475, 2.368056809073724 ], [ -76.566453993272177, 2.368056809073724 ], [ -76.566453993272177, 2.367875557655955 ], [ -76.566364177370033, 2.367875557655955 ], [ -76.566364177370033, 2.367694306238185 ] ], [ [ -76.566633625076449, 2.367875557655955 ], [ -76.566633625076449, 2.367694306238185 ], [ -76.56654380917432, 2.367694306238185 ], [ -76.56654380917432, 2.36778493194707 ], [ -76.566453993272177, 2.36778493194707 ], [ -76.566453993272177, 2.367875557655955 ], [ -76.566633625076449, 2.367875557655955 ] ], [ [ -76.568340127217127, 2.367694306238185 ], [ -76.568340127217127, 2.367603680529301 ], [ -76.568519759021413, 2.367603680529301 ], [ -76.568519759021413, 2.367694306238185 ], [ -76.56842994311927, 2.367694306238185 ], [ -76.56842994311927, 2.367875557655955 ], [ -76.568519759021413, 2.367875557655955 ], [ -76.568519759021413, 2.367966183364839 ], [ -76.568879022629972, 2.367966183364839 ], [ -76.568879022629972, 2.367875557655955 ], [ -76.568789206727828, 2.367875557655955 ], [ -76.568789206727828, 2.367694306238185 ], [ -76.568699390825685, 2.367694306238185 ], [ -76.568699390825685, 2.367603680529301 ], [ -76.568609574923542, 2.367603680529301 ], [ -76.568609574923542, 2.367513054820416 ], [ -76.568250311314983, 2.367513054820416 ], [ -76.568250311314983, 2.367694306238185 ], [ -76.568340127217127, 2.367694306238185 ] ], [ [ -76.567891047706425, 2.36778493194707 ], [ -76.567891047706425, 2.367694306238185 ], [ -76.567801231804282, 2.367694306238185 ], [ -76.567801231804282, 2.36778493194707 ], [ -76.567891047706425, 2.36778493194707 ] ], [ [ -76.567801231804282, 2.367603680529301 ], [ -76.567891047706425, 2.367603680529301 ], [ -76.567891047706425, 2.367513054820416 ], [ -76.567531784097866, 2.367513054820416 ], [ -76.567531784097866, 2.367603680529301 ], [ -76.5676216, 2.367603680529301 ], [ -76.5676216, 2.36778493194707 ], [ -76.567711415902139, 2.36778493194707 ], [ -76.567711415902139, 2.367694306238185 ], [ -76.567801231804282, 2.367694306238185 ], [ -76.567801231804282, 2.367603680529301 ] ], [ [ -76.566992888685022, 2.367694306238185 ], [ -76.566992888685022, 2.367603680529301 ], [ -76.566903072782878, 2.367603680529301 ], [ -76.566903072782878, 2.367513054820416 ], [ -76.566813256880735, 2.367513054820416 ], [ -76.566813256880735, 2.36778493194707 ], [ -76.566903072782878, 2.36778493194707 ], [ -76.566903072782878, 2.367694306238185 ], [ -76.566992888685022, 2.367694306238185 ] ], [ [ -76.567262336391437, 2.367513054820416 ], [ -76.567262336391437, 2.367603680529301 ], [ -76.56735215229358, 2.367603680529301 ], [ -76.56735215229358, 2.367513054820416 ], [ -76.567262336391437, 2.367513054820416 ] ], [ [ -76.569058654434258, 2.367422429111532 ], [ -76.569058654434258, 2.367513054820416 ], [ -76.569148470336387, 2.367513054820416 ], [ -76.569148470336387, 2.367422429111532 ], [ -76.569058654434258, 2.367422429111532 ] ], [ [ -76.569328102140673, 2.367059926275993 ], [ -76.569328102140673, 2.367150551984877 ], [ -76.569417918042816, 2.367150551984877 ], [ -76.569417918042816, 2.367059926275993 ], [ -76.569328102140673, 2.367059926275993 ] ], [ [ -76.564118779816511, 2.366969300567108 ], [ -76.564118779816511, 2.367059926275993 ], [ -76.564208595718654, 2.367059926275993 ], [ -76.564208595718654, 2.366969300567108 ], [ -76.564118779816511, 2.366969300567108 ] ], [ [ -76.563490068501537, 2.36624429489603 ], [ -76.563490068501537, 2.366334920604915 ], [ -76.563579884403666, 2.366334920604915 ], [ -76.563579884403666, 2.36624429489603 ], [ -76.563490068501537, 2.36624429489603 ] ], [ [ -76.56842994311927, 2.365609914933838 ], [ -76.56842994311927, 2.365700540642723 ], [ -76.568519759021413, 2.365700540642723 ], [ -76.568519759021413, 2.365609914933838 ], [ -76.56842994311927, 2.365609914933838 ] ], [ [ -76.563400252599394, 2.364975534971645 ], [ -76.563400252599394, 2.365066160680529 ], [ -76.563490068501537, 2.365066160680529 ], [ -76.563490068501537, 2.364975534971645 ], [ -76.563400252599394, 2.364975534971645 ] ] ], [ [ [ -76.561244670948014, 2.369506820415879 ], [ -76.5614243027523, 2.369506820415879 ], [ -76.5614243027523, 2.369688071833648 ], [ -76.561244670948014, 2.369688071833648 ], [ -76.561244670948014, 2.369506820415879 ] ] ], [ [ [ -76.560885407339455, 2.370413077504726 ], [ -76.560885407339455, 2.370050574669187 ], [ -76.561065039143728, 2.370050574669187 ], [ -76.561065039143728, 2.369869323251418 ], [ -76.561244670948014, 2.369869323251418 ], [ -76.561244670948014, 2.370231826086957 ], [ -76.561065039143728, 2.370231826086957 ], [ -76.561065039143728, 2.370413077504726 ], [ -76.560885407339455, 2.370413077504726 ] ] ], [ [ [ -76.566453993272177, 2.370231826086957 ], [ -76.566633625076449, 2.370231826086957 ], [ -76.566633625076449, 2.370594328922496 ], [ -76.56654380917432, 2.370594328922496 ], [ -76.56654380917432, 2.370413077504726 ], [ -76.566453993272177, 2.370413077504726 ], [ -76.566453993272177, 2.370231826086957 ] ] ], [ [ [ -76.561244670948014, 2.370413077504726 ], [ -76.5614243027523, 2.370413077504726 ], [ -76.5614243027523, 2.370594328922496 ], [ -76.561244670948014, 2.370594328922496 ], [ -76.561244670948014, 2.370413077504726 ] ] ], [ [ [ -76.564478043425083, 2.370413077504726 ], [ -76.564567859327212, 2.370413077504726 ], [ -76.564567859327212, 2.37068495463138 ], [ -76.564478043425083, 2.37068495463138 ], [ -76.564478043425083, 2.370413077504726 ] ] ], [ [ [ -76.561065039143728, 2.370594328922496 ], [ -76.561244670948014, 2.370594328922496 ], [ -76.561244670948014, 2.370956831758034 ], [ -76.561065039143728, 2.370956831758034 ], [ -76.561065039143728, 2.370594328922496 ] ] ], [ [ [ -76.566453993272177, 2.370775580340265 ], [ -76.56654380917432, 2.370775580340265 ], [ -76.56654380917432, 2.37086620604915 ], [ -76.566453993272177, 2.37086620604915 ], [ -76.566453993272177, 2.370775580340265 ] ] ], [ [ [ -76.567172520489294, 2.370775580340265 ], [ -76.56735215229358, 2.370775580340265 ], [ -76.56735215229358, 2.370956831758034 ], [ -76.567172520489294, 2.370956831758034 ], [ -76.567172520489294, 2.370775580340265 ] ] ], [ [ [ -76.566633625076449, 2.370956831758034 ], [ -76.566633625076449, 2.370775580340265 ], [ -76.566813256880735, 2.370775580340265 ], [ -76.566813256880735, 2.370956831758034 ], [ -76.566633625076449, 2.370956831758034 ] ] ], [ [ [ -76.568070679510711, 2.370956831758034 ], [ -76.56816049541284, 2.370956831758034 ], [ -76.56816049541284, 2.371047457466919 ], [ -76.568070679510711, 2.371047457466919 ], [ -76.568070679510711, 2.370956831758034 ] ] ], [ [ [ -76.56735215229358, 2.371047457466919 ], [ -76.5676216, 2.371047457466919 ], [ -76.5676216, 2.371319334593573 ], [ -76.56735215229358, 2.371319334593573 ], [ -76.56735215229358, 2.371047457466919 ] ] ], [ [ [ -76.566633625076449, 2.371138083175804 ], [ -76.566813256880735, 2.371138083175804 ], [ -76.566813256880735, 2.371319334593573 ], [ -76.566633625076449, 2.371319334593573 ], [ -76.566633625076449, 2.371138083175804 ] ] ], [ [ [ -76.5676216, 2.371772463137996 ], [ -76.567891047706425, 2.371772463137996 ], [ -76.567891047706425, 2.371681837429112 ], [ -76.567980863608568, 2.371681837429112 ], [ -76.567980863608568, 2.371591211720227 ], [ -76.567891047706425, 2.371591211720227 ], [ -76.567891047706425, 2.371319334593573 ], [ -76.567980863608568, 2.371319334593573 ], [ -76.567980863608568, 2.371138083175804 ], [ -76.568250311314983, 2.371138083175804 ], [ -76.568250311314983, 2.371319334593573 ], [ -76.568340127217127, 2.371319334593573 ], [ -76.568340127217127, 2.371500586011342 ], [ -76.56842994311927, 2.371500586011342 ], [ -76.56842994311927, 2.371863088846881 ], [ -76.567891047706425, 2.371863088846881 ], [ -76.567891047706425, 2.37204434026465 ], [ -76.56735215229358, 2.37204434026465 ], [ -76.56735215229358, 2.372134965973535 ], [ -76.567172520489294, 2.372134965973535 ], [ -76.567172520489294, 2.37222559168242 ], [ -76.56708270458715, 2.37222559168242 ], [ -76.56708270458715, 2.37204434026465 ], [ -76.567262336391437, 2.37204434026465 ], [ -76.567262336391437, 2.371953714555766 ], [ -76.56735215229358, 2.371953714555766 ], [ -76.56735215229358, 2.371863088846881 ], [ -76.567441968195723, 2.371863088846881 ], [ -76.567441968195723, 2.371681837429112 ], [ -76.5676216, 2.371681837429112 ], [ -76.5676216, 2.371772463137996 ] ] ], [ [ [ -76.561873382263002, 2.371681837429112 ], [ -76.561963198165145, 2.371681837429112 ], [ -76.561963198165145, 2.371772463137996 ], [ -76.561873382263002, 2.371772463137996 ], [ -76.561873382263002, 2.371681837429112 ] ] ], [ [ [ -76.561244670948014, 2.37204434026465 ], [ -76.561065039143728, 2.37204434026465 ], [ -76.561065039143728, 2.371772463137996 ], [ -76.561154855045871, 2.371772463137996 ], [ -76.561154855045871, 2.371681837429112 ], [ -76.561244670948014, 2.371681837429112 ], [ -76.561244670948014, 2.371772463137996 ], [ -76.561334486850157, 2.371772463137996 ], [ -76.561334486850157, 2.371863088846881 ], [ -76.561244670948014, 2.371863088846881 ], [ -76.561244670948014, 2.37204434026465 ] ] ], [ [ [ -76.561603934556572, 2.373041223062382 ], [ -76.561693750458716, 2.373041223062382 ], [ -76.561693750458716, 2.373131848771267 ], [ -76.561603934556572, 2.373131848771267 ], [ -76.561603934556572, 2.373041223062382 ] ] ], [ [ [ -76.562412277675847, 2.373131848771267 ], [ -76.562502093577976, 2.373131848771267 ], [ -76.562502093577976, 2.373222474480151 ], [ -76.562412277675847, 2.373222474480151 ], [ -76.562412277675847, 2.373131848771267 ] ] ], [ [ [ -76.561603934556572, 2.373313100189036 ], [ -76.561514118654429, 2.373313100189036 ], [ -76.561514118654429, 2.373494351606805 ], [ -76.5614243027523, 2.373494351606805 ], [ -76.5614243027523, 2.373131848771267 ], [ -76.561603934556572, 2.373131848771267 ], [ -76.561603934556572, 2.373313100189036 ] ] ], [ [ [ -76.561963198165145, 2.373403725897921 ], [ -76.562053014067274, 2.373403725897921 ], [ -76.562053014067274, 2.373494351606805 ], [ -76.561963198165145, 2.373494351606805 ], [ -76.561963198165145, 2.373403725897921 ] ] ], [ [ [ -76.562142829969417, 2.37358497731569 ], [ -76.562053014067274, 2.37358497731569 ], [ -76.562053014067274, 2.373494351606805 ], [ -76.562142829969417, 2.373494351606805 ], [ -76.562142829969417, 2.37358497731569 ] ] ], [ [ [ -76.562412277675847, 2.373947480151229 ], [ -76.562232645871561, 2.373947480151229 ], [ -76.562232645871561, 2.373856854442344 ], [ -76.562142829969417, 2.373856854442344 ], [ -76.562142829969417, 2.37376622873346 ], [ -76.562232645871561, 2.37376622873346 ], [ -76.562232645871561, 2.37358497731569 ], [ -76.562322461773704, 2.37358497731569 ], [ -76.562322461773704, 2.373494351606805 ], [ -76.562412277675847, 2.373494351606805 ], [ -76.562412277675847, 2.373947480151229 ] ] ], [ [ [ -76.561603934556572, 2.373675603024575 ], [ -76.561693750458716, 2.373675603024575 ], [ -76.561693750458716, 2.37376622873346 ], [ -76.561603934556572, 2.37376622873346 ], [ -76.561603934556572, 2.373675603024575 ] ] ], [ [ [ -76.56654380917432, 2.373947480151229 ], [ -76.56654380917432, 2.373675603024575 ], [ -76.566723440978592, 2.373675603024575 ], [ -76.566723440978592, 2.373947480151229 ], [ -76.56654380917432, 2.373947480151229 ] ] ], [ [ [ -76.566723440978592, 2.373947480151229 ], [ -76.566813256880735, 2.373947480151229 ], [ -76.566813256880735, 2.374038105860114 ], [ -76.566723440978592, 2.374038105860114 ], [ -76.566723440978592, 2.373947480151229 ] ] ], [ [ [ -76.566094729663604, 2.374581860113422 ], [ -76.56627436146789, 2.374581860113422 ], [ -76.56627436146789, 2.37494436294896 ], [ -76.566004913761475, 2.37494436294896 ], [ -76.566004913761475, 2.374672485822306 ], [ -76.566094729663604, 2.374672485822306 ], [ -76.566094729663604, 2.374581860113422 ] ] ], [ [ [ -76.567980863608568, 2.375306865784499 ], [ -76.568250311314983, 2.375306865784499 ], [ -76.568250311314983, 2.375669368620038 ], [ -76.568070679510711, 2.375669368620038 ], [ -76.568070679510711, 2.375488117202269 ], [ -76.567980863608568, 2.375488117202269 ], [ -76.567980863608568, 2.375306865784499 ] ] ], [ [ [ -76.565645650152902, 2.376213122873346 ], [ -76.565555834250759, 2.376213122873346 ], [ -76.565555834250759, 2.376031871455577 ], [ -76.565645650152902, 2.376031871455577 ], [ -76.565645650152902, 2.375941245746692 ], [ -76.565915097859332, 2.375941245746692 ], [ -76.565915097859332, 2.376031871455577 ], [ -76.566004913761475, 2.376031871455577 ], [ -76.566004913761475, 2.376122497164461 ], [ -76.566094729663604, 2.376122497164461 ], [ -76.566094729663604, 2.376213122873346 ], [ -76.566184545565747, 2.376213122873346 ], [ -76.566184545565747, 2.376303748582231 ], [ -76.566364177370033, 2.376303748582231 ], [ -76.566364177370033, 2.376394374291115 ], [ -76.566453993272177, 2.376394374291115 ], [ -76.566453993272177, 2.376303748582231 ], [ -76.566633625076449, 2.376303748582231 ], [ -76.566633625076449, 2.376394374291115 ], [ -76.566903072782878, 2.376394374291115 ], [ -76.566903072782878, 2.376303748582231 ], [ -76.566813256880735, 2.376303748582231 ], [ -76.566813256880735, 2.376122497164461 ], [ -76.566903072782878, 2.376122497164461 ], [ -76.566903072782878, 2.376213122873346 ], [ -76.566992888685022, 2.376213122873346 ], [ -76.566992888685022, 2.376122497164461 ], [ -76.56708270458715, 2.376122497164461 ], [ -76.56708270458715, 2.376485 ], [ -76.565825281957189, 2.376485 ], [ -76.565825281957189, 2.376394374291115 ], [ -76.565915097859332, 2.376394374291115 ], [ -76.565915097859332, 2.376303748582231 ], [ -76.565825281957189, 2.376303748582231 ], [ -76.565825281957189, 2.376213122873346 ], [ -76.565735466055045, 2.376213122873346 ], [ -76.565735466055045, 2.376122497164461 ], [ -76.565645650152902, 2.376122497164461 ], [ -76.565645650152902, 2.376213122873346 ] ] ], [ [ [ -76.565286386544344, 2.376394374291115 ], [ -76.565376202446487, 2.376394374291115 ], [ -76.565376202446487, 2.376303748582231 ], [ -76.56546601834863, 2.376303748582231 ], [ -76.56546601834863, 2.376213122873346 ], [ -76.565555834250759, 2.376213122873346 ], [ -76.565555834250759, 2.376485 ], [ -76.565286386544344, 2.376485 ], [ -76.565286386544344, 2.376394374291115 ] ] ], [ [ [ -76.549927867278285, 2.280965502835539 ], [ -76.550017683180428, 2.280965502835539 ], [ -76.550017683180428, 2.281056128544424 ], [ -76.549927867278285, 2.281056128544424 ], [ -76.549927867278285, 2.280965502835539 ] ] ], [ [ [ -76.560705775535169, 2.287399928166352 ], [ -76.560705775535169, 2.287490553875236 ], [ -76.560795591437312, 2.287490553875236 ], [ -76.560795591437312, 2.287581179584121 ], [ -76.560975223241584, 2.287581179584121 ], [ -76.560975223241584, 2.287671805293006 ], [ -76.561065039143728, 2.287671805293006 ], [ -76.561065039143728, 2.28776243100189 ], [ -76.561154855045871, 2.28776243100189 ], [ -76.561154855045871, 2.28794368241966 ], [ -76.560885407339455, 2.28794368241966 ], [ -76.560885407339455, 2.287853056710775 ], [ -76.560795591437312, 2.287853056710775 ], [ -76.560795591437312, 2.28776243100189 ], [ -76.560615959633026, 2.28776243100189 ], [ -76.560615959633026, 2.287581179584121 ], [ -76.560436327828754, 2.287581179584121 ], [ -76.560436327828754, 2.287399928166352 ], [ -76.560705775535169, 2.287399928166352 ] ] ], [ [ [ -76.560436327828754, 2.288124933837429 ], [ -76.560436327828754, 2.288668688090737 ], [ -76.56034651192661, 2.288668688090737 ], [ -76.56034651192661, 2.288759313799622 ], [ -76.560256696024467, 2.288759313799622 ], [ -76.560256696024467, 2.288849939508507 ], [ -76.560166880122324, 2.288849939508507 ], [ -76.560166880122324, 2.288940565217391 ], [ -76.559897432415909, 2.288940565217391 ], [ -76.559897432415909, 2.289031190926276 ], [ -76.559538168807336, 2.289031190926276 ], [ -76.559538168807336, 2.288940565217391 ], [ -76.559627984709479, 2.288940565217391 ], [ -76.559627984709479, 2.288849939508507 ], [ -76.559717800611622, 2.288849939508507 ], [ -76.559717800611622, 2.288668688090737 ], [ -76.559807616513766, 2.288668688090737 ], [ -76.559807616513766, 2.288578062381853 ], [ -76.559897432415909, 2.288578062381853 ], [ -76.559897432415909, 2.288487436672968 ], [ -76.559987248318038, 2.288487436672968 ], [ -76.559987248318038, 2.288396810964084 ], [ -76.560077064220181, 2.288396810964084 ], [ -76.560077064220181, 2.287853056710775 ], [ -76.560166880122324, 2.287853056710775 ], [ -76.560166880122324, 2.28776243100189 ], [ -76.560256696024467, 2.28776243100189 ], [ -76.560256696024467, 2.288124933837429 ], [ -76.560436327828754, 2.288124933837429 ] ], [ [ -76.559897432415909, 2.288668688090737 ], [ -76.559987248318038, 2.288668688090737 ], [ -76.559987248318038, 2.288578062381853 ], [ -76.559897432415909, 2.288578062381853 ], [ -76.559897432415909, 2.288668688090737 ] ] ], [ [ [ -76.560436327828754, 2.288849939508507 ], [ -76.560526143730883, 2.288849939508507 ], [ -76.560526143730883, 2.289031190926276 ], [ -76.560436327828754, 2.289031190926276 ], [ -76.560436327828754, 2.288849939508507 ] ] ], [ [ [ -76.560705775535169, 2.28930306805293 ], [ -76.560795591437312, 2.28930306805293 ], [ -76.560795591437312, 2.289393693761815 ], [ -76.560436327828754, 2.289393693761815 ], [ -76.560436327828754, 2.289212442344045 ], [ -76.560705775535169, 2.289212442344045 ], [ -76.560705775535169, 2.28930306805293 ] ] ], [ [ [ -76.554149214678901, 2.289393693761815 ], [ -76.55450847828746, 2.289393693761815 ], [ -76.55450847828746, 2.289574945179584 ], [ -76.554149214678901, 2.289574945179584 ], [ -76.554149214678901, 2.289393693761815 ] ] ], [ [ [ -76.555227005504591, 2.289756196597354 ], [ -76.555406637308863, 2.289756196597354 ], [ -76.555406637308863, 2.289937448015123 ], [ -76.555227005504591, 2.289937448015123 ], [ -76.555227005504591, 2.289756196597354 ] ] ], [ [ [ -76.555406637308863, 2.290209325141777 ], [ -76.555316821406734, 2.290209325141777 ], [ -76.555316821406734, 2.290299950850662 ], [ -76.554777925993889, 2.290299950850662 ], [ -76.554777925993889, 2.290118699432893 ], [ -76.555406637308863, 2.290118699432893 ], [ -76.555406637308863, 2.290209325141777 ] ] ], [ [ [ -76.558640009785933, 2.295193739130435 ], [ -76.558640009785933, 2.295012487712666 ], [ -76.558819641590219, 2.295012487712666 ], [ -76.558819641590219, 2.295193739130435 ], [ -76.558640009785933, 2.295193739130435 ] ] ], [ [ [ -76.558819641590219, 2.295193739130435 ], [ -76.559178905198777, 2.295193739130435 ], [ -76.559178905198777, 2.295374990548204 ], [ -76.558819641590219, 2.295374990548204 ], [ -76.558819641590219, 2.295193739130435 ] ] ], [ [ [ -76.559538168807336, 2.295737493383743 ], [ -76.559178905198777, 2.295737493383743 ], [ -76.559178905198777, 2.295556241965974 ], [ -76.559358537003064, 2.295556241965974 ], [ -76.559358537003064, 2.295465616257089 ], [ -76.559448352905193, 2.295465616257089 ], [ -76.559448352905193, 2.295374990548204 ], [ -76.559627984709479, 2.295374990548204 ], [ -76.559627984709479, 2.295556241965974 ], [ -76.559538168807336, 2.295556241965974 ], [ -76.559538168807336, 2.295737493383743 ] ] ], [ [ [ -76.558370562079517, 2.295737493383743 ], [ -76.558460377981646, 2.295737493383743 ], [ -76.558460377981646, 2.295918744801512 ], [ -76.558370562079517, 2.295918744801512 ], [ -76.558370562079517, 2.295737493383743 ] ] ], [ [ [ -76.558370562079517, 2.297550007561437 ], [ -76.558460377981646, 2.297550007561437 ], [ -76.558460377981646, 2.297640633270321 ], [ -76.558640009785933, 2.297640633270321 ], [ -76.558640009785933, 2.297821884688091 ], [ -76.558729825688076, 2.297821884688091 ], [ -76.558729825688076, 2.297912510396976 ], [ -76.558909457492362, 2.297912510396976 ], [ -76.558909457492362, 2.29800313610586 ], [ -76.558999273394491, 2.29800313610586 ], [ -76.558999273394491, 2.298275013232514 ], [ -76.558640009785933, 2.298275013232514 ], [ -76.558640009785933, 2.297912510396976 ], [ -76.558280746177374, 2.297912510396976 ], [ -76.558280746177374, 2.297731258979206 ], [ -76.558190930275231, 2.297731258979206 ], [ -76.558190930275231, 2.297550007561437 ], [ -76.558280746177374, 2.297550007561437 ], [ -76.558280746177374, 2.297459381852552 ], [ -76.558370562079517, 2.297459381852552 ], [ -76.558370562079517, 2.297550007561437 ] ] ], [ [ [ -76.555406637308863, 2.299725024574669 ], [ -76.555496453211006, 2.299725024574669 ], [ -76.555496453211006, 2.299906275992439 ], [ -76.555406637308863, 2.299906275992439 ], [ -76.555406637308863, 2.299725024574669 ] ] ], [ [ [ -76.556753875840982, 2.309421975425331 ], [ -76.556933507645255, 2.309421975425331 ], [ -76.556933507645255, 2.309512601134216 ], [ -76.557023323547398, 2.309512601134216 ], [ -76.557023323547398, 2.3096032268431 ], [ -76.556843691743126, 2.3096032268431 ], [ -76.556843691743126, 2.30978447826087 ], [ -76.556484428134553, 2.30978447826087 ], [ -76.556484428134553, 2.309693852551985 ], [ -76.55639461223241, 2.309693852551985 ], [ -76.55639461223241, 2.309512601134216 ], [ -76.556574244036696, 2.309512601134216 ], [ -76.556574244036696, 2.309421975425331 ], [ -76.556664059938839, 2.309421975425331 ], [ -76.556664059938839, 2.309331349716446 ], [ -76.556753875840982, 2.309331349716446 ], [ -76.556753875840982, 2.309421975425331 ] ] ], [ [ [ -76.549478787767583, 2.30978447826087 ], [ -76.549478787767583, 2.3096032268431 ], [ -76.54965841957187, 2.3096032268431 ], [ -76.54965841957187, 2.30978447826087 ], [ -76.549478787767583, 2.30978447826087 ] ] ], [ [ [ -76.549119524159025, 2.30978447826087 ], [ -76.549299155963297, 2.30978447826087 ], [ -76.549299155963297, 2.309965729678639 ], [ -76.54858062874618, 2.309965729678639 ], [ -76.54858062874618, 2.309875103969754 ], [ -76.548760260550466, 2.309875103969754 ], [ -76.548760260550466, 2.30978447826087 ], [ -76.548939892354738, 2.30978447826087 ], [ -76.548939892354738, 2.309693852551985 ], [ -76.549029708256882, 2.309693852551985 ], [ -76.549029708256882, 2.3096032268431 ], [ -76.549119524159025, 2.3096032268431 ], [ -76.549119524159025, 2.30978447826087 ] ] ], [ [ [ -76.556484428134553, 2.310146981096409 ], [ -76.556664059938839, 2.310146981096409 ], [ -76.556664059938839, 2.310328232514178 ], [ -76.556484428134553, 2.310328232514178 ], [ -76.556484428134553, 2.310146981096409 ] ] ], [ [ [ -76.557023323547398, 2.310418858223063 ], [ -76.557202955351684, 2.310418858223063 ], [ -76.557202955351684, 2.310690735349717 ], [ -76.557023323547398, 2.310690735349717 ], [ -76.557023323547398, 2.310418858223063 ] ] ], [ [ [ -76.556664059938839, 2.310690735349717 ], [ -76.556843691743126, 2.310690735349717 ], [ -76.556843691743126, 2.310871986767486 ], [ -76.556664059938839, 2.310871986767486 ], [ -76.556664059938839, 2.310690735349717 ] ] ], [ [ [ -76.548939892354738, 2.310690735349717 ], [ -76.549119524159025, 2.310690735349717 ], [ -76.549119524159025, 2.310871986767486 ], [ -76.548939892354738, 2.310871986767486 ], [ -76.548939892354738, 2.310690735349717 ] ] ], [ [ [ -76.548939892354738, 2.311053238185255 ], [ -76.549119524159025, 2.311053238185255 ], [ -76.549119524159025, 2.310871986767486 ], [ -76.549209340061168, 2.310871986767486 ], [ -76.549209340061168, 2.311325115311909 ], [ -76.549119524159025, 2.311325115311909 ], [ -76.549119524159025, 2.311415741020794 ], [ -76.549029708256882, 2.311415741020794 ], [ -76.549029708256882, 2.311234489603025 ], [ -76.549119524159025, 2.311234489603025 ], [ -76.549119524159025, 2.31114386389414 ], [ -76.548939892354738, 2.31114386389414 ], [ -76.548939892354738, 2.311053238185255 ] ] ], [ [ [ -76.548939892354738, 2.311506366729679 ], [ -76.548939892354738, 2.311415741020794 ], [ -76.549029708256882, 2.311415741020794 ], [ -76.549029708256882, 2.311506366729679 ], [ -76.548939892354738, 2.311506366729679 ] ] ], [ [ [ -76.548760260550466, 2.311506366729679 ], [ -76.548850076452595, 2.311506366729679 ], [ -76.548850076452595, 2.311596992438564 ], [ -76.548760260550466, 2.311596992438564 ], [ -76.548760260550466, 2.311506366729679 ] ] ], [ [ [ -76.560885407339455, 2.311596992438564 ], [ -76.560975223241584, 2.311596992438564 ], [ -76.560975223241584, 2.311778243856333 ], [ -76.560885407339455, 2.311778243856333 ], [ -76.560885407339455, 2.311596992438564 ] ] ], [ [ [ -76.558011298470944, 2.342047230623819 ], [ -76.557831666666672, 2.342047230623819 ], [ -76.557831666666672, 2.341956604914934 ], [ -76.557741850764529, 2.341956604914934 ], [ -76.557741850764529, 2.341865979206049 ], [ -76.557562218960243, 2.341865979206049 ], [ -76.557562218960243, 2.341775353497165 ], [ -76.557831666666672, 2.341775353497165 ], [ -76.557831666666672, 2.341865979206049 ], [ -76.558011298470944, 2.341865979206049 ], [ -76.558011298470944, 2.342047230623819 ] ] ], [ [ [ -76.548939892354738, 2.360897378071834 ], [ -76.549029708256882, 2.360897378071834 ], [ -76.549029708256882, 2.360988003780719 ], [ -76.548760260550466, 2.360988003780719 ], [ -76.548760260550466, 2.360897378071834 ], [ -76.548850076452595, 2.360897378071834 ], [ -76.548850076452595, 2.36044424952741 ], [ -76.548939892354738, 2.36044424952741 ], [ -76.548939892354738, 2.36062550094518 ], [ -76.549029708256882, 2.36062550094518 ], [ -76.549029708256882, 2.360716126654065 ], [ -76.548939892354738, 2.360716126654065 ], [ -76.548939892354738, 2.360897378071834 ] ] ], [ [ [ -76.549209340061168, 2.361078629489603 ], [ -76.549029708256882, 2.361078629489603 ], [ -76.549029708256882, 2.360988003780719 ], [ -76.549299155963297, 2.360988003780719 ], [ -76.549299155963297, 2.361169255198488 ], [ -76.54938897186544, 2.361169255198488 ], [ -76.54938897186544, 2.361350506616257 ], [ -76.549478787767583, 2.361350506616257 ], [ -76.549478787767583, 2.361441132325142 ], [ -76.54965841957187, 2.361441132325142 ], [ -76.54965841957187, 2.361531758034026 ], [ -76.549838051376142, 2.361531758034026 ], [ -76.549838051376142, 2.361622383742911 ], [ -76.549927867278285, 2.361622383742911 ], [ -76.549927867278285, 2.361894260869565 ], [ -76.549838051376142, 2.361894260869565 ], [ -76.549838051376142, 2.361803635160681 ], [ -76.54965841957187, 2.361803635160681 ], [ -76.54965841957187, 2.361713009451796 ], [ -76.54938897186544, 2.361713009451796 ], [ -76.54938897186544, 2.361622383742911 ], [ -76.549299155963297, 2.361622383742911 ], [ -76.549299155963297, 2.361259880907372 ], [ -76.549209340061168, 2.361259880907372 ], [ -76.549209340061168, 2.361078629489603 ] ] ], [ [ [ -76.550287130886858, 2.362256763705104 ], [ -76.550376946788987, 2.362256763705104 ], [ -76.550376946788987, 2.362438015122874 ], [ -76.550287130886858, 2.362438015122874 ], [ -76.550287130886858, 2.362256763705104 ] ] ], [ [ [ -76.550915842201832, 2.363072395085066 ], [ -76.550915842201832, 2.362981769376182 ], [ -76.551005658103975, 2.362981769376182 ], [ -76.551005658103975, 2.363072395085066 ], [ -76.550915842201832, 2.363072395085066 ] ] ], [ [ [ -76.551005658103975, 2.363072395085066 ], [ -76.551185289908261, 2.363072395085066 ], [ -76.551185289908261, 2.362981769376182 ], [ -76.551364921712533, 2.362981769376182 ], [ -76.551364921712533, 2.363163020793951 ], [ -76.551454737614677, 2.363163020793951 ], [ -76.551454737614677, 2.363253646502836 ], [ -76.551634369418963, 2.363253646502836 ], [ -76.551634369418963, 2.363163020793951 ], [ -76.551724185321106, 2.363163020793951 ], [ -76.551724185321106, 2.363253646502836 ], [ -76.551814001223249, 2.363253646502836 ], [ -76.551814001223249, 2.36334427221172 ], [ -76.551724185321106, 2.36334427221172 ], [ -76.551724185321106, 2.363434897920605 ], [ -76.551634369418963, 2.363434897920605 ], [ -76.551634369418963, 2.36352552362949 ], [ -76.55154455351682, 2.36352552362949 ], [ -76.55154455351682, 2.363434897920605 ], [ -76.551364921712533, 2.363434897920605 ], [ -76.551364921712533, 2.36334427221172 ], [ -76.551185289908261, 2.36334427221172 ], [ -76.551185289908261, 2.363253646502836 ], [ -76.551095474006118, 2.363253646502836 ], [ -76.551095474006118, 2.363163020793951 ], [ -76.551005658103975, 2.363163020793951 ], [ -76.551005658103975, 2.363072395085066 ] ] ], [ [ [ -76.550915842201832, 2.36334427221172 ], [ -76.550826026299688, 2.36334427221172 ], [ -76.550826026299688, 2.363434897920605 ], [ -76.550646394495416, 2.363434897920605 ], [ -76.550646394495416, 2.363253646502836 ], [ -76.550915842201832, 2.363253646502836 ], [ -76.550915842201832, 2.36334427221172 ] ] ], [ [ [ -76.550017683180428, 2.363616149338374 ], [ -76.549927867278285, 2.363616149338374 ], [ -76.549927867278285, 2.36352552362949 ], [ -76.549838051376142, 2.36352552362949 ], [ -76.549838051376142, 2.363253646502836 ], [ -76.549927867278285, 2.363253646502836 ], [ -76.549927867278285, 2.363072395085066 ], [ -76.549748235474013, 2.363072395085066 ], [ -76.549748235474013, 2.362981769376182 ], [ -76.550107499082571, 2.362981769376182 ], [ -76.550107499082571, 2.362800517958412 ], [ -76.550017683180428, 2.362800517958412 ], [ -76.550017683180428, 2.362709892249528 ], [ -76.549927867278285, 2.362709892249528 ], [ -76.549927867278285, 2.362619266540643 ], [ -76.549838051376142, 2.362619266540643 ], [ -76.549838051376142, 2.362528640831758 ], [ -76.550017683180428, 2.362528640831758 ], [ -76.550017683180428, 2.362619266540643 ], [ -76.550287130886858, 2.362619266540643 ], [ -76.550287130886858, 2.362709892249528 ], [ -76.550376946788987, 2.362709892249528 ], [ -76.550376946788987, 2.362891143667297 ], [ -76.55046676269113, 2.362891143667297 ], [ -76.55046676269113, 2.363163020793951 ], [ -76.550287130886858, 2.363163020793951 ], [ -76.550287130886858, 2.363253646502836 ], [ -76.550017683180428, 2.363253646502836 ], [ -76.550017683180428, 2.36334427221172 ], [ -76.550107499082571, 2.36334427221172 ], [ -76.550107499082571, 2.363706775047259 ], [ -76.550197314984715, 2.363706775047259 ], [ -76.550197314984715, 2.364069277882798 ], [ -76.550107499082571, 2.364069277882798 ], [ -76.550107499082571, 2.364341155009452 ], [ -76.549927867278285, 2.364341155009452 ], [ -76.549927867278285, 2.364431780718337 ], [ -76.549838051376142, 2.364431780718337 ], [ -76.549838051376142, 2.364250529300567 ], [ -76.550017683180428, 2.364250529300567 ], [ -76.550017683180428, 2.364069277882798 ], [ -76.549927867278285, 2.364069277882798 ], [ -76.549927867278285, 2.363978652173913 ], [ -76.550107499082571, 2.363978652173913 ], [ -76.550107499082571, 2.363797400756144 ], [ -76.550017683180428, 2.363797400756144 ], [ -76.550017683180428, 2.363616149338374 ] ] ], [ [ [ -76.560526143730883, 2.364069277882798 ], [ -76.56034651192661, 2.364069277882798 ], [ -76.56034651192661, 2.364250529300567 ], [ -76.559987248318038, 2.364250529300567 ], [ -76.559987248318038, 2.364159903591683 ], [ -76.560077064220181, 2.364159903591683 ], [ -76.560077064220181, 2.364069277882798 ], [ -76.560256696024467, 2.364069277882798 ], [ -76.560256696024467, 2.363978652173913 ], [ -76.56034651192661, 2.363978652173913 ], [ -76.56034651192661, 2.363888026465029 ], [ -76.560526143730883, 2.363888026465029 ], [ -76.560526143730883, 2.364069277882798 ] ] ], [ [ [ -76.54965841957187, 2.364159903591683 ], [ -76.549838051376142, 2.364159903591683 ], [ -76.549838051376142, 2.364250529300567 ], [ -76.54965841957187, 2.364250529300567 ], [ -76.54965841957187, 2.364159903591683 ] ] ], [ [ [ -76.552981607951068, 2.364250529300567 ], [ -76.553071423853211, 2.364250529300567 ], [ -76.553071423853211, 2.364341155009452 ], [ -76.552981607951068, 2.364341155009452 ], [ -76.552981607951068, 2.364250529300567 ] ] ], [ [ [ -76.551903817125378, 2.364703657844991 ], [ -76.551903817125378, 2.364794283553875 ], [ -76.551814001223249, 2.364794283553875 ], [ -76.551814001223249, 2.36488490926276 ], [ -76.551724185321106, 2.36488490926276 ], [ -76.551724185321106, 2.364703657844991 ], [ -76.551903817125378, 2.364703657844991 ] ] ], [ [ [ -76.553789951070343, 2.365247412098299 ], [ -76.553969582874615, 2.365247412098299 ], [ -76.553969582874615, 2.365338037807184 ], [ -76.553789951070343, 2.365338037807184 ], [ -76.553789951070343, 2.365247412098299 ] ] ], [ [ [ -76.548670444648323, 2.362256763705104 ], [ -76.548939892354738, 2.362256763705104 ], [ -76.548939892354738, 2.362347389413989 ], [ -76.549209340061168, 2.362347389413989 ], [ -76.549209340061168, 2.362438015122874 ], [ -76.549568603669726, 2.362438015122874 ], [ -76.549568603669726, 2.362619266540643 ], [ -76.549748235474013, 2.362619266540643 ], [ -76.549748235474013, 2.362800517958412 ], [ -76.54938897186544, 2.362800517958412 ], [ -76.54938897186544, 2.362981769376182 ], [ -76.549209340061168, 2.362981769376182 ], [ -76.549209340061168, 2.363163020793951 ], [ -76.549029708256882, 2.363163020793951 ], [ -76.549029708256882, 2.363253646502836 ], [ -76.548939892354738, 2.363253646502836 ], [ -76.548939892354738, 2.36352552362949 ], [ -76.548760260550466, 2.36352552362949 ], [ -76.548760260550466, 2.363616149338374 ], [ -76.548400996941893, 2.363616149338374 ], [ -76.548400996941893, 2.36352552362949 ], [ -76.548131549235478, 2.36352552362949 ], [ -76.548131549235478, 2.363616149338374 ], [ -76.548041733333335, 2.363616149338374 ], [ -76.548041733333335, 2.363978652173913 ], [ -76.548131549235478, 2.363978652173913 ], [ -76.548131549235478, 2.364069277882798 ], [ -76.548490812844037, 2.364069277882798 ], [ -76.548490812844037, 2.364431780718337 ], [ -76.548670444648323, 2.364431780718337 ], [ -76.548670444648323, 2.364703657844991 ], [ -76.548850076452595, 2.364703657844991 ], [ -76.548850076452595, 2.364975534971645 ], [ -76.549029708256882, 2.364975534971645 ], [ -76.549029708256882, 2.365156786389414 ], [ -76.549209340061168, 2.365156786389414 ], [ -76.549209340061168, 2.365338037807184 ], [ -76.549299155963297, 2.365338037807184 ], [ -76.549299155963297, 2.365428663516068 ], [ -76.54938897186544, 2.365428663516068 ], [ -76.54938897186544, 2.365338037807184 ], [ -76.549478787767583, 2.365338037807184 ], [ -76.549478787767583, 2.365247412098299 ], [ -76.54965841957187, 2.365247412098299 ], [ -76.54965841957187, 2.365156786389414 ], [ -76.549568603669726, 2.365156786389414 ], [ -76.549568603669726, 2.364975534971645 ], [ -76.549478787767583, 2.364975534971645 ], [ -76.549478787767583, 2.36488490926276 ], [ -76.549568603669726, 2.36488490926276 ], [ -76.549568603669726, 2.364794283553875 ], [ -76.549748235474013, 2.364794283553875 ], [ -76.549748235474013, 2.365247412098299 ], [ -76.549838051376142, 2.365247412098299 ], [ -76.549838051376142, 2.365338037807184 ], [ -76.550107499082571, 2.365338037807184 ], [ -76.550107499082571, 2.365247412098299 ], [ -76.550197314984715, 2.365247412098299 ], [ -76.550197314984715, 2.365156786389414 ], [ -76.550556578593273, 2.365156786389414 ], [ -76.550556578593273, 2.365066160680529 ], [ -76.551005658103975, 2.365066160680529 ], [ -76.551005658103975, 2.364794283553875 ], [ -76.551095474006118, 2.364794283553875 ], [ -76.551095474006118, 2.364703657844991 ], [ -76.550736210397559, 2.364703657844991 ], [ -76.550736210397559, 2.364613032136106 ], [ -76.55046676269113, 2.364613032136106 ], [ -76.55046676269113, 2.364431780718337 ], [ -76.550287130886858, 2.364431780718337 ], [ -76.550287130886858, 2.364069277882798 ], [ -76.550376946788987, 2.364069277882798 ], [ -76.550376946788987, 2.363888026465029 ], [ -76.55046676269113, 2.363888026465029 ], [ -76.55046676269113, 2.363797400756144 ], [ -76.550646394495416, 2.363797400756144 ], [ -76.550646394495416, 2.363888026465029 ], [ -76.550736210397559, 2.363888026465029 ], [ -76.550736210397559, 2.364069277882798 ], [ -76.550826026299688, 2.364069277882798 ], [ -76.550826026299688, 2.364250529300567 ], [ -76.550915842201832, 2.364250529300567 ], [ -76.550915842201832, 2.364431780718337 ], [ -76.551005658103975, 2.364431780718337 ], [ -76.551005658103975, 2.364522406427221 ], [ -76.551095474006118, 2.364522406427221 ], [ -76.551095474006118, 2.364613032136106 ], [ -76.551185289908261, 2.364613032136106 ], [ -76.551185289908261, 2.364703657844991 ], [ -76.551275105810404, 2.364703657844991 ], [ -76.551275105810404, 2.364613032136106 ], [ -76.551454737614677, 2.364613032136106 ], [ -76.551454737614677, 2.364703657844991 ], [ -76.55154455351682, 2.364703657844991 ], [ -76.55154455351682, 2.365066160680529 ], [ -76.551634369418963, 2.365066160680529 ], [ -76.551634369418963, 2.365156786389414 ], [ -76.551724185321106, 2.365156786389414 ], [ -76.551724185321106, 2.365247412098299 ], [ -76.551814001223249, 2.365247412098299 ], [ -76.551814001223249, 2.365338037807184 ], [ -76.551993633027521, 2.365338037807184 ], [ -76.551993633027521, 2.365428663516068 ], [ -76.552083448929665, 2.365428663516068 ], [ -76.552083448929665, 2.365247412098299 ], [ -76.551993633027521, 2.365247412098299 ], [ -76.551993633027521, 2.365066160680529 ], [ -76.551903817125378, 2.365066160680529 ], [ -76.551903817125378, 2.36488490926276 ], [ -76.552083448929665, 2.36488490926276 ], [ -76.552083448929665, 2.364794283553875 ], [ -76.552173264831808, 2.364794283553875 ], [ -76.552173264831808, 2.364522406427221 ], [ -76.552083448929665, 2.364522406427221 ], [ -76.552083448929665, 2.364431780718337 ], [ -76.551903817125378, 2.364431780718337 ], [ -76.551903817125378, 2.364522406427221 ], [ -76.551724185321106, 2.364522406427221 ], [ -76.551724185321106, 2.364431780718337 ], [ -76.551634369418963, 2.364431780718337 ], [ -76.551634369418963, 2.364522406427221 ], [ -76.551364921712533, 2.364522406427221 ], [ -76.551364921712533, 2.364431780718337 ], [ -76.551275105810404, 2.364431780718337 ], [ -76.551275105810404, 2.364250529300567 ], [ -76.551185289908261, 2.364250529300567 ], [ -76.551185289908261, 2.364069277882798 ], [ -76.551095474006118, 2.364069277882798 ], [ -76.551095474006118, 2.363978652173913 ], [ -76.551005658103975, 2.363978652173913 ], [ -76.551005658103975, 2.363888026465029 ], [ -76.551275105810404, 2.363888026465029 ], [ -76.551275105810404, 2.363978652173913 ], [ -76.551454737614677, 2.363978652173913 ], [ -76.551454737614677, 2.364069277882798 ], [ -76.551634369418963, 2.364069277882798 ], [ -76.551634369418963, 2.364159903591683 ], [ -76.551814001223249, 2.364159903591683 ], [ -76.551814001223249, 2.364069277882798 ], [ -76.551724185321106, 2.364069277882798 ], [ -76.551724185321106, 2.363888026465029 ], [ -76.55154455351682, 2.363888026465029 ], [ -76.55154455351682, 2.363706775047259 ], [ -76.551634369418963, 2.363706775047259 ], [ -76.551634369418963, 2.363616149338374 ], [ -76.551724185321106, 2.363616149338374 ], [ -76.551724185321106, 2.363706775047259 ], [ -76.551814001223249, 2.363706775047259 ], [ -76.551814001223249, 2.363797400756144 ], [ -76.551903817125378, 2.363797400756144 ], [ -76.551903817125378, 2.363888026465029 ], [ -76.552173264831808, 2.363888026465029 ], [ -76.552173264831808, 2.363978652173913 ], [ -76.552263080733951, 2.363978652173913 ], [ -76.552263080733951, 2.363888026465029 ], [ -76.55235289663608, 2.363888026465029 ], [ -76.55235289663608, 2.363706775047259 ], [ -76.552263080733951, 2.363706775047259 ], [ -76.552263080733951, 2.363616149338374 ], [ -76.55235289663608, 2.363616149338374 ], [ -76.55235289663608, 2.36352552362949 ], [ -76.55262234434251, 2.36352552362949 ], [ -76.55262234434251, 2.363616149338374 ], [ -76.552801976146796, 2.363616149338374 ], [ -76.552801976146796, 2.363706775047259 ], [ -76.553071423853211, 2.363706775047259 ], [ -76.553071423853211, 2.363797400756144 ], [ -76.553251055657498, 2.363797400756144 ], [ -76.553251055657498, 2.363888026465029 ], [ -76.553340871559641, 2.363888026465029 ], [ -76.553340871559641, 2.364159903591683 ], [ -76.553161239755354, 2.364159903591683 ], [ -76.553161239755354, 2.364069277882798 ], [ -76.552801976146796, 2.364069277882798 ], [ -76.552801976146796, 2.363888026465029 ], [ -76.55262234434251, 2.363888026465029 ], [ -76.55262234434251, 2.364250529300567 ], [ -76.552801976146796, 2.364250529300567 ], [ -76.552801976146796, 2.364431780718337 ], [ -76.552891792048925, 2.364431780718337 ], [ -76.552891792048925, 2.364794283553875 ], [ -76.552801976146796, 2.364794283553875 ], [ -76.552801976146796, 2.36488490926276 ], [ -76.552532528440366, 2.36488490926276 ], [ -76.552532528440366, 2.364975534971645 ], [ -76.552442712538223, 2.364975534971645 ], [ -76.552442712538223, 2.365156786389414 ], [ -76.55235289663608, 2.365156786389414 ], [ -76.55235289663608, 2.365338037807184 ], [ -76.552263080733951, 2.365338037807184 ], [ -76.552263080733951, 2.365428663516068 ], [ -76.552173264831808, 2.365428663516068 ], [ -76.552173264831808, 2.365519289224953 ], [ -76.552263080733951, 2.365519289224953 ], [ -76.552263080733951, 2.365609914933838 ], [ -76.552173264831808, 2.365609914933838 ], [ -76.552173264831808, 2.365700540642723 ], [ -76.552263080733951, 2.365700540642723 ], [ -76.552263080733951, 2.365791166351607 ], [ -76.55235289663608, 2.365791166351607 ], [ -76.55235289663608, 2.365881792060492 ], [ -76.552442712538223, 2.365881792060492 ], [ -76.552442712538223, 2.36624429489603 ], [ -76.552532528440366, 2.36624429489603 ], [ -76.552532528440366, 2.3664255463138 ], [ -76.552442712538223, 2.3664255463138 ], [ -76.552442712538223, 2.366516172022684 ], [ -76.55235289663608, 2.366516172022684 ], [ -76.55235289663608, 2.366606797731569 ], [ -76.552263080733951, 2.366606797731569 ], [ -76.552263080733951, 2.366788049149338 ], [ -76.552173264831808, 2.366788049149338 ], [ -76.552173264831808, 2.366878674858223 ], [ -76.552263080733951, 2.366878674858223 ], [ -76.552263080733951, 2.367059926275993 ], [ -76.55235289663608, 2.367059926275993 ], [ -76.55235289663608, 2.367150551984877 ], [ -76.552263080733951, 2.367150551984877 ], [ -76.552263080733951, 2.367331803402647 ], [ -76.55235289663608, 2.367331803402647 ], [ -76.55235289663608, 2.367966183364839 ], [ -76.552263080733951, 2.367966183364839 ], [ -76.552263080733951, 2.368147434782609 ], [ -76.552173264831808, 2.368147434782609 ], [ -76.552173264831808, 2.368238060491493 ], [ -76.552083448929665, 2.368238060491493 ], [ -76.552083448929665, 2.368147434782609 ], [ -76.551903817125378, 2.368147434782609 ], [ -76.551903817125378, 2.368328686200378 ], [ -76.551814001223249, 2.368328686200378 ], [ -76.551814001223249, 2.368600563327032 ], [ -76.551724185321106, 2.368600563327032 ], [ -76.551724185321106, 2.368691189035917 ], [ -76.551814001223249, 2.368691189035917 ], [ -76.551814001223249, 2.368781814744802 ], [ -76.552083448929665, 2.368781814744802 ], [ -76.552083448929665, 2.368872440453687 ], [ -76.551993633027521, 2.368872440453687 ], [ -76.551993633027521, 2.368963066162571 ], [ -76.55154455351682, 2.368963066162571 ], [ -76.55154455351682, 2.368781814744802 ], [ -76.551364921712533, 2.368781814744802 ], [ -76.551364921712533, 2.368963066162571 ], [ -76.551185289908261, 2.368963066162571 ], [ -76.551185289908261, 2.368600563327032 ], [ -76.551364921712533, 2.368600563327032 ], [ -76.551364921712533, 2.368509937618148 ], [ -76.551454737614677, 2.368509937618148 ], [ -76.551454737614677, 2.368600563327032 ], [ -76.55154455351682, 2.368600563327032 ], [ -76.55154455351682, 2.368419311909263 ], [ -76.551634369418963, 2.368419311909263 ], [ -76.551634369418963, 2.368056809073724 ], [ -76.551724185321106, 2.368056809073724 ], [ -76.551724185321106, 2.368147434782609 ], [ -76.551814001223249, 2.368147434782609 ], [ -76.551814001223249, 2.367966183364839 ], [ -76.551903817125378, 2.367966183364839 ], [ -76.551903817125378, 2.367875557655955 ], [ -76.551993633027521, 2.367875557655955 ], [ -76.551993633027521, 2.367331803402647 ], [ -76.551814001223249, 2.367331803402647 ], [ -76.551814001223249, 2.367241177693762 ], [ -76.551724185321106, 2.367241177693762 ], [ -76.551724185321106, 2.366788049149338 ], [ -76.551634369418963, 2.366788049149338 ], [ -76.551634369418963, 2.366697423440454 ], [ -76.55154455351682, 2.366697423440454 ], [ -76.55154455351682, 2.366606797731569 ], [ -76.551454737614677, 2.366606797731569 ], [ -76.551454737614677, 2.366516172022684 ], [ -76.551364921712533, 2.366516172022684 ], [ -76.551364921712533, 2.3664255463138 ], [ -76.551275105810404, 2.3664255463138 ], [ -76.551275105810404, 2.36624429489603 ], [ -76.551364921712533, 2.36624429489603 ], [ -76.551364921712533, 2.366334920604915 ], [ -76.55154455351682, 2.366334920604915 ], [ -76.55154455351682, 2.36624429489603 ], [ -76.551634369418963, 2.36624429489603 ], [ -76.551634369418963, 2.366153669187146 ], [ -76.55154455351682, 2.366153669187146 ], [ -76.55154455351682, 2.366063043478261 ], [ -76.551454737614677, 2.366063043478261 ], [ -76.551454737614677, 2.365881792060492 ], [ -76.551095474006118, 2.365881792060492 ], [ -76.551095474006118, 2.365791166351607 ], [ -76.550915842201832, 2.365791166351607 ], [ -76.550915842201832, 2.365700540642723 ], [ -76.550826026299688, 2.365700540642723 ], [ -76.550826026299688, 2.365609914933838 ], [ -76.550736210397559, 2.365609914933838 ], [ -76.550736210397559, 2.365700540642723 ], [ -76.550646394495416, 2.365700540642723 ], [ -76.550646394495416, 2.365791166351607 ], [ -76.550736210397559, 2.365791166351607 ], [ -76.550736210397559, 2.365972417769376 ], [ -76.550556578593273, 2.365972417769376 ], [ -76.550556578593273, 2.366063043478261 ], [ -76.55046676269113, 2.366063043478261 ], [ -76.55046676269113, 2.365791166351607 ], [ -76.550556578593273, 2.365791166351607 ], [ -76.550556578593273, 2.365700540642723 ], [ -76.550376946788987, 2.365700540642723 ], [ -76.550376946788987, 2.365791166351607 ], [ -76.550287130886858, 2.365791166351607 ], [ -76.550287130886858, 2.365881792060492 ], [ -76.550107499082571, 2.365881792060492 ], [ -76.550107499082571, 2.365972417769376 ], [ -76.549838051376142, 2.365972417769376 ], [ -76.549838051376142, 2.365791166351607 ], [ -76.549748235474013, 2.365791166351607 ], [ -76.549748235474013, 2.365881792060492 ], [ -76.549299155963297, 2.365881792060492 ], [ -76.549299155963297, 2.365791166351607 ], [ -76.549209340061168, 2.365791166351607 ], [ -76.549209340061168, 2.365700540642723 ], [ -76.549119524159025, 2.365700540642723 ], [ -76.549119524159025, 2.365519289224953 ], [ -76.548939892354738, 2.365519289224953 ], [ -76.548939892354738, 2.365428663516068 ], [ -76.548850076452595, 2.365428663516068 ], [ -76.548850076452595, 2.365338037807184 ], [ -76.548760260550466, 2.365338037807184 ], [ -76.548760260550466, 2.365247412098299 ], [ -76.548670444648323, 2.365247412098299 ], [ -76.548670444648323, 2.365156786389414 ], [ -76.548131549235478, 2.365156786389414 ], [ -76.548131549235478, 2.364975534971645 ], [ -76.548041733333335, 2.364975534971645 ], [ -76.548041733333335, 2.36488490926276 ], [ -76.547951917431192, 2.36488490926276 ], [ -76.547951917431192, 2.364975534971645 ], [ -76.547682469724776, 2.364975534971645 ], [ -76.547682469724776, 2.36488490926276 ], [ -76.54750283792049, 2.36488490926276 ], [ -76.54750283792049, 2.364703657844991 ], [ -76.547413022018347, 2.364703657844991 ], [ -76.547413022018347, 2.364431780718337 ], [ -76.547772285626905, 2.364431780718337 ], [ -76.547772285626905, 2.364522406427221 ], [ -76.547862101529049, 2.364522406427221 ], [ -76.547862101529049, 2.364613032136106 ], [ -76.548131549235478, 2.364613032136106 ], [ -76.548131549235478, 2.364341155009452 ], [ -76.547951917431192, 2.364341155009452 ], [ -76.547951917431192, 2.363888026465029 ], [ -76.547592653822633, 2.363888026465029 ], [ -76.547592653822633, 2.364159903591683 ], [ -76.54750283792049, 2.364159903591683 ], [ -76.54750283792049, 2.364250529300567 ], [ -76.547413022018347, 2.364250529300567 ], [ -76.547413022018347, 2.364159903591683 ], [ -76.547323206116204, 2.364159903591683 ], [ -76.547323206116204, 2.363797400756144 ], [ -76.547413022018347, 2.363797400756144 ], [ -76.547413022018347, 2.363706775047259 ], [ -76.54750283792049, 2.363706775047259 ], [ -76.54750283792049, 2.363616149338374 ], [ -76.547592653822633, 2.363616149338374 ], [ -76.547592653822633, 2.36334427221172 ], [ -76.547682469724776, 2.36334427221172 ], [ -76.547682469724776, 2.363072395085066 ], [ -76.547772285626905, 2.363072395085066 ], [ -76.547772285626905, 2.362981769376182 ], [ -76.547862101529049, 2.362981769376182 ], [ -76.547862101529049, 2.362891143667297 ], [ -76.547951917431192, 2.362891143667297 ], [ -76.547951917431192, 2.362800517958412 ], [ -76.548041733333335, 2.362800517958412 ], [ -76.548041733333335, 2.362981769376182 ], [ -76.548131549235478, 2.362981769376182 ], [ -76.548131549235478, 2.363072395085066 ], [ -76.54831118103975, 2.363072395085066 ], [ -76.54831118103975, 2.362981769376182 ], [ -76.548400996941893, 2.362981769376182 ], [ -76.548400996941893, 2.363253646502836 ], [ -76.548760260550466, 2.363253646502836 ], [ -76.548760260550466, 2.363163020793951 ], [ -76.548670444648323, 2.363163020793951 ], [ -76.548670444648323, 2.362981769376182 ], [ -76.54858062874618, 2.362981769376182 ], [ -76.54858062874618, 2.362891143667297 ], [ -76.548490812844037, 2.362891143667297 ], [ -76.548490812844037, 2.362619266540643 ], [ -76.548400996941893, 2.362619266540643 ], [ -76.548400996941893, 2.362528640831758 ], [ -76.548490812844037, 2.362528640831758 ], [ -76.548490812844037, 2.362347389413989 ], [ -76.548670444648323, 2.362347389413989 ], [ -76.548670444648323, 2.362256763705104 ] ], [ [ -76.548760260550466, 2.362981769376182 ], [ -76.548760260550466, 2.362709892249528 ], [ -76.548670444648323, 2.362709892249528 ], [ -76.548670444648323, 2.362981769376182 ], [ -76.548760260550466, 2.362981769376182 ] ], [ [ -76.548850076452595, 2.362709892249528 ], [ -76.548850076452595, 2.362619266540643 ], [ -76.548760260550466, 2.362619266540643 ], [ -76.548760260550466, 2.362709892249528 ], [ -76.548850076452595, 2.362709892249528 ] ], [ [ -76.551634369418963, 2.365338037807184 ], [ -76.551634369418963, 2.365428663516068 ], [ -76.551724185321106, 2.365428663516068 ], [ -76.551724185321106, 2.365338037807184 ], [ -76.551634369418963, 2.365338037807184 ] ], [ [ -76.550376946788987, 2.364250529300567 ], [ -76.550376946788987, 2.364341155009452 ], [ -76.55046676269113, 2.364341155009452 ], [ -76.55046676269113, 2.364250529300567 ], [ -76.550376946788987, 2.364250529300567 ] ], [ [ -76.551903817125378, 2.364159903591683 ], [ -76.551903817125378, 2.364250529300567 ], [ -76.551993633027521, 2.364250529300567 ], [ -76.551993633027521, 2.364159903591683 ], [ -76.551903817125378, 2.364159903591683 ] ] ], [ [ [ -76.549029708256882, 2.365700540642723 ], [ -76.549119524159025, 2.365700540642723 ], [ -76.549119524159025, 2.365791166351607 ], [ -76.549029708256882, 2.365791166351607 ], [ -76.549029708256882, 2.365700540642723 ] ] ], [ [ [ -76.551724185321106, 2.367513054820416 ], [ -76.551634369418963, 2.367513054820416 ], [ -76.551634369418963, 2.367422429111532 ], [ -76.551724185321106, 2.367422429111532 ], [ -76.551724185321106, 2.367331803402647 ], [ -76.551814001223249, 2.367331803402647 ], [ -76.551814001223249, 2.367603680529301 ], [ -76.551724185321106, 2.367603680529301 ], [ -76.551724185321106, 2.367513054820416 ] ] ], [ [ [ -76.550556578593273, 2.368419311909263 ], [ -76.550646394495416, 2.368419311909263 ], [ -76.550646394495416, 2.368600563327032 ], [ -76.550376946788987, 2.368600563327032 ], [ -76.550376946788987, 2.368509937618148 ], [ -76.550556578593273, 2.368509937618148 ], [ -76.550556578593273, 2.368419311909263 ] ] ], [ [ [ -76.550826026299688, 2.368509937618148 ], [ -76.551185289908261, 2.368509937618148 ], [ -76.551185289908261, 2.368600563327032 ], [ -76.550826026299688, 2.368600563327032 ], [ -76.550826026299688, 2.368509937618148 ] ] ], [ [ [ -76.550826026299688, 2.368963066162571 ], [ -76.550826026299688, 2.368781814744802 ], [ -76.551005658103975, 2.368781814744802 ], [ -76.551005658103975, 2.368963066162571 ], [ -76.550826026299688, 2.368963066162571 ] ] ], [ [ [ -76.550287130886858, 2.368963066162571 ], [ -76.550376946788987, 2.368963066162571 ], [ -76.550376946788987, 2.36932556899811 ], [ -76.550287130886858, 2.36932556899811 ], [ -76.550287130886858, 2.369234943289225 ], [ -76.550197314984715, 2.369234943289225 ], [ -76.550197314984715, 2.369053691871456 ], [ -76.550107499082571, 2.369053691871456 ], [ -76.550107499082571, 2.368781814744802 ], [ -76.550197314984715, 2.368781814744802 ], [ -76.550197314984715, 2.368691189035917 ], [ -76.550287130886858, 2.368691189035917 ], [ -76.550287130886858, 2.368963066162571 ] ] ], [ [ [ -76.55046676269113, 2.369416194706995 ], [ -76.550376946788987, 2.369416194706995 ], [ -76.550376946788987, 2.36932556899811 ], [ -76.55046676269113, 2.36932556899811 ], [ -76.55046676269113, 2.369416194706995 ] ] ], [ [ [ -76.559268721100921, 2.369416194706995 ], [ -76.559268721100921, 2.36932556899811 ], [ -76.559448352905193, 2.36932556899811 ], [ -76.559448352905193, 2.369416194706995 ], [ -76.559268721100921, 2.369416194706995 ] ] ], [ [ [ -76.552801976146796, 2.368872440453687 ], [ -76.552891792048925, 2.368872440453687 ], [ -76.552891792048925, 2.368781814744802 ], [ -76.552981607951068, 2.368781814744802 ], [ -76.552981607951068, 2.368691189035917 ], [ -76.553071423853211, 2.368691189035917 ], [ -76.553071423853211, 2.368781814744802 ], [ -76.553251055657498, 2.368781814744802 ], [ -76.553251055657498, 2.368872440453687 ], [ -76.553340871559641, 2.368872440453687 ], [ -76.553340871559641, 2.368691189035917 ], [ -76.55343068746177, 2.368691189035917 ], [ -76.55343068746177, 2.368781814744802 ], [ -76.553789951070343, 2.368781814744802 ], [ -76.553789951070343, 2.368872440453687 ], [ -76.553700135168199, 2.368872440453687 ], [ -76.553700135168199, 2.368963066162571 ], [ -76.553520503363913, 2.368963066162571 ], [ -76.553520503363913, 2.369234943289225 ], [ -76.553969582874615, 2.369234943289225 ], [ -76.553969582874615, 2.36932556899811 ], [ -76.554059398776758, 2.36932556899811 ], [ -76.554059398776758, 2.369234943289225 ], [ -76.554418662385316, 2.369234943289225 ], [ -76.554418662385316, 2.369597446124764 ], [ -76.554328846483187, 2.369597446124764 ], [ -76.554328846483187, 2.369688071833648 ], [ -76.554239030581044, 2.369688071833648 ], [ -76.554239030581044, 2.369778697542533 ], [ -76.554149214678901, 2.369778697542533 ], [ -76.554149214678901, 2.369869323251418 ], [ -76.554059398776758, 2.369869323251418 ], [ -76.554059398776758, 2.370050574669187 ], [ -76.553969582874615, 2.370050574669187 ], [ -76.553969582874615, 2.370503703213611 ], [ -76.553879766972472, 2.370503703213611 ], [ -76.553879766972472, 2.370413077504726 ], [ -76.553700135168199, 2.370413077504726 ], [ -76.553700135168199, 2.369688071833648 ], [ -76.553520503363913, 2.369688071833648 ], [ -76.553520503363913, 2.369506820415879 ], [ -76.553340871559641, 2.369506820415879 ], [ -76.553340871559641, 2.368963066162571 ], [ -76.552801976146796, 2.368963066162571 ], [ -76.552801976146796, 2.368872440453687 ] ] ], [ [ [ -76.560885407339455, 2.36932556899811 ], [ -76.561065039143728, 2.36932556899811 ], [ -76.561065039143728, 2.369869323251418 ], [ -76.560885407339455, 2.369869323251418 ], [ -76.560885407339455, 2.36932556899811 ] ] ], [ [ [ -76.552891792048925, 2.370050574669187 ], [ -76.552891792048925, 2.369959948960302 ], [ -76.552981607951068, 2.369959948960302 ], [ -76.552981607951068, 2.370050574669187 ], [ -76.552891792048925, 2.370050574669187 ] ] ], [ [ [ -76.551185289908261, 2.370413077504726 ], [ -76.551095474006118, 2.370413077504726 ], [ -76.551095474006118, 2.370503703213611 ], [ -76.550915842201832, 2.370503703213611 ], [ -76.550915842201832, 2.370413077504726 ], [ -76.550826026299688, 2.370413077504726 ], [ -76.550826026299688, 2.370322451795841 ], [ -76.551005658103975, 2.370322451795841 ], [ -76.551005658103975, 2.370231826086957 ], [ -76.551095474006118, 2.370231826086957 ], [ -76.551095474006118, 2.370050574669187 ], [ -76.550915842201832, 2.370050574669187 ], [ -76.550915842201832, 2.369959948960302 ], [ -76.550736210397559, 2.369959948960302 ], [ -76.550736210397559, 2.369869323251418 ], [ -76.550646394495416, 2.369869323251418 ], [ -76.550646394495416, 2.369778697542533 ], [ -76.550556578593273, 2.369778697542533 ], [ -76.550556578593273, 2.369688071833648 ], [ -76.550736210397559, 2.369688071833648 ], [ -76.550736210397559, 2.369778697542533 ], [ -76.550915842201832, 2.369778697542533 ], [ -76.550915842201832, 2.369869323251418 ], [ -76.551185289908261, 2.369869323251418 ], [ -76.551185289908261, 2.370050574669187 ], [ -76.551364921712533, 2.370050574669187 ], [ -76.551364921712533, 2.369869323251418 ], [ -76.551724185321106, 2.369869323251418 ], [ -76.551724185321106, 2.370050574669187 ], [ -76.551814001223249, 2.370050574669187 ], [ -76.551814001223249, 2.370231826086957 ], [ -76.551634369418963, 2.370231826086957 ], [ -76.551634369418963, 2.370503703213611 ], [ -76.551814001223249, 2.370503703213611 ], [ -76.551814001223249, 2.370413077504726 ], [ -76.551903817125378, 2.370413077504726 ], [ -76.551903817125378, 2.370322451795841 ], [ -76.552173264831808, 2.370322451795841 ], [ -76.552173264831808, 2.370231826086957 ], [ -76.55235289663608, 2.370231826086957 ], [ -76.55235289663608, 2.370141200378072 ], [ -76.552532528440366, 2.370141200378072 ], [ -76.552532528440366, 2.370231826086957 ], [ -76.55262234434251, 2.370231826086957 ], [ -76.55262234434251, 2.370594328922496 ], [ -76.552532528440366, 2.370594328922496 ], [ -76.552532528440366, 2.370322451795841 ], [ -76.552263080733951, 2.370322451795841 ], [ -76.552263080733951, 2.370503703213611 ], [ -76.552083448929665, 2.370503703213611 ], [ -76.552083448929665, 2.370594328922496 ], [ -76.551993633027521, 2.370594328922496 ], [ -76.551993633027521, 2.37068495463138 ], [ -76.551903817125378, 2.37068495463138 ], [ -76.551903817125378, 2.370594328922496 ], [ -76.551814001223249, 2.370594328922496 ], [ -76.551814001223249, 2.370775580340265 ], [ -76.551903817125378, 2.370775580340265 ], [ -76.551903817125378, 2.37086620604915 ], [ -76.551993633027521, 2.37086620604915 ], [ -76.551993633027521, 2.370956831758034 ], [ -76.551903817125378, 2.370956831758034 ], [ -76.551903817125378, 2.371138083175804 ], [ -76.551454737614677, 2.371138083175804 ], [ -76.551454737614677, 2.371228708884688 ], [ -76.551364921712533, 2.371228708884688 ], [ -76.551364921712533, 2.370956831758034 ], [ -76.551275105810404, 2.370956831758034 ], [ -76.551275105810404, 2.37086620604915 ], [ -76.551185289908261, 2.37086620604915 ], [ -76.551185289908261, 2.370775580340265 ], [ -76.551275105810404, 2.370775580340265 ], [ -76.551275105810404, 2.370503703213611 ], [ -76.551185289908261, 2.370503703213611 ], [ -76.551185289908261, 2.370413077504726 ] ] ], [ [ [ -76.560795591437312, 2.370413077504726 ], [ -76.560885407339455, 2.370413077504726 ], [ -76.560885407339455, 2.370775580340265 ], [ -76.560705775535169, 2.370775580340265 ], [ -76.560705775535169, 2.370503703213611 ], [ -76.560795591437312, 2.370503703213611 ], [ -76.560795591437312, 2.370413077504726 ] ] ], [ [ [ -76.559089089296634, 2.370594328922496 ], [ -76.559268721100921, 2.370594328922496 ], [ -76.559268721100921, 2.37068495463138 ], [ -76.559089089296634, 2.37068495463138 ], [ -76.559089089296634, 2.370594328922496 ] ] ], [ [ [ -76.549029708256882, 2.371138083175804 ], [ -76.549299155963297, 2.371138083175804 ], [ -76.549299155963297, 2.371228708884688 ], [ -76.549029708256882, 2.371228708884688 ], [ -76.549029708256882, 2.371138083175804 ] ] ], [ [ [ -76.551903817125378, 2.371138083175804 ], [ -76.552263080733951, 2.371138083175804 ], [ -76.552263080733951, 2.371319334593573 ], [ -76.552173264831808, 2.371319334593573 ], [ -76.552173264831808, 2.371228708884688 ], [ -76.551903817125378, 2.371228708884688 ], [ -76.551903817125378, 2.371138083175804 ] ] ], [ [ [ -76.560615959633026, 2.371409960302457 ], [ -76.560705775535169, 2.371409960302457 ], [ -76.560705775535169, 2.371500586011342 ], [ -76.560615959633026, 2.371500586011342 ], [ -76.560615959633026, 2.371409960302457 ] ] ], [ [ [ -76.551634369418963, 2.371500586011342 ], [ -76.551634369418963, 2.371591211720227 ], [ -76.55154455351682, 2.371591211720227 ], [ -76.55154455351682, 2.371681837429112 ], [ -76.551275105810404, 2.371681837429112 ], [ -76.551275105810404, 2.371591211720227 ], [ -76.551185289908261, 2.371591211720227 ], [ -76.551185289908261, 2.371409960302457 ], [ -76.551275105810404, 2.371409960302457 ], [ -76.551275105810404, 2.371319334593573 ], [ -76.55154455351682, 2.371319334593573 ], [ -76.55154455351682, 2.371500586011342 ], [ -76.551634369418963, 2.371500586011342 ] ] ], [ [ [ -76.560705775535169, 2.371500586011342 ], [ -76.560885407339455, 2.371500586011342 ], [ -76.560885407339455, 2.37204434026465 ], [ -76.560705775535169, 2.37204434026465 ], [ -76.560705775535169, 2.371500586011342 ] ] ], [ [ [ -76.560077064220181, 2.371772463137996 ], [ -76.560166880122324, 2.371772463137996 ], [ -76.560166880122324, 2.371863088846881 ], [ -76.559987248318038, 2.371863088846881 ], [ -76.559987248318038, 2.371681837429112 ], [ -76.560077064220181, 2.371681837429112 ], [ -76.560077064220181, 2.371772463137996 ] ] ], [ [ [ -76.553251055657498, 2.371772463137996 ], [ -76.553340871559641, 2.371772463137996 ], [ -76.553340871559641, 2.371863088846881 ], [ -76.553251055657498, 2.371863088846881 ], [ -76.553251055657498, 2.371772463137996 ] ] ], [ [ [ -76.551454737614677, 2.37204434026465 ], [ -76.55154455351682, 2.37204434026465 ], [ -76.55154455351682, 2.37222559168242 ], [ -76.551364921712533, 2.37222559168242 ], [ -76.551364921712533, 2.371953714555766 ], [ -76.551454737614677, 2.371953714555766 ], [ -76.551454737614677, 2.37204434026465 ] ] ], [ [ [ -76.55046676269113, 2.37204434026465 ], [ -76.550646394495416, 2.37204434026465 ], [ -76.550646394495416, 2.37222559168242 ], [ -76.550287130886858, 2.37222559168242 ], [ -76.550287130886858, 2.372134965973535 ], [ -76.55046676269113, 2.372134965973535 ], [ -76.55046676269113, 2.37204434026465 ] ] ], [ [ [ -76.551095474006118, 2.372406843100189 ], [ -76.551185289908261, 2.372406843100189 ], [ -76.551185289908261, 2.372497468809074 ], [ -76.551095474006118, 2.372497468809074 ], [ -76.551095474006118, 2.372406843100189 ] ] ], [ [ [ -76.559807616513766, 2.373131848771267 ], [ -76.559807616513766, 2.372950597353497 ], [ -76.56034651192661, 2.372950597353497 ], [ -76.56034651192661, 2.373131848771267 ], [ -76.559807616513766, 2.373131848771267 ] ] ], [ [ [ -76.553610319266056, 2.373041223062382 ], [ -76.553700135168199, 2.373041223062382 ], [ -76.553700135168199, 2.373131848771267 ], [ -76.553610319266056, 2.373131848771267 ], [ -76.553610319266056, 2.373041223062382 ] ] ], [ [ [ -76.55235289663608, 2.373131848771267 ], [ -76.552442712538223, 2.373131848771267 ], [ -76.552442712538223, 2.373494351606805 ], [ -76.55235289663608, 2.373494351606805 ], [ -76.55235289663608, 2.373131848771267 ] ] ], [ [ [ -76.556304796330281, 2.375669368620038 ], [ -76.556304796330281, 2.375759994328923 ], [ -76.556214980428138, 2.375759994328923 ], [ -76.556214980428138, 2.376122497164461 ], [ -76.556125164525994, 2.376122497164461 ], [ -76.556125164525994, 2.376213122873346 ], [ -76.555945532721708, 2.376213122873346 ], [ -76.555945532721708, 2.376031871455577 ], [ -76.555855716819579, 2.376031871455577 ], [ -76.555855716819579, 2.375941245746692 ], [ -76.555765900917436, 2.375941245746692 ], [ -76.555765900917436, 2.376122497164461 ], [ -76.555676085015293, 2.376122497164461 ], [ -76.555676085015293, 2.376213122873346 ], [ -76.555586269113149, 2.376213122873346 ], [ -76.555586269113149, 2.376394374291115 ], [ -76.555496453211006, 2.376394374291115 ], [ -76.555496453211006, 2.376485 ], [ -76.555137189602448, 2.376485 ], [ -76.555137189602448, 2.376394374291115 ], [ -76.555406637308863, 2.376394374291115 ], [ -76.555406637308863, 2.376303748582231 ], [ -76.555496453211006, 2.376303748582231 ], [ -76.555496453211006, 2.376031871455577 ], [ -76.555586269113149, 2.376031871455577 ], [ -76.555586269113149, 2.375941245746692 ], [ -76.555406637308863, 2.375941245746692 ], [ -76.555406637308863, 2.375850620037808 ], [ -76.555316821406734, 2.375850620037808 ], [ -76.555316821406734, 2.375578742911153 ], [ -76.555137189602448, 2.375578742911153 ], [ -76.555137189602448, 2.375488117202269 ], [ -76.555227005504591, 2.375488117202269 ], [ -76.555227005504591, 2.375397491493384 ], [ -76.555316821406734, 2.375397491493384 ], [ -76.555316821406734, 2.375488117202269 ], [ -76.555406637308863, 2.375488117202269 ], [ -76.555406637308863, 2.375216240075614 ], [ -76.555316821406734, 2.375216240075614 ], [ -76.555316821406734, 2.37512561436673 ], [ -76.555227005504591, 2.37512561436673 ], [ -76.555227005504591, 2.375034988657845 ], [ -76.554957557798161, 2.375034988657845 ], [ -76.554957557798161, 2.37512561436673 ], [ -76.554777925993889, 2.37512561436673 ], [ -76.554777925993889, 2.374763111531191 ], [ -76.554059398776758, 2.374763111531191 ], [ -76.554059398776758, 2.374581860113422 ], [ -76.553879766972472, 2.374581860113422 ], [ -76.553879766972472, 2.374400608695652 ], [ -76.554059398776758, 2.374400608695652 ], [ -76.554059398776758, 2.373856854442344 ], [ -76.554328846483187, 2.373856854442344 ], [ -76.554328846483187, 2.373675603024575 ], [ -76.554239030581044, 2.373675603024575 ], [ -76.554239030581044, 2.37358497731569 ], [ -76.554059398776758, 2.37358497731569 ], [ -76.554059398776758, 2.373313100189036 ], [ -76.553879766972472, 2.373313100189036 ], [ -76.553879766972472, 2.373131848771267 ], [ -76.553789951070343, 2.373131848771267 ], [ -76.553789951070343, 2.373041223062382 ], [ -76.553969582874615, 2.373041223062382 ], [ -76.553969582874615, 2.373131848771267 ], [ -76.554059398776758, 2.373131848771267 ], [ -76.554059398776758, 2.373041223062382 ], [ -76.554149214678901, 2.373041223062382 ], [ -76.554149214678901, 2.372859971644613 ], [ -76.553879766972472, 2.372859971644613 ], [ -76.553879766972472, 2.372769345935728 ], [ -76.553789951070343, 2.372769345935728 ], [ -76.553789951070343, 2.372678720226843 ], [ -76.553700135168199, 2.372678720226843 ], [ -76.553700135168199, 2.372588094517959 ], [ -76.55343068746177, 2.372588094517959 ], [ -76.55343068746177, 2.372678720226843 ], [ -76.553340871559641, 2.372678720226843 ], [ -76.553340871559641, 2.372769345935728 ], [ -76.55343068746177, 2.372769345935728 ], [ -76.55343068746177, 2.372950597353497 ], [ -76.553340871559641, 2.372950597353497 ], [ -76.553340871559641, 2.373131848771267 ], [ -76.553251055657498, 2.373131848771267 ], [ -76.553251055657498, 2.373222474480151 ], [ -76.553161239755354, 2.373222474480151 ], [ -76.553161239755354, 2.373313100189036 ], [ -76.552801976146796, 2.373313100189036 ], [ -76.552801976146796, 2.373403725897921 ], [ -76.55262234434251, 2.373403725897921 ], [ -76.55262234434251, 2.373313100189036 ], [ -76.552712160244653, 2.373313100189036 ], [ -76.552712160244653, 2.373131848771267 ], [ -76.552801976146796, 2.373131848771267 ], [ -76.552801976146796, 2.372950597353497 ], [ -76.55262234434251, 2.372950597353497 ], [ -76.55262234434251, 2.372406843100189 ], [ -76.552083448929665, 2.372406843100189 ], [ -76.552083448929665, 2.37222559168242 ], [ -76.551903817125378, 2.37222559168242 ], [ -76.551903817125378, 2.371953714555766 ], [ -76.551993633027521, 2.371953714555766 ], [ -76.551993633027521, 2.371863088846881 ], [ -76.551814001223249, 2.371863088846881 ], [ -76.551814001223249, 2.371681837429112 ], [ -76.551993633027521, 2.371681837429112 ], [ -76.551993633027521, 2.371591211720227 ], [ -76.552083448929665, 2.371591211720227 ], [ -76.552083448929665, 2.371681837429112 ], [ -76.55235289663608, 2.371681837429112 ], [ -76.55235289663608, 2.371772463137996 ], [ -76.552442712538223, 2.371772463137996 ], [ -76.552442712538223, 2.37204434026465 ], [ -76.553071423853211, 2.37204434026465 ], [ -76.553071423853211, 2.372134965973535 ], [ -76.552981607951068, 2.372134965973535 ], [ -76.552981607951068, 2.37222559168242 ], [ -76.553071423853211, 2.37222559168242 ], [ -76.553071423853211, 2.372316217391305 ], [ -76.553161239755354, 2.372316217391305 ], [ -76.553161239755354, 2.372406843100189 ], [ -76.553251055657498, 2.372406843100189 ], [ -76.553251055657498, 2.37204434026465 ], [ -76.553340871559641, 2.37204434026465 ], [ -76.553340871559641, 2.372134965973535 ], [ -76.553520503363913, 2.372134965973535 ], [ -76.553520503363913, 2.37222559168242 ], [ -76.553700135168199, 2.37222559168242 ], [ -76.553700135168199, 2.37204434026465 ], [ -76.553789951070343, 2.37204434026465 ], [ -76.553789951070343, 2.372134965973535 ], [ -76.553879766972472, 2.372134965973535 ], [ -76.553879766972472, 2.37204434026465 ], [ -76.553969582874615, 2.37204434026465 ], [ -76.553969582874615, 2.371953714555766 ], [ -76.554059398776758, 2.371953714555766 ], [ -76.554059398776758, 2.371863088846881 ], [ -76.553879766972472, 2.371863088846881 ], [ -76.553879766972472, 2.371953714555766 ], [ -76.553700135168199, 2.371953714555766 ], [ -76.553700135168199, 2.371772463137996 ], [ -76.553520503363913, 2.371772463137996 ], [ -76.553520503363913, 2.371681837429112 ], [ -76.553340871559641, 2.371681837429112 ], [ -76.553340871559641, 2.371500586011342 ], [ -76.553251055657498, 2.371500586011342 ], [ -76.553251055657498, 2.371319334593573 ], [ -76.553340871559641, 2.371319334593573 ], [ -76.553340871559641, 2.371047457466919 ], [ -76.553251055657498, 2.371047457466919 ], [ -76.553251055657498, 2.370956831758034 ], [ -76.553071423853211, 2.370956831758034 ], [ -76.553071423853211, 2.370775580340265 ], [ -76.553161239755354, 2.370775580340265 ], [ -76.553161239755354, 2.37068495463138 ], [ -76.553251055657498, 2.37068495463138 ], [ -76.553251055657498, 2.370594328922496 ], [ -76.553340871559641, 2.370594328922496 ], [ -76.553340871559641, 2.370413077504726 ], [ -76.553520503363913, 2.370413077504726 ], [ -76.553520503363913, 2.370594328922496 ], [ -76.553879766972472, 2.370594328922496 ], [ -76.553879766972472, 2.37068495463138 ], [ -76.554149214678901, 2.37068495463138 ], [ -76.554149214678901, 2.37086620604915 ], [ -76.554239030581044, 2.37086620604915 ], [ -76.554239030581044, 2.371138083175804 ], [ -76.554418662385316, 2.371138083175804 ], [ -76.554418662385316, 2.371047457466919 ], [ -76.554598294189603, 2.371047457466919 ], [ -76.554598294189603, 2.371591211720227 ], [ -76.554688110091746, 2.371591211720227 ], [ -76.554688110091746, 2.371681837429112 ], [ -76.554777925993889, 2.371681837429112 ], [ -76.554777925993889, 2.371772463137996 ], [ -76.554867741896032, 2.371772463137996 ], [ -76.554867741896032, 2.371953714555766 ], [ -76.554957557798161, 2.371953714555766 ], [ -76.554957557798161, 2.37222559168242 ], [ -76.555047373700305, 2.37222559168242 ], [ -76.555047373700305, 2.372316217391305 ], [ -76.555227005504591, 2.372316217391305 ], [ -76.555227005504591, 2.372406843100189 ], [ -76.555406637308863, 2.372406843100189 ], [ -76.555406637308863, 2.372497468809074 ], [ -76.555316821406734, 2.372497468809074 ], [ -76.555316821406734, 2.372678720226843 ], [ -76.555406637308863, 2.372678720226843 ], [ -76.555406637308863, 2.372950597353497 ], [ -76.555227005504591, 2.372950597353497 ], [ -76.555227005504591, 2.373041223062382 ], [ -76.555137189602448, 2.373041223062382 ], [ -76.555137189602448, 2.373222474480151 ], [ -76.555406637308863, 2.373222474480151 ], [ -76.555406637308863, 2.373403725897921 ], [ -76.555496453211006, 2.373403725897921 ], [ -76.555496453211006, 2.373494351606805 ], [ -76.555586269113149, 2.373494351606805 ], [ -76.555586269113149, 2.37358497731569 ], [ -76.555676085015293, 2.37358497731569 ], [ -76.555676085015293, 2.373675603024575 ], [ -76.555855716819579, 2.373675603024575 ], [ -76.555855716819579, 2.37376622873346 ], [ -76.556214980428138, 2.37376622873346 ], [ -76.556214980428138, 2.373856854442344 ], [ -76.556304796330281, 2.373856854442344 ], [ -76.556304796330281, 2.373947480151229 ], [ -76.55639461223241, 2.373947480151229 ], [ -76.55639461223241, 2.373856854442344 ], [ -76.556484428134553, 2.373856854442344 ], [ -76.556484428134553, 2.37376622873346 ], [ -76.556753875840982, 2.37376622873346 ], [ -76.556753875840982, 2.373675603024575 ], [ -76.556843691743126, 2.373675603024575 ], [ -76.556843691743126, 2.37376622873346 ], [ -76.557023323547398, 2.37376622873346 ], [ -76.557023323547398, 2.373856854442344 ], [ -76.557113139449541, 2.373856854442344 ], [ -76.557113139449541, 2.373947480151229 ], [ -76.557202955351684, 2.373947480151229 ], [ -76.557202955351684, 2.374219357277883 ], [ -76.557113139449541, 2.374219357277883 ], [ -76.557113139449541, 2.374128731568999 ], [ -76.557023323547398, 2.374128731568999 ], [ -76.557023323547398, 2.374219357277883 ], [ -76.556933507645255, 2.374219357277883 ], [ -76.556933507645255, 2.374491234404537 ], [ -76.556843691743126, 2.374491234404537 ], [ -76.556843691743126, 2.375034988657845 ], [ -76.556933507645255, 2.375034988657845 ], [ -76.556933507645255, 2.375306865784499 ], [ -76.557023323547398, 2.375306865784499 ], [ -76.557023323547398, 2.375578742911153 ], [ -76.556933507645255, 2.375578742911153 ], [ -76.556933507645255, 2.375669368620038 ], [ -76.55639461223241, 2.375669368620038 ], [ -76.55639461223241, 2.375578742911153 ], [ -76.556214980428138, 2.375578742911153 ], [ -76.556214980428138, 2.375669368620038 ], [ -76.556304796330281, 2.375669368620038 ] ], [ [ -76.551993633027521, 2.37204434026465 ], [ -76.552083448929665, 2.37204434026465 ], [ -76.552083448929665, 2.371953714555766 ], [ -76.551993633027521, 2.371953714555766 ], [ -76.551993633027521, 2.37204434026465 ] ], [ [ -76.552263080733951, 2.37204434026465 ], [ -76.552263080733951, 2.37222559168242 ], [ -76.552532528440366, 2.37222559168242 ], [ -76.552532528440366, 2.372134965973535 ], [ -76.552442712538223, 2.372134965973535 ], [ -76.552442712538223, 2.37204434026465 ], [ -76.552263080733951, 2.37204434026465 ] ], [ [ -76.553700135168199, 2.372406843100189 ], [ -76.553879766972472, 2.372406843100189 ], [ -76.553879766972472, 2.37222559168242 ], [ -76.553700135168199, 2.37222559168242 ], [ -76.553700135168199, 2.372406843100189 ] ], [ [ -76.554239030581044, 2.371863088846881 ], [ -76.554239030581044, 2.371681837429112 ], [ -76.554059398776758, 2.371681837429112 ], [ -76.554059398776758, 2.371863088846881 ], [ -76.554239030581044, 2.371863088846881 ] ], [ [ -76.555406637308863, 2.375669368620038 ], [ -76.555406637308863, 2.375759994328923 ], [ -76.555496453211006, 2.375759994328923 ], [ -76.555496453211006, 2.375669368620038 ], [ -76.555406637308863, 2.375669368620038 ] ], [ [ -76.556484428134553, 2.374763111531191 ], [ -76.556484428134553, 2.375306865784499 ], [ -76.556664059938839, 2.375306865784499 ], [ -76.556664059938839, 2.37512561436673 ], [ -76.556753875840982, 2.37512561436673 ], [ -76.556753875840982, 2.37494436294896 ], [ -76.556664059938839, 2.37494436294896 ], [ -76.556664059938839, 2.374853737240076 ], [ -76.556574244036696, 2.374853737240076 ], [ -76.556574244036696, 2.374763111531191 ], [ -76.556484428134553, 2.374763111531191 ] ], [ [ -76.556484428134553, 2.374309982986768 ], [ -76.55639461223241, 2.374309982986768 ], [ -76.55639461223241, 2.374219357277883 ], [ -76.556125164525994, 2.374219357277883 ], [ -76.556125164525994, 2.374400608695652 ], [ -76.556035348623851, 2.374400608695652 ], [ -76.556035348623851, 2.374672485822306 ], [ -76.556125164525994, 2.374672485822306 ], [ -76.556125164525994, 2.374853737240076 ], [ -76.556304796330281, 2.374853737240076 ], [ -76.556304796330281, 2.37494436294896 ], [ -76.55639461223241, 2.37494436294896 ], [ -76.55639461223241, 2.374763111531191 ], [ -76.556484428134553, 2.374763111531191 ], [ -76.556484428134553, 2.374309982986768 ] ], [ [ -76.556484428134553, 2.374219357277883 ], [ -76.556484428134553, 2.374128731568999 ], [ -76.55639461223241, 2.374128731568999 ], [ -76.55639461223241, 2.374219357277883 ], [ -76.556484428134553, 2.374219357277883 ] ], [ [ -76.555496453211006, 2.374038105860114 ], [ -76.555496453211006, 2.374309982986768 ], [ -76.555586269113149, 2.374309982986768 ], [ -76.555586269113149, 2.374038105860114 ], [ -76.555496453211006, 2.374038105860114 ] ], [ [ -76.554418662385316, 2.372859971644613 ], [ -76.554418662385316, 2.372950597353497 ], [ -76.554598294189603, 2.372950597353497 ], [ -76.554598294189603, 2.372769345935728 ], [ -76.55450847828746, 2.372769345935728 ], [ -76.55450847828746, 2.372859971644613 ], [ -76.554418662385316, 2.372859971644613 ] ], [ [ -76.554239030581044, 2.372859971644613 ], [ -76.554239030581044, 2.372950597353497 ], [ -76.554328846483187, 2.372950597353497 ], [ -76.554328846483187, 2.372859971644613 ], [ -76.554239030581044, 2.372859971644613 ] ], [ [ -76.552712160244653, 2.372769345935728 ], [ -76.552712160244653, 2.372859971644613 ], [ -76.552981607951068, 2.372859971644613 ], [ -76.552981607951068, 2.372769345935728 ], [ -76.552712160244653, 2.372769345935728 ] ], [ [ -76.554777925993889, 2.372497468809074 ], [ -76.554777925993889, 2.372588094517959 ], [ -76.554867741896032, 2.372588094517959 ], [ -76.554867741896032, 2.372497468809074 ], [ -76.554777925993889, 2.372497468809074 ] ], [ [ -76.553161239755354, 2.372497468809074 ], [ -76.553161239755354, 2.372588094517959 ], [ -76.553251055657498, 2.372588094517959 ], [ -76.553251055657498, 2.372497468809074 ], [ -76.553161239755354, 2.372497468809074 ] ], [ [ -76.553700135168199, 2.371500586011342 ], [ -76.553610319266056, 2.371500586011342 ], [ -76.553610319266056, 2.371681837429112 ], [ -76.553700135168199, 2.371681837429112 ], [ -76.553700135168199, 2.371591211720227 ], [ -76.553789951070343, 2.371591211720227 ], [ -76.553789951070343, 2.371409960302457 ], [ -76.553700135168199, 2.371409960302457 ], [ -76.553700135168199, 2.371500586011342 ] ], [ [ -76.553879766972472, 2.371409960302457 ], [ -76.553879766972472, 2.371319334593573 ], [ -76.553789951070343, 2.371319334593573 ], [ -76.553789951070343, 2.371409960302457 ], [ -76.553879766972472, 2.371409960302457 ] ], [ [ -76.553879766972472, 2.371591211720227 ], [ -76.553969582874615, 2.371591211720227 ], [ -76.553969582874615, 2.371500586011342 ], [ -76.554149214678901, 2.371500586011342 ], [ -76.554149214678901, 2.371591211720227 ], [ -76.554239030581044, 2.371591211720227 ], [ -76.554239030581044, 2.371409960302457 ], [ -76.554059398776758, 2.371409960302457 ], [ -76.554059398776758, 2.371319334593573 ], [ -76.553969582874615, 2.371319334593573 ], [ -76.553969582874615, 2.371409960302457 ], [ -76.553879766972472, 2.371409960302457 ], [ -76.553879766972472, 2.371591211720227 ] ] ], [ [ [ -76.558729825688076, 2.373131848771267 ], [ -76.559089089296634, 2.373131848771267 ], [ -76.559089089296634, 2.372950597353497 ], [ -76.559178905198777, 2.372950597353497 ], [ -76.559178905198777, 2.373222474480151 ], [ -76.559268721100921, 2.373222474480151 ], [ -76.559268721100921, 2.373131848771267 ], [ -76.559807616513766, 2.373131848771267 ], [ -76.559807616513766, 2.373313100189036 ], [ -76.56034651192661, 2.373313100189036 ], [ -76.56034651192661, 2.373131848771267 ], [ -76.560526143730883, 2.373131848771267 ], [ -76.560526143730883, 2.372950597353497 ], [ -76.560705775535169, 2.372950597353497 ], [ -76.560705775535169, 2.372769345935728 ], [ -76.560885407339455, 2.372769345935728 ], [ -76.560885407339455, 2.373313100189036 ], [ -76.560705775535169, 2.373313100189036 ], [ -76.560705775535169, 2.373494351606805 ], [ -76.5614243027523, 2.373494351606805 ], [ -76.5614243027523, 2.373856854442344 ], [ -76.561514118654429, 2.373856854442344 ], [ -76.561514118654429, 2.373947480151229 ], [ -76.561603934556572, 2.373947480151229 ], [ -76.561603934556572, 2.374128731568999 ], [ -76.561693750458716, 2.374128731568999 ], [ -76.561693750458716, 2.37376622873346 ], [ -76.561783566360859, 2.37376622873346 ], [ -76.561783566360859, 2.374038105860114 ], [ -76.561873382263002, 2.374038105860114 ], [ -76.561873382263002, 2.374128731568999 ], [ -76.561963198165145, 2.374128731568999 ], [ -76.561963198165145, 2.374219357277883 ], [ -76.562232645871561, 2.374219357277883 ], [ -76.562232645871561, 2.374128731568999 ], [ -76.562322461773704, 2.374128731568999 ], [ -76.562322461773704, 2.374038105860114 ], [ -76.562502093577976, 2.374038105860114 ], [ -76.562502093577976, 2.374128731568999 ], [ -76.562681725382262, 2.374128731568999 ], [ -76.562681725382262, 2.374219357277883 ], [ -76.562771541284405, 2.374219357277883 ], [ -76.562771541284405, 2.374309982986768 ], [ -76.562861357186549, 2.374309982986768 ], [ -76.562861357186549, 2.374128731568999 ], [ -76.562771541284405, 2.374128731568999 ], [ -76.562771541284405, 2.374038105860114 ], [ -76.562681725382262, 2.374038105860114 ], [ -76.562681725382262, 2.37376622873346 ], [ -76.562771541284405, 2.37376622873346 ], [ -76.562771541284405, 2.373675603024575 ], [ -76.562861357186549, 2.373675603024575 ], [ -76.562861357186549, 2.373494351606805 ], [ -76.562681725382262, 2.373494351606805 ], [ -76.562681725382262, 2.373313100189036 ], [ -76.562591909480119, 2.373313100189036 ], [ -76.562591909480119, 2.373403725897921 ], [ -76.562502093577976, 2.373403725897921 ], [ -76.562502093577976, 2.373494351606805 ], [ -76.562412277675847, 2.373494351606805 ], [ -76.562412277675847, 2.373403725897921 ], [ -76.562322461773704, 2.373403725897921 ], [ -76.562322461773704, 2.373313100189036 ], [ -76.562502093577976, 2.373313100189036 ], [ -76.562502093577976, 2.373222474480151 ], [ -76.562591909480119, 2.373222474480151 ], [ -76.562591909480119, 2.373131848771267 ], [ -76.562502093577976, 2.373131848771267 ], [ -76.562502093577976, 2.373041223062382 ], [ -76.562412277675847, 2.373041223062382 ], [ -76.562412277675847, 2.372950597353497 ], [ -76.562322461773704, 2.372950597353497 ], [ -76.562322461773704, 2.372859971644613 ], [ -76.562232645871561, 2.372859971644613 ], [ -76.562232645871561, 2.372950597353497 ], [ -76.562142829969417, 2.372950597353497 ], [ -76.562142829969417, 2.373131848771267 ], [ -76.562232645871561, 2.373131848771267 ], [ -76.562232645871561, 2.373403725897921 ], [ -76.562142829969417, 2.373403725897921 ], [ -76.562142829969417, 2.373222474480151 ], [ -76.562053014067274, 2.373222474480151 ], [ -76.562053014067274, 2.373131848771267 ], [ -76.561963198165145, 2.373131848771267 ], [ -76.561963198165145, 2.373041223062382 ], [ -76.561873382263002, 2.373041223062382 ], [ -76.561873382263002, 2.373131848771267 ], [ -76.561783566360859, 2.373131848771267 ], [ -76.561783566360859, 2.373041223062382 ], [ -76.561693750458716, 2.373041223062382 ], [ -76.561693750458716, 2.372950597353497 ], [ -76.561603934556572, 2.372950597353497 ], [ -76.561603934556572, 2.372859971644613 ], [ -76.561514118654429, 2.372859971644613 ], [ -76.561514118654429, 2.372950597353497 ], [ -76.5614243027523, 2.372950597353497 ], [ -76.5614243027523, 2.372769345935728 ], [ -76.561244670948014, 2.372769345935728 ], [ -76.561244670948014, 2.372950597353497 ], [ -76.561065039143728, 2.372950597353497 ], [ -76.561065039143728, 2.372588094517959 ], [ -76.560526143730883, 2.372588094517959 ], [ -76.560526143730883, 2.372406843100189 ], [ -76.561244670948014, 2.372406843100189 ], [ -76.561244670948014, 2.37204434026465 ], [ -76.561334486850157, 2.37204434026465 ], [ -76.561334486850157, 2.372316217391305 ], [ -76.5614243027523, 2.372316217391305 ], [ -76.5614243027523, 2.37222559168242 ], [ -76.561783566360859, 2.37222559168242 ], [ -76.561783566360859, 2.372316217391305 ], [ -76.561873382263002, 2.372316217391305 ], [ -76.561873382263002, 2.37222559168242 ], [ -76.561963198165145, 2.37222559168242 ], [ -76.561963198165145, 2.371863088846881 ], [ -76.562142829969417, 2.371863088846881 ], [ -76.562142829969417, 2.371772463137996 ], [ -76.562053014067274, 2.371772463137996 ], [ -76.562053014067274, 2.371681837429112 ], [ -76.562232645871561, 2.371681837429112 ], [ -76.562232645871561, 2.371772463137996 ], [ -76.562502093577976, 2.371772463137996 ], [ -76.562502093577976, 2.371863088846881 ], [ -76.562591909480119, 2.371863088846881 ], [ -76.562591909480119, 2.37222559168242 ], [ -76.562681725382262, 2.37222559168242 ], [ -76.562681725382262, 2.372406843100189 ], [ -76.562771541284405, 2.372406843100189 ], [ -76.562771541284405, 2.372497468809074 ], [ -76.562861357186549, 2.372497468809074 ], [ -76.562861357186549, 2.372588094517959 ], [ -76.563220620795107, 2.372588094517959 ], [ -76.563220620795107, 2.372678720226843 ], [ -76.56331043669725, 2.372678720226843 ], [ -76.56331043669725, 2.372588094517959 ], [ -76.563579884403666, 2.372588094517959 ], [ -76.563579884403666, 2.372678720226843 ], [ -76.563669700305809, 2.372678720226843 ], [ -76.563669700305809, 2.372769345935728 ], [ -76.563759516207952, 2.372769345935728 ], [ -76.563759516207952, 2.373041223062382 ], [ -76.563669700305809, 2.373041223062382 ], [ -76.563669700305809, 2.372950597353497 ], [ -76.563579884403666, 2.372950597353497 ], [ -76.563579884403666, 2.373041223062382 ], [ -76.563490068501537, 2.373041223062382 ], [ -76.563490068501537, 2.373313100189036 ], [ -76.563579884403666, 2.373313100189036 ], [ -76.563579884403666, 2.373403725897921 ], [ -76.563490068501537, 2.373403725897921 ], [ -76.563490068501537, 2.373675603024575 ], [ -76.563400252599394, 2.373675603024575 ], [ -76.563400252599394, 2.373856854442344 ], [ -76.563490068501537, 2.373856854442344 ], [ -76.563490068501537, 2.373947480151229 ], [ -76.563579884403666, 2.373947480151229 ], [ -76.563579884403666, 2.374038105860114 ], [ -76.563669700305809, 2.374038105860114 ], [ -76.563669700305809, 2.374219357277883 ], [ -76.563759516207952, 2.374219357277883 ], [ -76.563759516207952, 2.374309982986768 ], [ -76.563669700305809, 2.374309982986768 ], [ -76.563669700305809, 2.374491234404537 ], [ -76.56331043669725, 2.374491234404537 ], [ -76.56331043669725, 2.374763111531191 ], [ -76.563220620795107, 2.374763111531191 ], [ -76.563220620795107, 2.37494436294896 ], [ -76.56331043669725, 2.37494436294896 ], [ -76.56331043669725, 2.37512561436673 ], [ -76.563490068501537, 2.37512561436673 ], [ -76.563490068501537, 2.375216240075614 ], [ -76.563759516207952, 2.375216240075614 ], [ -76.563759516207952, 2.375397491493384 ], [ -76.563669700305809, 2.375397491493384 ], [ -76.563669700305809, 2.375488117202269 ], [ -76.563759516207952, 2.375488117202269 ], [ -76.563759516207952, 2.375578742911153 ], [ -76.564208595718654, 2.375578742911153 ], [ -76.564208595718654, 2.375488117202269 ], [ -76.564118779816511, 2.375488117202269 ], [ -76.564118779816511, 2.375397491493384 ], [ -76.564028963914367, 2.375397491493384 ], [ -76.564028963914367, 2.375306865784499 ], [ -76.563849332110095, 2.375306865784499 ], [ -76.563849332110095, 2.375216240075614 ], [ -76.564118779816511, 2.375216240075614 ], [ -76.564118779816511, 2.374853737240076 ], [ -76.564208595718654, 2.374853737240076 ], [ -76.564208595718654, 2.374763111531191 ], [ -76.564298411620797, 2.374763111531191 ], [ -76.564298411620797, 2.374672485822306 ], [ -76.564478043425083, 2.374672485822306 ], [ -76.564478043425083, 2.374763111531191 ], [ -76.564657675229356, 2.374763111531191 ], [ -76.564657675229356, 2.374853737240076 ], [ -76.564747491131499, 2.374853737240076 ], [ -76.564747491131499, 2.37494436294896 ], [ -76.564837307033642, 2.37494436294896 ], [ -76.564837307033642, 2.375034988657845 ], [ -76.565016938837928, 2.375034988657845 ], [ -76.565016938837928, 2.37512561436673 ], [ -76.565106754740057, 2.37512561436673 ], [ -76.565106754740057, 2.375306865784499 ], [ -76.5651965706422, 2.375306865784499 ], [ -76.5651965706422, 2.375578742911153 ], [ -76.564927122935785, 2.375578742911153 ], [ -76.564927122935785, 2.375669368620038 ], [ -76.564657675229356, 2.375669368620038 ], [ -76.564657675229356, 2.375941245746692 ], [ -76.564567859327212, 2.375941245746692 ], [ -76.564567859327212, 2.376031871455577 ], [ -76.564208595718654, 2.376031871455577 ], [ -76.564208595718654, 2.376122497164461 ], [ -76.564118779816511, 2.376122497164461 ], [ -76.564118779816511, 2.376213122873346 ], [ -76.564208595718654, 2.376213122873346 ], [ -76.564208595718654, 2.376303748582231 ], [ -76.56438822752294, 2.376303748582231 ], [ -76.56438822752294, 2.376213122873346 ], [ -76.564567859327212, 2.376213122873346 ], [ -76.564567859327212, 2.376303748582231 ], [ -76.565016938837928, 2.376303748582231 ], [ -76.565016938837928, 2.376394374291115 ], [ -76.565106754740057, 2.376394374291115 ], [ -76.565106754740057, 2.376485 ], [ -76.563220620795107, 2.376485 ], [ -76.563220620795107, 2.376394374291115 ], [ -76.563130804892964, 2.376394374291115 ], [ -76.563130804892964, 2.376213122873346 ], [ -76.563220620795107, 2.376213122873346 ], [ -76.563220620795107, 2.376303748582231 ], [ -76.563490068501537, 2.376303748582231 ], [ -76.563490068501537, 2.376213122873346 ], [ -76.563400252599394, 2.376213122873346 ], [ -76.563400252599394, 2.375941245746692 ], [ -76.56331043669725, 2.375941245746692 ], [ -76.56331043669725, 2.375759994328923 ], [ -76.563400252599394, 2.375759994328923 ], [ -76.563400252599394, 2.375578742911153 ], [ -76.563490068501537, 2.375578742911153 ], [ -76.563490068501537, 2.375488117202269 ], [ -76.563400252599394, 2.375488117202269 ], [ -76.563400252599394, 2.375397491493384 ], [ -76.56331043669725, 2.375397491493384 ], [ -76.56331043669725, 2.375488117202269 ], [ -76.563220620795107, 2.375488117202269 ], [ -76.563220620795107, 2.375578742911153 ], [ -76.563130804892964, 2.375578742911153 ], [ -76.563130804892964, 2.375759994328923 ], [ -76.563040988990821, 2.375759994328923 ], [ -76.563040988990821, 2.375669368620038 ], [ -76.562861357186549, 2.375669368620038 ], [ -76.562861357186549, 2.375578742911153 ], [ -76.562771541284405, 2.375578742911153 ], [ -76.562771541284405, 2.375488117202269 ], [ -76.562681725382262, 2.375488117202269 ], [ -76.562681725382262, 2.375397491493384 ], [ -76.562412277675847, 2.375397491493384 ], [ -76.562412277675847, 2.375669368620038 ], [ -76.562232645871561, 2.375669368620038 ], [ -76.562232645871561, 2.375488117202269 ], [ -76.562142829969417, 2.375488117202269 ], [ -76.562142829969417, 2.375397491493384 ], [ -76.561963198165145, 2.375397491493384 ], [ -76.561963198165145, 2.375306865784499 ], [ -76.561873382263002, 2.375306865784499 ], [ -76.561873382263002, 2.375216240075614 ], [ -76.561603934556572, 2.375216240075614 ], [ -76.561603934556572, 2.37494436294896 ], [ -76.561514118654429, 2.37494436294896 ], [ -76.561514118654429, 2.374672485822306 ], [ -76.5614243027523, 2.374672485822306 ], [ -76.5614243027523, 2.374400608695652 ], [ -76.561514118654429, 2.374400608695652 ], [ -76.561514118654429, 2.374219357277883 ], [ -76.5614243027523, 2.374219357277883 ], [ -76.5614243027523, 2.374309982986768 ], [ -76.561334486850157, 2.374309982986768 ], [ -76.561334486850157, 2.374400608695652 ], [ -76.561154855045871, 2.374400608695652 ], [ -76.561154855045871, 2.374309982986768 ], [ -76.560975223241584, 2.374309982986768 ], [ -76.560975223241584, 2.374400608695652 ], [ -76.560885407339455, 2.374400608695652 ], [ -76.560885407339455, 2.374581860113422 ], [ -76.560795591437312, 2.374581860113422 ], [ -76.560795591437312, 2.374672485822306 ], [ -76.560885407339455, 2.374672485822306 ], [ -76.560885407339455, 2.374763111531191 ], [ -76.560705775535169, 2.374763111531191 ], [ -76.560705775535169, 2.37494436294896 ], [ -76.560885407339455, 2.37494436294896 ], [ -76.560885407339455, 2.375034988657845 ], [ -76.560615959633026, 2.375034988657845 ], [ -76.560615959633026, 2.375397491493384 ], [ -76.560256696024467, 2.375397491493384 ], [ -76.560256696024467, 2.375306865784499 ], [ -76.560166880122324, 2.375306865784499 ], [ -76.560166880122324, 2.375216240075614 ], [ -76.560077064220181, 2.375216240075614 ], [ -76.560077064220181, 2.37512561436673 ], [ -76.559987248318038, 2.37512561436673 ], [ -76.559987248318038, 2.374581860113422 ], [ -76.560166880122324, 2.374581860113422 ], [ -76.560166880122324, 2.374219357277883 ], [ -76.559987248318038, 2.374219357277883 ], [ -76.559987248318038, 2.374038105860114 ], [ -76.559807616513766, 2.374038105860114 ], [ -76.559807616513766, 2.373856854442344 ], [ -76.559987248318038, 2.373856854442344 ], [ -76.559987248318038, 2.373494351606805 ], [ -76.559627984709479, 2.373494351606805 ], [ -76.559627984709479, 2.374400608695652 ], [ -76.559089089296634, 2.374400608695652 ], [ -76.559089089296634, 2.374219357277883 ], [ -76.558909457492362, 2.374219357277883 ], [ -76.558909457492362, 2.374400608695652 ], [ -76.558819641590219, 2.374400608695652 ], [ -76.558819641590219, 2.374581860113422 ], [ -76.558729825688076, 2.374581860113422 ], [ -76.558729825688076, 2.374491234404537 ], [ -76.558550193883789, 2.374491234404537 ], [ -76.558550193883789, 2.374219357277883 ], [ -76.558640009785933, 2.374219357277883 ], [ -76.558640009785933, 2.374128731568999 ], [ -76.558460377981646, 2.374128731568999 ], [ -76.558460377981646, 2.374309982986768 ], [ -76.558370562079517, 2.374309982986768 ], [ -76.558370562079517, 2.374400608695652 ], [ -76.558190930275231, 2.374400608695652 ], [ -76.558190930275231, 2.374491234404537 ], [ -76.558011298470944, 2.374491234404537 ], [ -76.558011298470944, 2.374309982986768 ], [ -76.557921482568801, 2.374309982986768 ], [ -76.557921482568801, 2.374672485822306 ], [ -76.557831666666672, 2.374672485822306 ], [ -76.557831666666672, 2.374763111531191 ], [ -76.557921482568801, 2.374763111531191 ], [ -76.557921482568801, 2.374853737240076 ], [ -76.558101114373088, 2.374853737240076 ], [ -76.558101114373088, 2.37512561436673 ], [ -76.558011298470944, 2.37512561436673 ], [ -76.558011298470944, 2.375397491493384 ], [ -76.558101114373088, 2.375397491493384 ], [ -76.558101114373088, 2.375578742911153 ], [ -76.558190930275231, 2.375578742911153 ], [ -76.558190930275231, 2.375216240075614 ], [ -76.558280746177374, 2.375216240075614 ], [ -76.558280746177374, 2.37512561436673 ], [ -76.558370562079517, 2.37512561436673 ], [ -76.558370562079517, 2.375216240075614 ], [ -76.558460377981646, 2.375216240075614 ], [ -76.558460377981646, 2.375397491493384 ], [ -76.558370562079517, 2.375397491493384 ], [ -76.558370562079517, 2.375669368620038 ], [ -76.558819641590219, 2.375669368620038 ], [ -76.558819641590219, 2.375759994328923 ], [ -76.558909457492362, 2.375759994328923 ], [ -76.558909457492362, 2.375850620037808 ], [ -76.558999273394491, 2.375850620037808 ], [ -76.558999273394491, 2.375941245746692 ], [ -76.559178905198777, 2.375941245746692 ], [ -76.559178905198777, 2.375850620037808 ], [ -76.559268721100921, 2.375850620037808 ], [ -76.559268721100921, 2.375759994328923 ], [ -76.559358537003064, 2.375759994328923 ], [ -76.559358537003064, 2.375669368620038 ], [ -76.559448352905193, 2.375669368620038 ], [ -76.559448352905193, 2.375578742911153 ], [ -76.559717800611622, 2.375578742911153 ], [ -76.559717800611622, 2.375850620037808 ], [ -76.559627984709479, 2.375850620037808 ], [ -76.559627984709479, 2.375941245746692 ], [ -76.559448352905193, 2.375941245746692 ], [ -76.559448352905193, 2.376031871455577 ], [ -76.559807616513766, 2.376031871455577 ], [ -76.559807616513766, 2.376122497164461 ], [ -76.559897432415909, 2.376122497164461 ], [ -76.559897432415909, 2.376213122873346 ], [ -76.559448352905193, 2.376213122873346 ], [ -76.559448352905193, 2.376303748582231 ], [ -76.559358537003064, 2.376303748582231 ], [ -76.559358537003064, 2.376213122873346 ], [ -76.559089089296634, 2.376213122873346 ], [ -76.559089089296634, 2.376122497164461 ], [ -76.558999273394491, 2.376122497164461 ], [ -76.558999273394491, 2.376213122873346 ], [ -76.558909457492362, 2.376213122873346 ], [ -76.558909457492362, 2.376303748582231 ], [ -76.558819641590219, 2.376303748582231 ], [ -76.558819641590219, 2.376394374291115 ], [ -76.558729825688076, 2.376394374291115 ], [ -76.558729825688076, 2.376485 ], [ -76.558460377981646, 2.376485 ], [ -76.558460377981646, 2.376394374291115 ], [ -76.558280746177374, 2.376394374291115 ], [ -76.558280746177374, 2.376485 ], [ -76.557292771253827, 2.376485 ], [ -76.557292771253827, 2.376213122873346 ], [ -76.557202955351684, 2.376213122873346 ], [ -76.557202955351684, 2.376122497164461 ], [ -76.557023323547398, 2.376122497164461 ], [ -76.557023323547398, 2.376213122873346 ], [ -76.556933507645255, 2.376213122873346 ], [ -76.556933507645255, 2.376303748582231 ], [ -76.556843691743126, 2.376303748582231 ], [ -76.556843691743126, 2.376485 ], [ -76.556484428134553, 2.376485 ], [ -76.556484428134553, 2.376303748582231 ], [ -76.556753875840982, 2.376303748582231 ], [ -76.556753875840982, 2.376213122873346 ], [ -76.556843691743126, 2.376213122873346 ], [ -76.556843691743126, 2.376122497164461 ], [ -76.556933507645255, 2.376122497164461 ], [ -76.556933507645255, 2.375941245746692 ], [ -76.557023323547398, 2.375941245746692 ], [ -76.557023323547398, 2.375759994328923 ], [ -76.557202955351684, 2.375759994328923 ], [ -76.557202955351684, 2.375669368620038 ], [ -76.557292771253827, 2.375669368620038 ], [ -76.557292771253827, 2.375306865784499 ], [ -76.557382587155971, 2.375306865784499 ], [ -76.557382587155971, 2.37512561436673 ], [ -76.557113139449541, 2.37512561436673 ], [ -76.557113139449541, 2.375034988657845 ], [ -76.556933507645255, 2.375034988657845 ], [ -76.556933507645255, 2.374581860113422 ], [ -76.557023323547398, 2.374581860113422 ], [ -76.557023323547398, 2.374400608695652 ], [ -76.557113139449541, 2.374400608695652 ], [ -76.557113139449541, 2.374309982986768 ], [ -76.557292771253827, 2.374309982986768 ], [ -76.557292771253827, 2.374128731568999 ], [ -76.557382587155971, 2.374128731568999 ], [ -76.557382587155971, 2.373947480151229 ], [ -76.5574724030581, 2.373947480151229 ], [ -76.5574724030581, 2.374038105860114 ], [ -76.557562218960243, 2.374038105860114 ], [ -76.557562218960243, 2.374128731568999 ], [ -76.557652034862386, 2.374128731568999 ], [ -76.557652034862386, 2.374219357277883 ], [ -76.557921482568801, 2.374219357277883 ], [ -76.557921482568801, 2.374128731568999 ], [ -76.558011298470944, 2.374128731568999 ], [ -76.558011298470944, 2.373947480151229 ], [ -76.558101114373088, 2.373947480151229 ], [ -76.558101114373088, 2.37376622873346 ], [ -76.558370562079517, 2.37376622873346 ], [ -76.558370562079517, 2.373675603024575 ], [ -76.558460377981646, 2.373675603024575 ], [ -76.558460377981646, 2.37358497731569 ], [ -76.558640009785933, 2.37358497731569 ], [ -76.558640009785933, 2.373494351606805 ], [ -76.558729825688076, 2.373494351606805 ], [ -76.558729825688076, 2.373856854442344 ], [ -76.558909457492362, 2.373856854442344 ], [ -76.558909457492362, 2.374038105860114 ], [ -76.559089089296634, 2.374038105860114 ], [ -76.559089089296634, 2.373675603024575 ], [ -76.558909457492362, 2.373675603024575 ], [ -76.558909457492362, 2.373494351606805 ], [ -76.559089089296634, 2.373494351606805 ], [ -76.559089089296634, 2.373313100189036 ], [ -76.558729825688076, 2.373313100189036 ], [ -76.558729825688076, 2.373131848771267 ] ], [ [ -76.56034651192661, 2.374219357277883 ], [ -76.56034651192661, 2.374038105860114 ], [ -76.560166880122324, 2.374038105860114 ], [ -76.560166880122324, 2.374219357277883 ], [ -76.56034651192661, 2.374219357277883 ] ], [ [ -76.5574724030581, 2.374219357277883 ], [ -76.5574724030581, 2.374400608695652 ], [ -76.557562218960243, 2.374400608695652 ], [ -76.557562218960243, 2.374672485822306 ], [ -76.5574724030581, 2.374672485822306 ], [ -76.5574724030581, 2.374763111531191 ], [ -76.557652034862386, 2.374763111531191 ], [ -76.557652034862386, 2.374491234404537 ], [ -76.557741850764529, 2.374491234404537 ], [ -76.557741850764529, 2.374309982986768 ], [ -76.557652034862386, 2.374309982986768 ], [ -76.557652034862386, 2.374219357277883 ], [ -76.5574724030581, 2.374219357277883 ] ], [ [ -76.558550193883789, 2.373856854442344 ], [ -76.558550193883789, 2.374038105860114 ], [ -76.558729825688076, 2.374038105860114 ], [ -76.558729825688076, 2.373856854442344 ], [ -76.558550193883789, 2.373856854442344 ] ], [ [ -76.558819641590219, 2.375941245746692 ], [ -76.558819641590219, 2.375850620037808 ], [ -76.558550193883789, 2.375850620037808 ], [ -76.558550193883789, 2.375941245746692 ], [ -76.558640009785933, 2.375941245746692 ], [ -76.558640009785933, 2.376213122873346 ], [ -76.558729825688076, 2.376213122873346 ], [ -76.558729825688076, 2.375941245746692 ], [ -76.558819641590219, 2.375941245746692 ] ], [ [ -76.56438822752294, 2.375759994328923 ], [ -76.56438822752294, 2.375850620037808 ], [ -76.564478043425083, 2.375850620037808 ], [ -76.564478043425083, 2.375759994328923 ], [ -76.56438822752294, 2.375759994328923 ] ], [ [ -76.562502093577976, 2.375216240075614 ], [ -76.562502093577976, 2.375306865784499 ], [ -76.562591909480119, 2.375306865784499 ], [ -76.562591909480119, 2.375216240075614 ], [ -76.562502093577976, 2.375216240075614 ] ], [ [ -76.557921482568801, 2.375216240075614 ], [ -76.557921482568801, 2.37512561436673 ], [ -76.557831666666672, 2.37512561436673 ], [ -76.557831666666672, 2.375216240075614 ], [ -76.557921482568801, 2.375216240075614 ] ], [ [ -76.557831666666672, 2.375034988657845 ], [ -76.557741850764529, 2.375034988657845 ], [ -76.557741850764529, 2.37512561436673 ], [ -76.557831666666672, 2.37512561436673 ], [ -76.557831666666672, 2.375034988657845 ] ], [ [ -76.562502093577976, 2.375034988657845 ], [ -76.562502093577976, 2.37512561436673 ], [ -76.562591909480119, 2.37512561436673 ], [ -76.562591909480119, 2.375034988657845 ], [ -76.562502093577976, 2.375034988657845 ] ], [ [ -76.562232645871561, 2.375034988657845 ], [ -76.562232645871561, 2.37512561436673 ], [ -76.562322461773704, 2.37512561436673 ], [ -76.562322461773704, 2.375034988657845 ], [ -76.562232645871561, 2.375034988657845 ] ], [ [ -76.560436327828754, 2.374581860113422 ], [ -76.560436327828754, 2.374763111531191 ], [ -76.56034651192661, 2.374763111531191 ], [ -76.56034651192661, 2.375034988657845 ], [ -76.560526143730883, 2.375034988657845 ], [ -76.560526143730883, 2.37494436294896 ], [ -76.560615959633026, 2.37494436294896 ], [ -76.560615959633026, 2.374672485822306 ], [ -76.560526143730883, 2.374672485822306 ], [ -76.560526143730883, 2.374491234404537 ], [ -76.560436327828754, 2.374491234404537 ], [ -76.560436327828754, 2.374400608695652 ], [ -76.56034651192661, 2.374400608695652 ], [ -76.56034651192661, 2.374581860113422 ], [ -76.560436327828754, 2.374581860113422 ] ], [ [ -76.563040988990821, 2.374491234404537 ], [ -76.563040988990821, 2.374400608695652 ], [ -76.562771541284405, 2.374400608695652 ], [ -76.562771541284405, 2.374491234404537 ], [ -76.562861357186549, 2.374491234404537 ], [ -76.562861357186549, 2.374581860113422 ], [ -76.562951173088692, 2.374581860113422 ], [ -76.562951173088692, 2.374491234404537 ], [ -76.563040988990821, 2.374491234404537 ] ], [ [ -76.560615959633026, 2.374038105860114 ], [ -76.560615959633026, 2.374128731568999 ], [ -76.560705775535169, 2.374128731568999 ], [ -76.560705775535169, 2.374038105860114 ], [ -76.560615959633026, 2.374038105860114 ] ], [ [ -76.560795591437312, 2.373856854442344 ], [ -76.560795591437312, 2.37376622873346 ], [ -76.560705775535169, 2.37376622873346 ], [ -76.560705775535169, 2.373856854442344 ], [ -76.560615959633026, 2.373856854442344 ], [ -76.560615959633026, 2.373947480151229 ], [ -76.560885407339455, 2.373947480151229 ], [ -76.560885407339455, 2.373856854442344 ], [ -76.560795591437312, 2.373856854442344 ] ], [ [ -76.559268721100921, 2.373675603024575 ], [ -76.559268721100921, 2.373856854442344 ], [ -76.559448352905193, 2.373856854442344 ], [ -76.559448352905193, 2.373675603024575 ], [ -76.559268721100921, 2.373675603024575 ] ] ], [ [ [ -76.552263080733951, 2.374038105860114 ], [ -76.552442712538223, 2.374038105860114 ], [ -76.552442712538223, 2.374219357277883 ], [ -76.552263080733951, 2.374219357277883 ], [ -76.552263080733951, 2.374038105860114 ] ] ], [ [ [ -76.559807616513766, 2.374219357277883 ], [ -76.559987248318038, 2.374219357277883 ], [ -76.559987248318038, 2.374400608695652 ], [ -76.559807616513766, 2.374400608695652 ], [ -76.559807616513766, 2.374219357277883 ] ] ], [ [ [ -76.553251055657498, 2.374400608695652 ], [ -76.553251055657498, 2.374309982986768 ], [ -76.553520503363913, 2.374309982986768 ], [ -76.553520503363913, 2.374400608695652 ], [ -76.553251055657498, 2.374400608695652 ] ] ], [ [ [ -76.558460377981646, 2.374491234404537 ], [ -76.558550193883789, 2.374491234404537 ], [ -76.558550193883789, 2.374581860113422 ], [ -76.558460377981646, 2.374581860113422 ], [ -76.558460377981646, 2.374491234404537 ] ] ], [ [ [ -76.552981607951068, 2.375034988657845 ], [ -76.552981607951068, 2.374763111531191 ], [ -76.55262234434251, 2.374763111531191 ], [ -76.55262234434251, 2.37494436294896 ], [ -76.552442712538223, 2.37494436294896 ], [ -76.552442712538223, 2.374763111531191 ], [ -76.552083448929665, 2.374763111531191 ], [ -76.552083448929665, 2.374581860113422 ], [ -76.55262234434251, 2.374581860113422 ], [ -76.55262234434251, 2.374128731568999 ], [ -76.552712160244653, 2.374128731568999 ], [ -76.552712160244653, 2.374219357277883 ], [ -76.552801976146796, 2.374219357277883 ], [ -76.552801976146796, 2.374128731568999 ], [ -76.553161239755354, 2.374128731568999 ], [ -76.553161239755354, 2.374219357277883 ], [ -76.553071423853211, 2.374219357277883 ], [ -76.553071423853211, 2.374400608695652 ], [ -76.553161239755354, 2.374400608695652 ], [ -76.553161239755354, 2.374763111531191 ], [ -76.553340871559641, 2.374763111531191 ], [ -76.553340871559641, 2.375034988657845 ], [ -76.552981607951068, 2.375034988657845 ] ], [ [ -76.55262234434251, 2.374672485822306 ], [ -76.552712160244653, 2.374672485822306 ], [ -76.552712160244653, 2.374581860113422 ], [ -76.55262234434251, 2.374581860113422 ], [ -76.55262234434251, 2.374672485822306 ] ], [ [ -76.552801976146796, 2.374309982986768 ], [ -76.552712160244653, 2.374309982986768 ], [ -76.552712160244653, 2.374400608695652 ], [ -76.552981607951068, 2.374400608695652 ], [ -76.552981607951068, 2.374309982986768 ], [ -76.552891792048925, 2.374309982986768 ], [ -76.552891792048925, 2.374219357277883 ], [ -76.552801976146796, 2.374219357277883 ], [ -76.552801976146796, 2.374309982986768 ] ] ], [ [ [ -76.559178905198777, 2.374672485822306 ], [ -76.559268721100921, 2.374672485822306 ], [ -76.559268721100921, 2.374763111531191 ], [ -76.559178905198777, 2.374763111531191 ], [ -76.559178905198777, 2.374672485822306 ] ] ], [ [ [ -76.558999273394491, 2.374763111531191 ], [ -76.559089089296634, 2.374763111531191 ], [ -76.559089089296634, 2.374853737240076 ], [ -76.558999273394491, 2.374853737240076 ], [ -76.558999273394491, 2.374763111531191 ] ] ], [ [ [ -76.553879766972472, 2.374763111531191 ], [ -76.554059398776758, 2.374763111531191 ], [ -76.554059398776758, 2.37494436294896 ], [ -76.553879766972472, 2.37494436294896 ], [ -76.553879766972472, 2.374763111531191 ] ] ], [ [ [ -76.551724185321106, 2.374763111531191 ], [ -76.552083448929665, 2.374763111531191 ], [ -76.552083448929665, 2.37494436294896 ], [ -76.551814001223249, 2.37494436294896 ], [ -76.551814001223249, 2.374853737240076 ], [ -76.551724185321106, 2.374853737240076 ], [ -76.551724185321106, 2.374763111531191 ] ] ], [ [ [ -76.560885407339455, 2.37494436294896 ], [ -76.560885407339455, 2.374853737240076 ], [ -76.560975223241584, 2.374853737240076 ], [ -76.560975223241584, 2.37494436294896 ], [ -76.560885407339455, 2.37494436294896 ] ] ], [ [ [ -76.558280746177374, 2.37494436294896 ], [ -76.558370562079517, 2.37494436294896 ], [ -76.558370562079517, 2.375034988657845 ], [ -76.558280746177374, 2.375034988657845 ], [ -76.558280746177374, 2.37494436294896 ] ] ], [ [ [ -76.554239030581044, 2.37512561436673 ], [ -76.554418662385316, 2.37512561436673 ], [ -76.554418662385316, 2.375306865784499 ], [ -76.554239030581044, 2.375306865784499 ], [ -76.554239030581044, 2.37512561436673 ] ] ], [ [ [ -76.552083448929665, 2.37512561436673 ], [ -76.552263080733951, 2.37512561436673 ], [ -76.552263080733951, 2.375306865784499 ], [ -76.552083448929665, 2.375306865784499 ], [ -76.552083448929665, 2.37512561436673 ] ] ], [ [ [ -76.554598294189603, 2.375306865784499 ], [ -76.554957557798161, 2.375306865784499 ], [ -76.554957557798161, 2.375578742911153 ], [ -76.554777925993889, 2.375578742911153 ], [ -76.554777925993889, 2.375488117202269 ], [ -76.554598294189603, 2.375488117202269 ], [ -76.554598294189603, 2.375306865784499 ] ] ], [ [ [ -76.558909457492362, 2.375488117202269 ], [ -76.558999273394491, 2.375488117202269 ], [ -76.558999273394491, 2.375578742911153 ], [ -76.558909457492362, 2.375578742911153 ], [ -76.558909457492362, 2.375488117202269 ] ] ], [ [ [ -76.553340871559641, 2.375397491493384 ], [ -76.553251055657498, 2.375397491493384 ], [ -76.553251055657498, 2.375306865784499 ], [ -76.553340871559641, 2.375306865784499 ], [ -76.553340871559641, 2.375216240075614 ], [ -76.55343068746177, 2.375216240075614 ], [ -76.55343068746177, 2.37512561436673 ], [ -76.553520503363913, 2.37512561436673 ], [ -76.553520503363913, 2.375488117202269 ], [ -76.553700135168199, 2.375488117202269 ], [ -76.553700135168199, 2.375578742911153 ], [ -76.553610319266056, 2.375578742911153 ], [ -76.553610319266056, 2.375759994328923 ], [ -76.553789951070343, 2.375759994328923 ], [ -76.553789951070343, 2.375850620037808 ], [ -76.553520503363913, 2.375850620037808 ], [ -76.553520503363913, 2.376031871455577 ], [ -76.553340871559641, 2.376031871455577 ], [ -76.553340871559641, 2.375850620037808 ], [ -76.553161239755354, 2.375850620037808 ], [ -76.553161239755354, 2.375669368620038 ], [ -76.553340871559641, 2.375669368620038 ], [ -76.553340871559641, 2.375578742911153 ], [ -76.553251055657498, 2.375578742911153 ], [ -76.553251055657498, 2.375488117202269 ], [ -76.553340871559641, 2.375488117202269 ], [ -76.553340871559641, 2.375397491493384 ] ] ], [ [ [ -76.553969582874615, 2.375759994328923 ], [ -76.553969582874615, 2.375669368620038 ], [ -76.554059398776758, 2.375669368620038 ], [ -76.554059398776758, 2.375759994328923 ], [ -76.553969582874615, 2.375759994328923 ] ] ], [ [ [ -76.553879766972472, 2.375941245746692 ], [ -76.554149214678901, 2.375941245746692 ], [ -76.554149214678901, 2.376031871455577 ], [ -76.553879766972472, 2.376031871455577 ], [ -76.553879766972472, 2.375941245746692 ] ] ], [ [ [ -76.552801976146796, 2.376394374291115 ], [ -76.552981607951068, 2.376394374291115 ], [ -76.552981607951068, 2.376031871455577 ], [ -76.553161239755354, 2.376031871455577 ], [ -76.553161239755354, 2.376394374291115 ], [ -76.553340871559641, 2.376394374291115 ], [ -76.553340871559641, 2.376485 ], [ -76.552442712538223, 2.376485 ], [ -76.552442712538223, 2.376394374291115 ], [ -76.552263080733951, 2.376394374291115 ], [ -76.552263080733951, 2.376213122873346 ], [ -76.552173264831808, 2.376213122873346 ], [ -76.552173264831808, 2.376031871455577 ], [ -76.552442712538223, 2.376031871455577 ], [ -76.552442712538223, 2.375850620037808 ], [ -76.552801976146796, 2.375850620037808 ], [ -76.552801976146796, 2.376394374291115 ] ] ], [ [ [ -76.555855716819579, 2.376213122873346 ], [ -76.555945532721708, 2.376213122873346 ], [ -76.555945532721708, 2.376303748582231 ], [ -76.555855716819579, 2.376303748582231 ], [ -76.555855716819579, 2.376213122873346 ] ] ], [ [ [ -76.559089089296634, 2.376303748582231 ], [ -76.559178905198777, 2.376303748582231 ], [ -76.559178905198777, 2.376485 ], [ -76.558999273394491, 2.376485 ], [ -76.558999273394491, 2.376394374291115 ], [ -76.559089089296634, 2.376394374291115 ], [ -76.559089089296634, 2.376303748582231 ] ] ], [ [ [ -76.540946277064222, 2.282415514177694 ], [ -76.540856461162079, 2.282415514177694 ], [ -76.540856461162079, 2.282324888468809 ], [ -76.540766645259936, 2.282324888468809 ], [ -76.540766645259936, 2.282234262759924 ], [ -76.540676829357793, 2.282234262759924 ], [ -76.540676829357793, 2.28214363705104 ], [ -76.540856461162079, 2.28214363705104 ], [ -76.540856461162079, 2.282234262759924 ], [ -76.540946277064222, 2.282234262759924 ], [ -76.540946277064222, 2.282415514177694 ] ] ], [ [ [ -76.540946277064222, 2.282959268431002 ], [ -76.540766645259936, 2.282959268431002 ], [ -76.540766645259936, 2.283049894139887 ], [ -76.540587013455664, 2.283049894139887 ], [ -76.540587013455664, 2.282959268431002 ], [ -76.540676829357793, 2.282959268431002 ], [ -76.540676829357793, 2.282868642722117 ], [ -76.540856461162079, 2.282868642722117 ], [ -76.540856461162079, 2.282687391304348 ], [ -76.541036092966365, 2.282687391304348 ], [ -76.541036092966365, 2.282778017013233 ], [ -76.540946277064222, 2.282778017013233 ], [ -76.540946277064222, 2.282959268431002 ] ] ], [ [ [ -76.540766645259936, 2.283140519848772 ], [ -76.540766645259936, 2.283049894139887 ], [ -76.540856461162079, 2.283049894139887 ], [ -76.540856461162079, 2.283140519848772 ], [ -76.540766645259936, 2.283140519848772 ] ] ], [ [ [ -76.539778670336389, 2.283593648393195 ], [ -76.539868486238532, 2.283593648393195 ], [ -76.539868486238532, 2.283774899810964 ], [ -76.539958302140676, 2.283774899810964 ], [ -76.539958302140676, 2.283865525519849 ], [ -76.539778670336389, 2.283865525519849 ], [ -76.539778670336389, 2.283774899810964 ], [ -76.539688854434246, 2.283774899810964 ], [ -76.539688854434246, 2.28368427410208 ], [ -76.539599038532117, 2.28368427410208 ], [ -76.539599038532117, 2.283593648393195 ], [ -76.539688854434246, 2.283593648393195 ], [ -76.539688854434246, 2.28350302268431 ], [ -76.539778670336389, 2.28350302268431 ], [ -76.539778670336389, 2.283593648393195 ] ] ], [ [ [ -76.539958302140676, 2.284046776937618 ], [ -76.540048118042819, 2.284046776937618 ], [ -76.540048118042819, 2.284318654064272 ], [ -76.539958302140676, 2.284318654064272 ], [ -76.539958302140676, 2.284046776937618 ] ] ], [ [ [ -76.541305540672781, 2.284228028355388 ], [ -76.541395356574924, 2.284228028355388 ], [ -76.541395356574924, 2.284409279773157 ], [ -76.541305540672781, 2.284409279773157 ], [ -76.541305540672781, 2.284228028355388 ] ] ], [ [ [ -76.539688854434246, 2.284499905482042 ], [ -76.539778670336389, 2.284499905482042 ], [ -76.539778670336389, 2.284590531190926 ], [ -76.539688854434246, 2.284590531190926 ], [ -76.539688854434246, 2.284499905482042 ] ] ], [ [ [ -76.54157498837921, 2.284499905482042 ], [ -76.541754620183482, 2.284499905482042 ], [ -76.541754620183482, 2.284590531190926 ], [ -76.54157498837921, 2.284590531190926 ], [ -76.54157498837921, 2.284499905482042 ] ] ], [ [ [ -76.539509222629974, 2.284590531190926 ], [ -76.539599038532117, 2.284590531190926 ], [ -76.539599038532117, 2.284681156899811 ], [ -76.539509222629974, 2.284681156899811 ], [ -76.539509222629974, 2.284590531190926 ] ] ], [ [ [ -76.543101858715602, 2.284953034026465 ], [ -76.543101858715602, 2.284862408317581 ], [ -76.543281490519874, 2.284862408317581 ], [ -76.543281490519874, 2.28504365973535 ], [ -76.543191674617731, 2.28504365973535 ], [ -76.543191674617731, 2.284953034026465 ], [ -76.543101858715602, 2.284953034026465 ] ] ], [ [ [ -76.54346112232416, 2.285224911153119 ], [ -76.543550938226304, 2.285224911153119 ], [ -76.543550938226304, 2.285315536862004 ], [ -76.543281490519874, 2.285315536862004 ], [ -76.543281490519874, 2.285134285444235 ], [ -76.54346112232416, 2.285134285444235 ], [ -76.54346112232416, 2.285224911153119 ] ] ], [ [ [ -76.543640754128447, 2.285768665406427 ], [ -76.54346112232416, 2.285768665406427 ], [ -76.54346112232416, 2.285587413988658 ], [ -76.543550938226304, 2.285587413988658 ], [ -76.543550938226304, 2.285678039697543 ], [ -76.543730570030576, 2.285678039697543 ], [ -76.543730570030576, 2.285859291115312 ], [ -76.543640754128447, 2.285859291115312 ], [ -76.543640754128447, 2.285768665406427 ] ] ], [ [ [ -76.545706519877683, 2.285678039697543 ], [ -76.545886151681955, 2.285678039697543 ], [ -76.545886151681955, 2.285949916824197 ], [ -76.545706519877683, 2.285949916824197 ], [ -76.545706519877683, 2.285678039697543 ] ] ], [ [ [ -76.543281490519874, 2.285768665406427 ], [ -76.543371306422017, 2.285768665406427 ], [ -76.543371306422017, 2.285859291115312 ], [ -76.543281490519874, 2.285859291115312 ], [ -76.543281490519874, 2.285768665406427 ] ] ], [ [ [ -76.545437072171254, 2.285859291115312 ], [ -76.545526888073397, 2.285859291115312 ], [ -76.545526888073397, 2.285949916824197 ], [ -76.545437072171254, 2.285949916824197 ], [ -76.545437072171254, 2.285859291115312 ] ] ], [ [ [ -76.543910201834862, 2.285859291115312 ], [ -76.544000017737005, 2.285859291115312 ], [ -76.544000017737005, 2.285949916824197 ], [ -76.543910201834862, 2.285949916824197 ], [ -76.543910201834862, 2.285859291115312 ] ] ], [ [ [ -76.540766645259936, 2.286131168241966 ], [ -76.540766645259936, 2.286221793950851 ], [ -76.540676829357793, 2.286221793950851 ], [ -76.540676829357793, 2.286131168241966 ], [ -76.540587013455664, 2.286131168241966 ], [ -76.540587013455664, 2.286040542533081 ], [ -76.540766645259936, 2.286040542533081 ], [ -76.540766645259936, 2.285949916824197 ], [ -76.540856461162079, 2.285949916824197 ], [ -76.540856461162079, 2.286131168241966 ], [ -76.540766645259936, 2.286131168241966 ] ] ], [ [ [ -76.543640754128447, 2.286493671077505 ], [ -76.543550938226304, 2.286493671077505 ], [ -76.543550938226304, 2.286131168241966 ], [ -76.543640754128447, 2.286131168241966 ], [ -76.543640754128447, 2.286040542533081 ], [ -76.543730570030576, 2.286040542533081 ], [ -76.543730570030576, 2.285859291115312 ], [ -76.543820385932719, 2.285859291115312 ], [ -76.543820385932719, 2.285949916824197 ], [ -76.543910201834862, 2.285949916824197 ], [ -76.543910201834862, 2.286131168241966 ], [ -76.544000017737005, 2.286131168241966 ], [ -76.544000017737005, 2.286312419659736 ], [ -76.544089833639148, 2.286312419659736 ], [ -76.544089833639148, 2.28640304536862 ], [ -76.544179649541292, 2.28640304536862 ], [ -76.544179649541292, 2.286493671077505 ], [ -76.544269465443421, 2.286493671077505 ], [ -76.544269465443421, 2.286674922495274 ], [ -76.544359281345564, 2.286674922495274 ], [ -76.544359281345564, 2.286765548204159 ], [ -76.544089833639148, 2.286765548204159 ], [ -76.544089833639148, 2.286493671077505 ], [ -76.544000017737005, 2.286493671077505 ], [ -76.544000017737005, 2.28658429678639 ], [ -76.543820385932719, 2.28658429678639 ], [ -76.543820385932719, 2.286674922495274 ], [ -76.543730570030576, 2.286674922495274 ], [ -76.543730570030576, 2.28658429678639 ], [ -76.543640754128447, 2.28658429678639 ], [ -76.543640754128447, 2.286493671077505 ] ] ], [ [ [ -76.54346112232416, 2.286765548204159 ], [ -76.543281490519874, 2.286765548204159 ], [ -76.543281490519874, 2.286856173913044 ], [ -76.543191674617731, 2.286856173913044 ], [ -76.543191674617731, 2.286946799621928 ], [ -76.543101858715602, 2.286946799621928 ], [ -76.543101858715602, 2.28658429678639 ], [ -76.543281490519874, 2.28658429678639 ], [ -76.543281490519874, 2.286674922495274 ], [ -76.543371306422017, 2.286674922495274 ], [ -76.543371306422017, 2.28658429678639 ], [ -76.543550938226304, 2.28658429678639 ], [ -76.543550938226304, 2.286674922495274 ], [ -76.54346112232416, 2.286674922495274 ], [ -76.54346112232416, 2.286765548204159 ] ] ], [ [ [ -76.543910201834862, 2.286946799621928 ], [ -76.544000017737005, 2.286946799621928 ], [ -76.544000017737005, 2.287037425330813 ], [ -76.544089833639148, 2.287037425330813 ], [ -76.544089833639148, 2.286946799621928 ], [ -76.544359281345564, 2.286946799621928 ], [ -76.544359281345564, 2.286765548204159 ], [ -76.544449097247707, 2.286765548204159 ], [ -76.544449097247707, 2.286856173913044 ], [ -76.54453891314985, 2.286856173913044 ], [ -76.54453891314985, 2.286946799621928 ], [ -76.544628729051993, 2.286946799621928 ], [ -76.544628729051993, 2.287128051039698 ], [ -76.54453891314985, 2.287128051039698 ], [ -76.54453891314985, 2.287218676748582 ], [ -76.544359281345564, 2.287218676748582 ], [ -76.544359281345564, 2.287309302457467 ], [ -76.543910201834862, 2.287309302457467 ], [ -76.543910201834862, 2.287399928166352 ], [ -76.543820385932719, 2.287399928166352 ], [ -76.543820385932719, 2.287309302457467 ], [ -76.543730570030576, 2.287309302457467 ], [ -76.543730570030576, 2.287128051039698 ], [ -76.543640754128447, 2.287128051039698 ], [ -76.543640754128447, 2.286946799621928 ], [ -76.543730570030576, 2.286946799621928 ], [ -76.543730570030576, 2.286856173913044 ], [ -76.543910201834862, 2.286856173913044 ], [ -76.543910201834862, 2.286946799621928 ] ] ], [ [ [ -76.541844436085626, 2.2894843194707 ], [ -76.541934251987769, 2.2894843194707 ], [ -76.541934251987769, 2.289574945179584 ], [ -76.541844436085626, 2.289574945179584 ], [ -76.541844436085626, 2.2894843194707 ] ] ], [ [ [ -76.54831118103975, 2.290118699432893 ], [ -76.548400996941893, 2.290118699432893 ], [ -76.548400996941893, 2.290209325141777 ], [ -76.54831118103975, 2.290209325141777 ], [ -76.54831118103975, 2.290118699432893 ] ] ], [ [ [ -76.539419406727831, 2.291568710775048 ], [ -76.539329590825687, 2.291568710775048 ], [ -76.539329590825687, 2.291387459357278 ], [ -76.539149959021401, 2.291387459357278 ], [ -76.539149959021401, 2.291478085066163 ], [ -76.538970327217129, 2.291478085066163 ], [ -76.538970327217129, 2.291659336483932 ], [ -76.538880511314986, 2.291659336483932 ], [ -76.538880511314986, 2.291568710775048 ], [ -76.538790695412843, 2.291568710775048 ], [ -76.538790695412843, 2.291659336483932 ], [ -76.538700879510699, 2.291659336483932 ], [ -76.538700879510699, 2.291749962192817 ], [ -76.538521247706427, 2.291749962192817 ], [ -76.538521247706427, 2.291840587901702 ], [ -76.538431431804284, 2.291840587901702 ], [ -76.538431431804284, 2.29220309073724 ], [ -76.538341615902141, 2.29220309073724 ], [ -76.538341615902141, 2.292293716446125 ], [ -76.5382518, 2.292293716446125 ], [ -76.5382518, 2.292384342155009 ], [ -76.538341615902141, 2.292384342155009 ], [ -76.538341615902141, 2.292474967863894 ], [ -76.538072168195725, 2.292474967863894 ], [ -76.538072168195725, 2.29220309073724 ], [ -76.538161984097854, 2.29220309073724 ], [ -76.538161984097854, 2.292021839319471 ], [ -76.5382518, 2.292021839319471 ], [ -76.5382518, 2.291749962192817 ], [ -76.538341615902141, 2.291749962192817 ], [ -76.538341615902141, 2.291568710775048 ], [ -76.538431431804284, 2.291568710775048 ], [ -76.538431431804284, 2.291478085066163 ], [ -76.538521247706427, 2.291478085066163 ], [ -76.538521247706427, 2.291206207939509 ], [ -76.538700879510699, 2.291206207939509 ], [ -76.538700879510699, 2.291296833648393 ], [ -76.538611063608556, 2.291296833648393 ], [ -76.538611063608556, 2.291387459357278 ], [ -76.538970327217129, 2.291387459357278 ], [ -76.538970327217129, 2.291115582230624 ], [ -76.538880511314986, 2.291115582230624 ], [ -76.538880511314986, 2.291024956521739 ], [ -76.538790695412843, 2.291024956521739 ], [ -76.538790695412843, 2.291115582230624 ], [ -76.538611063608556, 2.291115582230624 ], [ -76.538611063608556, 2.291024956521739 ], [ -76.538700879510699, 2.291024956521739 ], [ -76.538700879510699, 2.29084370510397 ], [ -76.538790695412843, 2.29084370510397 ], [ -76.538790695412843, 2.290934330812854 ], [ -76.538880511314986, 2.290934330812854 ], [ -76.538880511314986, 2.290753079395085 ], [ -76.539060143119272, 2.290753079395085 ], [ -76.539060143119272, 2.2906624536862 ], [ -76.539149959021401, 2.2906624536862 ], [ -76.539149959021401, 2.290481202268431 ], [ -76.539239774923544, 2.290481202268431 ], [ -76.539239774923544, 2.29084370510397 ], [ -76.539149959021401, 2.29084370510397 ], [ -76.539149959021401, 2.291024956521739 ], [ -76.539419406727831, 2.291024956521739 ], [ -76.539419406727831, 2.291387459357278 ], [ -76.539599038532117, 2.291387459357278 ], [ -76.539599038532117, 2.291296833648393 ], [ -76.539688854434246, 2.291296833648393 ], [ -76.539688854434246, 2.291206207939509 ], [ -76.539778670336389, 2.291206207939509 ], [ -76.539778670336389, 2.291387459357278 ], [ -76.539868486238532, 2.291387459357278 ], [ -76.539868486238532, 2.291659336483932 ], [ -76.539958302140676, 2.291659336483932 ], [ -76.539958302140676, 2.291931213610586 ], [ -76.54049719755352, 2.291931213610586 ], [ -76.54049719755352, 2.292112465028356 ], [ -76.540587013455664, 2.292112465028356 ], [ -76.540587013455664, 2.29220309073724 ], [ -76.54049719755352, 2.29220309073724 ], [ -76.54049719755352, 2.292293716446125 ], [ -76.540317565749234, 2.292293716446125 ], [ -76.540317565749234, 2.292112465028356 ], [ -76.540137933944948, 2.292112465028356 ], [ -76.540137933944948, 2.29220309073724 ], [ -76.539958302140676, 2.29220309073724 ], [ -76.539958302140676, 2.292293716446125 ], [ -76.539868486238532, 2.292293716446125 ], [ -76.539868486238532, 2.292384342155009 ], [ -76.539688854434246, 2.292384342155009 ], [ -76.539688854434246, 2.292474967863894 ], [ -76.539868486238532, 2.292474967863894 ], [ -76.539868486238532, 2.292565593572779 ], [ -76.539599038532117, 2.292565593572779 ], [ -76.539599038532117, 2.292384342155009 ], [ -76.539509222629974, 2.292384342155009 ], [ -76.539509222629974, 2.292293716446125 ], [ -76.539419406727831, 2.292293716446125 ], [ -76.539419406727831, 2.292112465028356 ], [ -76.539329590825687, 2.292112465028356 ], [ -76.539329590825687, 2.292021839319471 ], [ -76.539419406727831, 2.292021839319471 ], [ -76.539419406727831, 2.291568710775048 ] ], [ [ -76.539688854434246, 2.292112465028356 ], [ -76.539688854434246, 2.29220309073724 ], [ -76.539778670336389, 2.29220309073724 ], [ -76.539778670336389, 2.292112465028356 ], [ -76.539688854434246, 2.292112465028356 ] ], [ [ -76.539509222629974, 2.291659336483932 ], [ -76.539509222629974, 2.291749962192817 ], [ -76.539688854434246, 2.291749962192817 ], [ -76.539688854434246, 2.291568710775048 ], [ -76.539599038532117, 2.291568710775048 ], [ -76.539599038532117, 2.291659336483932 ], [ -76.539509222629974, 2.291659336483932 ] ] ], [ [ [ -76.540227749847091, 2.292384342155009 ], [ -76.540227749847091, 2.292293716446125 ], [ -76.540317565749234, 2.292293716446125 ], [ -76.540317565749234, 2.292384342155009 ], [ -76.540227749847091, 2.292384342155009 ] ] ], [ [ [ -76.538970327217129, 2.293381224952741 ], [ -76.539060143119272, 2.293381224952741 ], [ -76.539060143119272, 2.293471850661626 ], [ -76.538970327217129, 2.293471850661626 ], [ -76.538970327217129, 2.293381224952741 ] ] ], [ [ [ -76.54157498837921, 2.306250075614367 ], [ -76.541754620183482, 2.306250075614367 ], [ -76.541754620183482, 2.306431327032136 ], [ -76.54157498837921, 2.306431327032136 ], [ -76.54157498837921, 2.306250075614367 ] ] ], [ [ [ -76.543910201834862, 2.306521952741021 ], [ -76.543820385932719, 2.306521952741021 ], [ -76.543820385932719, 2.306612578449906 ], [ -76.543730570030576, 2.306612578449906 ], [ -76.543730570030576, 2.306431327032136 ], [ -76.543910201834862, 2.306431327032136 ], [ -76.543910201834862, 2.306521952741021 ] ] ], [ [ [ -76.542473147400614, 2.307156332703214 ], [ -76.542562963302757, 2.307156332703214 ], [ -76.542562963302757, 2.307246958412098 ], [ -76.542473147400614, 2.307246958412098 ], [ -76.542473147400614, 2.307156332703214 ] ] ], [ [ [ -76.542562963302757, 2.307246958412098 ], [ -76.5426527792049, 2.307246958412098 ], [ -76.5426527792049, 2.307337584120983 ], [ -76.542562963302757, 2.307337584120983 ], [ -76.542562963302757, 2.307246958412098 ] ] ], [ [ [ -76.541754620183482, 2.310146981096409 ], [ -76.541844436085626, 2.310146981096409 ], [ -76.541844436085626, 2.310328232514178 ], [ -76.541934251987769, 2.310328232514178 ], [ -76.541934251987769, 2.310418858223063 ], [ -76.542113883792055, 2.310418858223063 ], [ -76.542113883792055, 2.310509483931947 ], [ -76.541754620183482, 2.310509483931947 ], [ -76.541754620183482, 2.310146981096409 ] ] ], [ [ [ -76.547951917431192, 2.310509483931947 ], [ -76.547951917431192, 2.310418858223063 ], [ -76.548221365137621, 2.310418858223063 ], [ -76.548221365137621, 2.310509483931947 ], [ -76.547951917431192, 2.310509483931947 ] ] ], [ [ [ -76.546604678899087, 2.311053238185255 ], [ -76.545886151681955, 2.311053238185255 ], [ -76.545886151681955, 2.31096261247637 ], [ -76.546155599388385, 2.31096261247637 ], [ -76.546155599388385, 2.310781361058601 ], [ -76.5464250470948, 2.310781361058601 ], [ -76.5464250470948, 2.310871986767486 ], [ -76.546514862996943, 2.310871986767486 ], [ -76.546514862996943, 2.31096261247637 ], [ -76.546604678899087, 2.31096261247637 ], [ -76.546604678899087, 2.311053238185255 ] ] ], [ [ [ -76.547772285626905, 2.311325115311909 ], [ -76.547772285626905, 2.311415741020794 ], [ -76.547682469724776, 2.311415741020794 ], [ -76.547682469724776, 2.311234489603025 ], [ -76.548041733333335, 2.311234489603025 ], [ -76.548041733333335, 2.311053238185255 ], [ -76.548400996941893, 2.311053238185255 ], [ -76.548400996941893, 2.310871986767486 ], [ -76.548760260550466, 2.310871986767486 ], [ -76.548760260550466, 2.311053238185255 ], [ -76.548670444648323, 2.311053238185255 ], [ -76.548670444648323, 2.31096261247637 ], [ -76.54858062874618, 2.31096261247637 ], [ -76.54858062874618, 2.31114386389414 ], [ -76.548760260550466, 2.31114386389414 ], [ -76.548760260550466, 2.311325115311909 ], [ -76.548670444648323, 2.311325115311909 ], [ -76.548670444648323, 2.311415741020794 ], [ -76.54858062874618, 2.311415741020794 ], [ -76.54858062874618, 2.311506366729679 ], [ -76.548400996941893, 2.311506366729679 ], [ -76.548400996941893, 2.311325115311909 ], [ -76.548221365137621, 2.311325115311909 ], [ -76.548221365137621, 2.311234489603025 ], [ -76.548131549235478, 2.311234489603025 ], [ -76.548131549235478, 2.311415741020794 ], [ -76.548041733333335, 2.311415741020794 ], [ -76.548041733333335, 2.311506366729679 ], [ -76.548131549235478, 2.311506366729679 ], [ -76.548131549235478, 2.311596992438564 ], [ -76.54831118103975, 2.311596992438564 ], [ -76.54831118103975, 2.311687618147448 ], [ -76.548221365137621, 2.311687618147448 ], [ -76.548221365137621, 2.311868869565218 ], [ -76.548131549235478, 2.311868869565218 ], [ -76.548131549235478, 2.312050120982987 ], [ -76.548490812844037, 2.312050120982987 ], [ -76.548490812844037, 2.312140746691872 ], [ -76.54858062874618, 2.312140746691872 ], [ -76.54858062874618, 2.312321998109641 ], [ -76.548490812844037, 2.312321998109641 ], [ -76.548490812844037, 2.312412623818526 ], [ -76.54831118103975, 2.312412623818526 ], [ -76.54831118103975, 2.31250324952741 ], [ -76.548041733333335, 2.31250324952741 ], [ -76.548041733333335, 2.312593875236295 ], [ -76.547951917431192, 2.312593875236295 ], [ -76.547951917431192, 2.31250324952741 ], [ -76.547862101529049, 2.31250324952741 ], [ -76.547862101529049, 2.312593875236295 ], [ -76.547772285626905, 2.312593875236295 ], [ -76.547772285626905, 2.31250324952741 ], [ -76.547592653822633, 2.31250324952741 ], [ -76.547592653822633, 2.312865752362949 ], [ -76.54750283792049, 2.312865752362949 ], [ -76.54750283792049, 2.313047003780718 ], [ -76.547413022018347, 2.313047003780718 ], [ -76.547413022018347, 2.313137629489603 ], [ -76.547323206116204, 2.313137629489603 ], [ -76.547323206116204, 2.313228255198488 ], [ -76.547233390214075, 2.313228255198488 ], [ -76.547233390214075, 2.312775126654064 ], [ -76.547143574311932, 2.312775126654064 ], [ -76.547143574311932, 2.312593875236295 ], [ -76.547053758409788, 2.312593875236295 ], [ -76.547053758409788, 2.312412623818526 ], [ -76.546963942507645, 2.312412623818526 ], [ -76.546963942507645, 2.312321998109641 ], [ -76.547323206116204, 2.312321998109641 ], [ -76.547323206116204, 2.312050120982987 ], [ -76.547413022018347, 2.312050120982987 ], [ -76.547413022018347, 2.311959495274102 ], [ -76.54750283792049, 2.311959495274102 ], [ -76.54750283792049, 2.311596992438564 ], [ -76.547682469724776, 2.311596992438564 ], [ -76.547682469724776, 2.311778243856333 ], [ -76.547862101529049, 2.311778243856333 ], [ -76.547862101529049, 2.311687618147448 ], [ -76.547951917431192, 2.311687618147448 ], [ -76.547951917431192, 2.311415741020794 ], [ -76.547862101529049, 2.311415741020794 ], [ -76.547862101529049, 2.311325115311909 ], [ -76.547772285626905, 2.311325115311909 ] ], [ [ -76.54750283792049, 2.312140746691872 ], [ -76.547682469724776, 2.312140746691872 ], [ -76.547682469724776, 2.311959495274102 ], [ -76.54750283792049, 2.311959495274102 ], [ -76.54750283792049, 2.312140746691872 ] ], [ [ -76.547951917431192, 2.312050120982987 ], [ -76.547951917431192, 2.312140746691872 ], [ -76.548041733333335, 2.312140746691872 ], [ -76.548041733333335, 2.312050120982987 ], [ -76.547951917431192, 2.312050120982987 ] ], [ [ -76.547951917431192, 2.311778243856333 ], [ -76.547951917431192, 2.311959495274102 ], [ -76.548041733333335, 2.311959495274102 ], [ -76.548041733333335, 2.311778243856333 ], [ -76.547951917431192, 2.311778243856333 ] ] ], [ [ [ -76.542293515596327, 2.313772009451796 ], [ -76.5426527792049, 2.313772009451796 ], [ -76.5426527792049, 2.313862635160681 ], [ -76.542293515596327, 2.313862635160681 ], [ -76.542293515596327, 2.313772009451796 ] ] ], [ [ [ -76.542922226911315, 2.313953260869565 ], [ -76.543101858715602, 2.313953260869565 ], [ -76.543101858715602, 2.31404388657845 ], [ -76.543191674617731, 2.31404388657845 ], [ -76.543191674617731, 2.314134512287335 ], [ -76.5426527792049, 2.314134512287335 ], [ -76.5426527792049, 2.313862635160681 ], [ -76.542922226911315, 2.313862635160681 ], [ -76.542922226911315, 2.313953260869565 ] ] ], [ [ [ -76.541934251987769, 2.314315763705104 ], [ -76.541754620183482, 2.314315763705104 ], [ -76.541754620183482, 2.314497015122873 ], [ -76.54157498837921, 2.314497015122873 ], [ -76.54157498837921, 2.314315763705104 ], [ -76.541664804281339, 2.314315763705104 ], [ -76.541664804281339, 2.314134512287335 ], [ -76.541754620183482, 2.314134512287335 ], [ -76.541754620183482, 2.31404388657845 ], [ -76.541844436085626, 2.31404388657845 ], [ -76.541844436085626, 2.313953260869565 ], [ -76.541934251987769, 2.313953260869565 ], [ -76.541934251987769, 2.314315763705104 ] ] ], [ [ [ -76.543730570030576, 2.314225137996219 ], [ -76.543910201834862, 2.314225137996219 ], [ -76.543910201834862, 2.314497015122873 ], [ -76.543730570030576, 2.314497015122873 ], [ -76.543730570030576, 2.314225137996219 ] ] ], [ [ [ -76.544000017737005, 2.314406389413989 ], [ -76.544000017737005, 2.314315763705104 ], [ -76.544089833639148, 2.314315763705104 ], [ -76.544089833639148, 2.314406389413989 ], [ -76.544000017737005, 2.314406389413989 ] ] ], [ [ [ -76.543550938226304, 2.314315763705104 ], [ -76.543550938226304, 2.314497015122873 ], [ -76.543371306422017, 2.314497015122873 ], [ -76.543371306422017, 2.314315763705104 ], [ -76.543550938226304, 2.314315763705104 ] ] ], [ [ [ -76.543191674617731, 2.314678266540643 ], [ -76.543191674617731, 2.314497015122873 ], [ -76.543371306422017, 2.314497015122873 ], [ -76.543371306422017, 2.314678266540643 ], [ -76.543191674617731, 2.314678266540643 ] ] ], [ [ [ -76.541934251987769, 2.315040769376182 ], [ -76.542113883792055, 2.315040769376182 ], [ -76.542113883792055, 2.315222020793951 ], [ -76.541934251987769, 2.315222020793951 ], [ -76.541934251987769, 2.315040769376182 ] ] ], [ [ [ -76.542742595107029, 2.315675149338374 ], [ -76.542832411009172, 2.315675149338374 ], [ -76.542832411009172, 2.31558452362949 ], [ -76.543371306422017, 2.31558452362949 ], [ -76.543371306422017, 2.315493897920605 ], [ -76.54346112232416, 2.315493897920605 ], [ -76.54346112232416, 2.315403272211721 ], [ -76.543550938226304, 2.315403272211721 ], [ -76.543550938226304, 2.315312646502836 ], [ -76.54346112232416, 2.315312646502836 ], [ -76.54346112232416, 2.315131395085066 ], [ -76.543371306422017, 2.315131395085066 ], [ -76.543371306422017, 2.315040769376182 ], [ -76.543191674617731, 2.315040769376182 ], [ -76.543191674617731, 2.314859517958412 ], [ -76.543371306422017, 2.314859517958412 ], [ -76.543371306422017, 2.314678266540643 ], [ -76.543550938226304, 2.314678266540643 ], [ -76.543550938226304, 2.314768892249528 ], [ -76.544000017737005, 2.314768892249528 ], [ -76.544000017737005, 2.314859517958412 ], [ -76.544179649541292, 2.314859517958412 ], [ -76.544179649541292, 2.314678266540643 ], [ -76.544359281345564, 2.314678266540643 ], [ -76.544359281345564, 2.314587640831758 ], [ -76.544449097247707, 2.314587640831758 ], [ -76.544449097247707, 2.314497015122873 ], [ -76.544718544954122, 2.314497015122873 ], [ -76.544718544954122, 2.314678266540643 ], [ -76.544808360856265, 2.314678266540643 ], [ -76.544808360856265, 2.314768892249528 ], [ -76.544718544954122, 2.314768892249528 ], [ -76.544718544954122, 2.314950143667297 ], [ -76.54453891314985, 2.314950143667297 ], [ -76.54453891314985, 2.315040769376182 ], [ -76.544449097247707, 2.315040769376182 ], [ -76.544449097247707, 2.315131395085066 ], [ -76.544359281345564, 2.315131395085066 ], [ -76.544359281345564, 2.315493897920605 ], [ -76.544449097247707, 2.315493897920605 ], [ -76.544449097247707, 2.315675149338374 ], [ -76.544359281345564, 2.315675149338374 ], [ -76.544359281345564, 2.315765775047259 ], [ -76.544269465443421, 2.315765775047259 ], [ -76.544269465443421, 2.315856400756144 ], [ -76.544089833639148, 2.315856400756144 ], [ -76.544089833639148, 2.316128277882798 ], [ -76.543820385932719, 2.316128277882798 ], [ -76.543820385932719, 2.316218903591682 ], [ -76.543730570030576, 2.316218903591682 ], [ -76.543730570030576, 2.316309529300567 ], [ -76.543550938226304, 2.316309529300567 ], [ -76.543550938226304, 2.315947026465028 ], [ -76.543371306422017, 2.315947026465028 ], [ -76.543371306422017, 2.315765775047259 ], [ -76.543191674617731, 2.315765775047259 ], [ -76.543191674617731, 2.315947026465028 ], [ -76.542832411009172, 2.315947026465028 ], [ -76.542832411009172, 2.315765775047259 ], [ -76.542742595107029, 2.315765775047259 ], [ -76.542742595107029, 2.315675149338374 ] ], [ [ -76.543640754128447, 2.315947026465028 ], [ -76.543640754128447, 2.316037652173913 ], [ -76.543730570030576, 2.316037652173913 ], [ -76.543730570030576, 2.315947026465028 ], [ -76.543640754128447, 2.315947026465028 ] ], [ [ -76.543640754128447, 2.315312646502836 ], [ -76.543640754128447, 2.315403272211721 ], [ -76.543730570030576, 2.315403272211721 ], [ -76.543730570030576, 2.315312646502836 ], [ -76.543640754128447, 2.315312646502836 ] ] ], [ [ [ -76.543191674617731, 2.316309529300567 ], [ -76.543371306422017, 2.316309529300567 ], [ -76.543371306422017, 2.316672032136106 ], [ -76.543191674617731, 2.316672032136106 ], [ -76.543191674617731, 2.316309529300567 ] ] ], [ [ [ -76.541215724770638, 2.316490780718337 ], [ -76.541395356574924, 2.316490780718337 ], [ -76.541395356574924, 2.316672032136106 ], [ -76.541215724770638, 2.316672032136106 ], [ -76.541215724770638, 2.316490780718337 ] ] ], [ [ [ -76.539958302140676, 2.319209551984877 ], [ -76.539958302140676, 2.319028300567108 ], [ -76.540137933944948, 2.319028300567108 ], [ -76.540137933944948, 2.319209551984877 ], [ -76.539958302140676, 2.319209551984877 ] ] ], [ [ [ -76.542922226911315, 2.354100449905482 ], [ -76.543101858715602, 2.354100449905482 ], [ -76.543101858715602, 2.354191075614367 ], [ -76.543281490519874, 2.354191075614367 ], [ -76.543281490519874, 2.354462952741021 ], [ -76.543101858715602, 2.354462952741021 ], [ -76.543101858715602, 2.354372327032136 ], [ -76.543012042813459, 2.354372327032136 ], [ -76.543012042813459, 2.354462952741021 ], [ -76.542832411009172, 2.354462952741021 ], [ -76.542832411009172, 2.354281701323252 ], [ -76.542742595107029, 2.354281701323252 ], [ -76.542742595107029, 2.354009824196598 ], [ -76.542922226911315, 2.354009824196598 ], [ -76.542922226911315, 2.354100449905482 ] ] ], [ [ [ -76.542293515596327, 2.354281701323252 ], [ -76.542473147400614, 2.354281701323252 ], [ -76.542473147400614, 2.354191075614367 ], [ -76.542562963302757, 2.354191075614367 ], [ -76.542562963302757, 2.354281701323252 ], [ -76.5426527792049, 2.354281701323252 ], [ -76.5426527792049, 2.354462952741021 ], [ -76.542293515596327, 2.354462952741021 ], [ -76.542293515596327, 2.354281701323252 ] ] ], [ [ [ -76.541934251987769, 2.354372327032136 ], [ -76.542113883792055, 2.354372327032136 ], [ -76.542113883792055, 2.354462952741021 ], [ -76.541934251987769, 2.354462952741021 ], [ -76.541934251987769, 2.354372327032136 ] ] ], [ [ [ -76.539958302140676, 2.35482545557656 ], [ -76.540048118042819, 2.35482545557656 ], [ -76.540048118042819, 2.354916081285444 ], [ -76.539958302140676, 2.354916081285444 ], [ -76.539958302140676, 2.35482545557656 ] ] ], [ [ [ -76.541215724770638, 2.355369209829868 ], [ -76.54049719755352, 2.355369209829868 ], [ -76.54049719755352, 2.355006706994329 ], [ -76.541215724770638, 2.355006706994329 ], [ -76.541215724770638, 2.354916081285444 ], [ -76.541305540672781, 2.354916081285444 ], [ -76.541305540672781, 2.35482545557656 ], [ -76.541395356574924, 2.35482545557656 ], [ -76.541395356574924, 2.35464420415879 ], [ -76.541485172477067, 2.35464420415879 ], [ -76.541485172477067, 2.354734829867675 ], [ -76.541664804281339, 2.354734829867675 ], [ -76.541664804281339, 2.35482545557656 ], [ -76.541754620183482, 2.35482545557656 ], [ -76.541754620183482, 2.354734829867675 ], [ -76.541844436085626, 2.354734829867675 ], [ -76.541844436085626, 2.35464420415879 ], [ -76.541934251987769, 2.35464420415879 ], [ -76.541934251987769, 2.355097332703214 ], [ -76.54157498837921, 2.355097332703214 ], [ -76.54157498837921, 2.355187958412098 ], [ -76.541754620183482, 2.355187958412098 ], [ -76.541754620183482, 2.355278584120983 ], [ -76.541934251987769, 2.355278584120983 ], [ -76.541934251987769, 2.355369209829868 ], [ -76.54157498837921, 2.355369209829868 ], [ -76.54157498837921, 2.355278584120983 ], [ -76.541485172477067, 2.355278584120983 ], [ -76.541485172477067, 2.355187958412098 ], [ -76.541395356574924, 2.355187958412098 ], [ -76.541395356574924, 2.355097332703214 ], [ -76.541305540672781, 2.355097332703214 ], [ -76.541305540672781, 2.355278584120983 ], [ -76.541215724770638, 2.355278584120983 ], [ -76.541215724770638, 2.355369209829868 ] ] ], [ [ [ -76.541485172477067, 2.355641086956522 ], [ -76.54157498837921, 2.355641086956522 ], [ -76.54157498837921, 2.355731712665407 ], [ -76.541754620183482, 2.355731712665407 ], [ -76.541754620183482, 2.355912964083176 ], [ -76.54157498837921, 2.355912964083176 ], [ -76.54157498837921, 2.355822338374291 ], [ -76.541485172477067, 2.355822338374291 ], [ -76.541485172477067, 2.355912964083176 ], [ -76.541215724770638, 2.355912964083176 ], [ -76.541215724770638, 2.355459835538753 ], [ -76.541395356574924, 2.355459835538753 ], [ -76.541395356574924, 2.355550461247637 ], [ -76.541485172477067, 2.355550461247637 ], [ -76.541485172477067, 2.355641086956522 ] ] ], [ [ [ -76.54049719755352, 2.355550461247637 ], [ -76.54049719755352, 2.355731712665407 ], [ -76.540317565749234, 2.355731712665407 ], [ -76.540317565749234, 2.355912964083176 ], [ -76.540137933944948, 2.355912964083176 ], [ -76.540137933944948, 2.355550461247637 ], [ -76.54049719755352, 2.355550461247637 ] ] ], [ [ [ -76.541754620183482, 2.355912964083176 ], [ -76.541844436085626, 2.355912964083176 ], [ -76.541844436085626, 2.356094215500945 ], [ -76.541754620183482, 2.356094215500945 ], [ -76.541754620183482, 2.355912964083176 ] ] ], [ [ [ -76.540137933944948, 2.356275466918715 ], [ -76.540317565749234, 2.356275466918715 ], [ -76.540317565749234, 2.356456718336484 ], [ -76.540137933944948, 2.356456718336484 ], [ -76.540137933944948, 2.356275466918715 ] ] ], [ [ [ -76.539778670336389, 2.356456718336484 ], [ -76.539958302140676, 2.356456718336484 ], [ -76.539958302140676, 2.356637969754253 ], [ -76.539599038532117, 2.356637969754253 ], [ -76.539599038532117, 2.356366092627599 ], [ -76.539778670336389, 2.356366092627599 ], [ -76.539778670336389, 2.356456718336484 ] ] ], [ [ [ -76.541125908868509, 2.356728595463138 ], [ -76.540946277064222, 2.356728595463138 ], [ -76.540946277064222, 2.356909846880908 ], [ -76.540856461162079, 2.356909846880908 ], [ -76.540856461162079, 2.356637969754253 ], [ -76.540676829357793, 2.356637969754253 ], [ -76.540676829357793, 2.356456718336484 ], [ -76.541036092966365, 2.356456718336484 ], [ -76.541036092966365, 2.356637969754253 ], [ -76.541215724770638, 2.356637969754253 ], [ -76.541215724770638, 2.356819221172023 ], [ -76.541125908868509, 2.356819221172023 ], [ -76.541125908868509, 2.356728595463138 ] ] ], [ [ [ -76.547233390214075, 2.356728595463138 ], [ -76.547413022018347, 2.356728595463138 ], [ -76.547413022018347, 2.356819221172023 ], [ -76.547233390214075, 2.356819221172023 ], [ -76.547233390214075, 2.356728595463138 ] ] ], [ [ [ -76.541215724770638, 2.356819221172023 ], [ -76.541395356574924, 2.356819221172023 ], [ -76.541395356574924, 2.356909846880908 ], [ -76.541215724770638, 2.356909846880908 ], [ -76.541215724770638, 2.356819221172023 ] ] ], [ [ [ -76.539419406727831, 2.356909846880908 ], [ -76.539419406727831, 2.356819221172023 ], [ -76.539599038532117, 2.356819221172023 ], [ -76.539599038532117, 2.357000472589792 ], [ -76.539509222629974, 2.357000472589792 ], [ -76.539509222629974, 2.356909846880908 ], [ -76.539419406727831, 2.356909846880908 ] ] ], [ [ [ -76.543730570030576, 2.356909846880908 ], [ -76.543820385932719, 2.356909846880908 ], [ -76.543820385932719, 2.357000472589792 ], [ -76.543730570030576, 2.357000472589792 ], [ -76.543730570030576, 2.356909846880908 ] ] ], [ [ [ -76.541934251987769, 2.356909846880908 ], [ -76.541754620183482, 2.356909846880908 ], [ -76.541754620183482, 2.356819221172023 ], [ -76.54157498837921, 2.356819221172023 ], [ -76.54157498837921, 2.356728595463138 ], [ -76.541485172477067, 2.356728595463138 ], [ -76.541485172477067, 2.356819221172023 ], [ -76.541395356574924, 2.356819221172023 ], [ -76.541395356574924, 2.356456718336484 ], [ -76.54157498837921, 2.356456718336484 ], [ -76.54157498837921, 2.356547344045369 ], [ -76.541754620183482, 2.356547344045369 ], [ -76.541754620183482, 2.356637969754253 ], [ -76.541934251987769, 2.356637969754253 ], [ -76.541934251987769, 2.356728595463138 ], [ -76.542203699694184, 2.356728595463138 ], [ -76.542203699694184, 2.356819221172023 ], [ -76.542293515596327, 2.356819221172023 ], [ -76.542293515596327, 2.357000472589792 ], [ -76.542473147400614, 2.357000472589792 ], [ -76.542473147400614, 2.356909846880908 ], [ -76.5426527792049, 2.356909846880908 ], [ -76.5426527792049, 2.357000472589792 ], [ -76.542742595107029, 2.357000472589792 ], [ -76.542742595107029, 2.357181724007562 ], [ -76.543012042813459, 2.357181724007562 ], [ -76.543012042813459, 2.357091098298677 ], [ -76.543191674617731, 2.357091098298677 ], [ -76.543191674617731, 2.357272349716447 ], [ -76.543101858715602, 2.357272349716447 ], [ -76.543101858715602, 2.357362975425331 ], [ -76.543012042813459, 2.357362975425331 ], [ -76.543012042813459, 2.357453601134216 ], [ -76.542832411009172, 2.357453601134216 ], [ -76.542832411009172, 2.357362975425331 ], [ -76.542473147400614, 2.357362975425331 ], [ -76.542473147400614, 2.357272349716447 ], [ -76.542293515596327, 2.357272349716447 ], [ -76.542293515596327, 2.357091098298677 ], [ -76.542203699694184, 2.357091098298677 ], [ -76.542203699694184, 2.357000472589792 ], [ -76.541934251987769, 2.357000472589792 ], [ -76.541934251987769, 2.356909846880908 ] ] ], [ [ [ -76.540856461162079, 2.357091098298677 ], [ -76.540766645259936, 2.357091098298677 ], [ -76.540766645259936, 2.357181724007562 ], [ -76.540676829357793, 2.357181724007562 ], [ -76.540676829357793, 2.357000472589792 ], [ -76.540856461162079, 2.357000472589792 ], [ -76.540856461162079, 2.357091098298677 ] ] ], [ [ [ -76.539419406727831, 2.357091098298677 ], [ -76.539329590825687, 2.357091098298677 ], [ -76.539329590825687, 2.357181724007562 ], [ -76.539149959021401, 2.357181724007562 ], [ -76.539149959021401, 2.357000472589792 ], [ -76.539419406727831, 2.357000472589792 ], [ -76.539419406727831, 2.357091098298677 ] ] ], [ [ [ -76.54049719755352, 2.357181724007562 ], [ -76.540587013455664, 2.357181724007562 ], [ -76.540587013455664, 2.357272349716447 ], [ -76.54049719755352, 2.357272349716447 ], [ -76.54049719755352, 2.357181724007562 ] ] ], [ [ [ -76.54049719755352, 2.357362975425331 ], [ -76.540587013455664, 2.357362975425331 ], [ -76.540587013455664, 2.357453601134216 ], [ -76.54049719755352, 2.357453601134216 ], [ -76.54049719755352, 2.357362975425331 ] ] ], [ [ [ -76.539688854434246, 2.357906729678639 ], [ -76.539688854434246, 2.35772547826087 ], [ -76.539778670336389, 2.35772547826087 ], [ -76.539778670336389, 2.357906729678639 ], [ -76.539688854434246, 2.357906729678639 ] ] ], [ [ [ -76.539688854434246, 2.358178606805293 ], [ -76.539778670336389, 2.358178606805293 ], [ -76.539778670336389, 2.358269232514178 ], [ -76.539688854434246, 2.358269232514178 ], [ -76.539688854434246, 2.358178606805293 ] ] ], [ [ [ -76.548670444648323, 2.361531758034026 ], [ -76.548760260550466, 2.361531758034026 ], [ -76.548760260550466, 2.361622383742911 ], [ -76.548670444648323, 2.361622383742911 ], [ -76.548670444648323, 2.361531758034026 ] ] ], [ [ [ -76.54831118103975, 2.36216613799622 ], [ -76.548400996941893, 2.36216613799622 ], [ -76.548400996941893, 2.362256763705104 ], [ -76.54831118103975, 2.362256763705104 ], [ -76.54831118103975, 2.36216613799622 ] ] ], [ [ [ -76.545167624464838, 2.365791166351607 ], [ -76.545257440366967, 2.365791166351607 ], [ -76.545257440366967, 2.365881792060492 ], [ -76.545167624464838, 2.365881792060492 ], [ -76.545167624464838, 2.365791166351607 ] ] ], [ [ [ -76.54858062874618, 2.366153669187146 ], [ -76.548490812844037, 2.366153669187146 ], [ -76.548490812844037, 2.36624429489603 ], [ -76.548221365137621, 2.36624429489603 ], [ -76.548221365137621, 2.366153669187146 ], [ -76.548041733333335, 2.366153669187146 ], [ -76.548041733333335, 2.365972417769376 ], [ -76.548400996941893, 2.365972417769376 ], [ -76.548400996941893, 2.365881792060492 ], [ -76.548490812844037, 2.365881792060492 ], [ -76.548490812844037, 2.365972417769376 ], [ -76.54858062874618, 2.365972417769376 ], [ -76.54858062874618, 2.366153669187146 ] ] ], [ [ [ -76.54561670397554, 2.370775580340265 ], [ -76.545706519877683, 2.370775580340265 ], [ -76.545706519877683, 2.37086620604915 ], [ -76.54561670397554, 2.37086620604915 ], [ -76.54561670397554, 2.370775580340265 ] ] ], [ [ [ -76.545706519877683, 2.370956831758034 ], [ -76.545706519877683, 2.37086620604915 ], [ -76.545796335779812, 2.37086620604915 ], [ -76.545796335779812, 2.370956831758034 ], [ -76.545706519877683, 2.370956831758034 ] ] ], [ [ [ -76.546963942507645, 2.371500586011342 ], [ -76.547053758409788, 2.371500586011342 ], [ -76.547053758409788, 2.371681837429112 ], [ -76.54669449480123, 2.371681837429112 ], [ -76.54669449480123, 2.371319334593573 ], [ -76.546514862996943, 2.371319334593573 ], [ -76.546514862996943, 2.371047457466919 ], [ -76.546604678899087, 2.371047457466919 ], [ -76.546604678899087, 2.371138083175804 ], [ -76.546874126605502, 2.371138083175804 ], [ -76.546874126605502, 2.371409960302457 ], [ -76.546963942507645, 2.371409960302457 ], [ -76.546963942507645, 2.371500586011342 ] ] ], [ [ [ -76.548131549235478, 2.371409960302457 ], [ -76.548221365137621, 2.371409960302457 ], [ -76.548221365137621, 2.371319334593573 ], [ -76.548400996941893, 2.371319334593573 ], [ -76.548400996941893, 2.371409960302457 ], [ -76.54831118103975, 2.371409960302457 ], [ -76.54831118103975, 2.371500586011342 ], [ -76.548131549235478, 2.371500586011342 ], [ -76.548131549235478, 2.371409960302457 ] ] ], [ [ [ -76.545796335779812, 2.371500586011342 ], [ -76.545437072171254, 2.371500586011342 ], [ -76.545437072171254, 2.371681837429112 ], [ -76.544987992660552, 2.371681837429112 ], [ -76.544987992660552, 2.371500586011342 ], [ -76.545077808562695, 2.371500586011342 ], [ -76.545077808562695, 2.371409960302457 ], [ -76.545257440366967, 2.371409960302457 ], [ -76.545257440366967, 2.371319334593573 ], [ -76.545796335779812, 2.371319334593573 ], [ -76.545796335779812, 2.371500586011342 ] ] ], [ [ [ -76.545975967584098, 2.371681837429112 ], [ -76.545796335779812, 2.371681837429112 ], [ -76.545796335779812, 2.371500586011342 ], [ -76.545975967584098, 2.371500586011342 ], [ -76.545975967584098, 2.371681837429112 ] ] ], [ [ [ -76.54831118103975, 2.371500586011342 ], [ -76.548400996941893, 2.371500586011342 ], [ -76.548400996941893, 2.371409960302457 ], [ -76.54858062874618, 2.371409960302457 ], [ -76.54858062874618, 2.371681837429112 ], [ -76.548670444648323, 2.371681837429112 ], [ -76.548670444648323, 2.371863088846881 ], [ -76.54831118103975, 2.371863088846881 ], [ -76.54831118103975, 2.371500586011342 ] ] ], [ [ [ -76.547413022018347, 2.371681837429112 ], [ -76.547592653822633, 2.371681837429112 ], [ -76.547592653822633, 2.371863088846881 ], [ -76.547413022018347, 2.371863088846881 ], [ -76.547413022018347, 2.371681837429112 ] ] ], [ [ [ -76.546335231192657, 2.372406843100189 ], [ -76.546335231192657, 2.37222559168242 ], [ -76.546155599388385, 2.37222559168242 ], [ -76.546155599388385, 2.371500586011342 ], [ -76.546335231192657, 2.371500586011342 ], [ -76.546335231192657, 2.371863088846881 ], [ -76.546514862996943, 2.371863088846881 ], [ -76.546514862996943, 2.372406843100189 ], [ -76.546335231192657, 2.372406843100189 ] ] ], [ [ [ -76.547053758409788, 2.371863088846881 ], [ -76.547233390214075, 2.371863088846881 ], [ -76.547233390214075, 2.37204434026465 ], [ -76.547053758409788, 2.37204434026465 ], [ -76.547053758409788, 2.371863088846881 ] ] ], [ [ [ -76.545437072171254, 2.37204434026465 ], [ -76.54561670397554, 2.37204434026465 ], [ -76.54561670397554, 2.37222559168242 ], [ -76.545437072171254, 2.37222559168242 ], [ -76.545437072171254, 2.37204434026465 ] ] ], [ [ [ -76.545796335779812, 2.37222559168242 ], [ -76.546155599388385, 2.37222559168242 ], [ -76.546155599388385, 2.372406843100189 ], [ -76.545796335779812, 2.372406843100189 ], [ -76.545796335779812, 2.37222559168242 ] ] ], [ [ [ -76.548221365137621, 2.37222559168242 ], [ -76.54831118103975, 2.37222559168242 ], [ -76.54831118103975, 2.372406843100189 ], [ -76.548221365137621, 2.372406843100189 ], [ -76.548221365137621, 2.37222559168242 ] ] ], [ [ [ -76.548670444648323, 2.372134965973535 ], [ -76.548760260550466, 2.372134965973535 ], [ -76.548760260550466, 2.37222559168242 ], [ -76.548850076452595, 2.37222559168242 ], [ -76.548850076452595, 2.372316217391305 ], [ -76.548939892354738, 2.372316217391305 ], [ -76.548939892354738, 2.372588094517959 ], [ -76.549029708256882, 2.372588094517959 ], [ -76.549029708256882, 2.372678720226843 ], [ -76.549119524159025, 2.372678720226843 ], [ -76.549119524159025, 2.372769345935728 ], [ -76.548670444648323, 2.372769345935728 ], [ -76.548670444648323, 2.372678720226843 ], [ -76.548760260550466, 2.372678720226843 ], [ -76.548760260550466, 2.372497468809074 ], [ -76.548670444648323, 2.372497468809074 ], [ -76.548670444648323, 2.372406843100189 ], [ -76.548490812844037, 2.372406843100189 ], [ -76.548490812844037, 2.37222559168242 ], [ -76.548670444648323, 2.37222559168242 ], [ -76.548670444648323, 2.372134965973535 ] ] ], [ [ [ -76.546514862996943, 2.372406843100189 ], [ -76.54669449480123, 2.372406843100189 ], [ -76.54669449480123, 2.37204434026465 ], [ -76.547053758409788, 2.37204434026465 ], [ -76.547053758409788, 2.37222559168242 ], [ -76.547413022018347, 2.37222559168242 ], [ -76.547413022018347, 2.372588094517959 ], [ -76.547143574311932, 2.372588094517959 ], [ -76.547143574311932, 2.372769345935728 ], [ -76.546874126605502, 2.372769345935728 ], [ -76.546874126605502, 2.372950597353497 ], [ -76.546514862996943, 2.372950597353497 ], [ -76.546514862996943, 2.372859971644613 ], [ -76.54669449480123, 2.372859971644613 ], [ -76.54669449480123, 2.372769345935728 ], [ -76.546604678899087, 2.372769345935728 ], [ -76.546604678899087, 2.372678720226843 ], [ -76.54669449480123, 2.372678720226843 ], [ -76.54669449480123, 2.372497468809074 ], [ -76.546514862996943, 2.372497468809074 ], [ -76.546514862996943, 2.372406843100189 ] ] ], [ [ [ -76.546335231192657, 2.372678720226843 ], [ -76.546335231192657, 2.372588094517959 ], [ -76.546514862996943, 2.372588094517959 ], [ -76.546514862996943, 2.372678720226843 ], [ -76.546335231192657, 2.372678720226843 ] ] ], [ [ [ -76.548131549235478, 2.372588094517959 ], [ -76.548221365137621, 2.372588094517959 ], [ -76.548221365137621, 2.372678720226843 ], [ -76.548131549235478, 2.372678720226843 ], [ -76.548131549235478, 2.372588094517959 ] ] ], [ [ [ -76.54831118103975, 2.372769345935728 ], [ -76.548221365137621, 2.372769345935728 ], [ -76.548221365137621, 2.372678720226843 ], [ -76.54831118103975, 2.372678720226843 ], [ -76.54831118103975, 2.372769345935728 ] ] ], [ [ [ -76.535647138837916, 2.287218676748582 ], [ -76.535736954740059, 2.287218676748582 ], [ -76.535736954740059, 2.287309302457467 ], [ -76.535647138837916, 2.287309302457467 ], [ -76.535647138837916, 2.287218676748582 ] ] ], [ [ [ -76.536994377370036, 2.287128051039698 ], [ -76.537084193272165, 2.287128051039698 ], [ -76.537084193272165, 2.287399928166352 ], [ -76.536904561467892, 2.287399928166352 ], [ -76.536904561467892, 2.287218676748582 ], [ -76.536994377370036, 2.287218676748582 ], [ -76.536994377370036, 2.287128051039698 ] ] ], [ [ [ -76.536904561467892, 2.287490553875236 ], [ -76.536814745565749, 2.287490553875236 ], [ -76.536814745565749, 2.287581179584121 ], [ -76.536635113761463, 2.287581179584121 ], [ -76.536635113761463, 2.287399928166352 ], [ -76.536904561467892, 2.287399928166352 ], [ -76.536904561467892, 2.287490553875236 ] ] ], [ [ [ -76.536096218348618, 2.28776243100189 ], [ -76.536186034250761, 2.28776243100189 ], [ -76.536186034250761, 2.287853056710775 ], [ -76.536096218348618, 2.287853056710775 ], [ -76.536096218348618, 2.28776243100189 ] ] ], [ [ [ -76.536186034250761, 2.28794368241966 ], [ -76.536186034250761, 2.287853056710775 ], [ -76.536275850152904, 2.287853056710775 ], [ -76.536275850152904, 2.28794368241966 ], [ -76.536186034250761, 2.28794368241966 ] ] ], [ [ [ -76.537084193272165, 2.288034308128545 ], [ -76.537084193272165, 2.288124933837429 ], [ -76.536994377370036, 2.288124933837429 ], [ -76.536994377370036, 2.288034308128545 ], [ -76.537084193272165, 2.288034308128545 ] ] ], [ [ [ -76.536904561467892, 2.288215559546314 ], [ -76.536904561467892, 2.288124933837429 ], [ -76.536994377370036, 2.288124933837429 ], [ -76.536994377370036, 2.288215559546314 ], [ -76.536904561467892, 2.288215559546314 ] ] ], [ [ [ -76.536994377370036, 2.288306185255199 ], [ -76.537084193272165, 2.288306185255199 ], [ -76.537084193272165, 2.288396810964084 ], [ -76.536994377370036, 2.288396810964084 ], [ -76.536994377370036, 2.288306185255199 ] ] ], [ [ [ -76.535736954740059, 2.288487436672968 ], [ -76.535916586544346, 2.288487436672968 ], [ -76.535916586544346, 2.288578062381853 ], [ -76.535736954740059, 2.288578062381853 ], [ -76.535736954740059, 2.288487436672968 ] ] ], [ [ [ -76.536635113761463, 2.288487436672968 ], [ -76.536724929663606, 2.288487436672968 ], [ -76.536724929663606, 2.288668688090737 ], [ -76.536635113761463, 2.288668688090737 ], [ -76.536635113761463, 2.288487436672968 ] ] ], [ [ [ -76.536904561467892, 2.288668688090737 ], [ -76.536994377370036, 2.288668688090737 ], [ -76.536994377370036, 2.288487436672968 ], [ -76.537174009174308, 2.288487436672968 ], [ -76.537174009174308, 2.288668688090737 ], [ -76.537084193272165, 2.288668688090737 ], [ -76.537084193272165, 2.288759313799622 ], [ -76.536904561467892, 2.288759313799622 ], [ -76.536904561467892, 2.288668688090737 ] ] ], [ [ [ -76.538790695412843, 2.292112465028356 ], [ -76.538790695412843, 2.292021839319471 ], [ -76.538880511314986, 2.292021839319471 ], [ -76.538880511314986, 2.292112465028356 ], [ -76.538790695412843, 2.292112465028356 ] ] ], [ [ [ -76.538880511314986, 2.292837470699433 ], [ -76.538700879510699, 2.292837470699433 ], [ -76.538700879510699, 2.293018722117202 ], [ -76.538341615902141, 2.293018722117202 ], [ -76.538341615902141, 2.292474967863894 ], [ -76.538611063608556, 2.292474967863894 ], [ -76.538611063608556, 2.292565593572779 ], [ -76.538521247706427, 2.292565593572779 ], [ -76.538521247706427, 2.292746844990548 ], [ -76.538700879510699, 2.292746844990548 ], [ -76.538700879510699, 2.292656219281664 ], [ -76.538880511314986, 2.292656219281664 ], [ -76.538880511314986, 2.292837470699433 ] ] ], [ [ [ -76.538880511314986, 2.293471850661626 ], [ -76.538970327217129, 2.293471850661626 ], [ -76.538970327217129, 2.293562476370511 ], [ -76.538880511314986, 2.293562476370511 ], [ -76.538880511314986, 2.293471850661626 ] ] ], [ [ [ -76.520108987767586, 2.349569164461248 ], [ -76.520288619571872, 2.349569164461248 ], [ -76.520288619571872, 2.349659790170132 ], [ -76.520108987767586, 2.349659790170132 ], [ -76.520108987767586, 2.349569164461248 ] ] ], [ [ [ -76.522534017125381, 2.351291052930057 ], [ -76.522713648929667, 2.351291052930057 ], [ -76.522713648929667, 2.351472304347826 ], [ -76.522264569418965, 2.351472304347826 ], [ -76.522264569418965, 2.351381678638941 ], [ -76.522534017125381, 2.351381678638941 ], [ -76.522534017125381, 2.351291052930057 ] ] ], [ [ [ -76.522983096636082, 2.351472304347826 ], [ -76.523162728440369, 2.351472304347826 ], [ -76.523162728440369, 2.351653555765596 ], [ -76.522983096636082, 2.351653555765596 ], [ -76.522983096636082, 2.351472304347826 ] ] ], [ [ [ -76.523072912538225, 2.351834807183365 ], [ -76.523162728440369, 2.351834807183365 ], [ -76.523162728440369, 2.35192543289225 ], [ -76.523072912538225, 2.35192543289225 ], [ -76.523072912538225, 2.351834807183365 ] ] ], [ [ [ -76.52280346483181, 2.352378561436673 ], [ -76.52280346483181, 2.352287935727789 ], [ -76.523072912538225, 2.352287935727789 ], [ -76.523072912538225, 2.352378561436673 ], [ -76.52280346483181, 2.352378561436673 ] ] ], [ [ [ -76.523971071559629, 2.354734829867675 ], [ -76.524060887461772, 2.354734829867675 ], [ -76.524060887461772, 2.355006706994329 ], [ -76.523971071559629, 2.355006706994329 ], [ -76.523971071559629, 2.354734829867675 ] ] ], [ [ [ -76.523342360244655, 2.355550461247637 ], [ -76.523521992048927, 2.355550461247637 ], [ -76.523521992048927, 2.355731712665407 ], [ -76.523432176146784, 2.355731712665407 ], [ -76.523432176146784, 2.355641086956522 ], [ -76.523342360244655, 2.355641086956522 ], [ -76.523342360244655, 2.355550461247637 ] ] ], [ [ [ -76.523791439755357, 2.355822338374291 ], [ -76.523971071559629, 2.355822338374291 ], [ -76.523971071559629, 2.355912964083176 ], [ -76.523791439755357, 2.355912964083176 ], [ -76.523791439755357, 2.355822338374291 ] ] ], [ [ [ -76.525138678287462, 2.35618484120983 ], [ -76.525228494189605, 2.35618484120983 ], [ -76.525228494189605, 2.356275466918715 ], [ -76.525138678287462, 2.356275466918715 ], [ -76.525138678287462, 2.35618484120983 ] ] ], [ [ [ -76.525138678287462, 2.356456718336484 ], [ -76.525228494189605, 2.356456718336484 ], [ -76.525228494189605, 2.356547344045369 ], [ -76.525048862385319, 2.356547344045369 ], [ -76.525048862385319, 2.356275466918715 ], [ -76.525138678287462, 2.356275466918715 ], [ -76.525138678287462, 2.356456718336484 ] ] ], [ [ [ -76.520019171865442, 2.356456718336484 ], [ -76.520198803669729, 2.356456718336484 ], [ -76.520198803669729, 2.356547344045369 ], [ -76.520108987767586, 2.356547344045369 ], [ -76.520108987767586, 2.356728595463138 ], [ -76.520019171865442, 2.356728595463138 ], [ -76.520019171865442, 2.356637969754253 ], [ -76.519929355963299, 2.356637969754253 ], [ -76.519929355963299, 2.356547344045369 ], [ -76.519839540061156, 2.356547344045369 ], [ -76.519839540061156, 2.356456718336484 ], [ -76.519929355963299, 2.356456718336484 ], [ -76.519929355963299, 2.356366092627599 ], [ -76.520019171865442, 2.356366092627599 ], [ -76.520019171865442, 2.356456718336484 ] ] ], [ [ [ -76.525228494189605, 2.356728595463138 ], [ -76.525228494189605, 2.356547344045369 ], [ -76.525318310091748, 2.356547344045369 ], [ -76.525318310091748, 2.356728595463138 ], [ -76.525228494189605, 2.356728595463138 ] ] ], [ [ [ -76.517863590214063, 2.356366092627599 ], [ -76.517953406116206, 2.356366092627599 ], [ -76.517953406116206, 2.35618484120983 ], [ -76.518402485626908, 2.35618484120983 ], [ -76.518402485626908, 2.356003589792061 ], [ -76.518671933333337, 2.356003589792061 ], [ -76.518671933333337, 2.35618484120983 ], [ -76.51876174923548, 2.35618484120983 ], [ -76.51876174923548, 2.356366092627599 ], [ -76.518671933333337, 2.356366092627599 ], [ -76.518671933333337, 2.356547344045369 ], [ -76.518851565137609, 2.356547344045369 ], [ -76.518851565137609, 2.356819221172023 ], [ -76.519031196941896, 2.356819221172023 ], [ -76.519031196941896, 2.356909846880908 ], [ -76.519121012844039, 2.356909846880908 ], [ -76.519121012844039, 2.357000472589792 ], [ -76.519031196941896, 2.357000472589792 ], [ -76.519031196941896, 2.357272349716447 ], [ -76.518941381039753, 2.357272349716447 ], [ -76.518941381039753, 2.356909846880908 ], [ -76.51876174923548, 2.356909846880908 ], [ -76.51876174923548, 2.356728595463138 ], [ -76.518402485626908, 2.356728595463138 ], [ -76.518402485626908, 2.356637969754253 ], [ -76.518312669724764, 2.356637969754253 ], [ -76.518312669724764, 2.356456718336484 ], [ -76.517863590214063, 2.356456718336484 ], [ -76.517863590214063, 2.356366092627599 ] ] ], [ [ [ -76.517683958409791, 2.356456718336484 ], [ -76.517773774311934, 2.356456718336484 ], [ -76.517773774311934, 2.356547344045369 ], [ -76.517863590214063, 2.356547344045369 ], [ -76.517863590214063, 2.356728595463138 ], [ -76.517953406116206, 2.356728595463138 ], [ -76.517953406116206, 2.356819221172023 ], [ -76.518043222018349, 2.356819221172023 ], [ -76.518043222018349, 2.356909846880908 ], [ -76.518133037920492, 2.356909846880908 ], [ -76.518133037920492, 2.356637969754253 ], [ -76.518222853822635, 2.356637969754253 ], [ -76.518222853822635, 2.356819221172023 ], [ -76.518312669724764, 2.356819221172023 ], [ -76.518312669724764, 2.356909846880908 ], [ -76.518222853822635, 2.356909846880908 ], [ -76.518222853822635, 2.357091098298677 ], [ -76.518402485626908, 2.357091098298677 ], [ -76.518402485626908, 2.357272349716447 ], [ -76.518492301529051, 2.357272349716447 ], [ -76.518492301529051, 2.357362975425331 ], [ -76.518312669724764, 2.357362975425331 ], [ -76.518312669724764, 2.357272349716447 ], [ -76.517863590214063, 2.357272349716447 ], [ -76.517863590214063, 2.357091098298677 ], [ -76.517683958409791, 2.357091098298677 ], [ -76.517683958409791, 2.356547344045369 ], [ -76.517504326605504, 2.356547344045369 ], [ -76.517504326605504, 2.356366092627599 ], [ -76.517683958409791, 2.356366092627599 ], [ -76.517683958409791, 2.356456718336484 ] ] ], [ [ [ -76.523342360244655, 2.356909846880908 ], [ -76.523432176146784, 2.356909846880908 ], [ -76.523432176146784, 2.357091098298677 ], [ -76.523342360244655, 2.357091098298677 ], [ -76.523342360244655, 2.356909846880908 ] ] ], [ [ [ -76.537353640978594, 2.357091098298677 ], [ -76.537443456880737, 2.357091098298677 ], [ -76.537443456880737, 2.357181724007562 ], [ -76.537353640978594, 2.357181724007562 ], [ -76.537353640978594, 2.357091098298677 ] ] ], [ [ [ -76.53762308868501, 2.357181724007562 ], [ -76.537712904587153, 2.357181724007562 ], [ -76.537712904587153, 2.357272349716447 ], [ -76.53762308868501, 2.357272349716447 ], [ -76.53762308868501, 2.357181724007562 ] ] ], [ [ [ -76.523701623853214, 2.357272349716447 ], [ -76.523791439755357, 2.357272349716447 ], [ -76.523791439755357, 2.357453601134216 ], [ -76.52361180795107, 2.357453601134216 ], [ -76.52361180795107, 2.357091098298677 ], [ -76.523701623853214, 2.357091098298677 ], [ -76.523701623853214, 2.357272349716447 ] ] ], [ [ [ -76.519570092354741, 2.357091098298677 ], [ -76.519570092354741, 2.357000472589792 ], [ -76.519749724159027, 2.357000472589792 ], [ -76.519749724159027, 2.356909846880908 ], [ -76.519839540061156, 2.356909846880908 ], [ -76.519839540061156, 2.357000472589792 ], [ -76.519929355963299, 2.357000472589792 ], [ -76.519929355963299, 2.357181724007562 ], [ -76.519749724159027, 2.357181724007562 ], [ -76.519749724159027, 2.357453601134216 ], [ -76.519839540061156, 2.357453601134216 ], [ -76.519839540061156, 2.3575442268431 ], [ -76.519749724159027, 2.3575442268431 ], [ -76.519749724159027, 2.357634852551985 ], [ -76.519659908256884, 2.357634852551985 ], [ -76.519659908256884, 2.357453601134216 ], [ -76.519390460550454, 2.357453601134216 ], [ -76.519390460550454, 2.357362975425331 ], [ -76.519300644648311, 2.357362975425331 ], [ -76.519300644648311, 2.357181724007562 ], [ -76.519390460550454, 2.357181724007562 ], [ -76.519390460550454, 2.357091098298677 ], [ -76.519570092354741, 2.357091098298677 ] ] ], [ [ [ -76.519839540061156, 2.357272349716447 ], [ -76.519929355963299, 2.357272349716447 ], [ -76.519929355963299, 2.357362975425331 ], [ -76.519839540061156, 2.357362975425331 ], [ -76.519839540061156, 2.357272349716447 ] ] ], [ [ [ -76.537802720489296, 2.357362975425331 ], [ -76.537982352293582, 2.357362975425331 ], [ -76.537982352293582, 2.3575442268431 ], [ -76.537802720489296, 2.3575442268431 ], [ -76.537802720489296, 2.357362975425331 ] ] ], [ [ [ -76.518133037920492, 2.3575442268431 ], [ -76.518222853822635, 2.3575442268431 ], [ -76.518222853822635, 2.357634852551985 ], [ -76.518043222018349, 2.357634852551985 ], [ -76.518043222018349, 2.357453601134216 ], [ -76.518133037920492, 2.357453601134216 ], [ -76.518133037920492, 2.3575442268431 ] ] ], [ [ [ -76.519031196941896, 2.3575442268431 ], [ -76.519121012844039, 2.3575442268431 ], [ -76.519121012844039, 2.357634852551985 ], [ -76.519031196941896, 2.357634852551985 ], [ -76.519031196941896, 2.3575442268431 ] ] ], [ [ [ -76.518671933333337, 2.357816103969754 ], [ -76.518582117431194, 2.357816103969754 ], [ -76.518582117431194, 2.357634852551985 ], [ -76.51876174923548, 2.357634852551985 ], [ -76.51876174923548, 2.357453601134216 ], [ -76.518851565137609, 2.357453601134216 ], [ -76.518851565137609, 2.3575442268431 ], [ -76.518941381039753, 2.3575442268431 ], [ -76.518941381039753, 2.35772547826087 ], [ -76.518671933333337, 2.35772547826087 ], [ -76.518671933333337, 2.357816103969754 ] ] ], [ [ [ -76.518222853822635, 2.357634852551985 ], [ -76.518402485626908, 2.357634852551985 ], [ -76.518402485626908, 2.357816103969754 ], [ -76.518222853822635, 2.357816103969754 ], [ -76.518222853822635, 2.357634852551985 ] ] ], [ [ [ -76.517504326605504, 2.357816103969754 ], [ -76.517504326605504, 2.357634852551985 ], [ -76.517683958409791, 2.357634852551985 ], [ -76.517683958409791, 2.357816103969754 ], [ -76.517504326605504, 2.357816103969754 ] ] ], [ [ [ -76.522893280733939, 2.357634852551985 ], [ -76.523072912538225, 2.357634852551985 ], [ -76.523072912538225, 2.357816103969754 ], [ -76.522893280733939, 2.357816103969754 ], [ -76.522893280733939, 2.357634852551985 ] ] ], [ [ [ -76.517683958409791, 2.357816103969754 ], [ -76.517863590214063, 2.357816103969754 ], [ -76.517863590214063, 2.357997355387524 ], [ -76.517683958409791, 2.357997355387524 ], [ -76.517683958409791, 2.357816103969754 ] ] ], [ [ [ -76.53465916391437, 2.357906729678639 ], [ -76.534748979816513, 2.357906729678639 ], [ -76.534748979816513, 2.358087981096408 ], [ -76.53465916391437, 2.358087981096408 ], [ -76.53465916391437, 2.357906729678639 ] ] ], [ [ [ -76.534479532110097, 2.358087981096408 ], [ -76.534569348012226, 2.358087981096408 ], [ -76.534569348012226, 2.358269232514178 ], [ -76.534030452599396, 2.358269232514178 ], [ -76.534030452599396, 2.358178606805293 ], [ -76.534479532110097, 2.358178606805293 ], [ -76.534479532110097, 2.358087981096408 ] ] ], [ [ [ -76.522444201223237, 2.358087981096408 ], [ -76.522534017125381, 2.358087981096408 ], [ -76.522534017125381, 2.358359858223062 ], [ -76.522354385321094, 2.358359858223062 ], [ -76.522354385321094, 2.358178606805293 ], [ -76.522444201223237, 2.358178606805293 ], [ -76.522444201223237, 2.358087981096408 ] ] ], [ [ [ -76.523072912538225, 2.358269232514178 ], [ -76.523252544342512, 2.358269232514178 ], [ -76.523252544342512, 2.358359858223062 ], [ -76.523072912538225, 2.358359858223062 ], [ -76.523072912538225, 2.358269232514178 ] ] ], [ [ [ -76.538880511314986, 2.358087981096408 ], [ -76.538880511314986, 2.358269232514178 ], [ -76.538970327217129, 2.358269232514178 ], [ -76.538970327217129, 2.358359858223062 ], [ -76.539060143119272, 2.358359858223062 ], [ -76.539060143119272, 2.358450483931947 ], [ -76.539149959021401, 2.358450483931947 ], [ -76.539149959021401, 2.358631735349717 ], [ -76.539060143119272, 2.358631735349717 ], [ -76.539060143119272, 2.358722361058601 ], [ -76.538880511314986, 2.358722361058601 ], [ -76.538880511314986, 2.358812986767486 ], [ -76.538790695412843, 2.358812986767486 ], [ -76.538790695412843, 2.358631735349717 ], [ -76.538700879510699, 2.358631735349717 ], [ -76.538700879510699, 2.358541109640832 ], [ -76.538611063608556, 2.358541109640832 ], [ -76.538611063608556, 2.358178606805293 ], [ -76.538521247706427, 2.358178606805293 ], [ -76.538521247706427, 2.358087981096408 ], [ -76.538880511314986, 2.358087981096408 ] ] ], [ [ [ -76.522084937614679, 2.358359858223062 ], [ -76.522354385321094, 2.358359858223062 ], [ -76.522354385321094, 2.358541109640832 ], [ -76.521995121712536, 2.358541109640832 ], [ -76.521995121712536, 2.358450483931947 ], [ -76.522084937614679, 2.358450483931947 ], [ -76.522084937614679, 2.358359858223062 ] ] ], [ [ [ -76.52280346483181, 2.358541109640832 ], [ -76.522893280733939, 2.358541109640832 ], [ -76.522893280733939, 2.358631735349717 ], [ -76.52280346483181, 2.358631735349717 ], [ -76.52280346483181, 2.358541109640832 ] ] ], [ [ [ -76.535108243425071, 2.358631735349717 ], [ -76.535018427522942, 2.358631735349717 ], [ -76.535018427522942, 2.358903612476371 ], [ -76.535108243425071, 2.358903612476371 ], [ -76.535108243425071, 2.358994238185256 ], [ -76.534928611620799, 2.358994238185256 ], [ -76.534928611620799, 2.358631735349717 ], [ -76.534748979816513, 2.358631735349717 ], [ -76.534748979816513, 2.358450483931947 ], [ -76.534569348012226, 2.358450483931947 ], [ -76.534569348012226, 2.358269232514178 ], [ -76.535018427522942, 2.358269232514178 ], [ -76.535018427522942, 2.358541109640832 ], [ -76.535108243425071, 2.358541109640832 ], [ -76.535108243425071, 2.358631735349717 ] ] ], [ [ [ -76.536904561467892, 2.358812986767486 ], [ -76.536994377370036, 2.358812986767486 ], [ -76.536994377370036, 2.358450483931947 ], [ -76.537084193272165, 2.358450483931947 ], [ -76.537084193272165, 2.358541109640832 ], [ -76.537353640978594, 2.358541109640832 ], [ -76.537353640978594, 2.358631735349717 ], [ -76.537712904587153, 2.358631735349717 ], [ -76.537712904587153, 2.358541109640832 ], [ -76.537802720489296, 2.358541109640832 ], [ -76.537802720489296, 2.358359858223062 ], [ -76.537892536391439, 2.358359858223062 ], [ -76.537892536391439, 2.358269232514178 ], [ -76.538072168195725, 2.358269232514178 ], [ -76.538072168195725, 2.358359858223062 ], [ -76.538161984097854, 2.358359858223062 ], [ -76.538161984097854, 2.358812986767486 ], [ -76.538072168195725, 2.358812986767486 ], [ -76.538072168195725, 2.358994238185256 ], [ -76.5382518, 2.358994238185256 ], [ -76.5382518, 2.35908486389414 ], [ -76.537982352293582, 2.35908486389414 ], [ -76.537982352293582, 2.358903612476371 ], [ -76.537892536391439, 2.358903612476371 ], [ -76.537892536391439, 2.358994238185256 ], [ -76.537443456880737, 2.358994238185256 ], [ -76.537443456880737, 2.358812986767486 ], [ -76.537263825076451, 2.358812986767486 ], [ -76.537263825076451, 2.358994238185256 ], [ -76.536904561467892, 2.358994238185256 ], [ -76.536904561467892, 2.358812986767486 ] ] ], [ [ [ -76.523072912538225, 2.358631735349717 ], [ -76.523162728440369, 2.358631735349717 ], [ -76.523162728440369, 2.358722361058601 ], [ -76.523072912538225, 2.358722361058601 ], [ -76.523072912538225, 2.358631735349717 ] ] ], [ [ [ -76.521815489908263, 2.358541109640832 ], [ -76.521995121712536, 2.358541109640832 ], [ -76.521995121712536, 2.358722361058601 ], [ -76.52172567400612, 2.358722361058601 ], [ -76.52172567400612, 2.358812986767486 ], [ -76.521635858103977, 2.358812986767486 ], [ -76.521635858103977, 2.358722361058601 ], [ -76.521366410397547, 2.358722361058601 ], [ -76.521366410397547, 2.358631735349717 ], [ -76.521456226299691, 2.358631735349717 ], [ -76.521456226299691, 2.358541109640832 ], [ -76.52172567400612, 2.358541109640832 ], [ -76.52172567400612, 2.358631735349717 ], [ -76.521815489908263, 2.358631735349717 ], [ -76.521815489908263, 2.358541109640832 ] ] ], [ [ [ -76.5382518, 2.358812986767486 ], [ -76.5382518, 2.358722361058601 ], [ -76.538341615902141, 2.358722361058601 ], [ -76.538341615902141, 2.358812986767486 ], [ -76.5382518, 2.358812986767486 ] ] ], [ [ [ -76.538611063608556, 2.358812986767486 ], [ -76.538700879510699, 2.358812986767486 ], [ -76.538700879510699, 2.358994238185256 ], [ -76.538431431804284, 2.358994238185256 ], [ -76.538431431804284, 2.358903612476371 ], [ -76.538611063608556, 2.358903612476371 ], [ -76.538611063608556, 2.358812986767486 ] ] ], [ [ [ -76.534210084403668, 2.358994238185256 ], [ -76.534389716207954, 2.358994238185256 ], [ -76.534389716207954, 2.359175489603025 ], [ -76.534210084403668, 2.359175489603025 ], [ -76.534210084403668, 2.358994238185256 ] ] ], [ [ [ -76.5382518, 2.35908486389414 ], [ -76.538341615902141, 2.35908486389414 ], [ -76.538341615902141, 2.359175489603025 ], [ -76.5382518, 2.359175489603025 ], [ -76.5382518, 2.35908486389414 ] ] ], [ [ [ -76.523701623853214, 2.359175489603025 ], [ -76.523791439755357, 2.359175489603025 ], [ -76.523791439755357, 2.359266115311909 ], [ -76.523701623853214, 2.359266115311909 ], [ -76.523701623853214, 2.359175489603025 ] ] ], [ [ [ -76.533132293577978, 2.359356741020794 ], [ -76.533311925382264, 2.359356741020794 ], [ -76.533311925382264, 2.359537992438563 ], [ -76.533042477675835, 2.359537992438563 ], [ -76.533042477675835, 2.359447366729679 ], [ -76.533132293577978, 2.359447366729679 ], [ -76.533132293577978, 2.359356741020794 ] ] ], [ [ [ -76.537533272782881, 2.359628618147448 ], [ -76.53762308868501, 2.359628618147448 ], [ -76.53762308868501, 2.359719243856333 ], [ -76.537533272782881, 2.359719243856333 ], [ -76.537533272782881, 2.359628618147448 ] ] ], [ [ [ -76.535287875229358, 2.359900495274102 ], [ -76.535287875229358, 2.359719243856333 ], [ -76.535198059327215, 2.359719243856333 ], [ -76.535198059327215, 2.359628618147448 ], [ -76.535108243425071, 2.359628618147448 ], [ -76.535108243425071, 2.359719243856333 ], [ -76.534928611620799, 2.359719243856333 ], [ -76.534928611620799, 2.359900495274102 ], [ -76.534748979816513, 2.359900495274102 ], [ -76.534748979816513, 2.359537992438563 ], [ -76.534928611620799, 2.359537992438563 ], [ -76.534928611620799, 2.359175489603025 ], [ -76.535108243425071, 2.359175489603025 ], [ -76.535108243425071, 2.35908486389414 ], [ -76.535377691131501, 2.35908486389414 ], [ -76.535377691131501, 2.359175489603025 ], [ -76.535467507033644, 2.359175489603025 ], [ -76.535467507033644, 2.359266115311909 ], [ -76.535557322935787, 2.359266115311909 ], [ -76.535557322935787, 2.359356741020794 ], [ -76.535736954740059, 2.359356741020794 ], [ -76.535736954740059, 2.359447366729679 ], [ -76.535826770642203, 2.359447366729679 ], [ -76.535826770642203, 2.359537992438563 ], [ -76.535736954740059, 2.359537992438563 ], [ -76.535736954740059, 2.359628618147448 ], [ -76.535826770642203, 2.359628618147448 ], [ -76.535826770642203, 2.359900495274102 ], [ -76.535916586544346, 2.359900495274102 ], [ -76.535916586544346, 2.359991120982987 ], [ -76.535826770642203, 2.359991120982987 ], [ -76.535826770642203, 2.360172372400756 ], [ -76.535916586544346, 2.360172372400756 ], [ -76.535916586544346, 2.360353623818526 ], [ -76.535826770642203, 2.360353623818526 ], [ -76.535826770642203, 2.360262998109641 ], [ -76.535736954740059, 2.360262998109641 ], [ -76.535736954740059, 2.359900495274102 ], [ -76.535557322935787, 2.359900495274102 ], [ -76.535557322935787, 2.360081746691872 ], [ -76.535467507033644, 2.360081746691872 ], [ -76.535467507033644, 2.359900495274102 ], [ -76.535287875229358, 2.359900495274102 ] ], [ [ -76.535557322935787, 2.359628618147448 ], [ -76.535467507033644, 2.359628618147448 ], [ -76.535467507033644, 2.359719243856333 ], [ -76.535557322935787, 2.359719243856333 ], [ -76.535557322935787, 2.359628618147448 ] ] ], [ [ [ -76.537263825076451, 2.359628618147448 ], [ -76.537443456880737, 2.359628618147448 ], [ -76.537443456880737, 2.359900495274102 ], [ -76.537263825076451, 2.359900495274102 ], [ -76.537263825076451, 2.359628618147448 ] ] ], [ [ [ -76.534569348012226, 2.359900495274102 ], [ -76.534479532110097, 2.359900495274102 ], [ -76.534479532110097, 2.360081746691872 ], [ -76.534210084403668, 2.360081746691872 ], [ -76.534210084403668, 2.359719243856333 ], [ -76.534569348012226, 2.359719243856333 ], [ -76.534569348012226, 2.359900495274102 ] ] ], [ [ [ -76.534569348012226, 2.360534875236295 ], [ -76.53465916391437, 2.360534875236295 ], [ -76.53465916391437, 2.36062550094518 ], [ -76.534569348012226, 2.36062550094518 ], [ -76.534569348012226, 2.360534875236295 ] ] ], [ [ [ -76.535826770642203, 2.360534875236295 ], [ -76.535916586544346, 2.360534875236295 ], [ -76.535916586544346, 2.36062550094518 ], [ -76.535826770642203, 2.36062550094518 ], [ -76.535826770642203, 2.360534875236295 ] ] ], [ [ [ -76.521635858103977, 2.362891143667297 ], [ -76.521815489908263, 2.362891143667297 ], [ -76.521815489908263, 2.363072395085066 ], [ -76.521635858103977, 2.363072395085066 ], [ -76.521635858103977, 2.362891143667297 ] ] ], [ [ [ -76.524779414678903, 2.362891143667297 ], [ -76.524869230581047, 2.362891143667297 ], [ -76.524869230581047, 2.363072395085066 ], [ -76.524779414678903, 2.363072395085066 ], [ -76.524779414678903, 2.362891143667297 ] ] ], [ [ [ -76.523432176146784, 2.363072395085066 ], [ -76.523432176146784, 2.362981769376182 ], [ -76.523521992048927, 2.362981769376182 ], [ -76.523521992048927, 2.363072395085066 ], [ -76.523432176146784, 2.363072395085066 ] ] ], [ [ [ -76.523701623853214, 2.362981769376182 ], [ -76.523791439755357, 2.362981769376182 ], [ -76.523791439755357, 2.363072395085066 ], [ -76.523701623853214, 2.363072395085066 ], [ -76.523701623853214, 2.362981769376182 ] ] ], [ [ [ -76.521635858103977, 2.363163020793951 ], [ -76.521546042201834, 2.363163020793951 ], [ -76.521546042201834, 2.363253646502836 ], [ -76.521456226299691, 2.363253646502836 ], [ -76.521456226299691, 2.363072395085066 ], [ -76.521635858103977, 2.363072395085066 ], [ -76.521635858103977, 2.363163020793951 ] ] ], [ [ [ -76.526036837308865, 2.363253646502836 ], [ -76.526126653211008, 2.363253646502836 ], [ -76.526126653211008, 2.363434897920605 ], [ -76.525947021406722, 2.363434897920605 ], [ -76.525947021406722, 2.363163020793951 ], [ -76.526036837308865, 2.363163020793951 ], [ -76.526036837308865, 2.363253646502836 ] ] ], [ [ [ -76.52549794189602, 2.363434897920605 ], [ -76.525587757798164, 2.363434897920605 ], [ -76.525587757798164, 2.36352552362949 ], [ -76.52549794189602, 2.36352552362949 ], [ -76.52549794189602, 2.363434897920605 ] ] ], [ [ [ -76.526485916819567, 2.363616149338374 ], [ -76.526396100917438, 2.363616149338374 ], [ -76.526396100917438, 2.363797400756144 ], [ -76.526306285015295, 2.363797400756144 ], [ -76.526306285015295, 2.36352552362949 ], [ -76.526485916819567, 2.36352552362949 ], [ -76.526485916819567, 2.363616149338374 ] ] ], [ [ [ -76.526036837308865, 2.363888026465029 ], [ -76.526126653211008, 2.363888026465029 ], [ -76.526126653211008, 2.363978652173913 ], [ -76.526036837308865, 2.363978652173913 ], [ -76.526036837308865, 2.363888026465029 ] ] ], [ [ [ -76.526485916819567, 2.363888026465029 ], [ -76.526485916819567, 2.363978652173913 ], [ -76.526396100917438, 2.363978652173913 ], [ -76.526396100917438, 2.364250529300567 ], [ -76.526306285015295, 2.364250529300567 ], [ -76.526306285015295, 2.363888026465029 ], [ -76.526485916819567, 2.363888026465029 ] ] ], [ [ [ -76.525318310091748, 2.364250529300567 ], [ -76.525318310091748, 2.364341155009452 ], [ -76.525138678287462, 2.364341155009452 ], [ -76.525138678287462, 2.364159903591683 ], [ -76.525048862385319, 2.364159903591683 ], [ -76.525048862385319, 2.363978652173913 ], [ -76.525318310091748, 2.363978652173913 ], [ -76.525318310091748, 2.364159903591683 ], [ -76.525677573700307, 2.364159903591683 ], [ -76.525677573700307, 2.364341155009452 ], [ -76.52549794189602, 2.364341155009452 ], [ -76.52549794189602, 2.364250529300567 ], [ -76.525318310091748, 2.364250529300567 ] ] ], [ [ [ -76.525048862385319, 2.364431780718337 ], [ -76.525048862385319, 2.364341155009452 ], [ -76.525138678287462, 2.364341155009452 ], [ -76.525138678287462, 2.364431780718337 ], [ -76.525048862385319, 2.364431780718337 ] ] ], [ [ [ -76.523701623853214, 2.364341155009452 ], [ -76.523791439755357, 2.364341155009452 ], [ -76.523791439755357, 2.364431780718337 ], [ -76.523701623853214, 2.364431780718337 ], [ -76.523701623853214, 2.364341155009452 ] ] ], [ [ [ -76.524779414678903, 2.364522406427221 ], [ -76.524869230581047, 2.364522406427221 ], [ -76.524869230581047, 2.364613032136106 ], [ -76.524779414678903, 2.364613032136106 ], [ -76.524779414678903, 2.364522406427221 ] ] ], [ [ [ -76.536545297859334, 2.371500586011342 ], [ -76.536814745565749, 2.371500586011342 ], [ -76.536814745565749, 2.371681837429112 ], [ -76.536455481957191, 2.371681837429112 ], [ -76.536455481957191, 2.371591211720227 ], [ -76.536545297859334, 2.371591211720227 ], [ -76.536545297859334, 2.371500586011342 ] ] ], [ [ [ -76.515528376758411, 2.372588094517959 ], [ -76.515618192660554, 2.372588094517959 ], [ -76.515618192660554, 2.372678720226843 ], [ -76.515528376758411, 2.372678720226843 ], [ -76.515528376758411, 2.372588094517959 ] ] ], [ [ [ -76.515618192660554, 2.372769345935728 ], [ -76.515618192660554, 2.372678720226843 ], [ -76.515797824464826, 2.372678720226843 ], [ -76.515797824464826, 2.372588094517959 ], [ -76.516067272171256, 2.372588094517959 ], [ -76.516067272171256, 2.372678720226843 ], [ -76.516246903975542, 2.372678720226843 ], [ -76.516246903975542, 2.372769345935728 ], [ -76.515618192660554, 2.372769345935728 ] ] ], [ [ [ -76.516067272171256, 2.373856854442344 ], [ -76.516246903975542, 2.373856854442344 ], [ -76.516246903975542, 2.374038105860114 ], [ -76.516067272171256, 2.374038105860114 ], [ -76.516067272171256, 2.373856854442344 ] ] ], [ [ [ -76.516965431192659, 2.374128731568999 ], [ -76.517055247094802, 2.374128731568999 ], [ -76.517055247094802, 2.374219357277883 ], [ -76.516965431192659, 2.374219357277883 ], [ -76.516965431192659, 2.374128731568999 ] ] ], [ [ [ -76.52280346483181, 2.374853737240076 ], [ -76.522893280733939, 2.374853737240076 ], [ -76.522893280733939, 2.37494436294896 ], [ -76.52280346483181, 2.37494436294896 ], [ -76.52280346483181, 2.374853737240076 ] ] ], [ [ [ -76.517055247094802, 2.37494436294896 ], [ -76.517145062996946, 2.37494436294896 ], [ -76.517145062996946, 2.375034988657845 ], [ -76.517055247094802, 2.375034988657845 ], [ -76.517055247094802, 2.37494436294896 ] ] ], [ [ [ -76.522444201223237, 2.375034988657845 ], [ -76.522534017125381, 2.375034988657845 ], [ -76.522534017125381, 2.37512561436673 ], [ -76.522354385321094, 2.37512561436673 ], [ -76.522354385321094, 2.37494436294896 ], [ -76.522444201223237, 2.37494436294896 ], [ -76.522444201223237, 2.375034988657845 ] ] ], [ [ [ -76.516785799388373, 2.375034988657845 ], [ -76.516695983486244, 2.375034988657845 ], [ -76.516695983486244, 2.37512561436673 ], [ -76.516606167584101, 2.37512561436673 ], [ -76.516606167584101, 2.37494436294896 ], [ -76.516785799388373, 2.37494436294896 ], [ -76.516785799388373, 2.375034988657845 ] ] ] ] } }
]
}
