{
"type": "FeatureCollection",
"name": "aoi_burn_areas",
"crs": { "type": "name", "properties": { "name": "urn:ogc:def:crs:OGC:1.3:CRS84" } },
"features": [
{ "type": "Feature", "properties": { "state": "Quemado" }, "geometry": { "type": "MultiPolygon", "coordinates": [ [ [ [ -72.952380016923087, 7.086226164383562 ], [ -72.952380016923087, 7.085957167123288 ], [ -72.952652061230779, 7.085957167123288 ], [ -72.952652061230779, 7.086226164383562 ], [ -72.952380016923087, 7.086226164383562 ] ] ], [ [ [ -72.955644548615382, 7.088647139726028 ], [ -72.955916592923074, 7.088647139726028 ], [ -72.955916592923074, 7.088916136986302 ], [ -72.955644548615382, 7.088916136986302 ], [ -72.955644548615382, 7.088647139726028 ] ] ], [ [ [ -72.951563884, 7.091875106849315 ], [ -72.952107972615394, 7.091875106849315 ], [ -72.952107972615394, 7.09214410410959 ], [ -72.951563884, 7.09214410410959 ], [ -72.951563884, 7.091875106849315 ] ] ], [ [ [ -72.951835928307702, 7.093758087671233 ], [ -72.951835928307702, 7.093220093150685 ], [ -72.952107972615394, 7.093220093150685 ], [ -72.952107972615394, 7.093758087671233 ], [ -72.951835928307702, 7.093758087671233 ] ] ], [ [ [ -72.952924105538457, 7.095103073972603 ], [ -72.95319614984615, 7.095103073972603 ], [ -72.95319614984615, 7.095372071232877 ], [ -72.952924105538457, 7.095372071232877 ], [ -72.952924105538457, 7.095103073972603 ] ] ], [ [ [ -72.953468194153842, 7.096986054794521 ], [ -72.95319614984615, 7.096986054794521 ], [ -72.95319614984615, 7.095641068493151 ], [ -72.953740238461535, 7.095641068493151 ], [ -72.953740238461535, 7.095910065753425 ], [ -72.954012282769227, 7.095910065753425 ], [ -72.954012282769227, 7.096179063013698 ], [ -72.953740238461535, 7.096179063013698 ], [ -72.953740238461535, 7.096717057534247 ], [ -72.953468194153842, 7.096717057534247 ], [ -72.953468194153842, 7.096986054794521 ] ] ], [ [ [ -72.951019795384624, 7.097255052054795 ], [ -72.951019795384624, 7.096717057534247 ], [ -72.951291839692317, 7.096717057534247 ], [ -72.951291839692317, 7.097255052054795 ], [ -72.951019795384624, 7.097255052054795 ] ] ], [ [ [ -72.952652061230779, 7.097255052054795 ], [ -72.952924105538457, 7.097255052054795 ], [ -72.952924105538457, 7.097524049315068 ], [ -72.952652061230779, 7.097524049315068 ], [ -72.952652061230779, 7.097255052054795 ] ] ], [ [ [ -72.952652061230779, 7.099407030136986 ], [ -72.95319614984615, 7.099407030136986 ], [ -72.95319614984615, 7.099945024657535 ], [ -72.952652061230779, 7.099945024657535 ], [ -72.952652061230779, 7.099407030136986 ] ] ], [ [ [ -72.951835928307702, 7.100214021917808 ], [ -72.951835928307702, 7.099945024657535 ], [ -72.952107972615394, 7.099945024657535 ], [ -72.952107972615394, 7.100214021917808 ], [ -72.951835928307702, 7.100214021917808 ] ] ], [ [ [ -72.952652061230779, 7.101290010958905 ], [ -72.952924105538457, 7.101290010958905 ], [ -72.952924105538457, 7.101828005479453 ], [ -72.952652061230779, 7.101828005479453 ], [ -72.952652061230779, 7.101290010958905 ] ] ], [ [ [ -72.951019795384624, 7.101828005479453 ], [ -72.951291839692317, 7.101828005479453 ], [ -72.951291839692317, 7.102097002739726 ], [ -72.951019795384624, 7.102097002739726 ], [ -72.951019795384624, 7.101828005479453 ] ] ], [ [ [ -72.952652061230779, 7.101828005479453 ], [ -72.952652061230779, 7.102366 ], [ -72.952380016923087, 7.102366 ], [ -72.952380016923087, 7.102634997260274 ], [ -72.952107972615394, 7.102634997260274 ], [ -72.952107972615394, 7.101828005479453 ], [ -72.952652061230779, 7.101828005479453 ] ] ], [ [ [ -72.952380016923087, 7.102903994520548 ], [ -72.952380016923087, 7.103172991780822 ], [ -72.952107972615394, 7.103172991780822 ], [ -72.952107972615394, 7.102903994520548 ], [ -72.952380016923087, 7.102903994520548 ] ] ], [ [ [ -72.951835928307702, 7.103441989041096 ], [ -72.951835928307702, 7.103172991780822 ], [ -72.952107972615394, 7.103172991780822 ], [ -72.952107972615394, 7.103441989041096 ], [ -72.951835928307702, 7.103441989041096 ] ] ], [ [ [ -72.951835928307702, 7.104248980821918 ], [ -72.951835928307702, 7.103979983561644 ], [ -72.952107972615394, 7.103979983561644 ], [ -72.952107972615394, 7.104248980821918 ], [ -72.951835928307702, 7.104248980821918 ] ] ], [ [ [ -72.954556371384612, 7.103979983561644 ], [ -72.954828415692305, 7.103979983561644 ], [ -72.954828415692305, 7.104248980821918 ], [ -72.954556371384612, 7.104248980821918 ], [ -72.954556371384612, 7.103979983561644 ] ] ], [ [ [ -72.95047570676924, 7.103441989041096 ], [ -72.951291839692317, 7.103441989041096 ], [ -72.951291839692317, 7.10371098630137 ], [ -72.951563884, 7.10371098630137 ], [ -72.951563884, 7.10505597260274 ], [ -72.951291839692317, 7.10505597260274 ], [ -72.951291839692317, 7.104786975342466 ], [ -72.95047570676924, 7.104786975342466 ], [ -72.95047570676924, 7.104248980821918 ], [ -72.950747751076932, 7.104248980821918 ], [ -72.950747751076932, 7.103979983561644 ], [ -72.951019795384624, 7.103979983561644 ], [ -72.951019795384624, 7.10371098630137 ], [ -72.95047570676924, 7.10371098630137 ], [ -72.95047570676924, 7.103441989041096 ] ] ], [ [ [ -72.95428432707692, 7.106131961643836 ], [ -72.95428432707692, 7.105862964383562 ], [ -72.954556371384612, 7.105862964383562 ], [ -72.954556371384612, 7.10640095890411 ], [ -72.954012282769227, 7.10640095890411 ], [ -72.954012282769227, 7.106131961643836 ], [ -72.95428432707692, 7.106131961643836 ] ] ], [ [ [ -72.953468194153842, 7.10640095890411 ], [ -72.953468194153842, 7.106669956164384 ], [ -72.95319614984615, 7.106669956164384 ], [ -72.95319614984615, 7.10640095890411 ], [ -72.953468194153842, 7.10640095890411 ] ] ], [ [ [ -72.951563884, 7.107476947945206 ], [ -72.951563884, 7.106938953424658 ], [ -72.951835928307702, 7.106938953424658 ], [ -72.951835928307702, 7.106669956164384 ], [ -72.952652061230779, 7.106669956164384 ], [ -72.952652061230779, 7.105862964383562 ], [ -72.95319614984615, 7.105862964383562 ], [ -72.95319614984615, 7.106131961643836 ], [ -72.952924105538457, 7.106131961643836 ], [ -72.952924105538457, 7.106669956164384 ], [ -72.95319614984615, 7.106669956164384 ], [ -72.95319614984615, 7.106938953424658 ], [ -72.952652061230779, 7.106938953424658 ], [ -72.952652061230779, 7.107207950684931 ], [ -72.952380016923087, 7.107207950684931 ], [ -72.952380016923087, 7.106938953424658 ], [ -72.952107972615394, 7.106938953424658 ], [ -72.952107972615394, 7.107207950684931 ], [ -72.951835928307702, 7.107207950684931 ], [ -72.951835928307702, 7.107476947945206 ], [ -72.951563884, 7.107476947945206 ] ] ], [ [ [ -72.953740238461535, 7.10640095890411 ], [ -72.954012282769227, 7.10640095890411 ], [ -72.954012282769227, 7.106669956164384 ], [ -72.95428432707692, 7.106669956164384 ], [ -72.95428432707692, 7.106938953424658 ], [ -72.954012282769227, 7.106938953424658 ], [ -72.954012282769227, 7.107207950684931 ], [ -72.953740238461535, 7.107207950684931 ], [ -72.953740238461535, 7.10640095890411 ] ] ], [ [ [ -72.951291839692317, 7.106669956164384 ], [ -72.951563884, 7.106669956164384 ], [ -72.951563884, 7.106938953424658 ], [ -72.951291839692317, 7.106938953424658 ], [ -72.951291839692317, 7.106669956164384 ] ] ], [ [ [ -72.952380016923087, 7.107207950684931 ], [ -72.952380016923087, 7.107476947945206 ], [ -72.952107972615394, 7.107476947945206 ], [ -72.952107972615394, 7.107207950684931 ], [ -72.952380016923087, 7.107207950684931 ] ] ], [ [ [ -72.951835928307702, 7.10774594520548 ], [ -72.951835928307702, 7.107476947945206 ], [ -72.952107972615394, 7.107476947945206 ], [ -72.952107972615394, 7.10774594520548 ], [ -72.951835928307702, 7.10774594520548 ] ] ], [ [ [ -72.972511295692314, 7.10774594520548 ], [ -72.972511295692314, 7.107476947945206 ], [ -72.97278334, 7.107476947945206 ], [ -72.97278334, 7.10774594520548 ], [ -72.972511295692314, 7.10774594520548 ] ] ], [ [ [ -72.958637036, 7.107476947945206 ], [ -72.958909080307691, 7.107476947945206 ], [ -72.958909080307691, 7.10774594520548 ], [ -72.958637036, 7.10774594520548 ], [ -72.958637036, 7.107476947945206 ] ] ], [ [ [ -72.95428432707692, 7.107476947945206 ], [ -72.954828415692305, 7.107476947945206 ], [ -72.954828415692305, 7.10774594520548 ], [ -72.95428432707692, 7.10774594520548 ], [ -72.95428432707692, 7.107476947945206 ] ] ], [ [ [ -72.95319614984615, 7.107207950684931 ], [ -72.95319614984615, 7.107476947945206 ], [ -72.954012282769227, 7.107476947945206 ], [ -72.954012282769227, 7.10774594520548 ], [ -72.952924105538457, 7.10774594520548 ], [ -72.952924105538457, 7.108014942465753 ], [ -72.952380016923087, 7.108014942465753 ], [ -72.952380016923087, 7.108283939726028 ], [ -72.951835928307702, 7.108283939726028 ], [ -72.951835928307702, 7.108014942465753 ], [ -72.952107972615394, 7.108014942465753 ], [ -72.952107972615394, 7.10774594520548 ], [ -72.952652061230779, 7.10774594520548 ], [ -72.952652061230779, 7.107476947945206 ], [ -72.952924105538457, 7.107476947945206 ], [ -72.952924105538457, 7.107207950684931 ], [ -72.95319614984615, 7.107207950684931 ] ] ], [ [ [ -72.958092947384614, 7.107476947945206 ], [ -72.958364991692306, 7.107476947945206 ], [ -72.958364991692306, 7.108014942465753 ], [ -72.958092947384614, 7.108014942465753 ], [ -72.958092947384614, 7.107476947945206 ] ] ], [ [ [ -72.973327428615391, 7.10774594520548 ], [ -72.973599472923084, 7.10774594520548 ], [ -72.973599472923084, 7.108014942465753 ], [ -72.973327428615391, 7.108014942465753 ], [ -72.973327428615391, 7.10774594520548 ] ] ], [ [ [ -72.957276814461537, 7.108014942465753 ], [ -72.957276814461537, 7.10774594520548 ], [ -72.957820903076922, 7.10774594520548 ], [ -72.957820903076922, 7.108014942465753 ], [ -72.957276814461537, 7.108014942465753 ] ] ], [ [ [ -72.951835928307702, 7.108552936986301 ], [ -72.951835928307702, 7.108821934246576 ], [ -72.951563884, 7.108821934246576 ], [ -72.951563884, 7.108552936986301 ], [ -72.951835928307702, 7.108552936986301 ] ] ], [ [ [ -72.951291839692317, 7.10909093150685 ], [ -72.951291839692317, 7.108821934246576 ], [ -72.951563884, 7.108821934246576 ], [ -72.951563884, 7.10909093150685 ], [ -72.951291839692317, 7.10909093150685 ] ] ], [ [ [ -72.955916592923074, 7.109359928767123 ], [ -72.955916592923074, 7.10909093150685 ], [ -72.956188637230767, 7.10909093150685 ], [ -72.956188637230767, 7.109359928767123 ], [ -72.955916592923074, 7.109359928767123 ] ] ], [ [ [ -72.953468194153842, 7.10909093150685 ], [ -72.953740238461535, 7.10909093150685 ], [ -72.953740238461535, 7.109359928767123 ], [ -72.953468194153842, 7.109359928767123 ], [ -72.953468194153842, 7.10909093150685 ] ] ], [ [ [ -72.953740238461535, 7.109628926027398 ], [ -72.954012282769227, 7.109628926027398 ], [ -72.954012282769227, 7.109897923287671 ], [ -72.953740238461535, 7.109897923287671 ], [ -72.953740238461535, 7.109628926027398 ] ] ], [ [ [ -72.955372504307689, 7.110166920547946 ], [ -72.955372504307689, 7.109628926027398 ], [ -72.955644548615382, 7.109628926027398 ], [ -72.955644548615382, 7.110166920547946 ], [ -72.955372504307689, 7.110166920547946 ] ] ], [ [ [ -72.973599472923084, 7.110166920547946 ], [ -72.973871517230776, 7.110166920547946 ], [ -72.973871517230776, 7.110435917808219 ], [ -72.973599472923084, 7.110435917808219 ], [ -72.973599472923084, 7.110166920547946 ] ] ], [ [ [ -72.95319614984615, 7.110166920547946 ], [ -72.953468194153842, 7.110166920547946 ], [ -72.953468194153842, 7.110435917808219 ], [ -72.95319614984615, 7.110435917808219 ], [ -72.95319614984615, 7.110166920547946 ] ] ], [ [ [ -72.973871517230776, 7.110704915068493 ], [ -72.973871517230776, 7.110435917808219 ], [ -72.974143561538469, 7.110435917808219 ], [ -72.974143561538469, 7.110704915068493 ], [ -72.973871517230776, 7.110704915068493 ] ] ], [ [ [ -72.973055384307699, 7.110704915068493 ], [ -72.973327428615391, 7.110704915068493 ], [ -72.973327428615391, 7.110973912328768 ], [ -72.973055384307699, 7.110973912328768 ], [ -72.973055384307699, 7.110704915068493 ] ] ], [ [ [ -72.95510046, 7.110704915068493 ], [ -72.955372504307689, 7.110704915068493 ], [ -72.955372504307689, 7.110973912328768 ], [ -72.95510046, 7.110973912328768 ], [ -72.95510046, 7.110704915068493 ] ] ], [ [ [ -72.95428432707692, 7.110973912328768 ], [ -72.95428432707692, 7.111242909589041 ], [ -72.954012282769227, 7.111242909589041 ], [ -72.954012282769227, 7.111511906849316 ], [ -72.953468194153842, 7.111511906849316 ], [ -72.953468194153842, 7.110973912328768 ], [ -72.95428432707692, 7.110973912328768 ] ] ], [ [ [ -72.952107972615394, 7.111242909589041 ], [ -72.952380016923087, 7.111242909589041 ], [ -72.952380016923087, 7.111511906849316 ], [ -72.952107972615394, 7.111511906849316 ], [ -72.952107972615394, 7.111242909589041 ] ] ], [ [ [ -72.977136048923072, 7.110973912328768 ], [ -72.977408093230764, 7.110973912328768 ], [ -72.977408093230764, 7.111780904109589 ], [ -72.977136048923072, 7.111780904109589 ], [ -72.977136048923072, 7.110973912328768 ] ] ], [ [ [ -72.980128536307689, 7.111511906849316 ], [ -72.979856492, 7.111511906849316 ], [ -72.979856492, 7.111780904109589 ], [ -72.979584447692304, 7.111780904109589 ], [ -72.979584447692304, 7.111242909589041 ], [ -72.980128536307689, 7.111242909589041 ], [ -72.980128536307689, 7.111511906849316 ] ] ], [ [ [ -72.978768314769226, 7.111242909589041 ], [ -72.979312403384611, 7.111242909589041 ], [ -72.979312403384611, 7.111780904109589 ], [ -72.979040359076919, 7.111780904109589 ], [ -72.979040359076919, 7.111511906849316 ], [ -72.978768314769226, 7.111511906849316 ], [ -72.978768314769226, 7.111242909589041 ] ] ], [ [ [ -72.951835928307702, 7.111511906849316 ], [ -72.952107972615394, 7.111511906849316 ], [ -72.952107972615394, 7.111780904109589 ], [ -72.951835928307702, 7.111780904109589 ], [ -72.951835928307702, 7.111511906849316 ] ] ], [ [ [ -72.951291839692317, 7.111511906849316 ], [ -72.951563884, 7.111511906849316 ], [ -72.951563884, 7.111780904109589 ], [ -72.951291839692317, 7.111780904109589 ], [ -72.951291839692317, 7.111511906849316 ] ] ], [ [ [ -72.95428432707692, 7.111780904109589 ], [ -72.95428432707692, 7.111511906849316 ], [ -72.954556371384612, 7.111511906849316 ], [ -72.954556371384612, 7.111780904109589 ], [ -72.95428432707692, 7.111780904109589 ] ] ], [ [ [ -72.972239251384622, 7.112049901369863 ], [ -72.971967207076929, 7.112049901369863 ], [ -72.971967207076929, 7.112318898630138 ], [ -72.971695162769237, 7.112318898630138 ], [ -72.971695162769237, 7.111780904109589 ], [ -72.971423118461544, 7.111780904109589 ], [ -72.971423118461544, 7.111511906849316 ], [ -72.971967207076929, 7.111511906849316 ], [ -72.971967207076929, 7.111242909589041 ], [ -72.972511295692314, 7.111242909589041 ], [ -72.972511295692314, 7.111511906849316 ], [ -72.972239251384622, 7.111511906849316 ], [ -72.972239251384622, 7.112049901369863 ] ] ], [ [ [ -72.972511295692314, 7.111780904109589 ], [ -72.97278334, 7.111780904109589 ], [ -72.97278334, 7.112049901369863 ], [ -72.972511295692314, 7.112049901369863 ], [ -72.972511295692314, 7.111780904109589 ] ] ], [ [ [ -72.978224226153841, 7.112049901369863 ], [ -72.978224226153841, 7.111780904109589 ], [ -72.978496270461534, 7.111780904109589 ], [ -72.978496270461534, 7.112049901369863 ], [ -72.978224226153841, 7.112049901369863 ] ] ], [ [ [ -72.95510046, 7.0827292 ], [ -72.994274840307696, 7.0827292 ], [ -72.994274840307696, 7.082998197260274 ], [ -72.994546884615389, 7.082998197260274 ], [ -72.994546884615389, 7.0827292 ], [ -73.0081491, 7.0827292 ], [ -73.0081491, 7.1416396 ], [ -72.971423118461544, 7.1416396 ], [ -72.971423118461544, 7.141370602739727 ], [ -72.971151074153852, 7.141370602739727 ], [ -72.971151074153852, 7.1416396 ], [ -72.959453168923076, 7.1416396 ], [ -72.959453168923076, 7.141370602739727 ], [ -72.959181124615384, 7.141370602739727 ], [ -72.959181124615384, 7.1416396 ], [ -72.956460681538459, 7.1416396 ], [ -72.956460681538459, 7.141370602739727 ], [ -72.956188637230767, 7.141370602739727 ], [ -72.956188637230767, 7.1416396 ], [ -72.948027308, 7.1416396 ], [ -72.948027308, 7.141370602739727 ], [ -72.9482993523077, 7.141370602739727 ], [ -72.9482993523077, 7.141101605479452 ], [ -72.948571396615392, 7.141101605479452 ], [ -72.948571396615392, 7.140563610958904 ], [ -72.9482993523077, 7.140563610958904 ], [ -72.9482993523077, 7.140025616438357 ], [ -72.948027308, 7.140025616438357 ], [ -72.948027308, 7.14029461369863 ], [ -72.946939130769238, 7.14029461369863 ], [ -72.946939130769238, 7.140563610958904 ], [ -72.946667086461545, 7.140563610958904 ], [ -72.946667086461545, 7.140025616438357 ], [ -72.94612299784616, 7.140025616438357 ], [ -72.94612299784616, 7.139218624657535 ], [ -72.945850953538468, 7.139218624657535 ], [ -72.945850953538468, 7.138680630136987 ], [ -72.945578909230775, 7.138680630136987 ], [ -72.945578909230775, 7.138411632876712 ], [ -72.945306864923083, 7.138411632876712 ], [ -72.945306864923083, 7.138142635616439 ], [ -72.944762776307698, 7.138142635616439 ], [ -72.944762776307698, 7.137873638356165 ], [ -72.945306864923083, 7.137873638356165 ], [ -72.945306864923083, 7.137604641095891 ], [ -72.945578909230775, 7.137604641095891 ], [ -72.945578909230775, 7.137335643835617 ], [ -72.945850953538468, 7.137335643835617 ], [ -72.945850953538468, 7.137604641095891 ], [ -72.94612299784616, 7.137604641095891 ], [ -72.94612299784616, 7.136528652054795 ], [ -72.946395042153853, 7.136528652054795 ], [ -72.946395042153853, 7.136259654794521 ], [ -72.946667086461545, 7.136259654794521 ], [ -72.946667086461545, 7.136797649315069 ], [ -72.946939130769238, 7.136797649315069 ], [ -72.946939130769238, 7.136528652054795 ], [ -72.947755263692315, 7.136528652054795 ], [ -72.947755263692315, 7.136797649315069 ], [ -72.9482993523077, 7.136797649315069 ], [ -72.9482993523077, 7.137066646575343 ], [ -72.94938752953847, 7.137066646575343 ], [ -72.94938752953847, 7.136528652054795 ], [ -72.949931618153855, 7.136528652054795 ], [ -72.949931618153855, 7.136259654794521 ], [ -72.950203662461547, 7.136259654794521 ], [ -72.950203662461547, 7.136797649315069 ], [ -72.950747751076932, 7.136797649315069 ], [ -72.950747751076932, 7.136259654794521 ], [ -72.95047570676924, 7.136259654794521 ], [ -72.95047570676924, 7.135990657534247 ], [ -72.949931618153855, 7.135990657534247 ], [ -72.949931618153855, 7.135452663013699 ], [ -72.94938752953847, 7.135452663013699 ], [ -72.94938752953847, 7.135183665753425 ], [ -72.949115485230777, 7.135183665753425 ], [ -72.949115485230777, 7.135452663013699 ], [ -72.948843440923085, 7.135452663013699 ], [ -72.948843440923085, 7.134914668493151 ], [ -72.94938752953847, 7.134914668493151 ], [ -72.94938752953847, 7.133838679452055 ], [ -72.949931618153855, 7.133838679452055 ], [ -72.949931618153855, 7.133569682191781 ], [ -72.949659573846162, 7.133569682191781 ], [ -72.949659573846162, 7.133300684931507 ], [ -72.94938752953847, 7.133300684931507 ], [ -72.94938752953847, 7.132762690410959 ], [ -72.949115485230777, 7.132762690410959 ], [ -72.949115485230777, 7.132493693150685 ], [ -72.949659573846162, 7.132493693150685 ], [ -72.949659573846162, 7.132762690410959 ], [ -72.949931618153855, 7.132762690410959 ], [ -72.949931618153855, 7.131955698630137 ], [ -72.949659573846162, 7.131955698630137 ], [ -72.949659573846162, 7.131686701369864 ], [ -72.948843440923085, 7.131686701369864 ], [ -72.948843440923085, 7.131955698630137 ], [ -72.948571396615392, 7.131955698630137 ], [ -72.948571396615392, 7.131417704109589 ], [ -72.94938752953847, 7.131417704109589 ], [ -72.94938752953847, 7.130610712328767 ], [ -72.949659573846162, 7.130610712328767 ], [ -72.949659573846162, 7.131148706849316 ], [ -72.949931618153855, 7.131148706849316 ], [ -72.949931618153855, 7.130879709589041 ], [ -72.950203662461547, 7.130879709589041 ], [ -72.950203662461547, 7.131148706849316 ], [ -72.95047570676924, 7.131148706849316 ], [ -72.95047570676924, 7.130610712328767 ], [ -72.950203662461547, 7.130610712328767 ], [ -72.950203662461547, 7.129534723287672 ], [ -72.949931618153855, 7.129534723287672 ], [ -72.949931618153855, 7.128996728767124 ], [ -72.950203662461547, 7.128996728767124 ], [ -72.950203662461547, 7.128727731506849 ], [ -72.949931618153855, 7.128727731506849 ], [ -72.949931618153855, 7.127651742465754 ], [ -72.950203662461547, 7.127651742465754 ], [ -72.950203662461547, 7.126844750684932 ], [ -72.949659573846162, 7.126844750684932 ], [ -72.949659573846162, 7.126306756164384 ], [ -72.94938752953847, 7.126306756164384 ], [ -72.94938752953847, 7.12603775890411 ], [ -72.949659573846162, 7.12603775890411 ], [ -72.949659573846162, 7.125499764383562 ], [ -72.949931618153855, 7.125499764383562 ], [ -72.949931618153855, 7.125768761643836 ], [ -72.95047570676924, 7.125768761643836 ], [ -72.95047570676924, 7.125499764383562 ], [ -72.950203662461547, 7.125499764383562 ], [ -72.950203662461547, 7.123885780821918 ], [ -72.949931618153855, 7.123885780821918 ], [ -72.949931618153855, 7.123347786301371 ], [ -72.950203662461547, 7.123347786301371 ], [ -72.950203662461547, 7.123616783561644 ], [ -72.950747751076932, 7.123616783561644 ], [ -72.950747751076932, 7.123347786301371 ], [ -72.951019795384624, 7.123347786301371 ], [ -72.951019795384624, 7.122809791780822 ], [ -72.950747751076932, 7.122809791780822 ], [ -72.950747751076932, 7.1220028 ], [ -72.951019795384624, 7.1220028 ], [ -72.951019795384624, 7.122271797260274 ], [ -72.951291839692317, 7.122271797260274 ], [ -72.951291839692317, 7.121464805479452 ], [ -72.951835928307702, 7.121464805479452 ], [ -72.951835928307702, 7.121195808219179 ], [ -72.951291839692317, 7.121195808219179 ], [ -72.951291839692317, 7.120657813698631 ], [ -72.951563884, 7.120657813698631 ], [ -72.951563884, 7.120926810958904 ], [ -72.952380016923087, 7.120926810958904 ], [ -72.952380016923087, 7.120657813698631 ], [ -72.952924105538457, 7.120657813698631 ], [ -72.952924105538457, 7.120926810958904 ], [ -72.95319614984615, 7.120926810958904 ], [ -72.95319614984615, 7.120388816438356 ], [ -72.953468194153842, 7.120388816438356 ], [ -72.953468194153842, 7.120119819178083 ], [ -72.95319614984615, 7.120119819178083 ], [ -72.95319614984615, 7.118774832876713 ], [ -72.952924105538457, 7.118774832876713 ], [ -72.952924105538457, 7.119581824657534 ], [ -72.952380016923087, 7.119581824657534 ], [ -72.952380016923087, 7.120119819178083 ], [ -72.952107972615394, 7.120119819178083 ], [ -72.952107972615394, 7.119581824657534 ], [ -72.951835928307702, 7.119581824657534 ], [ -72.951835928307702, 7.119043830136986 ], [ -72.950747751076932, 7.119043830136986 ], [ -72.950747751076932, 7.118774832876713 ], [ -72.951291839692317, 7.118774832876713 ], [ -72.951291839692317, 7.118505835616439 ], [ -72.950747751076932, 7.118505835616439 ], [ -72.950747751076932, 7.118236838356164 ], [ -72.950203662461547, 7.118236838356164 ], [ -72.950203662461547, 7.117967841095891 ], [ -72.95047570676924, 7.117967841095891 ], [ -72.95047570676924, 7.117698843835616 ], [ -72.950747751076932, 7.117698843835616 ], [ -72.950747751076932, 7.117429846575343 ], [ -72.951291839692317, 7.117429846575343 ], [ -72.951291839692317, 7.117698843835616 ], [ -72.952107972615394, 7.117698843835616 ], [ -72.952107972615394, 7.117967841095891 ], [ -72.952380016923087, 7.117967841095891 ], [ -72.952380016923087, 7.117698843835616 ], [ -72.952652061230779, 7.117698843835616 ], [ -72.952652061230779, 7.116891852054795 ], [ -72.952924105538457, 7.116891852054795 ], [ -72.952924105538457, 7.116622854794521 ], [ -72.95319614984615, 7.116622854794521 ], [ -72.95319614984615, 7.115815863013699 ], [ -72.953468194153842, 7.115815863013699 ], [ -72.953468194153842, 7.116353857534247 ], [ -72.953740238461535, 7.116353857534247 ], [ -72.953740238461535, 7.116622854794521 ], [ -72.954012282769227, 7.116622854794521 ], [ -72.954012282769227, 7.117429846575343 ], [ -72.95428432707692, 7.117429846575343 ], [ -72.95428432707692, 7.116891852054795 ], [ -72.954828415692305, 7.116891852054795 ], [ -72.954828415692305, 7.117160849315069 ], [ -72.95510046, 7.117160849315069 ], [ -72.95510046, 7.116891852054795 ], [ -72.955644548615382, 7.116891852054795 ], [ -72.955644548615382, 7.116622854794521 ], [ -72.955916592923074, 7.116622854794521 ], [ -72.955916592923074, 7.115815863013699 ], [ -72.955644548615382, 7.115815863013699 ], [ -72.955644548615382, 7.116084860273973 ], [ -72.95510046, 7.116084860273973 ], [ -72.95510046, 7.116353857534247 ], [ -72.954828415692305, 7.116353857534247 ], [ -72.954828415692305, 7.115815863013699 ], [ -72.95510046, 7.115815863013699 ], [ -72.95510046, 7.115277868493151 ], [ -72.954828415692305, 7.115277868493151 ], [ -72.954828415692305, 7.115546865753425 ], [ -72.954556371384612, 7.115546865753425 ], [ -72.954556371384612, 7.115277868493151 ], [ -72.95428432707692, 7.115277868493151 ], [ -72.95428432707692, 7.115546865753425 ], [ -72.954012282769227, 7.115546865753425 ], [ -72.954012282769227, 7.115815863013699 ], [ -72.953740238461535, 7.115815863013699 ], [ -72.953740238461535, 7.115546865753425 ], [ -72.95319614984615, 7.115546865753425 ], [ -72.95319614984615, 7.115277868493151 ], [ -72.953468194153842, 7.115277868493151 ], [ -72.953468194153842, 7.115008871232877 ], [ -72.954012282769227, 7.115008871232877 ], [ -72.954012282769227, 7.114470876712329 ], [ -72.95428432707692, 7.114470876712329 ], [ -72.95428432707692, 7.114201879452055 ], [ -72.954012282769227, 7.114201879452055 ], [ -72.954012282769227, 7.113932882191781 ], [ -72.95428432707692, 7.113932882191781 ], [ -72.95428432707692, 7.113663884931507 ], [ -72.954556371384612, 7.113663884931507 ], [ -72.954556371384612, 7.113394887671233 ], [ -72.95428432707692, 7.113394887671233 ], [ -72.95428432707692, 7.113125890410959 ], [ -72.954556371384612, 7.113125890410959 ], [ -72.954556371384612, 7.112587895890411 ], [ -72.95510046, 7.112587895890411 ], [ -72.95510046, 7.112318898630138 ], [ -72.955372504307689, 7.112318898630138 ], [ -72.955372504307689, 7.112587895890411 ], [ -72.955644548615382, 7.112587895890411 ], [ -72.955644548615382, 7.113125890410959 ], [ -72.955916592923074, 7.113125890410959 ], [ -72.955916592923074, 7.112856893150685 ], [ -72.956188637230767, 7.112856893150685 ], [ -72.956188637230767, 7.111780904109589 ], [ -72.956460681538459, 7.111780904109589 ], [ -72.956460681538459, 7.111511906849316 ], [ -72.955916592923074, 7.111511906849316 ], [ -72.955916592923074, 7.110704915068493 ], [ -72.956188637230767, 7.110704915068493 ], [ -72.956188637230767, 7.110435917808219 ], [ -72.956460681538459, 7.110435917808219 ], [ -72.956460681538459, 7.110166920547946 ], [ -72.957004770153844, 7.110166920547946 ], [ -72.957004770153844, 7.109628926027398 ], [ -72.957276814461537, 7.109628926027398 ], [ -72.957276814461537, 7.109359928767123 ], [ -72.957004770153844, 7.109359928767123 ], [ -72.957004770153844, 7.10909093150685 ], [ -72.957276814461537, 7.10909093150685 ], [ -72.957276814461537, 7.108821934246576 ], [ -72.958092947384614, 7.108821934246576 ], [ -72.958092947384614, 7.108552936986301 ], [ -72.958637036, 7.108552936986301 ], [ -72.958637036, 7.108283939726028 ], [ -72.958364991692306, 7.108283939726028 ], [ -72.958364991692306, 7.108014942465753 ], [ -72.958909080307691, 7.108014942465753 ], [ -72.958909080307691, 7.10774594520548 ], [ -72.959181124615384, 7.10774594520548 ], [ -72.959181124615384, 7.106938953424658 ], [ -72.959725213230769, 7.106938953424658 ], [ -72.959725213230769, 7.107476947945206 ], [ -72.960813390461539, 7.107476947945206 ], [ -72.960813390461539, 7.108014942465753 ], [ -72.961085434769231, 7.108014942465753 ], [ -72.961085434769231, 7.107476947945206 ], [ -72.961357479076923, 7.107476947945206 ], [ -72.961357479076923, 7.10640095890411 ], [ -72.959997257538461, 7.10640095890411 ], [ -72.959997257538461, 7.106669956164384 ], [ -72.959453168923076, 7.106669956164384 ], [ -72.959453168923076, 7.10640095890411 ], [ -72.959181124615384, 7.10640095890411 ], [ -72.959181124615384, 7.106669956164384 ], [ -72.958909080307691, 7.106669956164384 ], [ -72.958909080307691, 7.106938953424658 ], [ -72.958092947384614, 7.106938953424658 ], [ -72.958092947384614, 7.106669956164384 ], [ -72.957548858769229, 7.106669956164384 ], [ -72.957548858769229, 7.10640095890411 ], [ -72.957004770153844, 7.10640095890411 ], [ -72.957004770153844, 7.106669956164384 ], [ -72.956732725846152, 7.106669956164384 ], [ -72.956732725846152, 7.10640095890411 ], [ -72.956188637230767, 7.10640095890411 ], [ -72.956188637230767, 7.106669956164384 ], [ -72.955916592923074, 7.106669956164384 ], [ -72.955916592923074, 7.106938953424658 ], [ -72.956188637230767, 7.106938953424658 ], [ -72.956188637230767, 7.107207950684931 ], [ -72.955644548615382, 7.107207950684931 ], [ -72.955644548615382, 7.107476947945206 ], [ -72.95510046, 7.107476947945206 ], [ -72.95510046, 7.106669956164384 ], [ -72.954828415692305, 7.106669956164384 ], [ -72.954828415692305, 7.106131961643836 ], [ -72.95510046, 7.106131961643836 ], [ -72.95510046, 7.105862964383562 ], [ -72.954556371384612, 7.105862964383562 ], [ -72.954556371384612, 7.105593967123288 ], [ -72.954828415692305, 7.105593967123288 ], [ -72.954828415692305, 7.105324969863014 ], [ -72.95428432707692, 7.105324969863014 ], [ -72.95428432707692, 7.105593967123288 ], [ -72.953740238461535, 7.105593967123288 ], [ -72.953740238461535, 7.105862964383562 ], [ -72.95319614984615, 7.105862964383562 ], [ -72.95319614984615, 7.105593967123288 ], [ -72.953468194153842, 7.105593967123288 ], [ -72.953468194153842, 7.105324969863014 ], [ -72.95319614984615, 7.105324969863014 ], [ -72.95319614984615, 7.10505597260274 ], [ -72.952924105538457, 7.10505597260274 ], [ -72.952924105538457, 7.105324969863014 ], [ -72.952380016923087, 7.105324969863014 ], [ -72.952380016923087, 7.10505597260274 ], [ -72.952652061230779, 7.10505597260274 ], [ -72.952652061230779, 7.104786975342466 ], [ -72.95319614984615, 7.104786975342466 ], [ -72.95319614984615, 7.104517978082192 ], [ -72.953468194153842, 7.104517978082192 ], [ -72.953468194153842, 7.103979983561644 ], [ -72.95319614984615, 7.103979983561644 ], [ -72.95319614984615, 7.10371098630137 ], [ -72.953468194153842, 7.10371098630137 ], [ -72.953468194153842, 7.103172991780822 ], [ -72.952924105538457, 7.103172991780822 ], [ -72.952924105538457, 7.102634997260274 ], [ -72.95319614984615, 7.102634997260274 ], [ -72.95319614984615, 7.102903994520548 ], [ -72.953468194153842, 7.102903994520548 ], [ -72.953468194153842, 7.102634997260274 ], [ -72.953740238461535, 7.102634997260274 ], [ -72.953740238461535, 7.10371098630137 ], [ -72.95428432707692, 7.10371098630137 ], [ -72.95428432707692, 7.102903994520548 ], [ -72.954556371384612, 7.102903994520548 ], [ -72.954556371384612, 7.102634997260274 ], [ -72.954012282769227, 7.102634997260274 ], [ -72.954012282769227, 7.101828005479453 ], [ -72.953740238461535, 7.101828005479453 ], [ -72.953740238461535, 7.102097002739726 ], [ -72.953468194153842, 7.102097002739726 ], [ -72.953468194153842, 7.102366 ], [ -72.95319614984615, 7.102366 ], [ -72.95319614984615, 7.101828005479453 ], [ -72.953468194153842, 7.101828005479453 ], [ -72.953468194153842, 7.101559008219178 ], [ -72.953740238461535, 7.101559008219178 ], [ -72.953740238461535, 7.101290010958905 ], [ -72.953468194153842, 7.101290010958905 ], [ -72.953468194153842, 7.100752016438356 ], [ -72.952924105538457, 7.100752016438356 ], [ -72.952924105538457, 7.100214021917808 ], [ -72.95319614984615, 7.100214021917808 ], [ -72.95319614984615, 7.100483019178083 ], [ -72.953468194153842, 7.100483019178083 ], [ -72.953468194153842, 7.100214021917808 ], [ -72.953740238461535, 7.100214021917808 ], [ -72.953740238461535, 7.100752016438356 ], [ -72.95428432707692, 7.100752016438356 ], [ -72.95428432707692, 7.100483019178083 ], [ -72.954012282769227, 7.100483019178083 ], [ -72.954012282769227, 7.100214021917808 ], [ -72.954828415692305, 7.100214021917808 ], [ -72.954828415692305, 7.099945024657535 ], [ -72.95510046, 7.099945024657535 ], [ -72.95510046, 7.09967602739726 ], [ -72.955372504307689, 7.09967602739726 ], [ -72.955372504307689, 7.099407030136986 ], [ -72.95510046, 7.099407030136986 ], [ -72.95510046, 7.099138032876713 ], [ -72.955372504307689, 7.099138032876713 ], [ -72.955372504307689, 7.098869035616438 ], [ -72.95510046, 7.098869035616438 ], [ -72.95510046, 7.098600038356165 ], [ -72.954556371384612, 7.098600038356165 ], [ -72.954556371384612, 7.09967602739726 ], [ -72.95428432707692, 7.09967602739726 ], [ -72.95428432707692, 7.099407030136986 ], [ -72.953740238461535, 7.099407030136986 ], [ -72.953740238461535, 7.098600038356165 ], [ -72.953468194153842, 7.098600038356165 ], [ -72.953468194153842, 7.098062043835617 ], [ -72.95319614984615, 7.098062043835617 ], [ -72.95319614984615, 7.097524049315068 ], [ -72.953468194153842, 7.097524049315068 ], [ -72.953468194153842, 7.096986054794521 ], [ -72.95428432707692, 7.096986054794521 ], [ -72.95428432707692, 7.094834076712329 ], [ -72.953740238461535, 7.094834076712329 ], [ -72.953740238461535, 7.094565079452055 ], [ -72.95319614984615, 7.094565079452055 ], [ -72.95319614984615, 7.094834076712329 ], [ -72.952924105538457, 7.094834076712329 ], [ -72.952924105538457, 7.094565079452055 ], [ -72.952380016923087, 7.094565079452055 ], [ -72.952380016923087, 7.094296082191781 ], [ -72.952107972615394, 7.094296082191781 ], [ -72.952107972615394, 7.095103073972603 ], [ -72.952380016923087, 7.095103073972603 ], [ -72.952380016923087, 7.095372071232877 ], [ -72.952652061230779, 7.095372071232877 ], [ -72.952652061230779, 7.096717057534247 ], [ -72.952924105538457, 7.096717057534247 ], [ -72.952924105538457, 7.096986054794521 ], [ -72.952652061230779, 7.096986054794521 ], [ -72.952652061230779, 7.097255052054795 ], [ -72.952380016923087, 7.097255052054795 ], [ -72.952380016923087, 7.096986054794521 ], [ -72.951563884, 7.096986054794521 ], [ -72.951563884, 7.096717057534247 ], [ -72.951291839692317, 7.096717057534247 ], [ -72.951291839692317, 7.096179063013698 ], [ -72.951563884, 7.096179063013698 ], [ -72.951563884, 7.095910065753425 ], [ -72.951019795384624, 7.095910065753425 ], [ -72.951019795384624, 7.095641068493151 ], [ -72.950747751076932, 7.095641068493151 ], [ -72.950747751076932, 7.095910065753425 ], [ -72.949931618153855, 7.095910065753425 ], [ -72.949931618153855, 7.095641068493151 ], [ -72.950203662461547, 7.095641068493151 ], [ -72.950203662461547, 7.095103073972603 ], [ -72.949931618153855, 7.095103073972603 ], [ -72.949931618153855, 7.094834076712329 ], [ -72.949659573846162, 7.094834076712329 ], [ -72.949659573846162, 7.094565079452055 ], [ -72.949931618153855, 7.094565079452055 ], [ -72.949931618153855, 7.094296082191781 ], [ -72.950203662461547, 7.094296082191781 ], [ -72.950203662461547, 7.093758087671233 ], [ -72.95047570676924, 7.093758087671233 ], [ -72.95047570676924, 7.093220093150685 ], [ -72.950203662461547, 7.093220093150685 ], [ -72.950203662461547, 7.092682098630137 ], [ -72.949931618153855, 7.092682098630137 ], [ -72.949931618153855, 7.092413101369863 ], [ -72.949659573846162, 7.092413101369863 ], [ -72.949659573846162, 7.09214410410959 ], [ -72.949115485230777, 7.09214410410959 ], [ -72.949115485230777, 7.091606109589041 ], [ -72.948843440923085, 7.091606109589041 ], [ -72.948843440923085, 7.091337112328767 ], [ -72.948571396615392, 7.091337112328767 ], [ -72.948571396615392, 7.091606109589041 ], [ -72.9482993523077, 7.091606109589041 ], [ -72.9482993523077, 7.091337112328767 ], [ -72.948027308, 7.091337112328767 ], [ -72.948027308, 7.091068115068493 ], [ -72.9482993523077, 7.091068115068493 ], [ -72.9482993523077, 7.09079911780822 ], [ -72.947483219384623, 7.09079911780822 ], [ -72.947483219384623, 7.091068115068493 ], [ -72.94721117507693, 7.091068115068493 ], [ -72.94721117507693, 7.091337112328767 ], [ -72.946395042153853, 7.091337112328767 ], [ -72.946395042153853, 7.09079911780822 ], [ -72.94612299784616, 7.09079911780822 ], [ -72.94612299784616, 7.090261123287672 ], [ -72.946667086461545, 7.090261123287672 ], [ -72.946667086461545, 7.08945413150685 ], [ -72.946395042153853, 7.08945413150685 ], [ -72.946395042153853, 7.089185134246575 ], [ -72.946939130769238, 7.089185134246575 ], [ -72.946939130769238, 7.08945413150685 ], [ -72.94721117507693, 7.08945413150685 ], [ -72.94721117507693, 7.088647139726028 ], [ -72.947483219384623, 7.088647139726028 ], [ -72.947483219384623, 7.089723128767123 ], [ -72.948027308, 7.089723128767123 ], [ -72.948027308, 7.089992126027397 ], [ -72.9482993523077, 7.089992126027397 ], [ -72.9482993523077, 7.090261123287672 ], [ -72.948843440923085, 7.090261123287672 ], [ -72.948843440923085, 7.09079911780822 ], [ -72.949659573846162, 7.09079911780822 ], [ -72.949659573846162, 7.090261123287672 ], [ -72.949931618153855, 7.090261123287672 ], [ -72.949931618153855, 7.089992126027397 ], [ -72.950203662461547, 7.089992126027397 ], [ -72.950203662461547, 7.089723128767123 ], [ -72.949931618153855, 7.089723128767123 ], [ -72.949931618153855, 7.08945413150685 ], [ -72.950203662461547, 7.08945413150685 ], [ -72.950203662461547, 7.088647139726028 ], [ -72.949931618153855, 7.088647139726028 ], [ -72.949931618153855, 7.088378142465753 ], [ -72.949659573846162, 7.088378142465753 ], [ -72.949659573846162, 7.088647139726028 ], [ -72.9482993523077, 7.088647139726028 ], [ -72.9482993523077, 7.088378142465753 ], [ -72.948571396615392, 7.088378142465753 ], [ -72.948571396615392, 7.08810914520548 ], [ -72.9482993523077, 7.08810914520548 ], [ -72.9482993523077, 7.087571150684932 ], [ -72.948571396615392, 7.087571150684932 ], [ -72.948571396615392, 7.087033156164384 ], [ -72.948027308, 7.087033156164384 ], [ -72.948027308, 7.08676415890411 ], [ -72.9482993523077, 7.08676415890411 ], [ -72.9482993523077, 7.086495161643835 ], [ -72.948571396615392, 7.086495161643835 ], [ -72.948571396615392, 7.08676415890411 ], [ -72.948843440923085, 7.08676415890411 ], [ -72.948843440923085, 7.086495161643835 ], [ -72.949115485230777, 7.086495161643835 ], [ -72.949115485230777, 7.086226164383562 ], [ -72.948571396615392, 7.086226164383562 ], [ -72.948571396615392, 7.085957167123288 ], [ -72.9482993523077, 7.085957167123288 ], [ -72.9482993523077, 7.086226164383562 ], [ -72.947483219384623, 7.086226164383562 ], [ -72.947483219384623, 7.084881178082192 ], [ -72.946939130769238, 7.084881178082192 ], [ -72.946939130769238, 7.084612180821918 ], [ -72.946395042153853, 7.084612180821918 ], [ -72.946395042153853, 7.084881178082192 ], [ -72.946667086461545, 7.084881178082192 ], [ -72.946667086461545, 7.086226164383562 ], [ -72.946395042153853, 7.086226164383562 ], [ -72.946395042153853, 7.087033156164384 ], [ -72.94612299784616, 7.087033156164384 ], [ -72.94612299784616, 7.087302153424658 ], [ -72.945850953538468, 7.087302153424658 ], [ -72.945850953538468, 7.087571150684932 ], [ -72.945578909230775, 7.087571150684932 ], [ -72.945578909230775, 7.087302153424658 ], [ -72.945306864923083, 7.087302153424658 ], [ -72.945306864923083, 7.087033156164384 ], [ -72.945850953538468, 7.087033156164384 ], [ -72.945850953538468, 7.086495161643835 ], [ -72.945578909230775, 7.086495161643835 ], [ -72.945578909230775, 7.085957167123288 ], [ -72.945306864923083, 7.085957167123288 ], [ -72.945306864923083, 7.08541917260274 ], [ -72.945578909230775, 7.08541917260274 ], [ -72.945578909230775, 7.084881178082192 ], [ -72.944762776307698, 7.084881178082192 ], [ -72.944762776307698, 7.085688169863014 ], [ -72.944490732, 7.085688169863014 ], [ -72.944490732, 7.085957167123288 ], [ -72.944218687692313, 7.085957167123288 ], [ -72.944218687692313, 7.086226164383562 ], [ -72.943946643384621, 7.086226164383562 ], [ -72.943946643384621, 7.08676415890411 ], [ -72.943674599076928, 7.08676415890411 ], [ -72.943674599076928, 7.086495161643835 ], [ -72.943130510461543, 7.086495161643835 ], [ -72.943130510461543, 7.086226164383562 ], [ -72.942586421846158, 7.086226164383562 ], [ -72.942586421846158, 7.085957167123288 ], [ -72.942314377538466, 7.085957167123288 ], [ -72.942314377538466, 7.086226164383562 ], [ -72.942042333230773, 7.086226164383562 ], [ -72.942042333230773, 7.085688169863014 ], [ -72.941498244615389, 7.085688169863014 ], [ -72.941498244615389, 7.084612180821918 ], [ -72.942042333230773, 7.084612180821918 ], [ -72.942042333230773, 7.084343183561644 ], [ -72.941770288923081, 7.084343183561644 ], [ -72.941770288923081, 7.08407418630137 ], [ -72.941498244615389, 7.08407418630137 ], [ -72.941498244615389, 7.0827292 ], [ -72.954012282769227, 7.0827292 ], [ -72.954012282769227, 7.082998197260274 ], [ -72.954556371384612, 7.082998197260274 ], [ -72.954556371384612, 7.0827292 ], [ -72.954828415692305, 7.0827292 ], [ -72.954828415692305, 7.083267194520548 ], [ -72.95510046, 7.083267194520548 ], [ -72.95510046, 7.0827292 ] ], [ [ -72.971151074153852, 7.141101605479452 ], [ -72.970879029846159, 7.141101605479452 ], [ -72.970879029846159, 7.141370602739727 ], [ -72.971151074153852, 7.141370602739727 ], [ -72.971151074153852, 7.141101605479452 ] ], [ [ -72.959181124615384, 7.141101605479452 ], [ -72.958909080307691, 7.141101605479452 ], [ -72.958909080307691, 7.141370602739727 ], [ -72.959181124615384, 7.141370602739727 ], [ -72.959181124615384, 7.141101605479452 ] ], [ [ -72.959453168923076, 7.141101605479452 ], [ -72.959453168923076, 7.140832608219179 ], [ -72.959181124615384, 7.140832608219179 ], [ -72.959181124615384, 7.141101605479452 ], [ -72.959453168923076, 7.141101605479452 ] ], [ [ -72.947483219384623, 7.136797649315069 ], [ -72.947483219384623, 7.137066646575343 ], [ -72.947755263692315, 7.137066646575343 ], [ -72.947755263692315, 7.136797649315069 ], [ -72.947483219384623, 7.136797649315069 ] ], [ [ -72.947755263692315, 7.137335643835617 ], [ -72.948027308, 7.137335643835617 ], [ -72.948027308, 7.137066646575343 ], [ -72.947755263692315, 7.137066646575343 ], [ -72.947755263692315, 7.137335643835617 ] ], [ [ -72.950747751076932, 7.137335643835617 ], [ -72.952107972615394, 7.137335643835617 ], [ -72.952107972615394, 7.137066646575343 ], [ -72.951019795384624, 7.137066646575343 ], [ -72.951019795384624, 7.136797649315069 ], [ -72.950747751076932, 7.136797649315069 ], [ -72.950747751076932, 7.137335643835617 ] ], [ [ -72.952107972615394, 7.119043830136986 ], [ -72.952107972615394, 7.118505835616439 ], [ -72.951835928307702, 7.118505835616439 ], [ -72.951835928307702, 7.119043830136986 ], [ -72.952107972615394, 7.119043830136986 ] ], [ [ -72.956188637230767, 7.113125890410959 ], [ -72.956460681538459, 7.113125890410959 ], [ -72.956460681538459, 7.112856893150685 ], [ -72.956188637230767, 7.112856893150685 ], [ -72.956188637230767, 7.113125890410959 ] ], [ [ -72.956460681538459, 7.113663884931507 ], [ -72.956732725846152, 7.113663884931507 ], [ -72.956732725846152, 7.113394887671233 ], [ -72.957004770153844, 7.113394887671233 ], [ -72.957004770153844, 7.113663884931507 ], [ -72.957276814461537, 7.113663884931507 ], [ -72.957276814461537, 7.113394887671233 ], [ -72.957548858769229, 7.113394887671233 ], [ -72.957548858769229, 7.113125890410959 ], [ -72.957820903076922, 7.113125890410959 ], [ -72.957820903076922, 7.112856893150685 ], [ -72.957548858769229, 7.112856893150685 ], [ -72.957548858769229, 7.112318898630138 ], [ -72.957276814461537, 7.112318898630138 ], [ -72.957276814461537, 7.112587895890411 ], [ -72.957004770153844, 7.112587895890411 ], [ -72.957004770153844, 7.112856893150685 ], [ -72.957276814461537, 7.112856893150685 ], [ -72.957276814461537, 7.113125890410959 ], [ -72.956460681538459, 7.113125890410959 ], [ -72.956460681538459, 7.113663884931507 ] ], [ [ -72.957820903076922, 7.113394887671233 ], [ -72.958092947384614, 7.113394887671233 ], [ -72.958092947384614, 7.113125890410959 ], [ -72.957820903076922, 7.113125890410959 ], [ -72.957820903076922, 7.113394887671233 ] ], [ [ -72.956188637230767, 7.110973912328768 ], [ -72.956460681538459, 7.110973912328768 ], [ -72.956460681538459, 7.111242909589041 ], [ -72.956732725846152, 7.111242909589041 ], [ -72.956732725846152, 7.110704915068493 ], [ -72.956188637230767, 7.110704915068493 ], [ -72.956188637230767, 7.110973912328768 ] ], [ [ -72.959997257538461, 7.106131961643836 ], [ -72.959725213230769, 7.106131961643836 ], [ -72.959725213230769, 7.10640095890411 ], [ -72.959997257538461, 7.10640095890411 ], [ -72.959997257538461, 7.106131961643836 ] ], [ [ -72.959181124615384, 7.106131961643836 ], [ -72.958909080307691, 7.106131961643836 ], [ -72.958909080307691, 7.10640095890411 ], [ -72.959181124615384, 7.10640095890411 ], [ -72.959181124615384, 7.106131961643836 ] ], [ [ -72.958364991692306, 7.10640095890411 ], [ -72.958364991692306, 7.106131961643836 ], [ -72.958637036, 7.106131961643836 ], [ -72.958637036, 7.105862964383562 ], [ -72.958909080307691, 7.105862964383562 ], [ -72.958909080307691, 7.10505597260274 ], [ -72.959453168923076, 7.10505597260274 ], [ -72.959453168923076, 7.104786975342466 ], [ -72.959725213230769, 7.104786975342466 ], [ -72.959725213230769, 7.10371098630137 ], [ -72.959453168923076, 7.10371098630137 ], [ -72.959453168923076, 7.104248980821918 ], [ -72.959181124615384, 7.104248980821918 ], [ -72.959181124615384, 7.104517978082192 ], [ -72.958909080307691, 7.104517978082192 ], [ -72.958909080307691, 7.104786975342466 ], [ -72.958364991692306, 7.104786975342466 ], [ -72.958364991692306, 7.10505597260274 ], [ -72.958092947384614, 7.10505597260274 ], [ -72.958092947384614, 7.104786975342466 ], [ -72.957548858769229, 7.104786975342466 ], [ -72.957548858769229, 7.105324969863014 ], [ -72.957276814461537, 7.105324969863014 ], [ -72.957276814461537, 7.105593967123288 ], [ -72.957820903076922, 7.105593967123288 ], [ -72.957820903076922, 7.105862964383562 ], [ -72.957548858769229, 7.105862964383562 ], [ -72.957548858769229, 7.10640095890411 ], [ -72.958364991692306, 7.10640095890411 ] ], [ [ -72.955372504307689, 7.105324969863014 ], [ -72.955372504307689, 7.104248980821918 ], [ -72.95510046, 7.104248980821918 ], [ -72.95510046, 7.103979983561644 ], [ -72.954828415692305, 7.103979983561644 ], [ -72.954828415692305, 7.103172991780822 ], [ -72.954556371384612, 7.103172991780822 ], [ -72.954556371384612, 7.103979983561644 ], [ -72.954012282769227, 7.103979983561644 ], [ -72.954012282769227, 7.104248980821918 ], [ -72.95428432707692, 7.104248980821918 ], [ -72.95428432707692, 7.104517978082192 ], [ -72.954556371384612, 7.104517978082192 ], [ -72.954556371384612, 7.104786975342466 ], [ -72.95510046, 7.104786975342466 ], [ -72.95510046, 7.10505597260274 ], [ -72.954828415692305, 7.10505597260274 ], [ -72.954828415692305, 7.105324969863014 ], [ -72.955372504307689, 7.105324969863014 ] ], [ [ -72.954012282769227, 7.098600038356165 ], [ -72.954012282769227, 7.098331041095891 ], [ -72.953740238461535, 7.098331041095891 ], [ -72.953740238461535, 7.098600038356165 ], [ -72.954012282769227, 7.098600038356165 ] ], [ [ -72.952652061230779, 7.094296082191781 ], [ -72.952652061230779, 7.094027084931507 ], [ -72.952380016923087, 7.094027084931507 ], [ -72.952380016923087, 7.094296082191781 ], [ -72.952652061230779, 7.094296082191781 ] ], [ [ -72.95047570676924, 7.092682098630137 ], [ -72.95047570676924, 7.092951095890411 ], [ -72.950747751076932, 7.092951095890411 ], [ -72.950747751076932, 7.094027084931507 ], [ -72.951019795384624, 7.094027084931507 ], [ -72.951019795384624, 7.092682098630137 ], [ -72.951563884, 7.092682098630137 ], [ -72.951563884, 7.093220093150685 ], [ -72.951291839692317, 7.093220093150685 ], [ -72.951291839692317, 7.09348909041096 ], [ -72.951563884, 7.09348909041096 ], [ -72.951563884, 7.093758087671233 ], [ -72.951835928307702, 7.093758087671233 ], [ -72.951835928307702, 7.094027084931507 ], [ -72.952107972615394, 7.094027084931507 ], [ -72.952107972615394, 7.093758087671233 ], [ -72.952380016923087, 7.093758087671233 ], [ -72.952380016923087, 7.092951095890411 ], [ -72.952652061230779, 7.092951095890411 ], [ -72.952652061230779, 7.092413101369863 ], [ -72.952380016923087, 7.092413101369863 ], [ -72.952380016923087, 7.091875106849315 ], [ -72.952107972615394, 7.091875106849315 ], [ -72.952107972615394, 7.091606109589041 ], [ -72.951563884, 7.091606109589041 ], [ -72.951563884, 7.091337112328767 ], [ -72.951291839692317, 7.091337112328767 ], [ -72.951291839692317, 7.091875106849315 ], [ -72.951019795384624, 7.091875106849315 ], [ -72.951019795384624, 7.091606109589041 ], [ -72.950747751076932, 7.091606109589041 ], [ -72.950747751076932, 7.091875106849315 ], [ -72.950203662461547, 7.091875106849315 ], [ -72.950203662461547, 7.092682098630137 ], [ -72.95047570676924, 7.092682098630137 ] ], [ [ -72.95047570676924, 7.094027084931507 ], [ -72.95047570676924, 7.094296082191781 ], [ -72.950747751076932, 7.094296082191781 ], [ -72.950747751076932, 7.094027084931507 ], [ -72.95047570676924, 7.094027084931507 ] ], [ [ -72.952652061230779, 7.093220093150685 ], [ -72.952924105538457, 7.093220093150685 ], [ -72.952924105538457, 7.092951095890411 ], [ -72.952652061230779, 7.092951095890411 ], [ -72.952652061230779, 7.093220093150685 ] ], [ [ -72.951835928307702, 7.091337112328767 ], [ -72.951835928307702, 7.091068115068493 ], [ -72.951563884, 7.091068115068493 ], [ -72.951563884, 7.091337112328767 ], [ -72.951835928307702, 7.091337112328767 ] ], [ [ -72.950747751076932, 7.091337112328767 ], [ -72.950203662461547, 7.091337112328767 ], [ -72.950203662461547, 7.091606109589041 ], [ -72.950747751076932, 7.091606109589041 ], [ -72.950747751076932, 7.091337112328767 ] ], [ [ -72.949659573846162, 7.087840147945205 ], [ -72.94938752953847, 7.087840147945205 ], [ -72.94938752953847, 7.088378142465753 ], [ -72.949659573846162, 7.088378142465753 ], [ -72.949659573846162, 7.087840147945205 ] ], [ [ -72.948843440923085, 7.087033156164384 ], [ -72.949115485230777, 7.087033156164384 ], [ -72.949115485230777, 7.08676415890411 ], [ -72.948843440923085, 7.08676415890411 ], [ -72.948843440923085, 7.087033156164384 ] ], [ [ -72.947755263692315, 7.084881178082192 ], [ -72.947755263692315, 7.084612180821918 ], [ -72.947483219384623, 7.084612180821918 ], [ -72.947483219384623, 7.084881178082192 ], [ -72.947755263692315, 7.084881178082192 ] ], [ [ -72.947755263692315, 7.085150175342465 ], [ -72.948027308, 7.085150175342465 ], [ -72.948027308, 7.084881178082192 ], [ -72.947755263692315, 7.084881178082192 ], [ -72.947755263692315, 7.085150175342465 ] ], [ [ -72.944762776307698, 7.084612180821918 ], [ -72.944490732, 7.084612180821918 ], [ -72.944490732, 7.084343183561644 ], [ -72.944218687692313, 7.084343183561644 ], [ -72.944218687692313, 7.084881178082192 ], [ -72.944762776307698, 7.084881178082192 ], [ -72.944762776307698, 7.084612180821918 ] ], [ [ -72.942314377538466, 7.08407418630137 ], [ -72.942314377538466, 7.083805189041096 ], [ -72.942586421846158, 7.083805189041096 ], [ -72.942586421846158, 7.083536191780822 ], [ -72.942042333230773, 7.083536191780822 ], [ -72.942042333230773, 7.083805189041096 ], [ -72.941770288923081, 7.083805189041096 ], [ -72.941770288923081, 7.08407418630137 ], [ -72.942314377538466, 7.08407418630137 ] ], [ [ -72.953468194153842, 7.140563610958904 ], [ -72.953468194153842, 7.140832608219179 ], [ -72.953740238461535, 7.140832608219179 ], [ -72.953740238461535, 7.140563610958904 ], [ -72.953468194153842, 7.140563610958904 ] ], [ [ -72.955644548615382, 7.14029461369863 ], [ -72.955644548615382, 7.140563610958904 ], [ -72.955916592923074, 7.140563610958904 ], [ -72.955916592923074, 7.14029461369863 ], [ -72.955644548615382, 7.14029461369863 ] ], [ [ -72.946939130769238, 7.139756619178082 ], [ -72.946939130769238, 7.140025616438357 ], [ -72.94721117507693, 7.140025616438357 ], [ -72.94721117507693, 7.139756619178082 ], [ -72.947483219384623, 7.139756619178082 ], [ -72.947483219384623, 7.139487621917809 ], [ -72.94721117507693, 7.139487621917809 ], [ -72.94721117507693, 7.138949627397261 ], [ -72.946939130769238, 7.138949627397261 ], [ -72.946939130769238, 7.138680630136987 ], [ -72.946667086461545, 7.138680630136987 ], [ -72.946667086461545, 7.139756619178082 ], [ -72.946939130769238, 7.139756619178082 ] ], [ [ -72.948843440923085, 7.139487621917809 ], [ -72.948843440923085, 7.139756619178082 ], [ -72.949115485230777, 7.139756619178082 ], [ -72.949115485230777, 7.139487621917809 ], [ -72.948843440923085, 7.139487621917809 ] ], [ [ -72.950203662461547, 7.138949627397261 ], [ -72.950203662461547, 7.139218624657535 ], [ -72.950747751076932, 7.139218624657535 ], [ -72.950747751076932, 7.138949627397261 ], [ -72.950203662461547, 7.138949627397261 ] ], [ [ -72.947755263692315, 7.139218624657535 ], [ -72.948027308, 7.139218624657535 ], [ -72.948027308, 7.138949627397261 ], [ -72.947755263692315, 7.138949627397261 ], [ -72.947755263692315, 7.139218624657535 ] ], [ [ -72.9482993523077, 7.138949627397261 ], [ -72.9482993523077, 7.138411632876712 ], [ -72.948571396615392, 7.138411632876712 ], [ -72.948571396615392, 7.137873638356165 ], [ -72.948027308, 7.137873638356165 ], [ -72.948027308, 7.138142635616439 ], [ -72.947755263692315, 7.138142635616439 ], [ -72.947755263692315, 7.138680630136987 ], [ -72.948027308, 7.138680630136987 ], [ -72.948027308, 7.138949627397261 ], [ -72.9482993523077, 7.138949627397261 ] ], [ [ -72.961357479076923, 7.138411632876712 ], [ -72.961357479076923, 7.138680630136987 ], [ -72.961085434769231, 7.138680630136987 ], [ -72.961085434769231, 7.138949627397261 ], [ -72.961629523384616, 7.138949627397261 ], [ -72.961629523384616, 7.138411632876712 ], [ -72.961357479076923, 7.138411632876712 ] ], [ [ -72.961085434769231, 7.138411632876712 ], [ -72.960269301846154, 7.138411632876712 ], [ -72.960269301846154, 7.138949627397261 ], [ -72.960813390461539, 7.138949627397261 ], [ -72.960813390461539, 7.138680630136987 ], [ -72.961085434769231, 7.138680630136987 ], [ -72.961085434769231, 7.138411632876712 ] ], [ [ -72.959181124615384, 7.138411632876712 ], [ -72.959181124615384, 7.138680630136987 ], [ -72.959453168923076, 7.138680630136987 ], [ -72.959453168923076, 7.138411632876712 ], [ -72.959181124615384, 7.138411632876712 ] ], [ [ -72.94938752953847, 7.137873638356165 ], [ -72.94938752953847, 7.138680630136987 ], [ -72.949931618153855, 7.138680630136987 ], [ -72.949931618153855, 7.137604641095891 ], [ -72.949659573846162, 7.137604641095891 ], [ -72.949659573846162, 7.137873638356165 ], [ -72.94938752953847, 7.137873638356165 ] ], [ [ -72.962173612, 7.138142635616439 ], [ -72.962173612, 7.138411632876712 ], [ -72.962445656307693, 7.138411632876712 ], [ -72.962445656307693, 7.137873638356165 ], [ -72.961901567692308, 7.137873638356165 ], [ -72.961901567692308, 7.138142635616439 ], [ -72.962173612, 7.138142635616439 ] ], [ [ -72.951835928307702, 7.138411632876712 ], [ -72.951835928307702, 7.138142635616439 ], [ -72.951563884, 7.138142635616439 ], [ -72.951563884, 7.138411632876712 ], [ -72.951835928307702, 7.138411632876712 ] ], [ [ -72.951563884, 7.137873638356165 ], [ -72.951019795384624, 7.137873638356165 ], [ -72.951019795384624, 7.138411632876712 ], [ -72.951291839692317, 7.138411632876712 ], [ -72.951291839692317, 7.138142635616439 ], [ -72.951563884, 7.138142635616439 ], [ -72.951563884, 7.137873638356165 ] ], [ [ -72.94612299784616, 7.138142635616439 ], [ -72.94612299784616, 7.138411632876712 ], [ -72.946395042153853, 7.138411632876712 ], [ -72.946395042153853, 7.138142635616439 ], [ -72.94612299784616, 7.138142635616439 ] ], [ [ -72.959725213230769, 7.137873638356165 ], [ -72.959725213230769, 7.138142635616439 ], [ -72.960269301846154, 7.138142635616439 ], [ -72.960269301846154, 7.137873638356165 ], [ -72.959725213230769, 7.137873638356165 ] ], [ [ -72.955916592923074, 7.138142635616439 ], [ -72.955916592923074, 7.137873638356165 ], [ -72.955372504307689, 7.137873638356165 ], [ -72.955372504307689, 7.138142635616439 ], [ -72.955916592923074, 7.138142635616439 ] ], [ [ -72.955372504307689, 7.137604641095891 ], [ -72.954828415692305, 7.137604641095891 ], [ -72.954828415692305, 7.137873638356165 ], [ -72.955372504307689, 7.137873638356165 ], [ -72.955372504307689, 7.137604641095891 ] ], [ [ -72.94721117507693, 7.138142635616439 ], [ -72.94721117507693, 7.137604641095891 ], [ -72.946939130769238, 7.137604641095891 ], [ -72.946939130769238, 7.138142635616439 ], [ -72.94721117507693, 7.138142635616439 ] ], [ [ -72.946939130769238, 7.137335643835617 ], [ -72.946667086461545, 7.137335643835617 ], [ -72.946667086461545, 7.137604641095891 ], [ -72.946939130769238, 7.137604641095891 ], [ -72.946939130769238, 7.137335643835617 ] ], [ [ -72.963533833538463, 7.137873638356165 ], [ -72.963533833538463, 7.137604641095891 ], [ -72.963261789230771, 7.137604641095891 ], [ -72.963261789230771, 7.137873638356165 ], [ -72.963533833538463, 7.137873638356165 ] ], [ [ -72.963261789230771, 7.136259654794521 ], [ -72.963533833538463, 7.136259654794521 ], [ -72.963533833538463, 7.135990657534247 ], [ -72.962989744923078, 7.135990657534247 ], [ -72.962989744923078, 7.137604641095891 ], [ -72.963261789230771, 7.137604641095891 ], [ -72.963261789230771, 7.136259654794521 ] ], [ [ -72.947483219384623, 7.137604641095891 ], [ -72.947483219384623, 7.137873638356165 ], [ -72.947755263692315, 7.137873638356165 ], [ -72.947755263692315, 7.137604641095891 ], [ -72.947483219384623, 7.137604641095891 ] ], [ [ -72.958364991692306, 7.137066646575343 ], [ -72.958364991692306, 7.137335643835617 ], [ -72.958909080307691, 7.137335643835617 ], [ -72.958909080307691, 7.137604641095891 ], [ -72.959453168923076, 7.137604641095891 ], [ -72.959453168923076, 7.137335643835617 ], [ -72.959725213230769, 7.137335643835617 ], [ -72.959725213230769, 7.136797649315069 ], [ -72.959453168923076, 7.136797649315069 ], [ -72.959453168923076, 7.137066646575343 ], [ -72.959181124615384, 7.137066646575343 ], [ -72.959181124615384, 7.136797649315069 ], [ -72.958909080307691, 7.136797649315069 ], [ -72.958909080307691, 7.137066646575343 ], [ -72.958364991692306, 7.137066646575343 ] ], [ [ -72.962717700615386, 7.137335643835617 ], [ -72.962717700615386, 7.136528652054795 ], [ -72.962445656307693, 7.136528652054795 ], [ -72.962445656307693, 7.137335643835617 ], [ -72.962717700615386, 7.137335643835617 ] ], [ [ -72.962445656307693, 7.136259654794521 ], [ -72.961085434769231, 7.136259654794521 ], [ -72.961085434769231, 7.136797649315069 ], [ -72.962173612, 7.136797649315069 ], [ -72.962173612, 7.136528652054795 ], [ -72.962445656307693, 7.136528652054795 ], [ -72.962445656307693, 7.136259654794521 ] ], [ [ -72.952380016923087, 7.137066646575343 ], [ -72.952380016923087, 7.137335643835617 ], [ -72.952652061230779, 7.137335643835617 ], [ -72.952652061230779, 7.137066646575343 ], [ -72.952380016923087, 7.137066646575343 ] ], [ [ -72.95319614984615, 7.136797649315069 ], [ -72.95319614984615, 7.137066646575343 ], [ -72.953468194153842, 7.137066646575343 ], [ -72.953468194153842, 7.136797649315069 ], [ -72.95319614984615, 7.136797649315069 ] ], [ [ -72.96434996646154, 7.135990657534247 ], [ -72.96434996646154, 7.135721660273973 ], [ -72.963805877846156, 7.135721660273973 ], [ -72.963805877846156, 7.136528652054795 ], [ -72.96434996646154, 7.136528652054795 ], [ -72.96434996646154, 7.136797649315069 ], [ -72.964622010769233, 7.136797649315069 ], [ -72.964622010769233, 7.135990657534247 ], [ -72.96434996646154, 7.135990657534247 ] ], [ [ -72.960541346153846, 7.135990657534247 ], [ -72.960541346153846, 7.136259654794521 ], [ -72.960813390461539, 7.136259654794521 ], [ -72.960813390461539, 7.135990657534247 ], [ -72.960541346153846, 7.135990657534247 ] ], [ [ -72.962173612, 7.135721660273973 ], [ -72.962173612, 7.135452663013699 ], [ -72.961901567692308, 7.135452663013699 ], [ -72.961901567692308, 7.135721660273973 ], [ -72.962173612, 7.135721660273973 ] ], [ [ -72.961901567692308, 7.135183665753425 ], [ -72.961085434769231, 7.135183665753425 ], [ -72.961085434769231, 7.135721660273973 ], [ -72.961629523384616, 7.135721660273973 ], [ -72.961629523384616, 7.135452663013699 ], [ -72.961901567692308, 7.135452663013699 ], [ -72.961901567692308, 7.135183665753425 ] ], [ [ -72.960813390461539, 7.135183665753425 ], [ -72.960813390461539, 7.134914668493151 ], [ -72.960541346153846, 7.134914668493151 ], [ -72.960541346153846, 7.135183665753425 ], [ -72.960813390461539, 7.135183665753425 ] ], [ [ -72.960541346153846, 7.134645671232877 ], [ -72.960269301846154, 7.134645671232877 ], [ -72.960269301846154, 7.134914668493151 ], [ -72.960541346153846, 7.134914668493151 ], [ -72.960541346153846, 7.134645671232877 ] ], [ [ -72.961629523384616, 7.134376673972604 ], [ -72.961629523384616, 7.134645671232877 ], [ -72.961901567692308, 7.134645671232877 ], [ -72.961901567692308, 7.134376673972604 ], [ -72.961629523384616, 7.134376673972604 ] ], [ [ -72.961085434769231, 7.134376673972604 ], [ -72.961357479076923, 7.134376673972604 ], [ -72.961357479076923, 7.134107676712329 ], [ -72.961085434769231, 7.134107676712329 ], [ -72.961085434769231, 7.134376673972604 ] ], [ [ -72.961901567692308, 7.134107676712329 ], [ -72.961901567692308, 7.133838679452055 ], [ -72.961357479076923, 7.133838679452055 ], [ -72.961357479076923, 7.134107676712329 ], [ -72.961901567692308, 7.134107676712329 ] ], [ [ -72.964077922153848, 7.133838679452055 ], [ -72.964077922153848, 7.133569682191781 ], [ -72.963805877846156, 7.133569682191781 ], [ -72.963805877846156, 7.133300684931507 ], [ -72.963533833538463, 7.133300684931507 ], [ -72.963533833538463, 7.133031687671234 ], [ -72.963261789230771, 7.133031687671234 ], [ -72.963261789230771, 7.133569682191781 ], [ -72.963533833538463, 7.133569682191781 ], [ -72.963533833538463, 7.133838679452055 ], [ -72.964077922153848, 7.133838679452055 ] ], [ [ -72.961901567692308, 7.133300684931507 ], [ -72.961901567692308, 7.133569682191781 ], [ -72.962989744923078, 7.133569682191781 ], [ -72.962989744923078, 7.133031687671234 ], [ -72.962445656307693, 7.133031687671234 ], [ -72.962445656307693, 7.133300684931507 ], [ -72.961901567692308, 7.133300684931507 ] ], [ [ -72.961357479076923, 7.132762690410959 ], [ -72.961357479076923, 7.133031687671234 ], [ -72.962173612, 7.133031687671234 ], [ -72.962173612, 7.132762690410959 ], [ -72.961357479076923, 7.132762690410959 ] ], [ [ -72.954012282769227, 7.132762690410959 ], [ -72.954012282769227, 7.133031687671234 ], [ -72.95428432707692, 7.133031687671234 ], [ -72.95428432707692, 7.132762690410959 ], [ -72.954012282769227, 7.132762690410959 ] ], [ [ -72.975503783076917, 7.132224695890411 ], [ -72.975503783076917, 7.132493693150685 ], [ -72.975775827384609, 7.132493693150685 ], [ -72.975775827384609, 7.132224695890411 ], [ -72.975503783076917, 7.132224695890411 ] ], [ [ -72.961085434769231, 7.132224695890411 ], [ -72.961085434769231, 7.132493693150685 ], [ -72.961357479076923, 7.132493693150685 ], [ -72.961357479076923, 7.132224695890411 ], [ -72.961085434769231, 7.132224695890411 ] ], [ [ -72.951019795384624, 7.131686701369864 ], [ -72.951019795384624, 7.131955698630137 ], [ -72.951291839692317, 7.131955698630137 ], [ -72.951291839692317, 7.131686701369864 ], [ -72.951019795384624, 7.131686701369864 ] ], [ [ -72.959725213230769, 7.131148706849316 ], [ -72.959725213230769, 7.131417704109589 ], [ -72.959997257538461, 7.131417704109589 ], [ -72.959997257538461, 7.131148706849316 ], [ -72.959725213230769, 7.131148706849316 ] ], [ [ -72.952380016923087, 7.130072717808219 ], [ -72.952380016923087, 7.129534723287672 ], [ -72.951835928307702, 7.129534723287672 ], [ -72.951835928307702, 7.130072717808219 ], [ -72.951291839692317, 7.130072717808219 ], [ -72.951291839692317, 7.130341715068494 ], [ -72.952107972615394, 7.130341715068494 ], [ -72.952107972615394, 7.130072717808219 ], [ -72.952380016923087, 7.130072717808219 ] ], [ [ -72.95047570676924, 7.130072717808219 ], [ -72.95047570676924, 7.130341715068494 ], [ -72.950747751076932, 7.130341715068494 ], [ -72.950747751076932, 7.130072717808219 ], [ -72.95047570676924, 7.130072717808219 ] ], [ [ -72.952652061230779, 7.129534723287672 ], [ -72.952652061230779, 7.129803720547946 ], [ -72.952924105538457, 7.129803720547946 ], [ -72.952924105538457, 7.129534723287672 ], [ -72.952652061230779, 7.129534723287672 ] ], [ [ -72.970334941230774, 7.115008871232877 ], [ -72.970334941230774, 7.114739873972603 ], [ -72.970606985538467, 7.114739873972603 ], [ -72.970606985538467, 7.114470876712329 ], [ -72.970879029846159, 7.114470876712329 ], [ -72.970879029846159, 7.114201879452055 ], [ -72.970334941230774, 7.114201879452055 ], [ -72.970334941230774, 7.113932882191781 ], [ -72.970062896923082, 7.113932882191781 ], [ -72.970062896923082, 7.114201879452055 ], [ -72.96979085261539, 7.114201879452055 ], [ -72.96979085261539, 7.114470876712329 ], [ -72.969246764, 7.114470876712329 ], [ -72.969246764, 7.114201879452055 ], [ -72.969518808307697, 7.114201879452055 ], [ -72.969518808307697, 7.113663884931507 ], [ -72.969246764, 7.113663884931507 ], [ -72.969246764, 7.113932882191781 ], [ -72.968974719692312, 7.113932882191781 ], [ -72.968974719692312, 7.114201879452055 ], [ -72.96870267538462, 7.114201879452055 ], [ -72.96870267538462, 7.114739873972603 ], [ -72.969246764, 7.114739873972603 ], [ -72.969246764, 7.115008871232877 ], [ -72.968974719692312, 7.115008871232877 ], [ -72.968974719692312, 7.115277868493151 ], [ -72.96870267538462, 7.115277868493151 ], [ -72.96870267538462, 7.116084860273973 ], [ -72.968430631076927, 7.116084860273973 ], [ -72.968430631076927, 7.116353857534247 ], [ -72.968158586769235, 7.116353857534247 ], [ -72.968158586769235, 7.117429846575343 ], [ -72.967886542461542, 7.117429846575343 ], [ -72.967886542461542, 7.117698843835616 ], [ -72.967342453846157, 7.117698843835616 ], [ -72.967342453846157, 7.117967841095891 ], [ -72.96761449815385, 7.117967841095891 ], [ -72.96761449815385, 7.118774832876713 ], [ -72.96652632092308, 7.118774832876713 ], [ -72.96652632092308, 7.119312827397261 ], [ -72.966254276615388, 7.119312827397261 ], [ -72.966254276615388, 7.119850821917809 ], [ -72.96652632092308, 7.119850821917809 ], [ -72.96652632092308, 7.120388816438356 ], [ -72.965710188, 7.120388816438356 ], [ -72.965710188, 7.120926810958904 ], [ -72.966254276615388, 7.120926810958904 ], [ -72.966254276615388, 7.121195808219179 ], [ -72.965982232307695, 7.121195808219179 ], [ -72.965982232307695, 7.123616783561644 ], [ -72.966254276615388, 7.123616783561644 ], [ -72.966254276615388, 7.123078789041096 ], [ -72.96652632092308, 7.123078789041096 ], [ -72.96652632092308, 7.123347786301371 ], [ -72.967070409538465, 7.123347786301371 ], [ -72.967070409538465, 7.123616783561644 ], [ -72.96761449815385, 7.123616783561644 ], [ -72.96761449815385, 7.123347786301371 ], [ -72.967886542461542, 7.123347786301371 ], [ -72.967886542461542, 7.122809791780822 ], [ -72.96761449815385, 7.122809791780822 ], [ -72.96761449815385, 7.123078789041096 ], [ -72.967342453846157, 7.123078789041096 ], [ -72.967342453846157, 7.122540794520548 ], [ -72.967070409538465, 7.122540794520548 ], [ -72.967070409538465, 7.1220028 ], [ -72.966798365230773, 7.1220028 ], [ -72.966798365230773, 7.120926810958904 ], [ -72.967070409538465, 7.120926810958904 ], [ -72.967070409538465, 7.121733802739726 ], [ -72.96761449815385, 7.121733802739726 ], [ -72.96761449815385, 7.120926810958904 ], [ -72.967886542461542, 7.120926810958904 ], [ -72.967886542461542, 7.121464805479452 ], [ -72.968430631076927, 7.121464805479452 ], [ -72.968430631076927, 7.1220028 ], [ -72.968158586769235, 7.1220028 ], [ -72.968158586769235, 7.123616783561644 ], [ -72.967886542461542, 7.123616783561644 ], [ -72.967886542461542, 7.12469277260274 ], [ -72.967342453846157, 7.12469277260274 ], [ -72.967342453846157, 7.125499764383562 ], [ -72.96761449815385, 7.125499764383562 ], [ -72.96761449815385, 7.125768761643836 ], [ -72.967886542461542, 7.125768761643836 ], [ -72.967886542461542, 7.126306756164384 ], [ -72.96870267538462, 7.126306756164384 ], [ -72.96870267538462, 7.126575753424658 ], [ -72.968974719692312, 7.126575753424658 ], [ -72.968974719692312, 7.126306756164384 ], [ -72.969246764, 7.126306756164384 ], [ -72.969246764, 7.126575753424658 ], [ -72.970062896923082, 7.126575753424658 ], [ -72.970062896923082, 7.127651742465754 ], [ -72.970606985538467, 7.127651742465754 ], [ -72.970606985538467, 7.128189736986302 ], [ -72.970879029846159, 7.128189736986302 ], [ -72.970879029846159, 7.128458734246576 ], [ -72.971423118461544, 7.128458734246576 ], [ -72.971423118461544, 7.128189736986302 ], [ -72.971151074153852, 7.128189736986302 ], [ -72.971151074153852, 7.127651742465754 ], [ -72.972239251384622, 7.127651742465754 ], [ -72.972239251384622, 7.127920739726028 ], [ -72.972511295692314, 7.127920739726028 ], [ -72.972511295692314, 7.128189736986302 ], [ -72.97278334, 7.128189736986302 ], [ -72.97278334, 7.127920739726028 ], [ -72.973327428615391, 7.127920739726028 ], [ -72.973327428615391, 7.128189736986302 ], [ -72.973599472923084, 7.128189736986302 ], [ -72.973599472923084, 7.127920739726028 ], [ -72.973871517230776, 7.127920739726028 ], [ -72.973871517230776, 7.128189736986302 ], [ -72.974143561538469, 7.128189736986302 ], [ -72.974143561538469, 7.127651742465754 ], [ -72.974415605846161, 7.127651742465754 ], [ -72.974415605846161, 7.127920739726028 ], [ -72.974959694461546, 7.127920739726028 ], [ -72.974959694461546, 7.128189736986302 ], [ -72.976319916, 7.128189736986302 ], [ -72.976319916, 7.128458734246576 ], [ -72.976591960307687, 7.128458734246576 ], [ -72.976591960307687, 7.128727731506849 ], [ -72.977408093230764, 7.128727731506849 ], [ -72.977408093230764, 7.128996728767124 ], [ -72.977136048923072, 7.128996728767124 ], [ -72.977136048923072, 7.129265726027397 ], [ -72.977408093230764, 7.129265726027397 ], [ -72.977408093230764, 7.129534723287672 ], [ -72.977680137538457, 7.129534723287672 ], [ -72.977680137538457, 7.129265726027397 ], [ -72.977952181846149, 7.129265726027397 ], [ -72.977952181846149, 7.128996728767124 ], [ -72.978224226153841, 7.128996728767124 ], [ -72.978224226153841, 7.128189736986302 ], [ -72.979040359076919, 7.128189736986302 ], [ -72.979040359076919, 7.127382745205479 ], [ -72.978496270461534, 7.127382745205479 ], [ -72.978496270461534, 7.127113747945206 ], [ -72.978224226153841, 7.127113747945206 ], [ -72.978224226153841, 7.126844750684932 ], [ -72.978496270461534, 7.126844750684932 ], [ -72.978496270461534, 7.126575753424658 ], [ -72.978224226153841, 7.126575753424658 ], [ -72.978224226153841, 7.125768761643836 ], [ -72.978496270461534, 7.125768761643836 ], [ -72.978496270461534, 7.125499764383562 ], [ -72.978768314769226, 7.125499764383562 ], [ -72.978768314769226, 7.12603775890411 ], [ -72.979040359076919, 7.12603775890411 ], [ -72.979040359076919, 7.125768761643836 ], [ -72.979312403384611, 7.125768761643836 ], [ -72.979312403384611, 7.125499764383562 ], [ -72.979040359076919, 7.125499764383562 ], [ -72.979040359076919, 7.124961769863014 ], [ -72.978768314769226, 7.124961769863014 ], [ -72.978768314769226, 7.12469277260274 ], [ -72.979040359076919, 7.12469277260274 ], [ -72.979040359076919, 7.124423775342466 ], [ -72.979312403384611, 7.124423775342466 ], [ -72.979312403384611, 7.123885780821918 ], [ -72.979584447692304, 7.123885780821918 ], [ -72.979584447692304, 7.122540794520548 ], [ -72.979312403384611, 7.122540794520548 ], [ -72.979312403384611, 7.121733802739726 ], [ -72.979584447692304, 7.121733802739726 ], [ -72.979584447692304, 7.121195808219179 ], [ -72.979856492, 7.121195808219179 ], [ -72.979856492, 7.120388816438356 ], [ -72.980400580615381, 7.120388816438356 ], [ -72.980400580615381, 7.119581824657534 ], [ -72.980672624923073, 7.119581824657534 ], [ -72.980672624923073, 7.119312827397261 ], [ -72.981216713538458, 7.119312827397261 ], [ -72.981216713538458, 7.118505835616439 ], [ -72.981488757846151, 7.118505835616439 ], [ -72.981488757846151, 7.118236838356164 ], [ -72.981760802153843, 7.118236838356164 ], [ -72.981760802153843, 7.116891852054795 ], [ -72.982032846461536, 7.116891852054795 ], [ -72.982032846461536, 7.117160849315069 ], [ -72.982304890769228, 7.117160849315069 ], [ -72.982304890769228, 7.116353857534247 ], [ -72.982576935076921, 7.116353857534247 ], [ -72.982576935076921, 7.115815863013699 ], [ -72.982304890769228, 7.115815863013699 ], [ -72.982304890769228, 7.114470876712329 ], [ -72.982576935076921, 7.114470876712329 ], [ -72.982576935076921, 7.113932882191781 ], [ -72.982848979384613, 7.113932882191781 ], [ -72.982848979384613, 7.112318898630138 ], [ -72.982304890769228, 7.112318898630138 ], [ -72.982304890769228, 7.112049901369863 ], [ -72.982032846461536, 7.112049901369863 ], [ -72.982032846461536, 7.111780904109589 ], [ -72.981760802153843, 7.111780904109589 ], [ -72.981760802153843, 7.111511906849316 ], [ -72.981488757846151, 7.111511906849316 ], [ -72.981488757846151, 7.111242909589041 ], [ -72.981216713538458, 7.111242909589041 ], [ -72.981216713538458, 7.111511906849316 ], [ -72.980944669230766, 7.111511906849316 ], [ -72.980944669230766, 7.111242909589041 ], [ -72.980672624923073, 7.111242909589041 ], [ -72.980672624923073, 7.111511906849316 ], [ -72.980400580615381, 7.111511906849316 ], [ -72.980400580615381, 7.110973912328768 ], [ -72.980128536307689, 7.110973912328768 ], [ -72.980128536307689, 7.110704915068493 ], [ -72.979584447692304, 7.110704915068493 ], [ -72.979584447692304, 7.110973912328768 ], [ -72.979312403384611, 7.110973912328768 ], [ -72.979312403384611, 7.110435917808219 ], [ -72.978496270461534, 7.110435917808219 ], [ -72.978496270461534, 7.110704915068493 ], [ -72.976864004615379, 7.110704915068493 ], [ -72.976864004615379, 7.110435917808219 ], [ -72.976047871692302, 7.110435917808219 ], [ -72.976047871692302, 7.110166920547946 ], [ -72.975775827384609, 7.110166920547946 ], [ -72.975775827384609, 7.109897923287671 ], [ -72.975231738769224, 7.109897923287671 ], [ -72.975231738769224, 7.110166920547946 ], [ -72.975503783076917, 7.110166920547946 ], [ -72.975503783076917, 7.111511906849316 ], [ -72.975231738769224, 7.111511906849316 ], [ -72.975231738769224, 7.110704915068493 ], [ -72.974959694461546, 7.110704915068493 ], [ -72.974959694461546, 7.110435917808219 ], [ -72.974687650153854, 7.110435917808219 ], [ -72.974687650153854, 7.110166920547946 ], [ -72.973871517230776, 7.110166920547946 ], [ -72.973871517230776, 7.109897923287671 ], [ -72.973599472923084, 7.109897923287671 ], [ -72.973599472923084, 7.110166920547946 ], [ -72.97278334, 7.110166920547946 ], [ -72.97278334, 7.110435917808219 ], [ -72.972511295692314, 7.110435917808219 ], [ -72.972511295692314, 7.110973912328768 ], [ -72.971967207076929, 7.110973912328768 ], [ -72.971967207076929, 7.111242909589041 ], [ -72.971695162769237, 7.111242909589041 ], [ -72.971695162769237, 7.110973912328768 ], [ -72.970879029846159, 7.110973912328768 ], [ -72.970879029846159, 7.110704915068493 ], [ -72.971423118461544, 7.110704915068493 ], [ -72.971423118461544, 7.110435917808219 ], [ -72.971151074153852, 7.110435917808219 ], [ -72.971151074153852, 7.110166920547946 ], [ -72.970606985538467, 7.110166920547946 ], [ -72.970606985538467, 7.110435917808219 ], [ -72.970334941230774, 7.110435917808219 ], [ -72.970334941230774, 7.111242909589041 ], [ -72.970062896923082, 7.111242909589041 ], [ -72.970062896923082, 7.111511906849316 ], [ -72.96979085261539, 7.111511906849316 ], [ -72.96979085261539, 7.111780904109589 ], [ -72.970062896923082, 7.111780904109589 ], [ -72.970062896923082, 7.112318898630138 ], [ -72.96979085261539, 7.112318898630138 ], [ -72.96979085261539, 7.113125890410959 ], [ -72.971967207076929, 7.113125890410959 ], [ -72.971967207076929, 7.112856893150685 ], [ -72.972239251384622, 7.112856893150685 ], [ -72.972239251384622, 7.112318898630138 ], [ -72.972511295692314, 7.112318898630138 ], [ -72.972511295692314, 7.113394887671233 ], [ -72.973055384307699, 7.113394887671233 ], [ -72.973055384307699, 7.113663884931507 ], [ -72.974415605846161, 7.113663884931507 ], [ -72.974415605846161, 7.113394887671233 ], [ -72.974143561538469, 7.113394887671233 ], [ -72.974143561538469, 7.111511906849316 ], [ -72.974687650153854, 7.111511906849316 ], [ -72.974687650153854, 7.111780904109589 ], [ -72.974959694461546, 7.111780904109589 ], [ -72.974959694461546, 7.113125890410959 ], [ -72.974687650153854, 7.113125890410959 ], [ -72.974687650153854, 7.113394887671233 ], [ -72.975231738769224, 7.113394887671233 ], [ -72.975231738769224, 7.113932882191781 ], [ -72.974959694461546, 7.113932882191781 ], [ -72.974959694461546, 7.114201879452055 ], [ -72.974687650153854, 7.114201879452055 ], [ -72.974687650153854, 7.114739873972603 ], [ -72.974415605846161, 7.114739873972603 ], [ -72.974415605846161, 7.115277868493151 ], [ -72.974143561538469, 7.115277868493151 ], [ -72.974143561538469, 7.115008871232877 ], [ -72.973599472923084, 7.115008871232877 ], [ -72.973599472923084, 7.114739873972603 ], [ -72.973327428615391, 7.114739873972603 ], [ -72.973327428615391, 7.115277868493151 ], [ -72.973055384307699, 7.115277868493151 ], [ -72.973055384307699, 7.115546865753425 ], [ -72.972511295692314, 7.115546865753425 ], [ -72.972511295692314, 7.115008871232877 ], [ -72.972239251384622, 7.115008871232877 ], [ -72.972239251384622, 7.115546865753425 ], [ -72.971967207076929, 7.115546865753425 ], [ -72.971967207076929, 7.115815863013699 ], [ -72.971695162769237, 7.115815863013699 ], [ -72.971695162769237, 7.116084860273973 ], [ -72.970879029846159, 7.116084860273973 ], [ -72.970879029846159, 7.115815863013699 ], [ -72.970606985538467, 7.115815863013699 ], [ -72.970606985538467, 7.115546865753425 ], [ -72.970879029846159, 7.115546865753425 ], [ -72.970879029846159, 7.115277868493151 ], [ -72.970606985538467, 7.115277868493151 ], [ -72.970606985538467, 7.115008871232877 ], [ -72.970334941230774, 7.115008871232877 ] ], [ [ -72.972239251384622, 7.113394887671233 ], [ -72.972239251384622, 7.113663884931507 ], [ -72.972511295692314, 7.113663884931507 ], [ -72.972511295692314, 7.113394887671233 ], [ -72.972239251384622, 7.113394887671233 ] ], [ [ -72.97278334, 7.115008871232877 ], [ -72.97278334, 7.114470876712329 ], [ -72.972239251384622, 7.114470876712329 ], [ -72.972239251384622, 7.114739873972603 ], [ -72.972511295692314, 7.114739873972603 ], [ -72.972511295692314, 7.115008871232877 ], [ -72.97278334, 7.115008871232877 ] ], [ [ -72.973327428615391, 7.114470876712329 ], [ -72.973327428615391, 7.114201879452055 ], [ -72.973599472923084, 7.114201879452055 ], [ -72.973599472923084, 7.113932882191781 ], [ -72.97278334, 7.113932882191781 ], [ -72.97278334, 7.114470876712329 ], [ -72.973327428615391, 7.114470876712329 ] ], [ [ -72.971695162769237, 7.115546865753425 ], [ -72.971423118461544, 7.115546865753425 ], [ -72.971423118461544, 7.115815863013699 ], [ -72.971695162769237, 7.115815863013699 ], [ -72.971695162769237, 7.115546865753425 ] ], [ [ -72.951291839692317, 7.129265726027397 ], [ -72.951291839692317, 7.129534723287672 ], [ -72.951563884, 7.129534723287672 ], [ -72.951563884, 7.129265726027397 ], [ -72.951291839692317, 7.129265726027397 ] ], [ [ -72.978768314769226, 7.128996728767124 ], [ -72.978768314769226, 7.129265726027397 ], [ -72.979040359076919, 7.129265726027397 ], [ -72.979040359076919, 7.128996728767124 ], [ -72.978768314769226, 7.128996728767124 ] ], [ [ -72.961901567692308, 7.129265726027397 ], [ -72.962173612, 7.129265726027397 ], [ -72.962173612, 7.128996728767124 ], [ -72.961901567692308, 7.128996728767124 ], [ -72.961901567692308, 7.129265726027397 ] ], [ [ -72.962445656307693, 7.128996728767124 ], [ -72.962445656307693, 7.128727731506849 ], [ -72.962173612, 7.128727731506849 ], [ -72.962173612, 7.128996728767124 ], [ -72.962445656307693, 7.128996728767124 ] ], [ [ -72.962173612, 7.128458734246576 ], [ -72.962445656307693, 7.128458734246576 ], [ -72.962445656307693, 7.128189736986302 ], [ -72.962173612, 7.128189736986302 ], [ -72.962173612, 7.128458734246576 ] ], [ [ -72.962717700615386, 7.128189736986302 ], [ -72.962717700615386, 7.127920739726028 ], [ -72.962445656307693, 7.127920739726028 ], [ -72.962445656307693, 7.128189736986302 ], [ -72.962717700615386, 7.128189736986302 ] ], [ [ -72.961629523384616, 7.128189736986302 ], [ -72.961629523384616, 7.128458734246576 ], [ -72.961901567692308, 7.128458734246576 ], [ -72.961901567692308, 7.128189736986302 ], [ -72.961629523384616, 7.128189736986302 ] ], [ [ -72.971695162769237, 7.127920739726028 ], [ -72.971695162769237, 7.128189736986302 ], [ -72.971967207076929, 7.128189736986302 ], [ -72.971967207076929, 7.127920739726028 ], [ -72.971695162769237, 7.127920739726028 ] ], [ [ -72.95047570676924, 7.127920739726028 ], [ -72.95047570676924, 7.128189736986302 ], [ -72.950747751076932, 7.128189736986302 ], [ -72.950747751076932, 7.127920739726028 ], [ -72.95047570676924, 7.127920739726028 ] ], [ [ -72.964077922153848, 7.127651742465754 ], [ -72.964077922153848, 7.127920739726028 ], [ -72.96434996646154, 7.127920739726028 ], [ -72.96434996646154, 7.127651742465754 ], [ -72.964077922153848, 7.127651742465754 ] ], [ [ -72.95510046, 7.125768761643836 ], [ -72.95510046, 7.12603775890411 ], [ -72.955372504307689, 7.12603775890411 ], [ -72.955372504307689, 7.125768761643836 ], [ -72.95510046, 7.125768761643836 ] ], [ [ -72.956188637230767, 7.125230767123288 ], [ -72.956188637230767, 7.125499764383562 ], [ -72.956460681538459, 7.125499764383562 ], [ -72.956460681538459, 7.125230767123288 ], [ -72.956188637230767, 7.125230767123288 ] ], [ [ -72.955644548615382, 7.125499764383562 ], [ -72.955644548615382, 7.125230767123288 ], [ -72.955916592923074, 7.125230767123288 ], [ -72.955916592923074, 7.124961769863014 ], [ -72.954556371384612, 7.124961769863014 ], [ -72.954556371384612, 7.125499764383562 ], [ -72.954828415692305, 7.125499764383562 ], [ -72.954828415692305, 7.125230767123288 ], [ -72.955372504307689, 7.125230767123288 ], [ -72.955372504307689, 7.125499764383562 ], [ -72.955644548615382, 7.125499764383562 ] ], [ [ -72.952924105538457, 7.123616783561644 ], [ -72.952380016923087, 7.123616783561644 ], [ -72.952380016923087, 7.123347786301371 ], [ -72.951835928307702, 7.123347786301371 ], [ -72.951835928307702, 7.123078789041096 ], [ -72.951291839692317, 7.123078789041096 ], [ -72.951291839692317, 7.123347786301371 ], [ -72.951563884, 7.123347786301371 ], [ -72.951563884, 7.123616783561644 ], [ -72.951291839692317, 7.123616783561644 ], [ -72.951291839692317, 7.123885780821918 ], [ -72.951835928307702, 7.123885780821918 ], [ -72.951835928307702, 7.124154778082192 ], [ -72.951563884, 7.124154778082192 ], [ -72.951563884, 7.124423775342466 ], [ -72.952107972615394, 7.124423775342466 ], [ -72.952107972615394, 7.12469277260274 ], [ -72.952380016923087, 7.12469277260274 ], [ -72.952380016923087, 7.124154778082192 ], [ -72.952924105538457, 7.124154778082192 ], [ -72.952924105538457, 7.123616783561644 ] ], [ [ -72.950747751076932, 7.123885780821918 ], [ -72.950747751076932, 7.124423775342466 ], [ -72.951019795384624, 7.124423775342466 ], [ -72.951019795384624, 7.124154778082192 ], [ -72.951291839692317, 7.124154778082192 ], [ -72.951291839692317, 7.123885780821918 ], [ -72.950747751076932, 7.123885780821918 ] ], [ [ -72.965166099384618, 7.122809791780822 ], [ -72.965166099384618, 7.122540794520548 ], [ -72.96543814369231, 7.122540794520548 ], [ -72.96543814369231, 7.1220028 ], [ -72.96434996646154, 7.1220028 ], [ -72.96434996646154, 7.123078789041096 ], [ -72.964894055076925, 7.123078789041096 ], [ -72.964894055076925, 7.122809791780822 ], [ -72.965166099384618, 7.122809791780822 ] ], [ [ -72.963261789230771, 7.123078789041096 ], [ -72.963261789230771, 7.122809791780822 ], [ -72.962989744923078, 7.122809791780822 ], [ -72.962989744923078, 7.123078789041096 ], [ -72.963261789230771, 7.123078789041096 ] ], [ [ -72.963533833538463, 7.122809791780822 ], [ -72.963533833538463, 7.122271797260274 ], [ -72.963261789230771, 7.122271797260274 ], [ -72.963261789230771, 7.122809791780822 ], [ -72.963533833538463, 7.122809791780822 ] ], [ [ -72.962989744923078, 7.122540794520548 ], [ -72.962717700615386, 7.122540794520548 ], [ -72.962717700615386, 7.122809791780822 ], [ -72.962989744923078, 7.122809791780822 ], [ -72.962989744923078, 7.122540794520548 ] ], [ [ -72.961629523384616, 7.121733802739726 ], [ -72.961629523384616, 7.121464805479452 ], [ -72.961085434769231, 7.121464805479452 ], [ -72.961085434769231, 7.1220028 ], [ -72.961629523384616, 7.1220028 ], [ -72.961629523384616, 7.122540794520548 ], [ -72.962173612, 7.122540794520548 ], [ -72.962173612, 7.121733802739726 ], [ -72.961629523384616, 7.121733802739726 ] ], [ [ -72.962717700615386, 7.121464805479452 ], [ -72.962717700615386, 7.1220028 ], [ -72.962989744923078, 7.1220028 ], [ -72.962989744923078, 7.121464805479452 ], [ -72.962717700615386, 7.121464805479452 ] ], [ [ -72.952924105538457, 7.121733802739726 ], [ -72.952924105538457, 7.1220028 ], [ -72.95319614984615, 7.1220028 ], [ -72.95319614984615, 7.121733802739726 ], [ -72.952924105538457, 7.121733802739726 ] ], [ [ -72.963805877846156, 7.121464805479452 ], [ -72.963805877846156, 7.121733802739726 ], [ -72.964077922153848, 7.121733802739726 ], [ -72.964077922153848, 7.121464805479452 ], [ -72.963805877846156, 7.121464805479452 ] ], [ [ -72.956188637230767, 7.119850821917809 ], [ -72.956188637230767, 7.120119819178083 ], [ -72.956460681538459, 7.120119819178083 ], [ -72.956460681538459, 7.119850821917809 ], [ -72.956188637230767, 7.119850821917809 ] ], [ [ -72.965710188, 7.118505835616439 ], [ -72.965710188, 7.118774832876713 ], [ -72.965982232307695, 7.118774832876713 ], [ -72.965982232307695, 7.118505835616439 ], [ -72.965710188, 7.118505835616439 ] ], [ [ -72.957820903076922, 7.116353857534247 ], [ -72.957820903076922, 7.116084860273973 ], [ -72.957548858769229, 7.116084860273973 ], [ -72.957548858769229, 7.115277868493151 ], [ -72.957276814461537, 7.115277868493151 ], [ -72.957276814461537, 7.115815863013699 ], [ -72.956732725846152, 7.115815863013699 ], [ -72.956732725846152, 7.116622854794521 ], [ -72.956460681538459, 7.116622854794521 ], [ -72.956460681538459, 7.116891852054795 ], [ -72.956732725846152, 7.116891852054795 ], [ -72.956732725846152, 7.118505835616439 ], [ -72.957004770153844, 7.118505835616439 ], [ -72.957004770153844, 7.117967841095891 ], [ -72.957276814461537, 7.117967841095891 ], [ -72.957276814461537, 7.117160849315069 ], [ -72.957548858769229, 7.117160849315069 ], [ -72.957548858769229, 7.116353857534247 ], [ -72.957820903076922, 7.116353857534247 ] ], [ [ -72.956460681538459, 7.116353857534247 ], [ -72.956188637230767, 7.116353857534247 ], [ -72.956188637230767, 7.116622854794521 ], [ -72.956460681538459, 7.116622854794521 ], [ -72.956460681538459, 7.116353857534247 ] ], [ [ -72.953468194153842, 7.118236838356164 ], [ -72.953468194153842, 7.118505835616439 ], [ -72.954012282769227, 7.118505835616439 ], [ -72.954012282769227, 7.117967841095891 ], [ -72.953740238461535, 7.117967841095891 ], [ -72.953740238461535, 7.118236838356164 ], [ -72.953468194153842, 7.118236838356164 ] ], [ [ -72.960269301846154, 7.117698843835616 ], [ -72.960269301846154, 7.117967841095891 ], [ -72.960541346153846, 7.117967841095891 ], [ -72.960541346153846, 7.117698843835616 ], [ -72.960269301846154, 7.117698843835616 ] ], [ [ -72.955644548615382, 7.117429846575343 ], [ -72.955644548615382, 7.117967841095891 ], [ -72.956188637230767, 7.117967841095891 ], [ -72.956188637230767, 7.117160849315069 ], [ -72.955916592923074, 7.117160849315069 ], [ -72.955916592923074, 7.117429846575343 ], [ -72.955644548615382, 7.117429846575343 ] ], [ [ -72.954828415692305, 7.117429846575343 ], [ -72.954828415692305, 7.117967841095891 ], [ -72.95510046, 7.117967841095891 ], [ -72.95510046, 7.117429846575343 ], [ -72.954828415692305, 7.117429846575343 ] ], [ [ -72.966254276615388, 7.117160849315069 ], [ -72.966254276615388, 7.117698843835616 ], [ -72.96652632092308, 7.117698843835616 ], [ -72.96652632092308, 7.117160849315069 ], [ -72.966254276615388, 7.117160849315069 ] ], [ [ -72.966798365230773, 7.116353857534247 ], [ -72.966798365230773, 7.116622854794521 ], [ -72.967070409538465, 7.116622854794521 ], [ -72.967070409538465, 7.116353857534247 ], [ -72.966798365230773, 7.116353857534247 ] ], [ [ -72.967342453846157, 7.116084860273973 ], [ -72.967342453846157, 7.116353857534247 ], [ -72.96761449815385, 7.116353857534247 ], [ -72.96761449815385, 7.116084860273973 ], [ -72.967342453846157, 7.116084860273973 ] ], [ [ -72.966798365230773, 7.115546865753425 ], [ -72.967070409538465, 7.115546865753425 ], [ -72.967070409538465, 7.114739873972603 ], [ -72.966798365230773, 7.114739873972603 ], [ -72.966798365230773, 7.115546865753425 ] ], [ [ -72.967886542461542, 7.114739873972603 ], [ -72.967886542461542, 7.114470876712329 ], [ -72.968158586769235, 7.114470876712329 ], [ -72.968158586769235, 7.114201879452055 ], [ -72.96761449815385, 7.114201879452055 ], [ -72.96761449815385, 7.114470876712329 ], [ -72.967070409538465, 7.114470876712329 ], [ -72.967070409538465, 7.114739873972603 ], [ -72.967886542461542, 7.114739873972603 ] ], [ [ -72.968430631076927, 7.114201879452055 ], [ -72.968430631076927, 7.113932882191781 ], [ -72.968158586769235, 7.113932882191781 ], [ -72.968158586769235, 7.114201879452055 ], [ -72.968430631076927, 7.114201879452055 ] ], [ [ -72.957820903076922, 7.115277868493151 ], [ -72.958092947384614, 7.115277868493151 ], [ -72.958092947384614, 7.115008871232877 ], [ -72.957820903076922, 7.115008871232877 ], [ -72.957820903076922, 7.115277868493151 ] ], [ [ -72.958364991692306, 7.115008871232877 ], [ -72.958364991692306, 7.114739873972603 ], [ -72.958092947384614, 7.114739873972603 ], [ -72.958092947384614, 7.115008871232877 ], [ -72.958364991692306, 7.115008871232877 ] ], [ [ -72.956460681538459, 7.115008871232877 ], [ -72.956460681538459, 7.115277868493151 ], [ -72.956732725846152, 7.115277868493151 ], [ -72.956732725846152, 7.115008871232877 ], [ -72.956460681538459, 7.115008871232877 ] ], [ [ -72.955644548615382, 7.114739873972603 ], [ -72.955644548615382, 7.115008871232877 ], [ -72.955916592923074, 7.115008871232877 ], [ -72.955916592923074, 7.114739873972603 ], [ -72.955644548615382, 7.114739873972603 ] ], [ [ -72.954556371384612, 7.114201879452055 ], [ -72.954556371384612, 7.114470876712329 ], [ -72.954828415692305, 7.114470876712329 ], [ -72.954828415692305, 7.114201879452055 ], [ -72.954556371384612, 7.114201879452055 ] ], [ [ -72.959453168923076, 7.114201879452055 ], [ -72.959725213230769, 7.114201879452055 ], [ -72.959725213230769, 7.113932882191781 ], [ -72.959453168923076, 7.113932882191781 ], [ -72.959453168923076, 7.114201879452055 ] ], [ [ -72.959997257538461, 7.113932882191781 ], [ -72.959997257538461, 7.113663884931507 ], [ -72.959725213230769, 7.113663884931507 ], [ -72.959725213230769, 7.113932882191781 ], [ -72.959997257538461, 7.113932882191781 ] ], [ [ -72.956188637230767, 7.113932882191781 ], [ -72.956188637230767, 7.114201879452055 ], [ -72.956460681538459, 7.114201879452055 ], [ -72.956460681538459, 7.113932882191781 ], [ -72.956188637230767, 7.113932882191781 ] ], [ [ -72.971695162769237, 7.113663884931507 ], [ -72.971695162769237, 7.113932882191781 ], [ -72.971967207076929, 7.113932882191781 ], [ -72.971967207076929, 7.113663884931507 ], [ -72.971695162769237, 7.113663884931507 ] ], [ [ -72.967886542461542, 7.113663884931507 ], [ -72.968158586769235, 7.113663884931507 ], [ -72.968158586769235, 7.113394887671233 ], [ -72.967886542461542, 7.113394887671233 ], [ -72.967886542461542, 7.113663884931507 ] ], [ [ -72.968430631076927, 7.113394887671233 ], [ -72.968430631076927, 7.113125890410959 ], [ -72.968158586769235, 7.113125890410959 ], [ -72.968158586769235, 7.113394887671233 ], [ -72.968430631076927, 7.113394887671233 ] ], [ [ -72.960269301846154, 7.113125890410959 ], [ -72.960269301846154, 7.113394887671233 ], [ -72.960541346153846, 7.113394887671233 ], [ -72.960541346153846, 7.113125890410959 ], [ -72.960269301846154, 7.113125890410959 ] ], [ [ -72.969518808307697, 7.113125890410959 ], [ -72.969518808307697, 7.112856893150685 ], [ -72.969246764, 7.112856893150685 ], [ -72.969246764, 7.113125890410959 ], [ -72.969518808307697, 7.113125890410959 ] ], [ [ -72.969246764, 7.112587895890411 ], [ -72.96870267538462, 7.112587895890411 ], [ -72.96870267538462, 7.112856893150685 ], [ -72.969246764, 7.112856893150685 ], [ -72.969246764, 7.112587895890411 ] ], [ [ -72.96870267538462, 7.112049901369863 ], [ -72.968158586769235, 7.112049901369863 ], [ -72.968158586769235, 7.112587895890411 ], [ -72.96870267538462, 7.112587895890411 ], [ -72.96870267538462, 7.112049901369863 ] ], [ [ -72.959181124615384, 7.112587895890411 ], [ -72.959181124615384, 7.112856893150685 ], [ -72.959453168923076, 7.112856893150685 ], [ -72.959453168923076, 7.112587895890411 ], [ -72.959181124615384, 7.112587895890411 ] ], [ [ -72.956460681538459, 7.112049901369863 ], [ -72.956460681538459, 7.112318898630138 ], [ -72.957004770153844, 7.112318898630138 ], [ -72.957004770153844, 7.111511906849316 ], [ -72.956732725846152, 7.111511906849316 ], [ -72.956732725846152, 7.112049901369863 ], [ -72.956460681538459, 7.112049901369863 ] ], [ [ -72.969246764, 7.111511906849316 ], [ -72.969246764, 7.111780904109589 ], [ -72.969518808307697, 7.111780904109589 ], [ -72.969518808307697, 7.111511906849316 ], [ -72.969246764, 7.111511906849316 ] ], [ [ -72.96652632092308, 7.110973912328768 ], [ -72.96652632092308, 7.111511906849316 ], [ -72.966798365230773, 7.111511906849316 ], [ -72.966798365230773, 7.110973912328768 ], [ -72.96652632092308, 7.110973912328768 ] ], [ [ -72.961629523384616, 7.111511906849316 ], [ -72.961901567692308, 7.111511906849316 ], [ -72.961901567692308, 7.111242909589041 ], [ -72.961629523384616, 7.111242909589041 ], [ -72.961629523384616, 7.111511906849316 ] ], [ [ -72.962173612, 7.111242909589041 ], [ -72.962173612, 7.110973912328768 ], [ -72.961901567692308, 7.110973912328768 ], [ -72.961901567692308, 7.111242909589041 ], [ -72.962173612, 7.111242909589041 ] ], [ [ -72.957548858769229, 7.111242909589041 ], [ -72.957548858769229, 7.111511906849316 ], [ -72.957820903076922, 7.111511906849316 ], [ -72.957820903076922, 7.111242909589041 ], [ -72.957548858769229, 7.111242909589041 ] ], [ [ -72.986385555384615, 7.111242909589041 ], [ -72.986385555384615, 7.110704915068493 ], [ -72.986113511076923, 7.110704915068493 ], [ -72.986113511076923, 7.111242909589041 ], [ -72.986385555384615, 7.111242909589041 ] ], [ [ -72.986113511076923, 7.110435917808219 ], [ -72.98584146676923, 7.110435917808219 ], [ -72.98584146676923, 7.110704915068493 ], [ -72.986113511076923, 7.110704915068493 ], [ -72.986113511076923, 7.110435917808219 ] ], [ [ -72.958364991692306, 7.110704915068493 ], [ -72.958364991692306, 7.110973912328768 ], [ -72.958637036, 7.110973912328768 ], [ -72.958637036, 7.110704915068493 ], [ -72.958364991692306, 7.110704915068493 ] ], [ [ -72.962173612, 7.110435917808219 ], [ -72.962173612, 7.110704915068493 ], [ -72.962445656307693, 7.110704915068493 ], [ -72.962445656307693, 7.110435917808219 ], [ -72.962173612, 7.110435917808219 ] ], [ [ -72.986657599692307, 7.109897923287671 ], [ -72.986657599692307, 7.110435917808219 ], [ -72.986929644, 7.110435917808219 ], [ -72.986929644, 7.110166920547946 ], [ -72.987201688307692, 7.110166920547946 ], [ -72.987201688307692, 7.109897923287671 ], [ -72.986657599692307, 7.109897923287671 ] ], [ [ -72.969518808307697, 7.110166920547946 ], [ -72.969518808307697, 7.110435917808219 ], [ -72.96979085261539, 7.110435917808219 ], [ -72.96979085261539, 7.110166920547946 ], [ -72.969518808307697, 7.110166920547946 ] ], [ [ -72.965982232307695, 7.110166920547946 ], [ -72.965982232307695, 7.110435917808219 ], [ -72.966254276615388, 7.110435917808219 ], [ -72.966254276615388, 7.110166920547946 ], [ -72.965982232307695, 7.110166920547946 ] ], [ [ -72.959725213230769, 7.110166920547946 ], [ -72.959997257538461, 7.110166920547946 ], [ -72.959997257538461, 7.109897923287671 ], [ -72.959453168923076, 7.109897923287671 ], [ -72.959453168923076, 7.110435917808219 ], [ -72.959725213230769, 7.110435917808219 ], [ -72.959725213230769, 7.110166920547946 ] ], [ [ -72.960269301846154, 7.109897923287671 ], [ -72.960269301846154, 7.109628926027398 ], [ -72.959997257538461, 7.109628926027398 ], [ -72.959997257538461, 7.109897923287671 ], [ -72.960269301846154, 7.109897923287671 ] ], [ [ -72.957820903076922, 7.110435917808219 ], [ -72.958637036, 7.110435917808219 ], [ -72.958637036, 7.110166920547946 ], [ -72.957820903076922, 7.110166920547946 ], [ -72.957820903076922, 7.110435917808219 ] ], [ [ -72.958909080307691, 7.110166920547946 ], [ -72.958909080307691, 7.109628926027398 ], [ -72.958364991692306, 7.109628926027398 ], [ -72.958364991692306, 7.109897923287671 ], [ -72.958637036, 7.109897923287671 ], [ -72.958637036, 7.110166920547946 ], [ -72.958909080307691, 7.110166920547946 ] ], [ [ -72.985297378153845, 7.109628926027398 ], [ -72.985297378153845, 7.110166920547946 ], [ -72.985569422461538, 7.110166920547946 ], [ -72.985569422461538, 7.109628926027398 ], [ -72.985297378153845, 7.109628926027398 ] ], [ [ -72.964622010769233, 7.109897923287671 ], [ -72.964622010769233, 7.110166920547946 ], [ -72.964894055076925, 7.110166920547946 ], [ -72.964894055076925, 7.109897923287671 ], [ -72.964622010769233, 7.109897923287671 ] ], [ [ -72.957276814461537, 7.109897923287671 ], [ -72.957276814461537, 7.110166920547946 ], [ -72.957548858769229, 7.110166920547946 ], [ -72.957548858769229, 7.109897923287671 ], [ -72.957276814461537, 7.109897923287671 ] ], [ [ -72.977680137538457, 7.109359928767123 ], [ -72.977680137538457, 7.109628926027398 ], [ -72.977408093230764, 7.109628926027398 ], [ -72.977408093230764, 7.109897923287671 ], [ -72.977952181846149, 7.109897923287671 ], [ -72.977952181846149, 7.109359928767123 ], [ -72.977680137538457, 7.109359928767123 ] ], [ [ -72.977408093230764, 7.109359928767123 ], [ -72.977136048923072, 7.109359928767123 ], [ -72.977136048923072, 7.109628926027398 ], [ -72.977408093230764, 7.109628926027398 ], [ -72.977408093230764, 7.109359928767123 ] ], [ [ -72.96652632092308, 7.109628926027398 ], [ -72.96652632092308, 7.109897923287671 ], [ -72.966798365230773, 7.109897923287671 ], [ -72.966798365230773, 7.109628926027398 ], [ -72.96652632092308, 7.109628926027398 ] ], [ [ -72.957548858769229, 7.10909093150685 ], [ -72.957548858769229, 7.109628926027398 ], [ -72.957820903076922, 7.109628926027398 ], [ -72.957820903076922, 7.10909093150685 ], [ -72.957548858769229, 7.10909093150685 ] ], [ [ -72.978224226153841, 7.10909093150685 ], [ -72.978224226153841, 7.109359928767123 ], [ -72.978496270461534, 7.109359928767123 ], [ -72.978496270461534, 7.108821934246576 ], [ -72.977952181846149, 7.108821934246576 ], [ -72.977952181846149, 7.10909093150685 ], [ -72.978224226153841, 7.10909093150685 ] ], [ [ -72.972239251384622, 7.10909093150685 ], [ -72.972239251384622, 7.109359928767123 ], [ -72.972511295692314, 7.109359928767123 ], [ -72.972511295692314, 7.10909093150685 ], [ -72.972239251384622, 7.10909093150685 ] ], [ [ -72.971423118461544, 7.10909093150685 ], [ -72.971423118461544, 7.109359928767123 ], [ -72.971695162769237, 7.109359928767123 ], [ -72.971695162769237, 7.10909093150685 ], [ -72.971423118461544, 7.10909093150685 ] ], [ [ -72.970062896923082, 7.10909093150685 ], [ -72.970062896923082, 7.109359928767123 ], [ -72.970334941230774, 7.109359928767123 ], [ -72.970334941230774, 7.10909093150685 ], [ -72.970062896923082, 7.10909093150685 ] ], [ [ -72.968430631076927, 7.10909093150685 ], [ -72.968430631076927, 7.109359928767123 ], [ -72.96870267538462, 7.109359928767123 ], [ -72.96870267538462, 7.10909093150685 ], [ -72.968430631076927, 7.10909093150685 ] ], [ [ -72.959997257538461, 7.109359928767123 ], [ -72.959997257538461, 7.10909093150685 ], [ -72.959725213230769, 7.10909093150685 ], [ -72.959725213230769, 7.109359928767123 ], [ -72.959997257538461, 7.109359928767123 ] ], [ [ -72.959725213230769, 7.108821934246576 ], [ -72.959453168923076, 7.108821934246576 ], [ -72.959453168923076, 7.10909093150685 ], [ -72.959725213230769, 7.10909093150685 ], [ -72.959725213230769, 7.108821934246576 ] ], [ [ -73.003796391076918, 7.108821934246576 ], [ -73.003796391076918, 7.10909093150685 ], [ -73.00406843538461, 7.10909093150685 ], [ -73.00406843538461, 7.108821934246576 ], [ -73.003796391076918, 7.108821934246576 ] ], [ [ -72.983937156615383, 7.108821934246576 ], [ -72.983937156615383, 7.10909093150685 ], [ -72.984209200923075, 7.10909093150685 ], [ -72.984209200923075, 7.108821934246576 ], [ -72.983937156615383, 7.108821934246576 ] ], [ [ -72.979856492, 7.108821934246576 ], [ -72.979856492, 7.10909093150685 ], [ -72.980128536307689, 7.10909093150685 ], [ -72.980128536307689, 7.108821934246576 ], [ -72.979856492, 7.108821934246576 ] ], [ [ -72.967070409538465, 7.108821934246576 ], [ -72.967070409538465, 7.10909093150685 ], [ -72.967342453846157, 7.10909093150685 ], [ -72.967342453846157, 7.108821934246576 ], [ -72.967070409538465, 7.108821934246576 ] ], [ [ -72.98366511230769, 7.108552936986301 ], [ -72.98366511230769, 7.108283939726028 ], [ -72.983121023692306, 7.108283939726028 ], [ -72.983121023692306, 7.108821934246576 ], [ -72.983393068, 7.108821934246576 ], [ -72.983393068, 7.108552936986301 ], [ -72.98366511230769, 7.108552936986301 ] ], [ [ -72.983121023692306, 7.107476947945206 ], [ -72.982848979384613, 7.107476947945206 ], [ -72.982848979384613, 7.108283939726028 ], [ -72.983121023692306, 7.108283939726028 ], [ -72.983121023692306, 7.107476947945206 ] ], [ [ -72.974687650153854, 7.108552936986301 ], [ -72.974687650153854, 7.108821934246576 ], [ -72.974959694461546, 7.108821934246576 ], [ -72.974959694461546, 7.108552936986301 ], [ -72.974687650153854, 7.108552936986301 ] ], [ [ -72.971967207076929, 7.107476947945206 ], [ -72.971967207076929, 7.10774594520548 ], [ -72.972511295692314, 7.10774594520548 ], [ -72.972511295692314, 7.108283939726028 ], [ -72.973055384307699, 7.108283939726028 ], [ -72.973055384307699, 7.108552936986301 ], [ -72.973327428615391, 7.108552936986301 ], [ -72.973327428615391, 7.108821934246576 ], [ -72.973871517230776, 7.108821934246576 ], [ -72.973871517230776, 7.10774594520548 ], [ -72.973599472923084, 7.10774594520548 ], [ -72.973599472923084, 7.107476947945206 ], [ -72.973327428615391, 7.107476947945206 ], [ -72.973327428615391, 7.10774594520548 ], [ -72.973055384307699, 7.10774594520548 ], [ -72.973055384307699, 7.107207950684931 ], [ -72.972511295692314, 7.107207950684931 ], [ -72.972511295692314, 7.107476947945206 ], [ -72.971967207076929, 7.107476947945206 ] ], [ [ -72.971423118461544, 7.108283939726028 ], [ -72.971423118461544, 7.108821934246576 ], [ -72.971967207076929, 7.108821934246576 ], [ -72.971967207076929, 7.108283939726028 ], [ -72.971423118461544, 7.108283939726028 ] ], [ [ -72.969518808307697, 7.108283939726028 ], [ -72.969246764, 7.108283939726028 ], [ -72.969246764, 7.10774594520548 ], [ -72.968974719692312, 7.10774594520548 ], [ -72.968974719692312, 7.107476947945206 ], [ -72.96870267538462, 7.107476947945206 ], [ -72.96870267538462, 7.107207950684931 ], [ -72.968158586769235, 7.107207950684931 ], [ -72.968158586769235, 7.107476947945206 ], [ -72.968430631076927, 7.107476947945206 ], [ -72.968430631076927, 7.10774594520548 ], [ -72.96870267538462, 7.10774594520548 ], [ -72.96870267538462, 7.108283939726028 ], [ -72.968974719692312, 7.108283939726028 ], [ -72.968974719692312, 7.108821934246576 ], [ -72.96979085261539, 7.108821934246576 ], [ -72.96979085261539, 7.108552936986301 ], [ -72.969518808307697, 7.108552936986301 ], [ -72.969518808307697, 7.108283939726028 ] ], [ [ -72.967886542461542, 7.107476947945206 ], [ -72.967886542461542, 7.10774594520548 ], [ -72.968158586769235, 7.10774594520548 ], [ -72.968158586769235, 7.107476947945206 ], [ -72.967886542461542, 7.107476947945206 ] ], [ [ -72.970334941230774, 7.108552936986301 ], [ -72.970334941230774, 7.108283939726028 ], [ -72.96979085261539, 7.108283939726028 ], [ -72.96979085261539, 7.108552936986301 ], [ -72.970334941230774, 7.108552936986301 ] ], [ [ -72.970879029846159, 7.108283939726028 ], [ -72.970879029846159, 7.108014942465753 ], [ -72.970334941230774, 7.108014942465753 ], [ -72.970334941230774, 7.108283939726028 ], [ -72.970879029846159, 7.108283939726028 ] ], [ [ -72.971695162769237, 7.108014942465753 ], [ -72.971695162769237, 7.10774594520548 ], [ -72.970879029846159, 7.10774594520548 ], [ -72.970879029846159, 7.108014942465753 ], [ -72.971695162769237, 7.108014942465753 ] ], [ [ -72.992370530153849, 7.108283939726028 ], [ -72.992370530153849, 7.108552936986301 ], [ -72.992642574461541, 7.108552936986301 ], [ -72.992642574461541, 7.108283939726028 ], [ -72.992370530153849, 7.108283939726028 ] ], [ [ -72.981760802153843, 7.108283939726028 ], [ -72.981760802153843, 7.108552936986301 ], [ -72.982032846461536, 7.108552936986301 ], [ -72.982032846461536, 7.108283939726028 ], [ -72.981760802153843, 7.108283939726028 ] ], [ [ -72.976319916, 7.108552936986301 ], [ -72.976319916, 7.108283939726028 ], [ -72.975775827384609, 7.108283939726028 ], [ -72.975775827384609, 7.108552936986301 ], [ -72.976319916, 7.108552936986301 ] ], [ [ -72.975775827384609, 7.108014942465753 ], [ -72.975503783076917, 7.108014942465753 ], [ -72.975503783076917, 7.10774594520548 ], [ -72.974143561538469, 7.10774594520548 ], [ -72.974143561538469, 7.108014942465753 ], [ -72.974687650153854, 7.108014942465753 ], [ -72.974687650153854, 7.108283939726028 ], [ -72.975775827384609, 7.108283939726028 ], [ -72.975775827384609, 7.108014942465753 ] ], [ [ -72.964077922153848, 7.108283939726028 ], [ -72.964077922153848, 7.108552936986301 ], [ -72.96434996646154, 7.108552936986301 ], [ -72.96434996646154, 7.108283939726028 ], [ -72.964077922153848, 7.108283939726028 ] ], [ [ -72.959997257538461, 7.108283939726028 ], [ -72.959997257538461, 7.108552936986301 ], [ -72.960541346153846, 7.108552936986301 ], [ -72.960541346153846, 7.108283939726028 ], [ -72.959997257538461, 7.108283939726028 ] ], [ [ -72.959453168923076, 7.108283939726028 ], [ -72.959453168923076, 7.108552936986301 ], [ -72.959725213230769, 7.108552936986301 ], [ -72.959725213230769, 7.108283939726028 ], [ -72.959453168923076, 7.108283939726028 ] ], [ [ -72.958909080307691, 7.108283939726028 ], [ -72.958909080307691, 7.108552936986301 ], [ -72.959181124615384, 7.108552936986301 ], [ -72.959181124615384, 7.108283939726028 ], [ -72.958909080307691, 7.108283939726028 ] ], [ [ -72.994274840307696, 7.10774594520548 ], [ -72.994274840307696, 7.108014942465753 ], [ -72.994546884615389, 7.108014942465753 ], [ -72.994546884615389, 7.10774594520548 ], [ -72.994274840307696, 7.10774594520548 ] ], [ [ -72.984209200923075, 7.10774594520548 ], [ -72.983937156615383, 7.10774594520548 ], [ -72.983937156615383, 7.108014942465753 ], [ -72.98475328953846, 7.108014942465753 ], [ -72.98475328953846, 7.10774594520548 ], [ -72.984481245230768, 7.10774594520548 ], [ -72.984481245230768, 7.107476947945206 ], [ -72.984209200923075, 7.107476947945206 ], [ -72.984209200923075, 7.10774594520548 ] ], [ [ -72.98475328953846, 7.107476947945206 ], [ -72.98475328953846, 7.107207950684931 ], [ -72.984481245230768, 7.107207950684931 ], [ -72.984481245230768, 7.107476947945206 ], [ -72.98475328953846, 7.107476947945206 ] ], [ [ -72.981760802153843, 7.108014942465753 ], [ -72.981760802153843, 7.10774594520548 ], [ -72.981488757846151, 7.10774594520548 ], [ -72.981488757846151, 7.108014942465753 ], [ -72.981760802153843, 7.108014942465753 ] ], [ [ -72.981488757846151, 7.107476947945206 ], [ -72.980672624923073, 7.107476947945206 ], [ -72.980672624923073, 7.10774594520548 ], [ -72.980400580615381, 7.10774594520548 ], [ -72.980400580615381, 7.108014942465753 ], [ -72.980944669230766, 7.108014942465753 ], [ -72.980944669230766, 7.10774594520548 ], [ -72.981488757846151, 7.10774594520548 ], [ -72.981488757846151, 7.107476947945206 ] ], [ [ -72.980400580615381, 7.107476947945206 ], [ -72.979584447692304, 7.107476947945206 ], [ -72.979584447692304, 7.10774594520548 ], [ -72.979856492, 7.10774594520548 ], [ -72.979856492, 7.108014942465753 ], [ -72.980128536307689, 7.108014942465753 ], [ -72.980128536307689, 7.10774594520548 ], [ -72.980400580615381, 7.10774594520548 ], [ -72.980400580615381, 7.107476947945206 ] ], [ [ -72.979584447692304, 7.107207950684931 ], [ -72.979312403384611, 7.107207950684931 ], [ -72.979312403384611, 7.106938953424658 ], [ -72.978496270461534, 7.106938953424658 ], [ -72.978496270461534, 7.107207950684931 ], [ -72.978768314769226, 7.107207950684931 ], [ -72.978768314769226, 7.107476947945206 ], [ -72.979584447692304, 7.107476947945206 ], [ -72.979584447692304, 7.107207950684931 ] ], [ [ -72.977680137538457, 7.10774594520548 ], [ -72.977680137538457, 7.108014942465753 ], [ -72.977952181846149, 7.108014942465753 ], [ -72.977952181846149, 7.10774594520548 ], [ -72.977680137538457, 7.10774594520548 ] ], [ [ -72.992370530153849, 7.107476947945206 ], [ -72.992370530153849, 7.10774594520548 ], [ -72.992642574461541, 7.10774594520548 ], [ -72.992642574461541, 7.107476947945206 ], [ -72.992370530153849, 7.107476947945206 ] ], [ [ -72.976864004615379, 7.107476947945206 ], [ -72.976864004615379, 7.10774594520548 ], [ -72.977408093230764, 7.10774594520548 ], [ -72.977408093230764, 7.107476947945206 ], [ -72.976864004615379, 7.107476947945206 ] ], [ [ -72.96434996646154, 7.107476947945206 ], [ -72.96434996646154, 7.10774594520548 ], [ -72.964894055076925, 7.10774594520548 ], [ -72.964894055076925, 7.107476947945206 ], [ -72.96434996646154, 7.107476947945206 ] ], [ [ -72.961901567692308, 7.107476947945206 ], [ -72.961901567692308, 7.10774594520548 ], [ -72.962173612, 7.10774594520548 ], [ -72.962173612, 7.107476947945206 ], [ -72.961901567692308, 7.107476947945206 ] ], [ [ -72.982576935076921, 7.106938953424658 ], [ -72.982576935076921, 7.107207950684931 ], [ -72.982848979384613, 7.107207950684931 ], [ -72.982848979384613, 7.106938953424658 ], [ -72.982576935076921, 7.106938953424658 ] ], [ [ -72.962989744923078, 7.106938953424658 ], [ -72.962989744923078, 7.107207950684931 ], [ -72.963261789230771, 7.107207950684931 ], [ -72.963261789230771, 7.106938953424658 ], [ -72.962989744923078, 7.106938953424658 ] ], [ [ -72.975231738769224, 7.106669956164384 ], [ -72.975231738769224, 7.106938953424658 ], [ -72.975775827384609, 7.106938953424658 ], [ -72.975775827384609, 7.106669956164384 ], [ -72.975231738769224, 7.106669956164384 ] ], [ [ -72.974687650153854, 7.106669956164384 ], [ -72.974687650153854, 7.106938953424658 ], [ -72.974959694461546, 7.106938953424658 ], [ -72.974959694461546, 7.106669956164384 ], [ -72.974687650153854, 7.106669956164384 ] ], [ [ -72.96870267538462, 7.106669956164384 ], [ -72.96870267538462, 7.10640095890411 ], [ -72.968430631076927, 7.10640095890411 ], [ -72.968430631076927, 7.106131961643836 ], [ -72.968158586769235, 7.106131961643836 ], [ -72.968158586769235, 7.106938953424658 ], [ -72.968430631076927, 7.106938953424658 ], [ -72.968430631076927, 7.106669956164384 ], [ -72.96870267538462, 7.106669956164384 ] ], [ [ -72.982304890769228, 7.106131961643836 ], [ -72.982304890769228, 7.106669956164384 ], [ -72.982576935076921, 7.106669956164384 ], [ -72.982576935076921, 7.106131961643836 ], [ -72.982304890769228, 7.106131961643836 ] ], [ [ -72.965710188, 7.10640095890411 ], [ -72.965710188, 7.106669956164384 ], [ -72.965982232307695, 7.106669956164384 ], [ -72.965982232307695, 7.10640095890411 ], [ -72.965710188, 7.10640095890411 ] ], [ [ -72.963533833538463, 7.10640095890411 ], [ -72.963533833538463, 7.106669956164384 ], [ -72.963805877846156, 7.106669956164384 ], [ -72.963805877846156, 7.10640095890411 ], [ -72.963533833538463, 7.10640095890411 ] ], [ [ -72.962173612, 7.10640095890411 ], [ -72.962173612, 7.106669956164384 ], [ -72.962445656307693, 7.106669956164384 ], [ -72.962445656307693, 7.10640095890411 ], [ -72.962173612, 7.10640095890411 ] ], [ [ -72.975231738769224, 7.106131961643836 ], [ -72.975231738769224, 7.10640095890411 ], [ -72.975503783076917, 7.10640095890411 ], [ -72.975503783076917, 7.106131961643836 ], [ -72.975231738769224, 7.106131961643836 ] ], [ [ -72.973055384307699, 7.106131961643836 ], [ -72.973055384307699, 7.10640095890411 ], [ -72.973327428615391, 7.10640095890411 ], [ -72.973327428615391, 7.106131961643836 ], [ -72.973055384307699, 7.106131961643836 ] ], [ [ -72.982848979384613, 7.105862964383562 ], [ -72.982848979384613, 7.106131961643836 ], [ -72.983393068, 7.106131961643836 ], [ -72.983393068, 7.105862964383562 ], [ -72.982848979384613, 7.105862964383562 ] ], [ [ -72.979040359076919, 7.105862964383562 ], [ -72.979040359076919, 7.106131961643836 ], [ -72.979312403384611, 7.106131961643836 ], [ -72.979312403384611, 7.105862964383562 ], [ -72.979040359076919, 7.105862964383562 ] ], [ [ -72.963533833538463, 7.105593967123288 ], [ -72.963533833538463, 7.106131961643836 ], [ -72.964077922153848, 7.106131961643836 ], [ -72.964077922153848, 7.105593967123288 ], [ -72.963533833538463, 7.105593967123288 ] ], [ [ -72.962717700615386, 7.105862964383562 ], [ -72.962717700615386, 7.106131961643836 ], [ -72.962989744923078, 7.106131961643836 ], [ -72.962989744923078, 7.105862964383562 ], [ -72.962717700615386, 7.105862964383562 ] ], [ [ -72.955916592923074, 7.105862964383562 ], [ -72.955916592923074, 7.106131961643836 ], [ -72.956188637230767, 7.106131961643836 ], [ -72.956188637230767, 7.105862964383562 ], [ -72.955916592923074, 7.105862964383562 ] ], [ [ -72.996723239076928, 7.105593967123288 ], [ -72.996723239076928, 7.105862964383562 ], [ -72.996995283384621, 7.105862964383562 ], [ -72.996995283384621, 7.105593967123288 ], [ -72.996723239076928, 7.105593967123288 ] ], [ [ -72.980128536307689, 7.105593967123288 ], [ -72.980128536307689, 7.105862964383562 ], [ -72.980400580615381, 7.105862964383562 ], [ -72.980400580615381, 7.105593967123288 ], [ -72.980128536307689, 7.105593967123288 ] ], [ [ -72.973599472923084, 7.105593967123288 ], [ -72.973599472923084, 7.105862964383562 ], [ -72.973871517230776, 7.105862964383562 ], [ -72.973871517230776, 7.105593967123288 ], [ -72.973599472923084, 7.105593967123288 ] ], [ [ -72.959181124615384, 7.105593967123288 ], [ -72.959181124615384, 7.105862964383562 ], [ -72.959453168923076, 7.105862964383562 ], [ -72.959453168923076, 7.105593967123288 ], [ -72.959181124615384, 7.105593967123288 ] ], [ [ -72.956732725846152, 7.105593967123288 ], [ -72.956732725846152, 7.10505597260274 ], [ -72.956460681538459, 7.10505597260274 ], [ -72.956460681538459, 7.105593967123288 ], [ -72.956732725846152, 7.105593967123288 ] ], [ [ -72.956460681538459, 7.104786975342466 ], [ -72.955916592923074, 7.104786975342466 ], [ -72.955916592923074, 7.105324969863014 ], [ -72.956188637230767, 7.105324969863014 ], [ -72.956188637230767, 7.10505597260274 ], [ -72.956460681538459, 7.10505597260274 ], [ -72.956460681538459, 7.104786975342466 ] ], [ [ -72.973327428615391, 7.10505597260274 ], [ -72.973327428615391, 7.105324969863014 ], [ -72.973599472923084, 7.105324969863014 ], [ -72.973599472923084, 7.10505597260274 ], [ -72.973327428615391, 7.10505597260274 ] ], [ [ -72.958364991692306, 7.104248980821918 ], [ -72.958364991692306, 7.104517978082192 ], [ -72.958637036, 7.104517978082192 ], [ -72.958637036, 7.104248980821918 ], [ -72.958364991692306, 7.104248980821918 ] ], [ [ -72.995635061846158, 7.103441989041096 ], [ -72.995635061846158, 7.104248980821918 ], [ -72.995907106153851, 7.104248980821918 ], [ -72.995907106153851, 7.103979983561644 ], [ -72.996179150461543, 7.103979983561644 ], [ -72.996179150461543, 7.103441989041096 ], [ -72.995635061846158, 7.103441989041096 ] ], [ [ -72.96652632092308, 7.103979983561644 ], [ -72.96652632092308, 7.104248980821918 ], [ -72.966798365230773, 7.104248980821918 ], [ -72.966798365230773, 7.103979983561644 ], [ -72.96652632092308, 7.103979983561644 ] ], [ [ -72.975775827384609, 7.103172991780822 ], [ -72.975775827384609, 7.10371098630137 ], [ -72.976047871692302, 7.10371098630137 ], [ -72.976047871692302, 7.103172991780822 ], [ -72.975775827384609, 7.103172991780822 ] ], [ [ -72.999171637846146, 7.102097002739726 ], [ -72.999171637846146, 7.102634997260274 ], [ -72.999443682153839, 7.102634997260274 ], [ -72.999443682153839, 7.102097002739726 ], [ -72.999171637846146, 7.102097002739726 ] ], [ [ -72.976047871692302, 7.102366 ], [ -72.976047871692302, 7.102634997260274 ], [ -72.976319916, 7.102634997260274 ], [ -72.976319916, 7.102366 ], [ -72.976047871692302, 7.102366 ] ], [ [ -72.955644548615382, 7.102366 ], [ -72.955644548615382, 7.102634997260274 ], [ -72.955916592923074, 7.102634997260274 ], [ -72.955916592923074, 7.102366 ], [ -72.955644548615382, 7.102366 ] ], [ [ -72.957004770153844, 7.101828005479453 ], [ -72.957004770153844, 7.102097002739726 ], [ -72.957276814461537, 7.102097002739726 ], [ -72.957276814461537, 7.101828005479453 ], [ -72.957004770153844, 7.101828005479453 ] ], [ [ -72.976319916, 7.10102101369863 ], [ -72.976319916, 7.101828005479453 ], [ -72.976591960307687, 7.101828005479453 ], [ -72.976591960307687, 7.10102101369863 ], [ -72.976319916, 7.10102101369863 ] ], [ [ -72.958092947384614, 7.10102101369863 ], [ -72.958092947384614, 7.101559008219178 ], [ -72.958364991692306, 7.101559008219178 ], [ -72.958364991692306, 7.10102101369863 ], [ -72.958092947384614, 7.10102101369863 ] ], [ [ -72.956732725846152, 7.101290010958905 ], [ -72.956732725846152, 7.101559008219178 ], [ -72.957004770153844, 7.101559008219178 ], [ -72.957004770153844, 7.101290010958905 ], [ -72.956732725846152, 7.101290010958905 ] ], [ [ -72.976319916, 7.100483019178083 ], [ -72.976319916, 7.100752016438356 ], [ -72.976591960307687, 7.100752016438356 ], [ -72.976591960307687, 7.100483019178083 ], [ -72.976319916, 7.100483019178083 ] ], [ [ -72.961901567692308, 7.100483019178083 ], [ -72.962173612, 7.100483019178083 ], [ -72.962173612, 7.099945024657535 ], [ -72.961901567692308, 7.099945024657535 ], [ -72.961901567692308, 7.100483019178083 ] ], [ [ -72.962445656307693, 7.099945024657535 ], [ -72.962445656307693, 7.09967602739726 ], [ -72.962173612, 7.09967602739726 ], [ -72.962173612, 7.099945024657535 ], [ -72.962445656307693, 7.099945024657535 ] ], [ [ -72.955644548615382, 7.099407030136986 ], [ -72.955644548615382, 7.09967602739726 ], [ -72.955916592923074, 7.09967602739726 ], [ -72.955916592923074, 7.099407030136986 ], [ -72.955644548615382, 7.099407030136986 ] ], [ [ -72.962173612, 7.098869035616438 ], [ -72.962173612, 7.099407030136986 ], [ -72.962445656307693, 7.099407030136986 ], [ -72.962445656307693, 7.098869035616438 ], [ -72.962173612, 7.098869035616438 ] ], [ [ -72.970606985538467, 7.097793046575343 ], [ -72.970606985538467, 7.098869035616438 ], [ -72.971151074153852, 7.098869035616438 ], [ -72.971151074153852, 7.098331041095891 ], [ -72.971695162769237, 7.098331041095891 ], [ -72.971695162769237, 7.098062043835617 ], [ -72.971423118461544, 7.098062043835617 ], [ -72.971423118461544, 7.097793046575343 ], [ -72.971695162769237, 7.097793046575343 ], [ -72.971695162769237, 7.097524049315068 ], [ -72.971151074153852, 7.097524049315068 ], [ -72.971151074153852, 7.097793046575343 ], [ -72.970606985538467, 7.097793046575343 ] ], [ [ -72.972511295692314, 7.097524049315068 ], [ -72.972511295692314, 7.097793046575343 ], [ -72.97278334, 7.097793046575343 ], [ -72.97278334, 7.097524049315068 ], [ -72.972511295692314, 7.097524049315068 ] ], [ [ -72.971967207076929, 7.096717057534247 ], [ -72.971967207076929, 7.097255052054795 ], [ -72.972511295692314, 7.097255052054795 ], [ -72.972511295692314, 7.096717057534247 ], [ -72.971967207076929, 7.096717057534247 ] ], [ [ -72.962173612, 7.096986054794521 ], [ -72.962173612, 7.097255052054795 ], [ -72.962445656307693, 7.097255052054795 ], [ -72.962445656307693, 7.096986054794521 ], [ -72.962173612, 7.096986054794521 ] ], [ [ -73.002164125230763, 7.096717057534247 ], [ -73.002164125230763, 7.096986054794521 ], [ -73.002436169538456, 7.096986054794521 ], [ -73.002436169538456, 7.096717057534247 ], [ -73.002164125230763, 7.096717057534247 ] ], [ [ -72.958092947384614, 7.095372071232877 ], [ -72.958092947384614, 7.096179063013698 ], [ -72.958364991692306, 7.096179063013698 ], [ -72.958364991692306, 7.096448060273973 ], [ -72.958909080307691, 7.096448060273973 ], [ -72.958909080307691, 7.096717057534247 ], [ -72.959181124615384, 7.096717057534247 ], [ -72.959181124615384, 7.096448060273973 ], [ -72.959453168923076, 7.096448060273973 ], [ -72.959453168923076, 7.095910065753425 ], [ -72.959725213230769, 7.095910065753425 ], [ -72.959725213230769, 7.095372071232877 ], [ -72.959453168923076, 7.095372071232877 ], [ -72.959453168923076, 7.095103073972603 ], [ -72.958637036, 7.095103073972603 ], [ -72.958637036, 7.095372071232877 ], [ -72.958092947384614, 7.095372071232877 ] ], [ [ -72.957548858769229, 7.096448060273973 ], [ -72.957548858769229, 7.096717057534247 ], [ -72.958092947384614, 7.096717057534247 ], [ -72.958092947384614, 7.096448060273973 ], [ -72.957548858769229, 7.096448060273973 ] ], [ [ -72.954556371384612, 7.095641068493151 ], [ -72.954556371384612, 7.095910065753425 ], [ -72.954828415692305, 7.095910065753425 ], [ -72.954828415692305, 7.095641068493151 ], [ -72.954556371384612, 7.095641068493151 ] ], [ [ -72.95047570676924, 7.095103073972603 ], [ -72.95047570676924, 7.095372071232877 ], [ -72.950747751076932, 7.095372071232877 ], [ -72.950747751076932, 7.095103073972603 ], [ -72.95047570676924, 7.095103073972603 ] ], [ [ -72.962445656307693, 7.094834076712329 ], [ -72.962445656307693, 7.095103073972603 ], [ -72.962717700615386, 7.095103073972603 ], [ -72.962717700615386, 7.094834076712329 ], [ -72.962445656307693, 7.094834076712329 ] ], [ [ -72.972511295692314, 7.094565079452055 ], [ -72.972511295692314, 7.094834076712329 ], [ -72.97278334, 7.094834076712329 ], [ -72.97278334, 7.094565079452055 ], [ -72.972511295692314, 7.094565079452055 ] ], [ [ -72.959453168923076, 7.094834076712329 ], [ -72.959725213230769, 7.094834076712329 ], [ -72.959725213230769, 7.094565079452055 ], [ -72.959453168923076, 7.094565079452055 ], [ -72.959453168923076, 7.094834076712329 ] ], [ [ -72.959997257538461, 7.094565079452055 ], [ -72.959997257538461, 7.094296082191781 ], [ -72.959725213230769, 7.094296082191781 ], [ -72.959725213230769, 7.094565079452055 ], [ -72.959997257538461, 7.094565079452055 ] ], [ [ -72.95047570676924, 7.094565079452055 ], [ -72.95047570676924, 7.094834076712329 ], [ -72.950747751076932, 7.094834076712329 ], [ -72.950747751076932, 7.094565079452055 ], [ -72.95047570676924, 7.094565079452055 ] ], [ [ -72.999171637846146, 7.094027084931507 ], [ -72.999171637846146, 7.094296082191781 ], [ -72.999443682153839, 7.094296082191781 ], [ -72.999443682153839, 7.094027084931507 ], [ -72.999171637846146, 7.094027084931507 ] ], [ [ -73.000259815076916, 7.093220093150685 ], [ -73.000259815076916, 7.09348909041096 ], [ -73.000803903692301, 7.09348909041096 ], [ -73.000803903692301, 7.092951095890411 ], [ -73.000531859384608, 7.092951095890411 ], [ -73.000531859384608, 7.093220093150685 ], [ -73.000259815076916, 7.093220093150685 ] ], [ [ -72.962173612, 7.093220093150685 ], [ -72.962173612, 7.09348909041096 ], [ -72.962445656307693, 7.09348909041096 ], [ -72.962445656307693, 7.093220093150685 ], [ -72.962173612, 7.093220093150685 ] ], [ [ -72.958637036, 7.093220093150685 ], [ -72.958637036, 7.09348909041096 ], [ -72.958909080307691, 7.09348909041096 ], [ -72.958909080307691, 7.093220093150685 ], [ -72.958637036, 7.093220093150685 ] ], [ [ -72.995635061846158, 7.092413101369863 ], [ -72.995635061846158, 7.09214410410959 ], [ -72.995090973230774, 7.09214410410959 ], [ -72.995090973230774, 7.092682098630137 ], [ -72.995635061846158, 7.092682098630137 ], [ -72.995635061846158, 7.093220093150685 ], [ -72.995907106153851, 7.093220093150685 ], [ -72.995907106153851, 7.092951095890411 ], [ -72.996179150461543, 7.092951095890411 ], [ -72.996179150461543, 7.092682098630137 ], [ -72.995907106153851, 7.092682098630137 ], [ -72.995907106153851, 7.092413101369863 ], [ -72.995635061846158, 7.092413101369863 ] ], [ [ -72.995090973230774, 7.091606109589041 ], [ -72.994818928923081, 7.091606109589041 ], [ -72.994818928923081, 7.091875106849315 ], [ -72.994546884615389, 7.091875106849315 ], [ -72.994546884615389, 7.092682098630137 ], [ -72.994818928923081, 7.092682098630137 ], [ -72.994818928923081, 7.09214410410959 ], [ -72.995090973230774, 7.09214410410959 ], [ -72.995090973230774, 7.091606109589041 ] ], [ [ -73.007877055692305, 7.09214410410959 ], [ -73.007877055692305, 7.091875106849315 ], [ -73.00733296707692, 7.091875106849315 ], [ -73.00733296707692, 7.092682098630137 ], [ -73.007605011384612, 7.092682098630137 ], [ -73.007605011384612, 7.09214410410959 ], [ -73.007877055692305, 7.09214410410959 ] ], [ [ -73.00733296707692, 7.091606109589041 ], [ -73.007060922769227, 7.091606109589041 ], [ -73.007060922769227, 7.091875106849315 ], [ -73.00733296707692, 7.091875106849315 ], [ -73.00733296707692, 7.091606109589041 ] ], [ [ -72.993730751692311, 7.092413101369863 ], [ -72.993730751692311, 7.09214410410959 ], [ -72.993458707384619, 7.09214410410959 ], [ -72.993458707384619, 7.092413101369863 ], [ -72.993730751692311, 7.092413101369863 ] ], [ [ -72.993458707384619, 7.091606109589041 ], [ -72.993186663076926, 7.091606109589041 ], [ -72.993186663076926, 7.091337112328767 ], [ -72.992642574461541, 7.091337112328767 ], [ -72.992642574461541, 7.091875106849315 ], [ -72.992914618769234, 7.091875106849315 ], [ -72.992914618769234, 7.09214410410959 ], [ -72.993458707384619, 7.09214410410959 ], [ -72.993458707384619, 7.091606109589041 ] ], [ [ -72.993730751692311, 7.091606109589041 ], [ -72.993730751692311, 7.091337112328767 ], [ -72.993458707384619, 7.091337112328767 ], [ -72.993458707384619, 7.091606109589041 ], [ -72.993730751692311, 7.091606109589041 ] ], [ [ -73.000803903692301, 7.091875106849315 ], [ -73.000803903692301, 7.09214410410959 ], [ -73.001347992307686, 7.09214410410959 ], [ -73.001347992307686, 7.091606109589041 ], [ -73.000531859384608, 7.091606109589041 ], [ -73.000531859384608, 7.091875106849315 ], [ -73.000803903692301, 7.091875106849315 ] ], [ [ -72.950203662461547, 7.090261123287672 ], [ -72.950203662461547, 7.09079911780822 ], [ -72.950747751076932, 7.09079911780822 ], [ -72.950747751076932, 7.090261123287672 ], [ -72.950203662461547, 7.090261123287672 ] ], [ [ -72.955916592923074, 7.088647139726028 ], [ -72.955916592923074, 7.088378142465753 ], [ -72.955644548615382, 7.088378142465753 ], [ -72.955644548615382, 7.08810914520548 ], [ -72.956188637230767, 7.08810914520548 ], [ -72.956188637230767, 7.087840147945205 ], [ -72.955644548615382, 7.087840147945205 ], [ -72.955644548615382, 7.087302153424658 ], [ -72.955372504307689, 7.087302153424658 ], [ -72.955372504307689, 7.08676415890411 ], [ -72.95510046, 7.08676415890411 ], [ -72.95510046, 7.086226164383562 ], [ -72.954828415692305, 7.086226164383562 ], [ -72.954828415692305, 7.086495161643835 ], [ -72.954556371384612, 7.086495161643835 ], [ -72.954556371384612, 7.085957167123288 ], [ -72.953468194153842, 7.085957167123288 ], [ -72.953468194153842, 7.08541917260274 ], [ -72.952924105538457, 7.08541917260274 ], [ -72.952924105538457, 7.085150175342465 ], [ -72.952652061230779, 7.085150175342465 ], [ -72.952652061230779, 7.084881178082192 ], [ -72.952380016923087, 7.084881178082192 ], [ -72.952380016923087, 7.084343183561644 ], [ -72.952107972615394, 7.084343183561644 ], [ -72.952107972615394, 7.084881178082192 ], [ -72.951835928307702, 7.084881178082192 ], [ -72.951835928307702, 7.085150175342465 ], [ -72.951563884, 7.085150175342465 ], [ -72.951563884, 7.08676415890411 ], [ -72.951291839692317, 7.08676415890411 ], [ -72.951291839692317, 7.087033156164384 ], [ -72.951563884, 7.087033156164384 ], [ -72.951563884, 7.087302153424658 ], [ -72.951835928307702, 7.087302153424658 ], [ -72.951835928307702, 7.086226164383562 ], [ -72.952107972615394, 7.086226164383562 ], [ -72.952107972615394, 7.087302153424658 ], [ -72.952380016923087, 7.087302153424658 ], [ -72.952380016923087, 7.087571150684932 ], [ -72.952652061230779, 7.087571150684932 ], [ -72.952652061230779, 7.087302153424658 ], [ -72.952924105538457, 7.087302153424658 ], [ -72.952924105538457, 7.08810914520548 ], [ -72.953468194153842, 7.08810914520548 ], [ -72.953468194153842, 7.088378142465753 ], [ -72.952924105538457, 7.088378142465753 ], [ -72.952924105538457, 7.088647139726028 ], [ -72.953468194153842, 7.088647139726028 ], [ -72.953468194153842, 7.088916136986302 ], [ -72.953740238461535, 7.088916136986302 ], [ -72.953740238461535, 7.089185134246575 ], [ -72.954828415692305, 7.089185134246575 ], [ -72.954828415692305, 7.089992126027397 ], [ -72.955372504307689, 7.089992126027397 ], [ -72.955372504307689, 7.090261123287672 ], [ -72.955916592923074, 7.090261123287672 ], [ -72.955916592923074, 7.090530120547945 ], [ -72.956732725846152, 7.090530120547945 ], [ -72.956732725846152, 7.090261123287672 ], [ -72.956460681538459, 7.090261123287672 ], [ -72.956460681538459, 7.089992126027397 ], [ -72.956188637230767, 7.089992126027397 ], [ -72.956188637230767, 7.08945413150685 ], [ -72.955916592923074, 7.08945413150685 ], [ -72.955916592923074, 7.089185134246575 ], [ -72.956188637230767, 7.089185134246575 ], [ -72.956188637230767, 7.088647139726028 ], [ -72.955916592923074, 7.088647139726028 ] ], [ [ -72.951291839692317, 7.090261123287672 ], [ -72.951291839692317, 7.090530120547945 ], [ -72.951563884, 7.090530120547945 ], [ -72.951563884, 7.090261123287672 ], [ -72.951291839692317, 7.090261123287672 ] ], [ [ -72.952380016923087, 7.089992126027397 ], [ -72.952380016923087, 7.090261123287672 ], [ -72.952652061230779, 7.090261123287672 ], [ -72.952652061230779, 7.089992126027397 ], [ -72.952380016923087, 7.089992126027397 ] ], [ [ -72.951019795384624, 7.089723128767123 ], [ -72.951019795384624, 7.089992126027397 ], [ -72.951835928307702, 7.089992126027397 ], [ -72.951835928307702, 7.089723128767123 ], [ -72.951019795384624, 7.089723128767123 ] ], [ [ -72.951291839692317, 7.089185134246575 ], [ -72.951291839692317, 7.08945413150685 ], [ -72.951563884, 7.08945413150685 ], [ -72.951563884, 7.089185134246575 ], [ -72.951291839692317, 7.089185134246575 ] ], [ [ -72.95047570676924, 7.089185134246575 ], [ -72.950747751076932, 7.089185134246575 ], [ -72.950747751076932, 7.088647139726028 ], [ -72.95047570676924, 7.088647139726028 ], [ -72.95047570676924, 7.089185134246575 ] ], [ [ -72.951291839692317, 7.088647139726028 ], [ -72.951291839692317, 7.088378142465753 ], [ -72.951563884, 7.088378142465753 ], [ -72.951563884, 7.088647139726028 ], [ -72.951835928307702, 7.088647139726028 ], [ -72.951835928307702, 7.087840147945205 ], [ -72.951291839692317, 7.087840147945205 ], [ -72.951291839692317, 7.08810914520548 ], [ -72.950747751076932, 7.08810914520548 ], [ -72.950747751076932, 7.088647139726028 ], [ -72.951291839692317, 7.088647139726028 ] ], [ [ -72.950747751076932, 7.087840147945205 ], [ -72.950747751076932, 7.087302153424658 ], [ -72.95047570676924, 7.087302153424658 ], [ -72.95047570676924, 7.087571150684932 ], [ -72.950203662461547, 7.087571150684932 ], [ -72.950203662461547, 7.08810914520548 ], [ -72.95047570676924, 7.08810914520548 ], [ -72.95047570676924, 7.087840147945205 ], [ -72.950747751076932, 7.087840147945205 ] ], [ [ -72.949115485230777, 7.087302153424658 ], [ -72.949115485230777, 7.087571150684932 ], [ -72.94938752953847, 7.087571150684932 ], [ -72.94938752953847, 7.087302153424658 ], [ -72.949115485230777, 7.087302153424658 ] ], [ [ -72.998627549230761, 7.08676415890411 ], [ -72.998627549230761, 7.087033156164384 ], [ -72.999443682153839, 7.087033156164384 ], [ -72.999443682153839, 7.08676415890411 ], [ -72.998627549230761, 7.08676415890411 ] ], [ [ -72.997811416307684, 7.086226164383562 ], [ -72.997811416307684, 7.086495161643835 ], [ -72.998083460615376, 7.086495161643835 ], [ -72.998083460615376, 7.086226164383562 ], [ -72.997811416307684, 7.086226164383562 ] ], [ [ -72.949931618153855, 7.086495161643835 ], [ -72.949931618153855, 7.085957167123288 ], [ -72.949659573846162, 7.085957167123288 ], [ -72.949659573846162, 7.086495161643835 ], [ -72.949931618153855, 7.086495161643835 ] ], [ [ -72.949659573846162, 7.08541917260274 ], [ -72.94938752953847, 7.08541917260274 ], [ -72.94938752953847, 7.085957167123288 ], [ -72.949659573846162, 7.085957167123288 ], [ -72.949659573846162, 7.08541917260274 ] ], [ [ -72.958364991692306, 7.085150175342465 ], [ -72.958364991692306, 7.084881178082192 ], [ -72.957820903076922, 7.084881178082192 ], [ -72.957820903076922, 7.085150175342465 ], [ -72.958092947384614, 7.085150175342465 ], [ -72.958092947384614, 7.08541917260274 ], [ -72.958637036, 7.08541917260274 ], [ -72.958637036, 7.085150175342465 ], [ -72.958364991692306, 7.085150175342465 ] ], [ [ -72.948571396615392, 7.084612180821918 ], [ -72.948571396615392, 7.08541917260274 ], [ -72.949115485230777, 7.08541917260274 ], [ -72.949115485230777, 7.084612180821918 ], [ -72.948571396615392, 7.084612180821918 ] ], [ [ -72.951563884, 7.084343183561644 ], [ -72.951563884, 7.084612180821918 ], [ -72.951835928307702, 7.084612180821918 ], [ -72.951835928307702, 7.084343183561644 ], [ -72.951563884, 7.084343183561644 ] ], [ [ -72.95047570676924, 7.084343183561644 ], [ -72.95047570676924, 7.084612180821918 ], [ -72.950747751076932, 7.084612180821918 ], [ -72.950747751076932, 7.084343183561644 ], [ -72.95047570676924, 7.084343183561644 ] ], [ [ -72.949931618153855, 7.084343183561644 ], [ -72.949931618153855, 7.084612180821918 ], [ -72.950203662461547, 7.084612180821918 ], [ -72.950203662461547, 7.084343183561644 ], [ -72.949931618153855, 7.084343183561644 ] ], [ [ -72.947755263692315, 7.083805189041096 ], [ -72.947755263692315, 7.084343183561644 ], [ -72.948027308, 7.084343183561644 ], [ -72.948027308, 7.083805189041096 ], [ -72.947755263692315, 7.083805189041096 ] ], [ [ -72.992098485846157, 7.082998197260274 ], [ -72.992098485846157, 7.083536191780822 ], [ -72.992370530153849, 7.083536191780822 ], [ -72.992370530153849, 7.082998197260274 ], [ -72.992098485846157, 7.082998197260274 ] ], [ [ -72.993730751692311, 7.082998197260274 ], [ -72.993730751692311, 7.083267194520548 ], [ -72.994002796, 7.083267194520548 ], [ -72.994002796, 7.082998197260274 ], [ -72.993730751692311, 7.082998197260274 ] ] ], [ [ [ -72.970334941230774, 7.112318898630138 ], [ -72.970606985538467, 7.112318898630138 ], [ -72.970606985538467, 7.112049901369863 ], [ -72.971151074153852, 7.112049901369863 ], [ -72.971151074153852, 7.112318898630138 ], [ -72.970879029846159, 7.112318898630138 ], [ -72.970879029846159, 7.112587895890411 ], [ -72.970334941230774, 7.112587895890411 ], [ -72.970334941230774, 7.112318898630138 ] ] ], [ [ [ -72.953468194153842, 7.112856893150685 ], [ -72.953468194153842, 7.112049901369863 ], [ -72.954012282769227, 7.112049901369863 ], [ -72.954012282769227, 7.112318898630138 ], [ -72.953740238461535, 7.112318898630138 ], [ -72.953740238461535, 7.112587895890411 ], [ -72.954012282769227, 7.112587895890411 ], [ -72.954012282769227, 7.112856893150685 ], [ -72.953468194153842, 7.112856893150685 ] ] ], [ [ [ -72.979312403384611, 7.112318898630138 ], [ -72.979584447692304, 7.112318898630138 ], [ -72.979584447692304, 7.112587895890411 ], [ -72.979312403384611, 7.112587895890411 ], [ -72.979312403384611, 7.112318898630138 ] ] ], [ [ [ -72.970062896923082, 7.112587895890411 ], [ -72.970334941230774, 7.112587895890411 ], [ -72.970334941230774, 7.112856893150685 ], [ -72.970062896923082, 7.112856893150685 ], [ -72.970062896923082, 7.112587895890411 ] ] ], [ [ [ -72.952380016923087, 7.113125890410959 ], [ -72.952380016923087, 7.112856893150685 ], [ -72.952652061230779, 7.112856893150685 ], [ -72.952652061230779, 7.113125890410959 ], [ -72.952380016923087, 7.113125890410959 ] ] ], [ [ [ -72.977136048923072, 7.112856893150685 ], [ -72.977408093230764, 7.112856893150685 ], [ -72.977408093230764, 7.113125890410959 ], [ -72.977136048923072, 7.113125890410959 ], [ -72.977136048923072, 7.112856893150685 ] ] ], [ [ [ -72.953740238461535, 7.113663884931507 ], [ -72.954012282769227, 7.113663884931507 ], [ -72.954012282769227, 7.113932882191781 ], [ -72.953740238461535, 7.113932882191781 ], [ -72.953740238461535, 7.113663884931507 ] ] ], [ [ [ -72.974959694461546, 7.114739873972603 ], [ -72.974959694461546, 7.114470876712329 ], [ -72.975231738769224, 7.114470876712329 ], [ -72.975231738769224, 7.114739873972603 ], [ -72.974959694461546, 7.114739873972603 ] ] ], [ [ [ -72.975231738769224, 7.114739873972603 ], [ -72.975503783076917, 7.114739873972603 ], [ -72.975503783076917, 7.115008871232877 ], [ -72.975231738769224, 7.115008871232877 ], [ -72.975231738769224, 7.114739873972603 ] ] ], [ [ [ -72.96979085261539, 7.115546865753425 ], [ -72.970334941230774, 7.115546865753425 ], [ -72.970334941230774, 7.115815863013699 ], [ -72.96979085261539, 7.115815863013699 ], [ -72.96979085261539, 7.115546865753425 ] ] ], [ [ [ -72.96870267538462, 7.116622854794521 ], [ -72.96870267538462, 7.116353857534247 ], [ -72.968974719692312, 7.116353857534247 ], [ -72.968974719692312, 7.116622854794521 ], [ -72.96870267538462, 7.116622854794521 ] ] ], [ [ [ -72.954556371384612, 7.116353857534247 ], [ -72.954828415692305, 7.116353857534247 ], [ -72.954828415692305, 7.116622854794521 ], [ -72.954556371384612, 7.116622854794521 ], [ -72.954556371384612, 7.116353857534247 ] ] ], [ [ [ -72.952107972615394, 7.117429846575343 ], [ -72.952380016923087, 7.117429846575343 ], [ -72.952380016923087, 7.117698843835616 ], [ -72.952107972615394, 7.117698843835616 ], [ -72.952107972615394, 7.117429846575343 ] ] ], [ [ [ -72.971967207076929, 7.118236838356164 ], [ -72.971967207076929, 7.117698843835616 ], [ -72.972239251384622, 7.117698843835616 ], [ -72.972239251384622, 7.118236838356164 ], [ -72.971967207076929, 7.118236838356164 ] ] ], [ [ [ -72.973327428615391, 7.118236838356164 ], [ -72.973599472923084, 7.118236838356164 ], [ -72.973599472923084, 7.118505835616439 ], [ -72.973327428615391, 7.118505835616439 ], [ -72.973327428615391, 7.118236838356164 ] ] ], [ [ [ -72.951835928307702, 7.119850821917809 ], [ -72.951563884, 7.119850821917809 ], [ -72.951563884, 7.120119819178083 ], [ -72.951291839692317, 7.120119819178083 ], [ -72.951291839692317, 7.119581824657534 ], [ -72.951835928307702, 7.119581824657534 ], [ -72.951835928307702, 7.119850821917809 ] ] ], [ [ [ -72.968158586769235, 7.120119819178083 ], [ -72.968430631076927, 7.120119819178083 ], [ -72.968430631076927, 7.120388816438356 ], [ -72.968158586769235, 7.120388816438356 ], [ -72.968158586769235, 7.120119819178083 ] ] ], [ [ [ -72.952380016923087, 7.120119819178083 ], [ -72.952652061230779, 7.120119819178083 ], [ -72.952652061230779, 7.120388816438356 ], [ -72.952380016923087, 7.120388816438356 ], [ -72.952380016923087, 7.120119819178083 ] ] ], [ [ [ -72.952107972615394, 7.120388816438356 ], [ -72.952380016923087, 7.120388816438356 ], [ -72.952380016923087, 7.120657813698631 ], [ -72.952107972615394, 7.120657813698631 ], [ -72.952107972615394, 7.120388816438356 ] ] ], [ [ [ -72.967070409538465, 7.120657813698631 ], [ -72.96761449815385, 7.120657813698631 ], [ -72.96761449815385, 7.120926810958904 ], [ -72.967070409538465, 7.120926810958904 ], [ -72.967070409538465, 7.120657813698631 ] ] ], [ [ [ -72.978768314769226, 7.121464805479452 ], [ -72.978768314769226, 7.121195808219179 ], [ -72.979040359076919, 7.121195808219179 ], [ -72.979040359076919, 7.121464805479452 ], [ -72.978768314769226, 7.121464805479452 ] ] ], [ [ [ -72.951019795384624, 7.121195808219179 ], [ -72.951291839692317, 7.121195808219179 ], [ -72.951291839692317, 7.121464805479452 ], [ -72.951019795384624, 7.121464805479452 ], [ -72.951019795384624, 7.121195808219179 ] ] ], [ [ [ -72.952107972615394, 7.123616783561644 ], [ -72.952380016923087, 7.123616783561644 ], [ -72.952380016923087, 7.123885780821918 ], [ -72.952107972615394, 7.123885780821918 ], [ -72.952107972615394, 7.123616783561644 ] ] ], [ [ [ -72.969246764, 7.124154778082192 ], [ -72.969518808307697, 7.124154778082192 ], [ -72.969518808307697, 7.124423775342466 ], [ -72.969246764, 7.124423775342466 ], [ -72.969246764, 7.124154778082192 ] ] ], [ [ [ -72.968974719692312, 7.124423775342466 ], [ -72.969246764, 7.124423775342466 ], [ -72.969246764, 7.124961769863014 ], [ -72.968974719692312, 7.124961769863014 ], [ -72.968974719692312, 7.124423775342466 ] ] ], [ [ [ -72.970334941230774, 7.125230767123288 ], [ -72.970606985538467, 7.125230767123288 ], [ -72.970606985538467, 7.125499764383562 ], [ -72.970334941230774, 7.125499764383562 ], [ -72.970334941230774, 7.125230767123288 ] ] ], [ [ [ -72.973871517230776, 7.125768761643836 ], [ -72.973871517230776, 7.125230767123288 ], [ -72.973599472923084, 7.125230767123288 ], [ -72.973599472923084, 7.124961769863014 ], [ -72.974415605846161, 7.124961769863014 ], [ -72.974415605846161, 7.125499764383562 ], [ -72.974143561538469, 7.125499764383562 ], [ -72.974143561538469, 7.125768761643836 ], [ -72.973871517230776, 7.125768761643836 ] ] ], [ [ [ -72.974415605846161, 7.12603775890411 ], [ -72.974687650153854, 7.12603775890411 ], [ -72.974687650153854, 7.126575753424658 ], [ -72.974415605846161, 7.126575753424658 ], [ -72.974415605846161, 7.12603775890411 ] ] ], [ [ [ -72.975503783076917, 7.126306756164384 ], [ -72.975775827384609, 7.126306756164384 ], [ -72.975775827384609, 7.126575753424658 ], [ -72.975503783076917, 7.126575753424658 ], [ -72.975503783076917, 7.126306756164384 ] ] ], [ [ [ -72.976047871692302, 7.126306756164384 ], [ -72.976319916, 7.126306756164384 ], [ -72.976319916, 7.126844750684932 ], [ -72.976047871692302, 7.126844750684932 ], [ -72.976047871692302, 7.126306756164384 ] ] ], [ [ [ -72.977408093230764, 7.127382745205479 ], [ -72.977136048923072, 7.127382745205479 ], [ -72.977136048923072, 7.126575753424658 ], [ -72.977680137538457, 7.126575753424658 ], [ -72.977680137538457, 7.12603775890411 ], [ -72.977952181846149, 7.12603775890411 ], [ -72.977952181846149, 7.126575753424658 ], [ -72.978224226153841, 7.126575753424658 ], [ -72.978224226153841, 7.126844750684932 ], [ -72.977408093230764, 7.126844750684932 ], [ -72.977408093230764, 7.127382745205479 ] ] ], [ [ [ -72.976319916, 7.126844750684932 ], [ -72.976591960307687, 7.126844750684932 ], [ -72.976591960307687, 7.127113747945206 ], [ -72.976319916, 7.127113747945206 ], [ -72.976319916, 7.126844750684932 ] ] ], [ [ [ -72.978224226153841, 7.127382745205479 ], [ -72.978496270461534, 7.127382745205479 ], [ -72.978496270461534, 7.127651742465754 ], [ -72.978224226153841, 7.127651742465754 ], [ -72.978224226153841, 7.127382745205479 ] ] ], [ [ [ -72.976047871692302, 7.127920739726028 ], [ -72.976047871692302, 7.127651742465754 ], [ -72.976319916, 7.127651742465754 ], [ -72.976319916, 7.127920739726028 ], [ -72.976047871692302, 7.127920739726028 ] ] ], [ [ [ -72.975231738769224, 7.127651742465754 ], [ -72.975503783076917, 7.127651742465754 ], [ -72.975503783076917, 7.127920739726028 ], [ -72.975231738769224, 7.127920739726028 ], [ -72.975231738769224, 7.127651742465754 ] ] ], [ [ [ -72.945850953538468, 7.087571150684932 ], [ -72.94612299784616, 7.087571150684932 ], [ -72.94612299784616, 7.087840147945205 ], [ -72.945850953538468, 7.087840147945205 ], [ -72.945850953538468, 7.087571150684932 ] ] ], [ [ [ -72.946395042153853, 7.088378142465753 ], [ -72.946395042153853, 7.08810914520548 ], [ -72.946939130769238, 7.08810914520548 ], [ -72.946939130769238, 7.088378142465753 ], [ -72.946395042153853, 7.088378142465753 ] ] ], [ [ [ -72.947483219384623, 7.08810914520548 ], [ -72.947755263692315, 7.08810914520548 ], [ -72.947755263692315, 7.088647139726028 ], [ -72.947483219384623, 7.088647139726028 ], [ -72.947483219384623, 7.08810914520548 ] ] ], [ [ [ -72.9482993523077, 7.088916136986302 ], [ -72.948843440923085, 7.088916136986302 ], [ -72.948843440923085, 7.089185134246575 ], [ -72.9482993523077, 7.089185134246575 ], [ -72.9482993523077, 7.088916136986302 ] ] ], [ [ [ -72.948843440923085, 7.08945413150685 ], [ -72.948843440923085, 7.089185134246575 ], [ -72.949115485230777, 7.089185134246575 ], [ -72.949115485230777, 7.08945413150685 ], [ -72.948843440923085, 7.08945413150685 ] ] ], [ [ [ -72.949115485230777, 7.08945413150685 ], [ -72.94938752953847, 7.08945413150685 ], [ -72.94938752953847, 7.089723128767123 ], [ -72.949115485230777, 7.089723128767123 ], [ -72.949115485230777, 7.08945413150685 ] ] ], [ [ [ -72.948571396615392, 7.089723128767123 ], [ -72.948843440923085, 7.089723128767123 ], [ -72.948843440923085, 7.089992126027397 ], [ -72.948571396615392, 7.089992126027397 ], [ -72.948571396615392, 7.089723128767123 ] ] ], [ [ [ -72.94938752953847, 7.089723128767123 ], [ -72.949659573846162, 7.089723128767123 ], [ -72.949659573846162, 7.090261123287672 ], [ -72.94938752953847, 7.090261123287672 ], [ -72.94938752953847, 7.089723128767123 ] ] ], [ [ [ -72.945578909230775, 7.091606109589041 ], [ -72.94612299784616, 7.091606109589041 ], [ -72.94612299784616, 7.091337112328767 ], [ -72.946395042153853, 7.091337112328767 ], [ -72.946395042153853, 7.091606109589041 ], [ -72.946939130769238, 7.091606109589041 ], [ -72.946939130769238, 7.091875106849315 ], [ -72.945578909230775, 7.091875106849315 ], [ -72.945578909230775, 7.091606109589041 ] ] ], [ [ [ -72.946939130769238, 7.091875106849315 ], [ -72.94721117507693, 7.091875106849315 ], [ -72.94721117507693, 7.092413101369863 ], [ -72.946939130769238, 7.092413101369863 ], [ -72.946939130769238, 7.091875106849315 ] ] ], [ [ [ -72.946395042153853, 7.09214410410959 ], [ -72.946667086461545, 7.09214410410959 ], [ -72.946667086461545, 7.092413101369863 ], [ -72.946395042153853, 7.092413101369863 ], [ -72.946395042153853, 7.09214410410959 ] ] ], [ [ [ -72.94721117507693, 7.092682098630137 ], [ -72.94721117507693, 7.092413101369863 ], [ -72.947483219384623, 7.092413101369863 ], [ -72.947483219384623, 7.092682098630137 ], [ -72.94721117507693, 7.092682098630137 ] ] ], [ [ [ -72.946667086461545, 7.092413101369863 ], [ -72.946939130769238, 7.092413101369863 ], [ -72.946939130769238, 7.092951095890411 ], [ -72.946667086461545, 7.092951095890411 ], [ -72.946667086461545, 7.092413101369863 ] ] ], [ [ [ -72.945850953538468, 7.093220093150685 ], [ -72.94612299784616, 7.093220093150685 ], [ -72.94612299784616, 7.09348909041096 ], [ -72.945850953538468, 7.09348909041096 ], [ -72.945850953538468, 7.093220093150685 ] ] ], [ [ [ -72.946667086461545, 7.094027084931507 ], [ -72.947483219384623, 7.094027084931507 ], [ -72.947483219384623, 7.094565079452055 ], [ -72.94721117507693, 7.094565079452055 ], [ -72.94721117507693, 7.094834076712329 ], [ -72.946939130769238, 7.094834076712329 ], [ -72.946939130769238, 7.094565079452055 ], [ -72.946667086461545, 7.094565079452055 ], [ -72.946667086461545, 7.094027084931507 ] ] ], [ [ [ -72.946395042153853, 7.094565079452055 ], [ -72.946667086461545, 7.094565079452055 ], [ -72.946667086461545, 7.094834076712329 ], [ -72.94612299784616, 7.094834076712329 ], [ -72.94612299784616, 7.094296082191781 ], [ -72.946395042153853, 7.094296082191781 ], [ -72.946395042153853, 7.094565079452055 ] ] ], [ [ [ -72.946667086461545, 7.095641068493151 ], [ -72.946939130769238, 7.095641068493151 ], [ -72.946939130769238, 7.095910065753425 ], [ -72.946667086461545, 7.095910065753425 ], [ -72.946667086461545, 7.095641068493151 ] ] ], [ [ [ -72.950747751076932, 7.095910065753425 ], [ -72.951019795384624, 7.095910065753425 ], [ -72.951019795384624, 7.096179063013698 ], [ -72.950747751076932, 7.096179063013698 ], [ -72.950747751076932, 7.095910065753425 ] ] ], [ [ [ -72.95047570676924, 7.096179063013698 ], [ -72.950747751076932, 7.096179063013698 ], [ -72.950747751076932, 7.096448060273973 ], [ -72.95047570676924, 7.096448060273973 ], [ -72.95047570676924, 7.096179063013698 ] ] ], [ [ [ -72.949659573846162, 7.096179063013698 ], [ -72.949931618153855, 7.096179063013698 ], [ -72.949931618153855, 7.096448060273973 ], [ -72.949659573846162, 7.096448060273973 ], [ -72.949659573846162, 7.096179063013698 ] ] ], [ [ [ -72.947483219384623, 7.096448060273973 ], [ -72.947483219384623, 7.096717057534247 ], [ -72.94721117507693, 7.096717057534247 ], [ -72.94721117507693, 7.096986054794521 ], [ -72.946667086461545, 7.096986054794521 ], [ -72.946667086461545, 7.096448060273973 ], [ -72.946939130769238, 7.096448060273973 ], [ -72.946939130769238, 7.095910065753425 ], [ -72.947483219384623, 7.095910065753425 ], [ -72.947483219384623, 7.096179063013698 ], [ -72.947755263692315, 7.096179063013698 ], [ -72.947755263692315, 7.096448060273973 ], [ -72.947483219384623, 7.096448060273973 ] ] ], [ [ [ -72.946667086461545, 7.098062043835617 ], [ -72.946939130769238, 7.098062043835617 ], [ -72.946939130769238, 7.098331041095891 ], [ -72.946667086461545, 7.098331041095891 ], [ -72.946667086461545, 7.098062043835617 ] ] ], [ [ [ -72.951563884, 7.101559008219178 ], [ -72.951291839692317, 7.101559008219178 ], [ -72.951291839692317, 7.101290010958905 ], [ -72.950203662461547, 7.101290010958905 ], [ -72.950203662461547, 7.10102101369863 ], [ -72.95047570676924, 7.10102101369863 ], [ -72.95047570676924, 7.100752016438356 ], [ -72.951291839692317, 7.100752016438356 ], [ -72.951291839692317, 7.10102101369863 ], [ -72.951563884, 7.10102101369863 ], [ -72.951563884, 7.101559008219178 ] ] ], [ [ [ -72.948027308, 7.101290010958905 ], [ -72.9482993523077, 7.101290010958905 ], [ -72.9482993523077, 7.101559008219178 ], [ -72.948027308, 7.101559008219178 ], [ -72.948027308, 7.101290010958905 ] ] ], [ [ [ -72.947755263692315, 7.101828005479453 ], [ -72.947483219384623, 7.101828005479453 ], [ -72.947483219384623, 7.101290010958905 ], [ -72.947755263692315, 7.101290010958905 ], [ -72.947755263692315, 7.101559008219178 ], [ -72.948027308, 7.101559008219178 ], [ -72.948027308, 7.102097002739726 ], [ -72.947755263692315, 7.102097002739726 ], [ -72.947755263692315, 7.101828005479453 ] ] ], [ [ [ -72.95047570676924, 7.102097002739726 ], [ -72.950747751076932, 7.102097002739726 ], [ -72.950747751076932, 7.102366 ], [ -72.95047570676924, 7.102366 ], [ -72.95047570676924, 7.102097002739726 ] ] ], [ [ [ -72.950203662461547, 7.102366 ], [ -72.95047570676924, 7.102366 ], [ -72.95047570676924, 7.102903994520548 ], [ -72.950203662461547, 7.102903994520548 ], [ -72.950203662461547, 7.102366 ] ] ], [ [ [ -72.948571396615392, 7.102903994520548 ], [ -72.948843440923085, 7.102903994520548 ], [ -72.948843440923085, 7.103441989041096 ], [ -72.9482993523077, 7.103441989041096 ], [ -72.9482993523077, 7.103172991780822 ], [ -72.948571396615392, 7.103172991780822 ], [ -72.948571396615392, 7.102903994520548 ] ] ], [ [ [ -72.950203662461547, 7.103172991780822 ], [ -72.95047570676924, 7.103172991780822 ], [ -72.95047570676924, 7.103441989041096 ], [ -72.950203662461547, 7.103441989041096 ], [ -72.950203662461547, 7.10371098630137 ], [ -72.95047570676924, 7.10371098630137 ], [ -72.95047570676924, 7.104248980821918 ], [ -72.950203662461547, 7.104248980821918 ], [ -72.950203662461547, 7.103979983561644 ], [ -72.949931618153855, 7.103979983561644 ], [ -72.949931618153855, 7.103441989041096 ], [ -72.949659573846162, 7.103441989041096 ], [ -72.949659573846162, 7.103172991780822 ], [ -72.949931618153855, 7.103172991780822 ], [ -72.949931618153855, 7.102903994520548 ], [ -72.950203662461547, 7.102903994520548 ], [ -72.950203662461547, 7.103172991780822 ] ] ], [ [ [ -72.948843440923085, 7.103979983561644 ], [ -72.948843440923085, 7.103441989041096 ], [ -72.94938752953847, 7.103441989041096 ], [ -72.94938752953847, 7.103979983561644 ], [ -72.948843440923085, 7.103979983561644 ] ] ], [ [ [ -72.94938752953847, 7.10505597260274 ], [ -72.948571396615392, 7.10505597260274 ], [ -72.948571396615392, 7.104786975342466 ], [ -72.948843440923085, 7.104786975342466 ], [ -72.948843440923085, 7.104248980821918 ], [ -72.94938752953847, 7.104248980821918 ], [ -72.94938752953847, 7.104517978082192 ], [ -72.949659573846162, 7.104517978082192 ], [ -72.949659573846162, 7.104786975342466 ], [ -72.94938752953847, 7.104786975342466 ], [ -72.94938752953847, 7.10505597260274 ] ] ], [ [ [ -72.951019795384624, 7.105593967123288 ], [ -72.950747751076932, 7.105593967123288 ], [ -72.950747751076932, 7.105862964383562 ], [ -72.95047570676924, 7.105862964383562 ], [ -72.95047570676924, 7.105324969863014 ], [ -72.951019795384624, 7.105324969863014 ], [ -72.951019795384624, 7.105593967123288 ] ] ], [ [ [ -72.948571396615392, 7.105862964383562 ], [ -72.948843440923085, 7.105862964383562 ], [ -72.948843440923085, 7.106131961643836 ], [ -72.948571396615392, 7.106131961643836 ], [ -72.948571396615392, 7.105862964383562 ] ] ], [ [ [ -72.950203662461547, 7.105862964383562 ], [ -72.95047570676924, 7.105862964383562 ], [ -72.95047570676924, 7.10640095890411 ], [ -72.950203662461547, 7.10640095890411 ], [ -72.950203662461547, 7.105862964383562 ] ] ], [ [ [ -72.949931618153855, 7.10640095890411 ], [ -72.950203662461547, 7.10640095890411 ], [ -72.950203662461547, 7.106669956164384 ], [ -72.949931618153855, 7.106669956164384 ], [ -72.949931618153855, 7.10640095890411 ] ] ], [ [ [ -72.94612299784616, 7.107207950684931 ], [ -72.946395042153853, 7.107207950684931 ], [ -72.946395042153853, 7.10774594520548 ], [ -72.94612299784616, 7.10774594520548 ], [ -72.94612299784616, 7.107207950684931 ] ] ], [ [ [ -72.95047570676924, 7.109359928767123 ], [ -72.95047570676924, 7.108821934246576 ], [ -72.951019795384624, 7.108821934246576 ], [ -72.951019795384624, 7.109359928767123 ], [ -72.95047570676924, 7.109359928767123 ] ] ], [ [ [ -72.946939130769238, 7.109628926027398 ], [ -72.94721117507693, 7.109628926027398 ], [ -72.94721117507693, 7.109897923287671 ], [ -72.946939130769238, 7.109897923287671 ], [ -72.946939130769238, 7.109628926027398 ] ] ], [ [ [ -72.947483219384623, 7.109897923287671 ], [ -72.947755263692315, 7.109897923287671 ], [ -72.947755263692315, 7.110166920547946 ], [ -72.947483219384623, 7.110166920547946 ], [ -72.947483219384623, 7.109897923287671 ] ] ], [ [ [ -72.946667086461545, 7.110435917808219 ], [ -72.946939130769238, 7.110435917808219 ], [ -72.946939130769238, 7.110973912328768 ], [ -72.946667086461545, 7.110973912328768 ], [ -72.946667086461545, 7.111242909589041 ], [ -72.945850953538468, 7.111242909589041 ], [ -72.945850953538468, 7.110704915068493 ], [ -72.94612299784616, 7.110704915068493 ], [ -72.94612299784616, 7.110435917808219 ], [ -72.946395042153853, 7.110435917808219 ], [ -72.946395042153853, 7.109628926027398 ], [ -72.946667086461545, 7.109628926027398 ], [ -72.946667086461545, 7.110435917808219 ] ], [ [ -72.946667086461545, 7.110704915068493 ], [ -72.946395042153853, 7.110704915068493 ], [ -72.946395042153853, 7.110973912328768 ], [ -72.946667086461545, 7.110973912328768 ], [ -72.946667086461545, 7.110704915068493 ] ] ], [ [ [ -72.949115485230777, 7.110704915068493 ], [ -72.94938752953847, 7.110704915068493 ], [ -72.94938752953847, 7.110973912328768 ], [ -72.949115485230777, 7.110973912328768 ], [ -72.949115485230777, 7.110704915068493 ] ] ], [ [ [ -72.947755263692315, 7.110704915068493 ], [ -72.948027308, 7.110704915068493 ], [ -72.948027308, 7.110973912328768 ], [ -72.947755263692315, 7.110973912328768 ], [ -72.947755263692315, 7.110704915068493 ] ] ], [ [ [ -72.94938752953847, 7.110973912328768 ], [ -72.949659573846162, 7.110973912328768 ], [ -72.949659573846162, 7.111242909589041 ], [ -72.94938752953847, 7.111242909589041 ], [ -72.94938752953847, 7.110973912328768 ] ] ], [ [ [ -72.948027308, 7.110973912328768 ], [ -72.948571396615392, 7.110973912328768 ], [ -72.948571396615392, 7.111511906849316 ], [ -72.948027308, 7.111511906849316 ], [ -72.948027308, 7.110973912328768 ] ] ], [ [ [ -72.949115485230777, 7.111780904109589 ], [ -72.948843440923085, 7.111780904109589 ], [ -72.948843440923085, 7.111242909589041 ], [ -72.94938752953847, 7.111242909589041 ], [ -72.94938752953847, 7.111780904109589 ], [ -72.949659573846162, 7.111780904109589 ], [ -72.949659573846162, 7.112049901369863 ], [ -72.949115485230777, 7.112049901369863 ], [ -72.949115485230777, 7.111780904109589 ] ] ], [ [ [ -72.9482993523077, 7.111780904109589 ], [ -72.948843440923085, 7.111780904109589 ], [ -72.948843440923085, 7.112318898630138 ], [ -72.94721117507693, 7.112318898630138 ], [ -72.94721117507693, 7.111780904109589 ], [ -72.947483219384623, 7.111780904109589 ], [ -72.947483219384623, 7.111242909589041 ], [ -72.947755263692315, 7.111242909589041 ], [ -72.947755263692315, 7.111511906849316 ], [ -72.948027308, 7.111511906849316 ], [ -72.948027308, 7.112049901369863 ], [ -72.9482993523077, 7.112049901369863 ], [ -72.9482993523077, 7.111780904109589 ] ] ], [ [ [ -72.94612299784616, 7.112318898630138 ], [ -72.94721117507693, 7.112318898630138 ], [ -72.94721117507693, 7.112856893150685 ], [ -72.945578909230775, 7.112856893150685 ], [ -72.945578909230775, 7.112587895890411 ], [ -72.94612299784616, 7.112587895890411 ], [ -72.94612299784616, 7.112318898630138 ] ] ], [ [ [ -72.947483219384623, 7.113125890410959 ], [ -72.94721117507693, 7.113125890410959 ], [ -72.94721117507693, 7.112856893150685 ], [ -72.947483219384623, 7.112856893150685 ], [ -72.947483219384623, 7.113125890410959 ] ] ], [ [ [ -72.94721117507693, 7.113663884931507 ], [ -72.94721117507693, 7.113394887671233 ], [ -72.947483219384623, 7.113394887671233 ], [ -72.947483219384623, 7.113663884931507 ], [ -72.94721117507693, 7.113663884931507 ] ] ], [ [ [ -72.9482993523077, 7.113663884931507 ], [ -72.948571396615392, 7.113663884931507 ], [ -72.948571396615392, 7.113932882191781 ], [ -72.9482993523077, 7.113932882191781 ], [ -72.9482993523077, 7.113663884931507 ] ] ], [ [ [ -72.948027308, 7.114201879452055 ], [ -72.9482993523077, 7.114201879452055 ], [ -72.9482993523077, 7.114470876712329 ], [ -72.947755263692315, 7.114470876712329 ], [ -72.947755263692315, 7.113932882191781 ], [ -72.948027308, 7.113932882191781 ], [ -72.948027308, 7.114201879452055 ] ] ], [ [ [ -72.94721117507693, 7.117698843835616 ], [ -72.946939130769238, 7.117698843835616 ], [ -72.946939130769238, 7.118505835616439 ], [ -72.946395042153853, 7.118505835616439 ], [ -72.946395042153853, 7.118236838356164 ], [ -72.94612299784616, 7.118236838356164 ], [ -72.94612299784616, 7.118505835616439 ], [ -72.945850953538468, 7.118505835616439 ], [ -72.945850953538468, 7.118236838356164 ], [ -72.945306864923083, 7.118236838356164 ], [ -72.945306864923083, 7.117429846575343 ], [ -72.945578909230775, 7.117429846575343 ], [ -72.945578909230775, 7.117967841095891 ], [ -72.94612299784616, 7.117967841095891 ], [ -72.94612299784616, 7.117698843835616 ], [ -72.946395042153853, 7.117698843835616 ], [ -72.946395042153853, 7.117429846575343 ], [ -72.946939130769238, 7.117429846575343 ], [ -72.946939130769238, 7.117160849315069 ], [ -72.94721117507693, 7.117160849315069 ], [ -72.94721117507693, 7.116891852054795 ], [ -72.948027308, 7.116891852054795 ], [ -72.948027308, 7.116353857534247 ], [ -72.947755263692315, 7.116353857534247 ], [ -72.947755263692315, 7.116084860273973 ], [ -72.947483219384623, 7.116084860273973 ], [ -72.947483219384623, 7.115546865753425 ], [ -72.948027308, 7.115546865753425 ], [ -72.948027308, 7.115815863013699 ], [ -72.9482993523077, 7.115815863013699 ], [ -72.9482993523077, 7.115277868493151 ], [ -72.948571396615392, 7.115277868493151 ], [ -72.948571396615392, 7.115008871232877 ], [ -72.949115485230777, 7.115008871232877 ], [ -72.949115485230777, 7.114201879452055 ], [ -72.948843440923085, 7.114201879452055 ], [ -72.948843440923085, 7.113663884931507 ], [ -72.948571396615392, 7.113663884931507 ], [ -72.948571396615392, 7.113394887671233 ], [ -72.949931618153855, 7.113394887671233 ], [ -72.949931618153855, 7.113932882191781 ], [ -72.949659573846162, 7.113932882191781 ], [ -72.949659573846162, 7.114470876712329 ], [ -72.949931618153855, 7.114470876712329 ], [ -72.949931618153855, 7.115008871232877 ], [ -72.950203662461547, 7.115008871232877 ], [ -72.950203662461547, 7.114739873972603 ], [ -72.95047570676924, 7.114739873972603 ], [ -72.95047570676924, 7.114201879452055 ], [ -72.950747751076932, 7.114201879452055 ], [ -72.950747751076932, 7.113932882191781 ], [ -72.951019795384624, 7.113932882191781 ], [ -72.951019795384624, 7.113663884931507 ], [ -72.950747751076932, 7.113663884931507 ], [ -72.950747751076932, 7.113125890410959 ], [ -72.951019795384624, 7.113125890410959 ], [ -72.951019795384624, 7.112318898630138 ], [ -72.951291839692317, 7.112318898630138 ], [ -72.951291839692317, 7.112587895890411 ], [ -72.951563884, 7.112587895890411 ], [ -72.951563884, 7.112856893150685 ], [ -72.951835928307702, 7.112856893150685 ], [ -72.951835928307702, 7.113394887671233 ], [ -72.951291839692317, 7.113394887671233 ], [ -72.951291839692317, 7.114470876712329 ], [ -72.951835928307702, 7.114470876712329 ], [ -72.951835928307702, 7.114201879452055 ], [ -72.952380016923087, 7.114201879452055 ], [ -72.952380016923087, 7.114739873972603 ], [ -72.952652061230779, 7.114739873972603 ], [ -72.952652061230779, 7.114470876712329 ], [ -72.952924105538457, 7.114470876712329 ], [ -72.952924105538457, 7.114201879452055 ], [ -72.953468194153842, 7.114201879452055 ], [ -72.953468194153842, 7.115008871232877 ], [ -72.95319614984615, 7.115008871232877 ], [ -72.95319614984615, 7.115277868493151 ], [ -72.952924105538457, 7.115277868493151 ], [ -72.952924105538457, 7.115546865753425 ], [ -72.952380016923087, 7.115546865753425 ], [ -72.952380016923087, 7.115815863013699 ], [ -72.952652061230779, 7.115815863013699 ], [ -72.952652061230779, 7.116084860273973 ], [ -72.952107972615394, 7.116084860273973 ], [ -72.952107972615394, 7.116353857534247 ], [ -72.951835928307702, 7.116353857534247 ], [ -72.951835928307702, 7.117160849315069 ], [ -72.950747751076932, 7.117160849315069 ], [ -72.950747751076932, 7.117429846575343 ], [ -72.949115485230777, 7.117429846575343 ], [ -72.949115485230777, 7.116891852054795 ], [ -72.948843440923085, 7.116891852054795 ], [ -72.948843440923085, 7.117160849315069 ], [ -72.947755263692315, 7.117160849315069 ], [ -72.947755263692315, 7.117429846575343 ], [ -72.94721117507693, 7.117429846575343 ], [ -72.94721117507693, 7.117698843835616 ] ], [ [ -72.946667086461545, 7.118236838356164 ], [ -72.946667086461545, 7.117967841095891 ], [ -72.946395042153853, 7.117967841095891 ], [ -72.946395042153853, 7.118236838356164 ], [ -72.946667086461545, 7.118236838356164 ] ], [ [ -72.949659573846162, 7.115008871232877 ], [ -72.949659573846162, 7.115546865753425 ], [ -72.94938752953847, 7.115546865753425 ], [ -72.94938752953847, 7.115277868493151 ], [ -72.949115485230777, 7.115277868493151 ], [ -72.949115485230777, 7.115546865753425 ], [ -72.948571396615392, 7.115546865753425 ], [ -72.948571396615392, 7.116353857534247 ], [ -72.948843440923085, 7.116353857534247 ], [ -72.948843440923085, 7.116622854794521 ], [ -72.949115485230777, 7.116622854794521 ], [ -72.949115485230777, 7.116084860273973 ], [ -72.94938752953847, 7.116084860273973 ], [ -72.94938752953847, 7.115815863013699 ], [ -72.949931618153855, 7.115815863013699 ], [ -72.949931618153855, 7.115546865753425 ], [ -72.950203662461547, 7.115546865753425 ], [ -72.950203662461547, 7.115277868493151 ], [ -72.949931618153855, 7.115277868493151 ], [ -72.949931618153855, 7.115008871232877 ], [ -72.949659573846162, 7.115008871232877 ] ], [ [ -72.951291839692317, 7.112856893150685 ], [ -72.951291839692317, 7.113125890410959 ], [ -72.951563884, 7.113125890410959 ], [ -72.951563884, 7.112856893150685 ], [ -72.951291839692317, 7.112856893150685 ] ], [ [ -72.952107972615394, 7.114739873972603 ], [ -72.952107972615394, 7.115008871232877 ], [ -72.952380016923087, 7.115008871232877 ], [ -72.952380016923087, 7.114739873972603 ], [ -72.952107972615394, 7.114739873972603 ] ], [ [ -72.952380016923087, 7.115277868493151 ], [ -72.952652061230779, 7.115277868493151 ], [ -72.952652061230779, 7.115008871232877 ], [ -72.952380016923087, 7.115008871232877 ], [ -72.952380016923087, 7.115277868493151 ] ], [ [ -72.951835928307702, 7.116084860273973 ], [ -72.951563884, 7.116084860273973 ], [ -72.951563884, 7.116353857534247 ], [ -72.951835928307702, 7.116353857534247 ], [ -72.951835928307702, 7.116084860273973 ] ], [ [ -72.950747751076932, 7.116891852054795 ], [ -72.95047570676924, 7.116891852054795 ], [ -72.95047570676924, 7.117160849315069 ], [ -72.950747751076932, 7.117160849315069 ], [ -72.950747751076932, 7.116891852054795 ] ], [ [ -72.950203662461547, 7.116891852054795 ], [ -72.94938752953847, 7.116891852054795 ], [ -72.94938752953847, 7.117160849315069 ], [ -72.950203662461547, 7.117160849315069 ], [ -72.950203662461547, 7.116891852054795 ] ] ], [ [ [ -72.946395042153853, 7.116084860273973 ], [ -72.946667086461545, 7.116084860273973 ], [ -72.946667086461545, 7.116353857534247 ], [ -72.946395042153853, 7.116353857534247 ], [ -72.946395042153853, 7.116084860273973 ] ] ], [ [ [ -72.947483219384623, 7.116353857534247 ], [ -72.947755263692315, 7.116353857534247 ], [ -72.947755263692315, 7.116622854794521 ], [ -72.947483219384623, 7.116622854794521 ], [ -72.947483219384623, 7.116353857534247 ] ] ], [ [ [ -72.946395042153853, 7.116891852054795 ], [ -72.946395042153853, 7.116622854794521 ], [ -72.946667086461545, 7.116622854794521 ], [ -72.946667086461545, 7.116891852054795 ], [ -72.946395042153853, 7.116891852054795 ] ] ], [ [ [ -72.948571396615392, 7.118236838356164 ], [ -72.9482993523077, 7.118236838356164 ], [ -72.9482993523077, 7.117698843835616 ], [ -72.948571396615392, 7.117698843835616 ], [ -72.948571396615392, 7.117429846575343 ], [ -72.948843440923085, 7.117429846575343 ], [ -72.948843440923085, 7.117698843835616 ], [ -72.949115485230777, 7.117698843835616 ], [ -72.949115485230777, 7.117967841095891 ], [ -72.948571396615392, 7.117967841095891 ], [ -72.948571396615392, 7.118236838356164 ] ] ], [ [ [ -72.949659573846162, 7.118774832876713 ], [ -72.949931618153855, 7.118774832876713 ], [ -72.949931618153855, 7.119043830136986 ], [ -72.949659573846162, 7.119043830136986 ], [ -72.949659573846162, 7.118774832876713 ] ] ], [ [ [ -72.94938752953847, 7.119043830136986 ], [ -72.949659573846162, 7.119043830136986 ], [ -72.949659573846162, 7.119312827397261 ], [ -72.94938752953847, 7.119312827397261 ], [ -72.94938752953847, 7.119043830136986 ] ] ], [ [ [ -72.950203662461547, 7.119043830136986 ], [ -72.95047570676924, 7.119043830136986 ], [ -72.95047570676924, 7.119312827397261 ], [ -72.950203662461547, 7.119312827397261 ], [ -72.950203662461547, 7.119043830136986 ] ] ], [ [ [ -72.949659573846162, 7.119312827397261 ], [ -72.949931618153855, 7.119312827397261 ], [ -72.949931618153855, 7.119581824657534 ], [ -72.949659573846162, 7.119581824657534 ], [ -72.949659573846162, 7.119312827397261 ] ] ], [ [ [ -72.948843440923085, 7.119312827397261 ], [ -72.949115485230777, 7.119312827397261 ], [ -72.949115485230777, 7.119581824657534 ], [ -72.948843440923085, 7.119581824657534 ], [ -72.948843440923085, 7.119312827397261 ] ] ], [ [ [ -72.950747751076932, 7.119581824657534 ], [ -72.950747751076932, 7.119312827397261 ], [ -72.951019795384624, 7.119312827397261 ], [ -72.951019795384624, 7.119581824657534 ], [ -72.950747751076932, 7.119581824657534 ] ] ], [ [ [ -72.946939130769238, 7.119850821917809 ], [ -72.94721117507693, 7.119850821917809 ], [ -72.94721117507693, 7.120119819178083 ], [ -72.946667086461545, 7.120119819178083 ], [ -72.946667086461545, 7.119581824657534 ], [ -72.946939130769238, 7.119581824657534 ], [ -72.946939130769238, 7.119850821917809 ] ] ], [ [ [ -72.947483219384623, 7.119850821917809 ], [ -72.947755263692315, 7.119850821917809 ], [ -72.947755263692315, 7.120388816438356 ], [ -72.947483219384623, 7.120388816438356 ], [ -72.947483219384623, 7.119850821917809 ] ] ], [ [ [ -72.948571396615392, 7.120388816438356 ], [ -72.948571396615392, 7.120119819178083 ], [ -72.948843440923085, 7.120119819178083 ], [ -72.948843440923085, 7.120388816438356 ], [ -72.948571396615392, 7.120388816438356 ] ] ], [ [ [ -72.947755263692315, 7.121195808219179 ], [ -72.948571396615392, 7.121195808219179 ], [ -72.948571396615392, 7.120926810958904 ], [ -72.948843440923085, 7.120926810958904 ], [ -72.948843440923085, 7.120388816438356 ], [ -72.94938752953847, 7.120388816438356 ], [ -72.94938752953847, 7.120119819178083 ], [ -72.949659573846162, 7.120119819178083 ], [ -72.949659573846162, 7.120657813698631 ], [ -72.94938752953847, 7.120657813698631 ], [ -72.94938752953847, 7.120926810958904 ], [ -72.949659573846162, 7.120926810958904 ], [ -72.949659573846162, 7.121464805479452 ], [ -72.94938752953847, 7.121464805479452 ], [ -72.94938752953847, 7.1220028 ], [ -72.949115485230777, 7.1220028 ], [ -72.949115485230777, 7.121733802739726 ], [ -72.948571396615392, 7.121733802739726 ], [ -72.948571396615392, 7.121464805479452 ], [ -72.947755263692315, 7.121464805479452 ], [ -72.947755263692315, 7.121195808219179 ] ], [ [ -72.949115485230777, 7.120926810958904 ], [ -72.949115485230777, 7.121195808219179 ], [ -72.94938752953847, 7.121195808219179 ], [ -72.94938752953847, 7.120926810958904 ], [ -72.949115485230777, 7.120926810958904 ] ] ], [ [ [ -72.946939130769238, 7.121195808219179 ], [ -72.94721117507693, 7.121195808219179 ], [ -72.94721117507693, 7.121464805479452 ], [ -72.946939130769238, 7.121464805479452 ], [ -72.946939130769238, 7.121195808219179 ] ] ], [ [ [ -72.948027308, 7.1220028 ], [ -72.948027308, 7.121733802739726 ], [ -72.948571396615392, 7.121733802739726 ], [ -72.948571396615392, 7.1220028 ], [ -72.948027308, 7.1220028 ] ] ], [ [ [ -72.946395042153853, 7.1220028 ], [ -72.946667086461545, 7.1220028 ], [ -72.946667086461545, 7.122271797260274 ], [ -72.946395042153853, 7.122271797260274 ], [ -72.946395042153853, 7.1220028 ] ] ], [ [ [ -72.948571396615392, 7.1220028 ], [ -72.948843440923085, 7.1220028 ], [ -72.948843440923085, 7.122271797260274 ], [ -72.948571396615392, 7.122271797260274 ], [ -72.948571396615392, 7.1220028 ] ] ], [ [ [ -72.94721117507693, 7.123078789041096 ], [ -72.94721117507693, 7.122809791780822 ], [ -72.947483219384623, 7.122809791780822 ], [ -72.947483219384623, 7.123078789041096 ], [ -72.94721117507693, 7.123078789041096 ] ] ], [ [ [ -72.94938752953847, 7.122809791780822 ], [ -72.949659573846162, 7.122809791780822 ], [ -72.949659573846162, 7.123078789041096 ], [ -72.94938752953847, 7.123078789041096 ], [ -72.94938752953847, 7.122809791780822 ] ] ], [ [ [ -72.950203662461547, 7.122809791780822 ], [ -72.950747751076932, 7.122809791780822 ], [ -72.950747751076932, 7.123347786301371 ], [ -72.950203662461547, 7.123347786301371 ], [ -72.950203662461547, 7.122809791780822 ] ] ], [ [ [ -72.945850953538468, 7.124961769863014 ], [ -72.945850953538468, 7.12469277260274 ], [ -72.946395042153853, 7.12469277260274 ], [ -72.946395042153853, 7.124961769863014 ], [ -72.945850953538468, 7.124961769863014 ] ] ], [ [ [ -72.946395042153853, 7.128996728767124 ], [ -72.946667086461545, 7.128996728767124 ], [ -72.946667086461545, 7.129265726027397 ], [ -72.946395042153853, 7.129265726027397 ], [ -72.946395042153853, 7.128996728767124 ] ] ], [ [ [ -72.946395042153853, 7.130072717808219 ], [ -72.946939130769238, 7.130072717808219 ], [ -72.946939130769238, 7.130341715068494 ], [ -72.946395042153853, 7.130341715068494 ], [ -72.946395042153853, 7.130072717808219 ] ] ], [ [ [ -72.9482993523077, 7.130610712328767 ], [ -72.9482993523077, 7.130341715068494 ], [ -72.948571396615392, 7.130341715068494 ], [ -72.948571396615392, 7.130610712328767 ], [ -72.9482993523077, 7.130610712328767 ] ] ], [ [ [ -72.946939130769238, 7.130610712328767 ], [ -72.947483219384623, 7.130610712328767 ], [ -72.947483219384623, 7.130879709589041 ], [ -72.946939130769238, 7.130879709589041 ], [ -72.946939130769238, 7.130610712328767 ] ] ], [ [ [ -72.946395042153853, 7.130610712328767 ], [ -72.946667086461545, 7.130610712328767 ], [ -72.946667086461545, 7.130879709589041 ], [ -72.946395042153853, 7.130879709589041 ], [ -72.946395042153853, 7.130610712328767 ] ] ], [ [ [ -72.946939130769238, 7.131686701369864 ], [ -72.946939130769238, 7.131148706849316 ], [ -72.947483219384623, 7.131148706849316 ], [ -72.947483219384623, 7.131686701369864 ], [ -72.946939130769238, 7.131686701369864 ] ] ], [ [ [ -72.94612299784616, 7.131686701369864 ], [ -72.946395042153853, 7.131686701369864 ], [ -72.946395042153853, 7.132224695890411 ], [ -72.94612299784616, 7.132224695890411 ], [ -72.94612299784616, 7.131686701369864 ] ] ], [ [ [ -72.948027308, 7.132493693150685 ], [ -72.9482993523077, 7.132493693150685 ], [ -72.9482993523077, 7.132224695890411 ], [ -72.948571396615392, 7.132224695890411 ], [ -72.948571396615392, 7.132493693150685 ], [ -72.948843440923085, 7.132493693150685 ], [ -72.948843440923085, 7.132762690410959 ], [ -72.948027308, 7.132762690410959 ], [ -72.948027308, 7.133300684931507 ], [ -72.947755263692315, 7.133300684931507 ], [ -72.947755263692315, 7.134107676712329 ], [ -72.946939130769238, 7.134107676712329 ], [ -72.946939130769238, 7.133838679452055 ], [ -72.94721117507693, 7.133838679452055 ], [ -72.94721117507693, 7.133300684931507 ], [ -72.946939130769238, 7.133300684931507 ], [ -72.946939130769238, 7.132493693150685 ], [ -72.946667086461545, 7.132493693150685 ], [ -72.946667086461545, 7.132224695890411 ], [ -72.948027308, 7.132224695890411 ], [ -72.948027308, 7.132493693150685 ] ], [ [ -72.94721117507693, 7.132493693150685 ], [ -72.94721117507693, 7.133031687671234 ], [ -72.947483219384623, 7.133031687671234 ], [ -72.947483219384623, 7.132493693150685 ], [ -72.94721117507693, 7.132493693150685 ] ] ], [ [ [ -72.948843440923085, 7.134376673972604 ], [ -72.949115485230777, 7.134376673972604 ], [ -72.949115485230777, 7.134645671232877 ], [ -72.948843440923085, 7.134645671232877 ], [ -72.948843440923085, 7.134376673972604 ] ] ], [ [ [ -72.947755263692315, 7.135452663013699 ], [ -72.948027308, 7.135452663013699 ], [ -72.948027308, 7.135721660273973 ], [ -72.947755263692315, 7.135721660273973 ], [ -72.947755263692315, 7.135452663013699 ] ] ], [ [ [ -72.949115485230777, 7.135452663013699 ], [ -72.94938752953847, 7.135452663013699 ], [ -72.94938752953847, 7.135990657534247 ], [ -72.949115485230777, 7.135990657534247 ], [ -72.949115485230777, 7.135452663013699 ] ] ], [ [ [ -72.948027308, 7.138142635616439 ], [ -72.9482993523077, 7.138142635616439 ], [ -72.9482993523077, 7.138411632876712 ], [ -72.948027308, 7.138411632876712 ], [ -72.948027308, 7.138142635616439 ] ] ], [ [ [ -72.946939130769238, 7.139756619178082 ], [ -72.946939130769238, 7.139487621917809 ], [ -72.94721117507693, 7.139487621917809 ], [ -72.94721117507693, 7.139756619178082 ], [ -72.946939130769238, 7.139756619178082 ] ] ], [ [ [ -72.94721117507693, 7.140563610958904 ], [ -72.94721117507693, 7.141101605479452 ], [ -72.946939130769238, 7.141101605479452 ], [ -72.946939130769238, 7.140563610958904 ], [ -72.94721117507693, 7.140563610958904 ] ] ], [ [ [ -72.946667086461545, 7.141370602739727 ], [ -72.946667086461545, 7.141101605479452 ], [ -72.946939130769238, 7.141101605479452 ], [ -72.946939130769238, 7.141370602739727 ], [ -72.946667086461545, 7.141370602739727 ] ] ], [ [ [ -72.947483219384623, 7.1416396 ], [ -72.947483219384623, 7.141370602739727 ], [ -72.947755263692315, 7.141370602739727 ], [ -72.947755263692315, 7.1416396 ], [ -72.947483219384623, 7.1416396 ] ] ], [ [ [ -72.94503482061539, 7.085150175342465 ], [ -72.945306864923083, 7.085150175342465 ], [ -72.945306864923083, 7.08541917260274 ], [ -72.94503482061539, 7.08541917260274 ], [ -72.94503482061539, 7.085150175342465 ] ] ], [ [ [ -72.944490732, 7.085957167123288 ], [ -72.944762776307698, 7.085957167123288 ], [ -72.944762776307698, 7.086226164383562 ], [ -72.944490732, 7.086226164383562 ], [ -72.944490732, 7.085957167123288 ] ] ], [ [ [ -72.942586421846158, 7.087033156164384 ], [ -72.942586421846158, 7.08676415890411 ], [ -72.942858466153851, 7.08676415890411 ], [ -72.942858466153851, 7.087033156164384 ], [ -72.942586421846158, 7.087033156164384 ] ] ], [ [ [ -72.944218687692313, 7.087033156164384 ], [ -72.944490732, 7.087033156164384 ], [ -72.944490732, 7.087302153424658 ], [ -72.944218687692313, 7.087302153424658 ], [ -72.944218687692313, 7.087033156164384 ] ] ], [ [ [ -72.944762776307698, 7.087033156164384 ], [ -72.94503482061539, 7.087033156164384 ], [ -72.94503482061539, 7.087302153424658 ], [ -72.944762776307698, 7.087302153424658 ], [ -72.944762776307698, 7.087033156164384 ] ] ], [ [ [ -72.942586421846158, 7.08810914520548 ], [ -72.943130510461543, 7.08810914520548 ], [ -72.943130510461543, 7.088378142465753 ], [ -72.942586421846158, 7.088378142465753 ], [ -72.942586421846158, 7.08810914520548 ] ] ], [ [ [ -72.943402554769236, 7.088647139726028 ], [ -72.943674599076928, 7.088647139726028 ], [ -72.943674599076928, 7.088916136986302 ], [ -72.943402554769236, 7.088916136986302 ], [ -72.943402554769236, 7.088647139726028 ] ] ], [ [ [ -72.945578909230775, 7.088916136986302 ], [ -72.945850953538468, 7.088916136986302 ], [ -72.945850953538468, 7.089185134246575 ], [ -72.945578909230775, 7.089185134246575 ], [ -72.945578909230775, 7.088916136986302 ] ] ], [ [ [ -72.943674599076928, 7.089723128767123 ], [ -72.943402554769236, 7.089723128767123 ], [ -72.943402554769236, 7.089992126027397 ], [ -72.943130510461543, 7.089992126027397 ], [ -72.943130510461543, 7.089185134246575 ], [ -72.943674599076928, 7.089185134246575 ], [ -72.943674599076928, 7.089723128767123 ] ] ], [ [ [ -72.944490732, 7.092951095890411 ], [ -72.944762776307698, 7.092951095890411 ], [ -72.944762776307698, 7.093220093150685 ], [ -72.944490732, 7.093220093150685 ], [ -72.944490732, 7.092951095890411 ] ] ], [ [ [ -72.944218687692313, 7.093220093150685 ], [ -72.944490732, 7.093220093150685 ], [ -72.944490732, 7.09348909041096 ], [ -72.944218687692313, 7.09348909041096 ], [ -72.944218687692313, 7.093220093150685 ] ] ], [ [ [ -72.944762776307698, 7.09348909041096 ], [ -72.94503482061539, 7.09348909041096 ], [ -72.94503482061539, 7.093758087671233 ], [ -72.944762776307698, 7.093758087671233 ], [ -72.944762776307698, 7.09348909041096 ] ] ], [ [ [ -72.942042333230773, 7.095103073972603 ], [ -72.942042333230773, 7.094834076712329 ], [ -72.942586421846158, 7.094834076712329 ], [ -72.942586421846158, 7.095103073972603 ], [ -72.942042333230773, 7.095103073972603 ] ] ], [ [ [ -72.94503482061539, 7.095103073972603 ], [ -72.945306864923083, 7.095103073972603 ], [ -72.945306864923083, 7.095372071232877 ], [ -72.94503482061539, 7.095372071232877 ], [ -72.94503482061539, 7.095103073972603 ] ] ], [ [ [ -72.942314377538466, 7.099138032876713 ], [ -72.942586421846158, 7.099138032876713 ], [ -72.942586421846158, 7.099407030136986 ], [ -72.942314377538466, 7.099407030136986 ], [ -72.942314377538466, 7.099138032876713 ] ] ], [ [ [ -72.942586421846158, 7.101559008219178 ], [ -72.942586421846158, 7.10102101369863 ], [ -72.942858466153851, 7.10102101369863 ], [ -72.942858466153851, 7.101559008219178 ], [ -72.942586421846158, 7.101559008219178 ] ] ], [ [ [ -72.942314377538466, 7.101559008219178 ], [ -72.942314377538466, 7.101828005479453 ], [ -72.942042333230773, 7.101828005479453 ], [ -72.942042333230773, 7.101559008219178 ], [ -72.942314377538466, 7.101559008219178 ] ] ], [ [ [ -72.951019795384624, 7.110435917808219 ], [ -72.951019795384624, 7.110704915068493 ], [ -72.95047570676924, 7.110704915068493 ], [ -72.95047570676924, 7.110973912328768 ], [ -72.950747751076932, 7.110973912328768 ], [ -72.950747751076932, 7.111242909589041 ], [ -72.951019795384624, 7.111242909589041 ], [ -72.951019795384624, 7.111780904109589 ], [ -72.949931618153855, 7.111780904109589 ], [ -72.949931618153855, 7.110973912328768 ], [ -72.949659573846162, 7.110973912328768 ], [ -72.949659573846162, 7.110704915068493 ], [ -72.94938752953847, 7.110704915068493 ], [ -72.94938752953847, 7.110435917808219 ], [ -72.949659573846162, 7.110435917808219 ], [ -72.949659573846162, 7.110166920547946 ], [ -72.949931618153855, 7.110166920547946 ], [ -72.949931618153855, 7.109897923287671 ], [ -72.94938752953847, 7.109897923287671 ], [ -72.94938752953847, 7.109628926027398 ], [ -72.949115485230777, 7.109628926027398 ], [ -72.949115485230777, 7.10909093150685 ], [ -72.9482993523077, 7.10909093150685 ], [ -72.9482993523077, 7.109628926027398 ], [ -72.947483219384623, 7.109628926027398 ], [ -72.947483219384623, 7.109359928767123 ], [ -72.94721117507693, 7.109359928767123 ], [ -72.94721117507693, 7.10909093150685 ], [ -72.946667086461545, 7.10909093150685 ], [ -72.946667086461545, 7.108552936986301 ], [ -72.945578909230775, 7.108552936986301 ], [ -72.945578909230775, 7.10774594520548 ], [ -72.94612299784616, 7.10774594520548 ], [ -72.94612299784616, 7.108283939726028 ], [ -72.946395042153853, 7.108283939726028 ], [ -72.946395042153853, 7.108014942465753 ], [ -72.946667086461545, 7.108014942465753 ], [ -72.946667086461545, 7.10774594520548 ], [ -72.946939130769238, 7.10774594520548 ], [ -72.946939130769238, 7.107476947945206 ], [ -72.946667086461545, 7.107476947945206 ], [ -72.946667086461545, 7.107207950684931 ], [ -72.946395042153853, 7.107207950684931 ], [ -72.946395042153853, 7.10640095890411 ], [ -72.94612299784616, 7.10640095890411 ], [ -72.94612299784616, 7.104786975342466 ], [ -72.945850953538468, 7.104786975342466 ], [ -72.945850953538468, 7.105862964383562 ], [ -72.945578909230775, 7.105862964383562 ], [ -72.945578909230775, 7.10640095890411 ], [ -72.945850953538468, 7.10640095890411 ], [ -72.945850953538468, 7.106669956164384 ], [ -72.945578909230775, 7.106669956164384 ], [ -72.945578909230775, 7.106938953424658 ], [ -72.945306864923083, 7.106938953424658 ], [ -72.945306864923083, 7.107476947945206 ], [ -72.94503482061539, 7.107476947945206 ], [ -72.94503482061539, 7.107207950684931 ], [ -72.944762776307698, 7.107207950684931 ], [ -72.944762776307698, 7.106938953424658 ], [ -72.944490732, 7.106938953424658 ], [ -72.944490732, 7.107476947945206 ], [ -72.944218687692313, 7.107476947945206 ], [ -72.944218687692313, 7.10774594520548 ], [ -72.943946643384621, 7.10774594520548 ], [ -72.943946643384621, 7.108014942465753 ], [ -72.943674599076928, 7.108014942465753 ], [ -72.943674599076928, 7.108283939726028 ], [ -72.943402554769236, 7.108283939726028 ], [ -72.943402554769236, 7.108014942465753 ], [ -72.943130510461543, 7.108014942465753 ], [ -72.943130510461543, 7.10774594520548 ], [ -72.942858466153851, 7.10774594520548 ], [ -72.942858466153851, 7.107476947945206 ], [ -72.943402554769236, 7.107476947945206 ], [ -72.943402554769236, 7.10774594520548 ], [ -72.943674599076928, 7.10774594520548 ], [ -72.943674599076928, 7.107476947945206 ], [ -72.943946643384621, 7.107476947945206 ], [ -72.943946643384621, 7.106938953424658 ], [ -72.944218687692313, 7.106938953424658 ], [ -72.944218687692313, 7.106669956164384 ], [ -72.942858466153851, 7.106669956164384 ], [ -72.942858466153851, 7.107207950684931 ], [ -72.942314377538466, 7.107207950684931 ], [ -72.942314377538466, 7.106938953424658 ], [ -72.942042333230773, 7.106938953424658 ], [ -72.942042333230773, 7.107207950684931 ], [ -72.941770288923081, 7.107207950684931 ], [ -72.941770288923081, 7.10774594520548 ], [ -72.941498244615389, 7.10774594520548 ], [ -72.941498244615389, 7.108552936986301 ], [ -72.941770288923081, 7.108552936986301 ], [ -72.941770288923081, 7.108821934246576 ], [ -72.941498244615389, 7.108821934246576 ], [ -72.941498244615389, 7.10909093150685 ], [ -72.941226200307696, 7.10909093150685 ], [ -72.941226200307696, 7.108821934246576 ], [ -72.940954156, 7.108821934246576 ], [ -72.940954156, 7.10909093150685 ], [ -72.940682111692311, 7.10909093150685 ], [ -72.940682111692311, 7.108552936986301 ], [ -72.940410067384619, 7.108552936986301 ], [ -72.940410067384619, 7.108283939726028 ], [ -72.939321890153849, 7.108283939726028 ], [ -72.939321890153849, 7.108014942465753 ], [ -72.939049845846156, 7.108014942465753 ], [ -72.939049845846156, 7.10774594520548 ], [ -72.938777801538464, 7.10774594520548 ], [ -72.938777801538464, 7.107207950684931 ], [ -72.940138023076926, 7.107207950684931 ], [ -72.940138023076926, 7.106938953424658 ], [ -72.939593934461541, 7.106938953424658 ], [ -72.939593934461541, 7.106669956164384 ], [ -72.939865978769234, 7.106669956164384 ], [ -72.939865978769234, 7.10640095890411 ], [ -72.940138023076926, 7.10640095890411 ], [ -72.940138023076926, 7.105862964383562 ], [ -72.940410067384619, 7.105862964383562 ], [ -72.940410067384619, 7.106131961643836 ], [ -72.940682111692311, 7.106131961643836 ], [ -72.940682111692311, 7.105862964383562 ], [ -72.940954156, 7.105862964383562 ], [ -72.940954156, 7.105593967123288 ], [ -72.941498244615389, 7.105593967123288 ], [ -72.941498244615389, 7.10505597260274 ], [ -72.940954156, 7.10505597260274 ], [ -72.940954156, 7.104786975342466 ], [ -72.940682111692311, 7.104786975342466 ], [ -72.940682111692311, 7.104517978082192 ], [ -72.940954156, 7.104517978082192 ], [ -72.940954156, 7.104248980821918 ], [ -72.941226200307696, 7.104248980821918 ], [ -72.941226200307696, 7.104517978082192 ], [ -72.941498244615389, 7.104517978082192 ], [ -72.941498244615389, 7.103979983561644 ], [ -72.942042333230773, 7.103979983561644 ], [ -72.942042333230773, 7.10371098630137 ], [ -72.942586421846158, 7.10371098630137 ], [ -72.942586421846158, 7.103441989041096 ], [ -72.942858466153851, 7.103441989041096 ], [ -72.942858466153851, 7.103172991780822 ], [ -72.942314377538466, 7.103172991780822 ], [ -72.942314377538466, 7.102903994520548 ], [ -72.941498244615389, 7.102903994520548 ], [ -72.941498244615389, 7.103172991780822 ], [ -72.941226200307696, 7.103172991780822 ], [ -72.941226200307696, 7.102366 ], [ -72.940954156, 7.102366 ], [ -72.940954156, 7.102634997260274 ], [ -72.940410067384619, 7.102634997260274 ], [ -72.940410067384619, 7.102366 ], [ -72.940682111692311, 7.102366 ], [ -72.940682111692311, 7.101828005479453 ], [ -72.940410067384619, 7.101828005479453 ], [ -72.940410067384619, 7.101559008219178 ], [ -72.940682111692311, 7.101559008219178 ], [ -72.940682111692311, 7.101290010958905 ], [ -72.940954156, 7.101290010958905 ], [ -72.940954156, 7.101559008219178 ], [ -72.941226200307696, 7.101559008219178 ], [ -72.941226200307696, 7.101290010958905 ], [ -72.941770288923081, 7.101290010958905 ], [ -72.941770288923081, 7.101828005479453 ], [ -72.942042333230773, 7.101828005479453 ], [ -72.942042333230773, 7.102097002739726 ], [ -72.942314377538466, 7.102097002739726 ], [ -72.942314377538466, 7.101828005479453 ], [ -72.942858466153851, 7.101828005479453 ], [ -72.942858466153851, 7.101559008219178 ], [ -72.943130510461543, 7.101559008219178 ], [ -72.943130510461543, 7.101828005479453 ], [ -72.943674599076928, 7.101828005479453 ], [ -72.943674599076928, 7.101559008219178 ], [ -72.943402554769236, 7.101559008219178 ], [ -72.943402554769236, 7.101290010958905 ], [ -72.943130510461543, 7.101290010958905 ], [ -72.943130510461543, 7.09967602739726 ], [ -72.943402554769236, 7.09967602739726 ], [ -72.943402554769236, 7.099138032876713 ], [ -72.943130510461543, 7.099138032876713 ], [ -72.943130510461543, 7.098869035616438 ], [ -72.942858466153851, 7.098869035616438 ], [ -72.942858466153851, 7.098600038356165 ], [ -72.942586421846158, 7.098600038356165 ], [ -72.942586421846158, 7.098331041095891 ], [ -72.942314377538466, 7.098331041095891 ], [ -72.942314377538466, 7.098869035616438 ], [ -72.942042333230773, 7.098869035616438 ], [ -72.942042333230773, 7.099138032876713 ], [ -72.941770288923081, 7.099138032876713 ], [ -72.941770288923081, 7.098600038356165 ], [ -72.942042333230773, 7.098600038356165 ], [ -72.942042333230773, 7.098062043835617 ], [ -72.942858466153851, 7.098062043835617 ], [ -72.942858466153851, 7.097793046575343 ], [ -72.942586421846158, 7.097793046575343 ], [ -72.942586421846158, 7.097524049315068 ], [ -72.942858466153851, 7.097524049315068 ], [ -72.942858466153851, 7.097255052054795 ], [ -72.943130510461543, 7.097255052054795 ], [ -72.943130510461543, 7.096986054794521 ], [ -72.943402554769236, 7.096986054794521 ], [ -72.943402554769236, 7.096717057534247 ], [ -72.943674599076928, 7.096717057534247 ], [ -72.943674599076928, 7.096448060273973 ], [ -72.943946643384621, 7.096448060273973 ], [ -72.943946643384621, 7.095910065753425 ], [ -72.943674599076928, 7.095910065753425 ], [ -72.943674599076928, 7.095641068493151 ], [ -72.943402554769236, 7.095641068493151 ], [ -72.943402554769236, 7.095372071232877 ], [ -72.943130510461543, 7.095372071232877 ], [ -72.943130510461543, 7.095103073972603 ], [ -72.942858466153851, 7.095103073972603 ], [ -72.942858466153851, 7.094834076712329 ], [ -72.942586421846158, 7.094834076712329 ], [ -72.942586421846158, 7.094027084931507 ], [ -72.943130510461543, 7.094027084931507 ], [ -72.943130510461543, 7.09348909041096 ], [ -72.943674599076928, 7.09348909041096 ], [ -72.943674599076928, 7.094027084931507 ], [ -72.943946643384621, 7.094027084931507 ], [ -72.943946643384621, 7.09348909041096 ], [ -72.944218687692313, 7.09348909041096 ], [ -72.944218687692313, 7.094027084931507 ], [ -72.944490732, 7.094027084931507 ], [ -72.944490732, 7.094296082191781 ], [ -72.944218687692313, 7.094296082191781 ], [ -72.944218687692313, 7.094565079452055 ], [ -72.944762776307698, 7.094565079452055 ], [ -72.944762776307698, 7.095103073972603 ], [ -72.944490732, 7.095103073972603 ], [ -72.944490732, 7.095372071232877 ], [ -72.944762776307698, 7.095372071232877 ], [ -72.944762776307698, 7.095910065753425 ], [ -72.945306864923083, 7.095910065753425 ], [ -72.945306864923083, 7.095641068493151 ], [ -72.945850953538468, 7.095641068493151 ], [ -72.945850953538468, 7.095372071232877 ], [ -72.94612299784616, 7.095372071232877 ], [ -72.94612299784616, 7.095910065753425 ], [ -72.946667086461545, 7.095910065753425 ], [ -72.946667086461545, 7.096448060273973 ], [ -72.946395042153853, 7.096448060273973 ], [ -72.946395042153853, 7.096717057534247 ], [ -72.945850953538468, 7.096717057534247 ], [ -72.945850953538468, 7.096448060273973 ], [ -72.945306864923083, 7.096448060273973 ], [ -72.945306864923083, 7.096717057534247 ], [ -72.945578909230775, 7.096717057534247 ], [ -72.945578909230775, 7.097524049315068 ], [ -72.94503482061539, 7.097524049315068 ], [ -72.94503482061539, 7.098062043835617 ], [ -72.945306864923083, 7.098062043835617 ], [ -72.945306864923083, 7.097793046575343 ], [ -72.945578909230775, 7.097793046575343 ], [ -72.945578909230775, 7.098062043835617 ], [ -72.945850953538468, 7.098062043835617 ], [ -72.945850953538468, 7.098331041095891 ], [ -72.945578909230775, 7.098331041095891 ], [ -72.945578909230775, 7.098600038356165 ], [ -72.94612299784616, 7.098600038356165 ], [ -72.94612299784616, 7.099138032876713 ], [ -72.946395042153853, 7.099138032876713 ], [ -72.946395042153853, 7.098600038356165 ], [ -72.94721117507693, 7.098600038356165 ], [ -72.94721117507693, 7.098869035616438 ], [ -72.947483219384623, 7.098869035616438 ], [ -72.947483219384623, 7.098062043835617 ], [ -72.94721117507693, 7.098062043835617 ], [ -72.94721117507693, 7.096986054794521 ], [ -72.947483219384623, 7.096986054794521 ], [ -72.947483219384623, 7.096717057534247 ], [ -72.947755263692315, 7.096717057534247 ], [ -72.947755263692315, 7.096448060273973 ], [ -72.948027308, 7.096448060273973 ], [ -72.948027308, 7.096179063013698 ], [ -72.9482993523077, 7.096179063013698 ], [ -72.9482993523077, 7.095641068493151 ], [ -72.948027308, 7.095641068493151 ], [ -72.948027308, 7.095910065753425 ], [ -72.947755263692315, 7.095910065753425 ], [ -72.947755263692315, 7.095641068493151 ], [ -72.94721117507693, 7.095641068493151 ], [ -72.94721117507693, 7.095103073972603 ], [ -72.947483219384623, 7.095103073972603 ], [ -72.947483219384623, 7.094834076712329 ], [ -72.947755263692315, 7.094834076712329 ], [ -72.947755263692315, 7.09348909041096 ], [ -72.9482993523077, 7.09348909041096 ], [ -72.9482993523077, 7.093220093150685 ], [ -72.948027308, 7.093220093150685 ], [ -72.948027308, 7.092951095890411 ], [ -72.948843440923085, 7.092951095890411 ], [ -72.948843440923085, 7.09348909041096 ], [ -72.949115485230777, 7.09348909041096 ], [ -72.949115485230777, 7.094027084931507 ], [ -72.94938752953847, 7.094027084931507 ], [ -72.94938752953847, 7.095103073972603 ], [ -72.949115485230777, 7.095103073972603 ], [ -72.949115485230777, 7.095372071232877 ], [ -72.94938752953847, 7.095372071232877 ], [ -72.94938752953847, 7.096448060273973 ], [ -72.949659573846162, 7.096448060273973 ], [ -72.949659573846162, 7.096986054794521 ], [ -72.949931618153855, 7.096986054794521 ], [ -72.949931618153855, 7.097524049315068 ], [ -72.95047570676924, 7.097524049315068 ], [ -72.95047570676924, 7.098062043835617 ], [ -72.950747751076932, 7.098062043835617 ], [ -72.950747751076932, 7.097524049315068 ], [ -72.951019795384624, 7.097524049315068 ], [ -72.951019795384624, 7.098062043835617 ], [ -72.951563884, 7.098062043835617 ], [ -72.951563884, 7.097793046575343 ], [ -72.951291839692317, 7.097793046575343 ], [ -72.951291839692317, 7.097524049315068 ], [ -72.951563884, 7.097524049315068 ], [ -72.951563884, 7.097255052054795 ], [ -72.952380016923087, 7.097255052054795 ], [ -72.952380016923087, 7.097793046575343 ], [ -72.952107972615394, 7.097793046575343 ], [ -72.952107972615394, 7.098062043835617 ], [ -72.952652061230779, 7.098062043835617 ], [ -72.952652061230779, 7.099138032876713 ], [ -72.952380016923087, 7.099138032876713 ], [ -72.952380016923087, 7.099407030136986 ], [ -72.952107972615394, 7.099407030136986 ], [ -72.952107972615394, 7.098869035616438 ], [ -72.951835928307702, 7.098869035616438 ], [ -72.951835928307702, 7.098331041095891 ], [ -72.951563884, 7.098331041095891 ], [ -72.951563884, 7.098869035616438 ], [ -72.951291839692317, 7.098869035616438 ], [ -72.951291839692317, 7.098331041095891 ], [ -72.951019795384624, 7.098331041095891 ], [ -72.951019795384624, 7.098600038356165 ], [ -72.95047570676924, 7.098600038356165 ], [ -72.95047570676924, 7.098869035616438 ], [ -72.950203662461547, 7.098869035616438 ], [ -72.950203662461547, 7.099138032876713 ], [ -72.95047570676924, 7.099138032876713 ], [ -72.95047570676924, 7.09967602739726 ], [ -72.950203662461547, 7.09967602739726 ], [ -72.950203662461547, 7.099407030136986 ], [ -72.949931618153855, 7.099407030136986 ], [ -72.949931618153855, 7.100483019178083 ], [ -72.949659573846162, 7.100483019178083 ], [ -72.949659573846162, 7.101828005479453 ], [ -72.94938752953847, 7.101828005479453 ], [ -72.94938752953847, 7.102366 ], [ -72.949115485230777, 7.102366 ], [ -72.949115485230777, 7.102903994520548 ], [ -72.948843440923085, 7.102903994520548 ], [ -72.948843440923085, 7.102634997260274 ], [ -72.948571396615392, 7.102634997260274 ], [ -72.948571396615392, 7.102903994520548 ], [ -72.9482993523077, 7.102903994520548 ], [ -72.9482993523077, 7.103172991780822 ], [ -72.948027308, 7.103172991780822 ], [ -72.948027308, 7.102097002739726 ], [ -72.9482993523077, 7.102097002739726 ], [ -72.9482993523077, 7.102366 ], [ -72.948571396615392, 7.102366 ], [ -72.948571396615392, 7.102097002739726 ], [ -72.948843440923085, 7.102097002739726 ], [ -72.948843440923085, 7.101828005479453 ], [ -72.949115485230777, 7.101828005479453 ], [ -72.949115485230777, 7.101559008219178 ], [ -72.948571396615392, 7.101559008219178 ], [ -72.948571396615392, 7.101290010958905 ], [ -72.948843440923085, 7.101290010958905 ], [ -72.948843440923085, 7.100752016438356 ], [ -72.94938752953847, 7.100752016438356 ], [ -72.94938752953847, 7.100214021917808 ], [ -72.949659573846162, 7.100214021917808 ], [ -72.949659573846162, 7.099407030136986 ], [ -72.94938752953847, 7.099407030136986 ], [ -72.94938752953847, 7.099138032876713 ], [ -72.948843440923085, 7.099138032876713 ], [ -72.948843440923085, 7.09967602739726 ], [ -72.949115485230777, 7.09967602739726 ], [ -72.949115485230777, 7.100214021917808 ], [ -72.948843440923085, 7.100214021917808 ], [ -72.948843440923085, 7.100483019178083 ], [ -72.948571396615392, 7.100483019178083 ], [ -72.948571396615392, 7.100214021917808 ], [ -72.9482993523077, 7.100214021917808 ], [ -72.9482993523077, 7.09967602739726 ], [ -72.948027308, 7.09967602739726 ], [ -72.948027308, 7.099945024657535 ], [ -72.947755263692315, 7.099945024657535 ], [ -72.947755263692315, 7.100214021917808 ], [ -72.947483219384623, 7.100214021917808 ], [ -72.947483219384623, 7.101290010958905 ], [ -72.94721117507693, 7.101290010958905 ], [ -72.94721117507693, 7.101828005479453 ], [ -72.946939130769238, 7.101828005479453 ], [ -72.946939130769238, 7.102366 ], [ -72.94721117507693, 7.102366 ], [ -72.94721117507693, 7.102097002739726 ], [ -72.947755263692315, 7.102097002739726 ], [ -72.947755263692315, 7.103172991780822 ], [ -72.947483219384623, 7.103172991780822 ], [ -72.947483219384623, 7.102903994520548 ], [ -72.94721117507693, 7.102903994520548 ], [ -72.94721117507693, 7.103441989041096 ], [ -72.9482993523077, 7.103441989041096 ], [ -72.9482993523077, 7.10371098630137 ], [ -72.948571396615392, 7.10371098630137 ], [ -72.948571396615392, 7.103979983561644 ], [ -72.948843440923085, 7.103979983561644 ], [ -72.948843440923085, 7.104248980821918 ], [ -72.948571396615392, 7.104248980821918 ], [ -72.948571396615392, 7.104517978082192 ], [ -72.9482993523077, 7.104517978082192 ], [ -72.9482993523077, 7.104248980821918 ], [ -72.947755263692315, 7.104248980821918 ], [ -72.947755263692315, 7.104517978082192 ], [ -72.948027308, 7.104517978082192 ], [ -72.948027308, 7.105324969863014 ], [ -72.947755263692315, 7.105324969863014 ], [ -72.947755263692315, 7.105593967123288 ], [ -72.9482993523077, 7.105593967123288 ], [ -72.9482993523077, 7.106938953424658 ], [ -72.948571396615392, 7.106938953424658 ], [ -72.948571396615392, 7.106669956164384 ], [ -72.948843440923085, 7.106669956164384 ], [ -72.948843440923085, 7.106131961643836 ], [ -72.94938752953847, 7.106131961643836 ], [ -72.94938752953847, 7.105862964383562 ], [ -72.949659573846162, 7.105862964383562 ], [ -72.949659573846162, 7.105593967123288 ], [ -72.949931618153855, 7.105593967123288 ], [ -72.949931618153855, 7.10640095890411 ], [ -72.949659573846162, 7.10640095890411 ], [ -72.949659573846162, 7.106669956164384 ], [ -72.94938752953847, 7.106669956164384 ], [ -72.94938752953847, 7.106938953424658 ], [ -72.949115485230777, 7.106938953424658 ], [ -72.949115485230777, 7.107207950684931 ], [ -72.94938752953847, 7.107207950684931 ], [ -72.94938752953847, 7.107476947945206 ], [ -72.95047570676924, 7.107476947945206 ], [ -72.95047570676924, 7.106938953424658 ], [ -72.950747751076932, 7.106938953424658 ], [ -72.950747751076932, 7.10640095890411 ], [ -72.951019795384624, 7.10640095890411 ], [ -72.951019795384624, 7.107476947945206 ], [ -72.950747751076932, 7.107476947945206 ], [ -72.950747751076932, 7.108014942465753 ], [ -72.95047570676924, 7.108014942465753 ], [ -72.95047570676924, 7.108552936986301 ], [ -72.950203662461547, 7.108552936986301 ], [ -72.950203662461547, 7.109897923287671 ], [ -72.950747751076932, 7.109897923287671 ], [ -72.950747751076932, 7.109628926027398 ], [ -72.951019795384624, 7.109628926027398 ], [ -72.951019795384624, 7.109359928767123 ], [ -72.951563884, 7.109359928767123 ], [ -72.951563884, 7.109628926027398 ], [ -72.951835928307702, 7.109628926027398 ], [ -72.951835928307702, 7.109897923287671 ], [ -72.951291839692317, 7.109897923287671 ], [ -72.951291839692317, 7.110435917808219 ], [ -72.951019795384624, 7.110435917808219 ] ], [ [ -72.946939130769238, 7.107207950684931 ], [ -72.946939130769238, 7.106938953424658 ], [ -72.946667086461545, 7.106938953424658 ], [ -72.946667086461545, 7.107207950684931 ], [ -72.946939130769238, 7.107207950684931 ] ], [ [ -72.941770288923081, 7.10640095890411 ], [ -72.941226200307696, 7.10640095890411 ], [ -72.941226200307696, 7.106669956164384 ], [ -72.940954156, 7.106669956164384 ], [ -72.940954156, 7.106938953424658 ], [ -72.941226200307696, 7.106938953424658 ], [ -72.941226200307696, 7.107207950684931 ], [ -72.941770288923081, 7.107207950684931 ], [ -72.941770288923081, 7.10640095890411 ] ], [ [ -72.940682111692311, 7.10640095890411 ], [ -72.940954156, 7.10640095890411 ], [ -72.940954156, 7.106131961643836 ], [ -72.940682111692311, 7.106131961643836 ], [ -72.940682111692311, 7.10640095890411 ] ], [ [ -72.941498244615389, 7.104786975342466 ], [ -72.941770288923081, 7.104786975342466 ], [ -72.941770288923081, 7.104517978082192 ], [ -72.941498244615389, 7.104517978082192 ], [ -72.941498244615389, 7.104786975342466 ] ], [ [ -72.946395042153853, 7.099407030136986 ], [ -72.94612299784616, 7.099407030136986 ], [ -72.94612299784616, 7.099945024657535 ], [ -72.945850953538468, 7.099945024657535 ], [ -72.945850953538468, 7.100483019178083 ], [ -72.94612299784616, 7.100483019178083 ], [ -72.94612299784616, 7.100752016438356 ], [ -72.946395042153853, 7.100752016438356 ], [ -72.946395042153853, 7.101559008219178 ], [ -72.946667086461545, 7.101559008219178 ], [ -72.946667086461545, 7.101290010958905 ], [ -72.946939130769238, 7.101290010958905 ], [ -72.946939130769238, 7.10102101369863 ], [ -72.94721117507693, 7.10102101369863 ], [ -72.94721117507693, 7.100483019178083 ], [ -72.946395042153853, 7.100483019178083 ], [ -72.946395042153853, 7.09967602739726 ], [ -72.946939130769238, 7.09967602739726 ], [ -72.946939130769238, 7.099138032876713 ], [ -72.946395042153853, 7.099138032876713 ], [ -72.946395042153853, 7.099407030136986 ] ], [ [ -72.952380016923087, 7.098869035616438 ], [ -72.952380016923087, 7.098600038356165 ], [ -72.952107972615394, 7.098600038356165 ], [ -72.952107972615394, 7.098869035616438 ], [ -72.952380016923087, 7.098869035616438 ] ], [ [ -72.95047570676924, 7.098331041095891 ], [ -72.950203662461547, 7.098331041095891 ], [ -72.950203662461547, 7.098600038356165 ], [ -72.95047570676924, 7.098600038356165 ], [ -72.95047570676924, 7.098331041095891 ] ], [ [ -72.950203662461547, 7.098062043835617 ], [ -72.949931618153855, 7.098062043835617 ], [ -72.949931618153855, 7.098331041095891 ], [ -72.950203662461547, 7.098331041095891 ], [ -72.950203662461547, 7.098062043835617 ] ], [ [ -72.95047570676924, 7.10774594520548 ], [ -72.950203662461547, 7.10774594520548 ], [ -72.950203662461547, 7.108014942465753 ], [ -72.95047570676924, 7.108014942465753 ], [ -72.95047570676924, 7.10774594520548 ] ], [ [ -72.950747751076932, 7.110166920547946 ], [ -72.951019795384624, 7.110166920547946 ], [ -72.951019795384624, 7.109897923287671 ], [ -72.950747751076932, 7.109897923287671 ], [ -72.950747751076932, 7.110166920547946 ] ], [ [ -72.950203662461547, 7.110166920547946 ], [ -72.950203662461547, 7.110435917808219 ], [ -72.95047570676924, 7.110435917808219 ], [ -72.95047570676924, 7.110166920547946 ], [ -72.950203662461547, 7.110166920547946 ] ], [ [ -72.949659573846162, 7.109359928767123 ], [ -72.949659573846162, 7.109628926027398 ], [ -72.949931618153855, 7.109628926027398 ], [ -72.949931618153855, 7.109359928767123 ], [ -72.949659573846162, 7.109359928767123 ] ], [ [ -72.947483219384623, 7.108283939726028 ], [ -72.946939130769238, 7.108283939726028 ], [ -72.946939130769238, 7.108552936986301 ], [ -72.94721117507693, 7.108552936986301 ], [ -72.94721117507693, 7.108821934246576 ], [ -72.947483219384623, 7.108821934246576 ], [ -72.947483219384623, 7.10909093150685 ], [ -72.947755263692315, 7.10909093150685 ], [ -72.947755263692315, 7.108552936986301 ], [ -72.947483219384623, 7.108552936986301 ], [ -72.947483219384623, 7.108283939726028 ] ], [ [ -72.947755263692315, 7.108283939726028 ], [ -72.947755263692315, 7.108014942465753 ], [ -72.947483219384623, 7.108014942465753 ], [ -72.947483219384623, 7.108283939726028 ], [ -72.947755263692315, 7.108283939726028 ] ], [ [ -72.948843440923085, 7.108552936986301 ], [ -72.948843440923085, 7.108821934246576 ], [ -72.949115485230777, 7.108821934246576 ], [ -72.949115485230777, 7.108552936986301 ], [ -72.948843440923085, 7.108552936986301 ] ], [ [ -72.94938752953847, 7.108014942465753 ], [ -72.94938752953847, 7.108552936986301 ], [ -72.949659573846162, 7.108552936986301 ], [ -72.949659573846162, 7.108014942465753 ], [ -72.94938752953847, 7.108014942465753 ] ], [ [ -72.948843440923085, 7.107476947945206 ], [ -72.948843440923085, 7.108014942465753 ], [ -72.949115485230777, 7.108014942465753 ], [ -72.949115485230777, 7.107476947945206 ], [ -72.948843440923085, 7.107476947945206 ] ], [ [ -72.94721117507693, 7.107476947945206 ], [ -72.94721117507693, 7.10774594520548 ], [ -72.947483219384623, 7.10774594520548 ], [ -72.947483219384623, 7.107476947945206 ], [ -72.94721117507693, 7.107476947945206 ] ], [ [ -72.947483219384623, 7.106669956164384 ], [ -72.947483219384623, 7.10640095890411 ], [ -72.94721117507693, 7.10640095890411 ], [ -72.94721117507693, 7.106938953424658 ], [ -72.947755263692315, 7.106938953424658 ], [ -72.947755263692315, 7.106669956164384 ], [ -72.947483219384623, 7.106669956164384 ] ], [ [ -72.94721117507693, 7.105862964383562 ], [ -72.946939130769238, 7.105862964383562 ], [ -72.946939130769238, 7.10640095890411 ], [ -72.94721117507693, 7.10640095890411 ], [ -72.94721117507693, 7.105862964383562 ] ], [ [ -72.943946643384621, 7.10640095890411 ], [ -72.944490732, 7.10640095890411 ], [ -72.944490732, 7.106131961643836 ], [ -72.943946643384621, 7.106131961643836 ], [ -72.943946643384621, 7.10640095890411 ] ], [ [ -72.944762776307698, 7.106131961643836 ], [ -72.944762776307698, 7.105862964383562 ], [ -72.944490732, 7.105862964383562 ], [ -72.944490732, 7.106131961643836 ], [ -72.944762776307698, 7.106131961643836 ] ], [ [ -72.946395042153853, 7.106131961643836 ], [ -72.946667086461545, 7.106131961643836 ], [ -72.946667086461545, 7.105324969863014 ], [ -72.946395042153853, 7.105324969863014 ], [ -72.946395042153853, 7.106131961643836 ] ], [ [ -72.946939130769238, 7.105324969863014 ], [ -72.946939130769238, 7.10505597260274 ], [ -72.946667086461545, 7.10505597260274 ], [ -72.946667086461545, 7.105324969863014 ], [ -72.946939130769238, 7.105324969863014 ] ], [ [ -72.943674599076928, 7.105593967123288 ], [ -72.943674599076928, 7.105862964383562 ], [ -72.944218687692313, 7.105862964383562 ], [ -72.944218687692313, 7.105593967123288 ], [ -72.943674599076928, 7.105593967123288 ] ], [ [ -72.944490732, 7.105324969863014 ], [ -72.944762776307698, 7.105324969863014 ], [ -72.944762776307698, 7.104786975342466 ], [ -72.944490732, 7.104786975342466 ], [ -72.944490732, 7.105324969863014 ] ], [ [ -72.94503482061539, 7.104786975342466 ], [ -72.94503482061539, 7.104248980821918 ], [ -72.944762776307698, 7.104248980821918 ], [ -72.944762776307698, 7.104786975342466 ], [ -72.94503482061539, 7.104786975342466 ] ], [ [ -72.946939130769238, 7.104786975342466 ], [ -72.94721117507693, 7.104786975342466 ], [ -72.94721117507693, 7.104248980821918 ], [ -72.946667086461545, 7.104248980821918 ], [ -72.946667086461545, 7.104517978082192 ], [ -72.946939130769238, 7.104517978082192 ], [ -72.946939130769238, 7.104786975342466 ] ], [ [ -72.947483219384623, 7.104248980821918 ], [ -72.947483219384623, 7.103979983561644 ], [ -72.94721117507693, 7.103979983561644 ], [ -72.94721117507693, 7.104248980821918 ], [ -72.947483219384623, 7.104248980821918 ] ], [ [ -72.94721117507693, 7.10371098630137 ], [ -72.946939130769238, 7.10371098630137 ], [ -72.946939130769238, 7.103441989041096 ], [ -72.946667086461545, 7.103441989041096 ], [ -72.946667086461545, 7.10371098630137 ], [ -72.94612299784616, 7.10371098630137 ], [ -72.94612299784616, 7.104248980821918 ], [ -72.945850953538468, 7.104248980821918 ], [ -72.945850953538468, 7.104517978082192 ], [ -72.946395042153853, 7.104517978082192 ], [ -72.946395042153853, 7.103979983561644 ], [ -72.94721117507693, 7.103979983561644 ], [ -72.94721117507693, 7.10371098630137 ] ], [ [ -72.946667086461545, 7.103172991780822 ], [ -72.946395042153853, 7.103172991780822 ], [ -72.946395042153853, 7.102903994520548 ], [ -72.94612299784616, 7.102903994520548 ], [ -72.94612299784616, 7.103441989041096 ], [ -72.946667086461545, 7.103441989041096 ], [ -72.946667086461545, 7.103172991780822 ] ], [ [ -72.94612299784616, 7.102366 ], [ -72.946667086461545, 7.102366 ], [ -72.946667086461545, 7.102097002739726 ], [ -72.946395042153853, 7.102097002739726 ], [ -72.946395042153853, 7.101828005479453 ], [ -72.945306864923083, 7.101828005479453 ], [ -72.945306864923083, 7.102366 ], [ -72.945578909230775, 7.102366 ], [ -72.945578909230775, 7.102634997260274 ], [ -72.945850953538468, 7.102634997260274 ], [ -72.945850953538468, 7.102903994520548 ], [ -72.94612299784616, 7.102903994520548 ], [ -72.94612299784616, 7.102366 ] ], [ [ -72.945850953538468, 7.103979983561644 ], [ -72.945578909230775, 7.103979983561644 ], [ -72.945578909230775, 7.103441989041096 ], [ -72.945306864923083, 7.103441989041096 ], [ -72.945306864923083, 7.104248980821918 ], [ -72.945850953538468, 7.104248980821918 ], [ -72.945850953538468, 7.103979983561644 ] ], [ [ -72.942586421846158, 7.103979983561644 ], [ -72.942586421846158, 7.104248980821918 ], [ -72.942314377538466, 7.104248980821918 ], [ -72.942314377538466, 7.104517978082192 ], [ -72.942858466153851, 7.104517978082192 ], [ -72.942858466153851, 7.104786975342466 ], [ -72.943674599076928, 7.104786975342466 ], [ -72.943674599076928, 7.104517978082192 ], [ -72.943946643384621, 7.104517978082192 ], [ -72.943946643384621, 7.104248980821918 ], [ -72.943674599076928, 7.104248980821918 ], [ -72.943674599076928, 7.10371098630137 ], [ -72.943130510461543, 7.10371098630137 ], [ -72.943130510461543, 7.104248980821918 ], [ -72.942858466153851, 7.104248980821918 ], [ -72.942858466153851, 7.103979983561644 ], [ -72.942586421846158, 7.103979983561644 ] ], [ [ -72.944490732, 7.10371098630137 ], [ -72.944490732, 7.102634997260274 ], [ -72.944218687692313, 7.102634997260274 ], [ -72.944218687692313, 7.102366 ], [ -72.943946643384621, 7.102366 ], [ -72.943946643384621, 7.102903994520548 ], [ -72.943674599076928, 7.102903994520548 ], [ -72.943674599076928, 7.103172991780822 ], [ -72.943946643384621, 7.103172991780822 ], [ -72.943946643384621, 7.10371098630137 ], [ -72.944490732, 7.10371098630137 ] ], [ [ -72.944218687692313, 7.101290010958905 ], [ -72.944218687692313, 7.101559008219178 ], [ -72.944490732, 7.101559008219178 ], [ -72.944490732, 7.101290010958905 ], [ -72.944218687692313, 7.101290010958905 ] ], [ [ -72.949659573846162, 7.098869035616438 ], [ -72.949659573846162, 7.099138032876713 ], [ -72.949931618153855, 7.099138032876713 ], [ -72.949931618153855, 7.098869035616438 ], [ -72.949659573846162, 7.098869035616438 ] ], [ [ -72.9482993523077, 7.099138032876713 ], [ -72.9482993523077, 7.098600038356165 ], [ -72.948027308, 7.098600038356165 ], [ -72.948027308, 7.099138032876713 ], [ -72.9482993523077, 7.099138032876713 ] ], [ [ -72.948843440923085, 7.098600038356165 ], [ -72.948843440923085, 7.098331041095891 ], [ -72.948571396615392, 7.098331041095891 ], [ -72.948571396615392, 7.098062043835617 ], [ -72.9482993523077, 7.098062043835617 ], [ -72.9482993523077, 7.098600038356165 ], [ -72.948843440923085, 7.098600038356165 ] ], [ [ -72.948843440923085, 7.098869035616438 ], [ -72.949115485230777, 7.098869035616438 ], [ -72.949115485230777, 7.098600038356165 ], [ -72.948843440923085, 7.098600038356165 ], [ -72.948843440923085, 7.098869035616438 ] ], [ [ -72.948027308, 7.098331041095891 ], [ -72.947755263692315, 7.098331041095891 ], [ -72.947755263692315, 7.098600038356165 ], [ -72.948027308, 7.098600038356165 ], [ -72.948027308, 7.098331041095891 ] ], [ [ -72.94938752953847, 7.098062043835617 ], [ -72.94938752953847, 7.097793046575343 ], [ -72.949115485230777, 7.097793046575343 ], [ -72.949115485230777, 7.098062043835617 ], [ -72.94938752953847, 7.098062043835617 ] ], [ [ -72.949115485230777, 7.097524049315068 ], [ -72.948843440923085, 7.097524049315068 ], [ -72.948843440923085, 7.097793046575343 ], [ -72.949115485230777, 7.097793046575343 ], [ -72.949115485230777, 7.097524049315068 ] ], [ [ -72.94938752953847, 7.097524049315068 ], [ -72.94938752953847, 7.096986054794521 ], [ -72.949115485230777, 7.096986054794521 ], [ -72.949115485230777, 7.097524049315068 ], [ -72.94938752953847, 7.097524049315068 ] ], [ [ -72.9482993523077, 7.097255052054795 ], [ -72.9482993523077, 7.097524049315068 ], [ -72.948571396615392, 7.097524049315068 ], [ -72.948571396615392, 7.097255052054795 ], [ -72.9482993523077, 7.097255052054795 ] ], [ [ -72.947483219384623, 7.097255052054795 ], [ -72.947483219384623, 7.097524049315068 ], [ -72.947755263692315, 7.097524049315068 ], [ -72.947755263692315, 7.097255052054795 ], [ -72.947483219384623, 7.097255052054795 ] ], [ [ -72.943402554769236, 7.094565079452055 ], [ -72.943402554769236, 7.094834076712329 ], [ -72.943674599076928, 7.094834076712329 ], [ -72.943674599076928, 7.094565079452055 ], [ -72.943402554769236, 7.094565079452055 ] ] ], [ [ [ -72.942314377538466, 7.107476947945206 ], [ -72.942586421846158, 7.107476947945206 ], [ -72.942586421846158, 7.10774594520548 ], [ -72.942314377538466, 7.10774594520548 ], [ -72.942314377538466, 7.107476947945206 ] ] ], [ [ [ -72.944762776307698, 7.10774594520548 ], [ -72.945306864923083, 7.10774594520548 ], [ -72.945306864923083, 7.108283939726028 ], [ -72.94503482061539, 7.108283939726028 ], [ -72.94503482061539, 7.108014942465753 ], [ -72.944762776307698, 7.108014942465753 ], [ -72.944762776307698, 7.10774594520548 ] ] ], [ [ [ -72.944490732, 7.108014942465753 ], [ -72.944490732, 7.108283939726028 ], [ -72.944218687692313, 7.108283939726028 ], [ -72.944218687692313, 7.108014942465753 ], [ -72.944490732, 7.108014942465753 ] ] ], [ [ [ -72.943946643384621, 7.108552936986301 ], [ -72.943946643384621, 7.108283939726028 ], [ -72.944218687692313, 7.108283939726028 ], [ -72.944218687692313, 7.108552936986301 ], [ -72.943946643384621, 7.108552936986301 ] ] ], [ [ [ -72.942586421846158, 7.108552936986301 ], [ -72.942586421846158, 7.108283939726028 ], [ -72.942858466153851, 7.108283939726028 ], [ -72.942858466153851, 7.108552936986301 ], [ -72.942586421846158, 7.108552936986301 ] ] ], [ [ [ -72.943130510461543, 7.108283939726028 ], [ -72.943402554769236, 7.108283939726028 ], [ -72.943402554769236, 7.108552936986301 ], [ -72.943130510461543, 7.108552936986301 ], [ -72.943130510461543, 7.108283939726028 ] ] ], [ [ [ -72.94503482061539, 7.108552936986301 ], [ -72.945306864923083, 7.108552936986301 ], [ -72.945306864923083, 7.108821934246576 ], [ -72.94503482061539, 7.108821934246576 ], [ -72.94503482061539, 7.108552936986301 ] ] ], [ [ [ -72.943946643384621, 7.108552936986301 ], [ -72.943946643384621, 7.109359928767123 ], [ -72.944218687692313, 7.109359928767123 ], [ -72.944218687692313, 7.109628926027398 ], [ -72.943674599076928, 7.109628926027398 ], [ -72.943674599076928, 7.108552936986301 ], [ -72.943946643384621, 7.108552936986301 ] ] ], [ [ [ -72.94503482061539, 7.10909093150685 ], [ -72.945306864923083, 7.10909093150685 ], [ -72.945306864923083, 7.109359928767123 ], [ -72.94503482061539, 7.109359928767123 ], [ -72.94503482061539, 7.10909093150685 ] ] ], [ [ [ -72.943130510461543, 7.109628926027398 ], [ -72.943402554769236, 7.109628926027398 ], [ -72.943402554769236, 7.109897923287671 ], [ -72.943130510461543, 7.109897923287671 ], [ -72.943130510461543, 7.109628926027398 ] ] ], [ [ [ -72.942042333230773, 7.10909093150685 ], [ -72.942042333230773, 7.109359928767123 ], [ -72.942314377538466, 7.109359928767123 ], [ -72.942314377538466, 7.109628926027398 ], [ -72.942586421846158, 7.109628926027398 ], [ -72.942586421846158, 7.109897923287671 ], [ -72.942858466153851, 7.109897923287671 ], [ -72.942858466153851, 7.110704915068493 ], [ -72.942586421846158, 7.110704915068493 ], [ -72.942586421846158, 7.110435917808219 ], [ -72.942314377538466, 7.110435917808219 ], [ -72.942314377538466, 7.109897923287671 ], [ -72.942042333230773, 7.109897923287671 ], [ -72.942042333230773, 7.110166920547946 ], [ -72.941770288923081, 7.110166920547946 ], [ -72.941770288923081, 7.10909093150685 ], [ -72.942042333230773, 7.10909093150685 ] ] ], [ [ [ -72.944490732, 7.109897923287671 ], [ -72.944762776307698, 7.109897923287671 ], [ -72.944762776307698, 7.110166920547946 ], [ -72.944490732, 7.110166920547946 ], [ -72.944490732, 7.109897923287671 ] ] ], [ [ [ -72.943402554769236, 7.109897923287671 ], [ -72.944218687692313, 7.109897923287671 ], [ -72.944218687692313, 7.110166920547946 ], [ -72.943402554769236, 7.110166920547946 ], [ -72.943402554769236, 7.109897923287671 ] ] ], [ [ [ -72.944762776307698, 7.110435917808219 ], [ -72.944762776307698, 7.110166920547946 ], [ -72.94503482061539, 7.110166920547946 ], [ -72.94503482061539, 7.110435917808219 ], [ -72.944762776307698, 7.110435917808219 ] ] ], [ [ [ -72.94503482061539, 7.110435917808219 ], [ -72.945578909230775, 7.110435917808219 ], [ -72.945578909230775, 7.110704915068493 ], [ -72.94503482061539, 7.110704915068493 ], [ -72.94503482061539, 7.110435917808219 ] ] ], [ [ [ -72.942858466153851, 7.110704915068493 ], [ -72.943402554769236, 7.110704915068493 ], [ -72.943402554769236, 7.111242909589041 ], [ -72.943130510461543, 7.111242909589041 ], [ -72.943130510461543, 7.110973912328768 ], [ -72.942858466153851, 7.110973912328768 ], [ -72.942858466153851, 7.110704915068493 ] ] ], [ [ [ -72.943402554769236, 7.111511906849316 ], [ -72.943674599076928, 7.111511906849316 ], [ -72.943674599076928, 7.111242909589041 ], [ -72.944218687692313, 7.111242909589041 ], [ -72.944218687692313, 7.110973912328768 ], [ -72.943946643384621, 7.110973912328768 ], [ -72.943946643384621, 7.110435917808219 ], [ -72.944218687692313, 7.110435917808219 ], [ -72.944218687692313, 7.110166920547946 ], [ -72.944490732, 7.110166920547946 ], [ -72.944490732, 7.111242909589041 ], [ -72.944762776307698, 7.111242909589041 ], [ -72.944762776307698, 7.110973912328768 ], [ -72.94503482061539, 7.110973912328768 ], [ -72.94503482061539, 7.111242909589041 ], [ -72.945578909230775, 7.111242909589041 ], [ -72.945578909230775, 7.111780904109589 ], [ -72.945850953538468, 7.111780904109589 ], [ -72.945850953538468, 7.112049901369863 ], [ -72.945578909230775, 7.112049901369863 ], [ -72.945578909230775, 7.112318898630138 ], [ -72.945306864923083, 7.112318898630138 ], [ -72.945306864923083, 7.112856893150685 ], [ -72.94503482061539, 7.112856893150685 ], [ -72.94503482061539, 7.112587895890411 ], [ -72.944762776307698, 7.112587895890411 ], [ -72.944762776307698, 7.112856893150685 ], [ -72.944490732, 7.112856893150685 ], [ -72.944490732, 7.111780904109589 ], [ -72.943402554769236, 7.111780904109589 ], [ -72.943402554769236, 7.111511906849316 ] ], [ [ -72.945306864923083, 7.111780904109589 ], [ -72.94503482061539, 7.111780904109589 ], [ -72.94503482061539, 7.112318898630138 ], [ -72.945306864923083, 7.112318898630138 ], [ -72.945306864923083, 7.111780904109589 ] ] ], [ [ [ -72.944762776307698, 7.112856893150685 ], [ -72.94503482061539, 7.112856893150685 ], [ -72.94503482061539, 7.113394887671233 ], [ -72.944762776307698, 7.113394887671233 ], [ -72.944762776307698, 7.112856893150685 ] ] ], [ [ [ -72.946667086461545, 7.113663884931507 ], [ -72.946395042153853, 7.113663884931507 ], [ -72.946395042153853, 7.113932882191781 ], [ -72.94612299784616, 7.113932882191781 ], [ -72.94612299784616, 7.113663884931507 ], [ -72.945850953538468, 7.113663884931507 ], [ -72.945850953538468, 7.113932882191781 ], [ -72.945306864923083, 7.113932882191781 ], [ -72.945306864923083, 7.113663884931507 ], [ -72.945578909230775, 7.113663884931507 ], [ -72.945578909230775, 7.113394887671233 ], [ -72.946667086461545, 7.113394887671233 ], [ -72.946667086461545, 7.113663884931507 ] ] ], [ [ [ -72.944218687692313, 7.113663884931507 ], [ -72.944490732, 7.113663884931507 ], [ -72.944490732, 7.114201879452055 ], [ -72.944218687692313, 7.114201879452055 ], [ -72.944218687692313, 7.113663884931507 ] ] ], [ [ [ -72.944762776307698, 7.113932882191781 ], [ -72.94503482061539, 7.113932882191781 ], [ -72.94503482061539, 7.114201879452055 ], [ -72.944762776307698, 7.114201879452055 ], [ -72.944762776307698, 7.113932882191781 ] ] ], [ [ [ -72.943946643384621, 7.114201879452055 ], [ -72.944218687692313, 7.114201879452055 ], [ -72.944218687692313, 7.114739873972603 ], [ -72.943946643384621, 7.114739873972603 ], [ -72.943946643384621, 7.114201879452055 ] ] ], [ [ [ -72.943130510461543, 7.114739873972603 ], [ -72.943130510461543, 7.114470876712329 ], [ -72.943402554769236, 7.114470876712329 ], [ -72.943402554769236, 7.114739873972603 ], [ -72.943130510461543, 7.114739873972603 ] ] ], [ [ [ -72.942042333230773, 7.114470876712329 ], [ -72.942314377538466, 7.114470876712329 ], [ -72.942314377538466, 7.114739873972603 ], [ -72.942042333230773, 7.114739873972603 ], [ -72.942042333230773, 7.114470876712329 ] ] ], [ [ [ -72.944762776307698, 7.114739873972603 ], [ -72.94503482061539, 7.114739873972603 ], [ -72.94503482061539, 7.115008871232877 ], [ -72.944762776307698, 7.115008871232877 ], [ -72.944762776307698, 7.114739873972603 ] ] ], [ [ [ -72.942858466153851, 7.114739873972603 ], [ -72.943130510461543, 7.114739873972603 ], [ -72.943130510461543, 7.115008871232877 ], [ -72.942858466153851, 7.115008871232877 ], [ -72.942858466153851, 7.114739873972603 ] ] ], [ [ [ -72.94503482061539, 7.115008871232877 ], [ -72.945306864923083, 7.115008871232877 ], [ -72.945306864923083, 7.115277868493151 ], [ -72.94503482061539, 7.115277868493151 ], [ -72.94503482061539, 7.115008871232877 ] ] ], [ [ [ -72.944762776307698, 7.115277868493151 ], [ -72.94503482061539, 7.115277868493151 ], [ -72.94503482061539, 7.115546865753425 ], [ -72.944762776307698, 7.115546865753425 ], [ -72.944762776307698, 7.115277868493151 ] ] ], [ [ [ -72.943130510461543, 7.115546865753425 ], [ -72.943402554769236, 7.115546865753425 ], [ -72.943402554769236, 7.115815863013699 ], [ -72.943130510461543, 7.115815863013699 ], [ -72.943130510461543, 7.115546865753425 ] ] ], [ [ [ -72.942858466153851, 7.116084860273973 ], [ -72.942858466153851, 7.115815863013699 ], [ -72.943130510461543, 7.115815863013699 ], [ -72.943130510461543, 7.116084860273973 ], [ -72.942858466153851, 7.116084860273973 ] ] ], [ [ [ -72.945578909230775, 7.117160849315069 ], [ -72.945850953538468, 7.117160849315069 ], [ -72.945850953538468, 7.117429846575343 ], [ -72.945578909230775, 7.117429846575343 ], [ -72.945578909230775, 7.117160849315069 ] ] ], [ [ [ -72.944490732, 7.117698843835616 ], [ -72.944762776307698, 7.117698843835616 ], [ -72.944762776307698, 7.117967841095891 ], [ -72.944490732, 7.117967841095891 ], [ -72.944490732, 7.117698843835616 ] ] ], [ [ [ -72.943402554769236, 7.118236838356164 ], [ -72.943402554769236, 7.117967841095891 ], [ -72.943674599076928, 7.117967841095891 ], [ -72.943674599076928, 7.117698843835616 ], [ -72.943402554769236, 7.117698843835616 ], [ -72.943402554769236, 7.117429846575343 ], [ -72.943130510461543, 7.117429846575343 ], [ -72.943130510461543, 7.117698843835616 ], [ -72.942042333230773, 7.117698843835616 ], [ -72.942042333230773, 7.117429846575343 ], [ -72.942586421846158, 7.117429846575343 ], [ -72.942586421846158, 7.116084860273973 ], [ -72.942858466153851, 7.116084860273973 ], [ -72.942858466153851, 7.116353857534247 ], [ -72.943130510461543, 7.116353857534247 ], [ -72.943130510461543, 7.116622854794521 ], [ -72.943402554769236, 7.116622854794521 ], [ -72.943402554769236, 7.116353857534247 ], [ -72.943674599076928, 7.116353857534247 ], [ -72.943674599076928, 7.116622854794521 ], [ -72.944218687692313, 7.116622854794521 ], [ -72.944218687692313, 7.119043830136986 ], [ -72.944762776307698, 7.119043830136986 ], [ -72.944762776307698, 7.119312827397261 ], [ -72.944218687692313, 7.119312827397261 ], [ -72.944218687692313, 7.119581824657534 ], [ -72.943130510461543, 7.119581824657534 ], [ -72.943130510461543, 7.119312827397261 ], [ -72.943402554769236, 7.119312827397261 ], [ -72.943402554769236, 7.119043830136986 ], [ -72.942858466153851, 7.119043830136986 ], [ -72.942858466153851, 7.118774832876713 ], [ -72.943130510461543, 7.118774832876713 ], [ -72.943130510461543, 7.118236838356164 ], [ -72.943402554769236, 7.118236838356164 ] ] ], [ [ [ -72.942858466153851, 7.119850821917809 ], [ -72.943130510461543, 7.119850821917809 ], [ -72.943130510461543, 7.120657813698631 ], [ -72.942858466153851, 7.120657813698631 ], [ -72.942858466153851, 7.119850821917809 ] ] ], [ [ [ -72.943674599076928, 7.120119819178083 ], [ -72.943946643384621, 7.120119819178083 ], [ -72.943946643384621, 7.119850821917809 ], [ -72.944218687692313, 7.119850821917809 ], [ -72.944218687692313, 7.120388816438356 ], [ -72.944762776307698, 7.120388816438356 ], [ -72.944762776307698, 7.120119819178083 ], [ -72.945306864923083, 7.120119819178083 ], [ -72.945306864923083, 7.120388816438356 ], [ -72.946395042153853, 7.120388816438356 ], [ -72.946395042153853, 7.120657813698631 ], [ -72.946939130769238, 7.120657813698631 ], [ -72.946939130769238, 7.121195808219179 ], [ -72.946395042153853, 7.121195808219179 ], [ -72.946395042153853, 7.121464805479452 ], [ -72.945850953538468, 7.121464805479452 ], [ -72.945850953538468, 7.121195808219179 ], [ -72.943946643384621, 7.121195808219179 ], [ -72.943946643384621, 7.120926810958904 ], [ -72.943674599076928, 7.120926810958904 ], [ -72.943674599076928, 7.120119819178083 ] ], [ [ -72.94612299784616, 7.120657813698631 ], [ -72.94612299784616, 7.120926810958904 ], [ -72.946395042153853, 7.120926810958904 ], [ -72.946395042153853, 7.120657813698631 ], [ -72.94612299784616, 7.120657813698631 ] ] ], [ [ [ -72.942314377538466, 7.120926810958904 ], [ -72.942314377538466, 7.120657813698631 ], [ -72.942858466153851, 7.120657813698631 ], [ -72.942858466153851, 7.120926810958904 ], [ -72.942314377538466, 7.120926810958904 ] ] ], [ [ [ -72.943402554769236, 7.120926810958904 ], [ -72.943674599076928, 7.120926810958904 ], [ -72.943674599076928, 7.121195808219179 ], [ -72.943402554769236, 7.121195808219179 ], [ -72.943402554769236, 7.120926810958904 ] ] ], [ [ [ -72.942858466153851, 7.121464805479452 ], [ -72.942586421846158, 7.121464805479452 ], [ -72.942586421846158, 7.121195808219179 ], [ -72.942858466153851, 7.121195808219179 ], [ -72.942858466153851, 7.120926810958904 ], [ -72.943130510461543, 7.120926810958904 ], [ -72.943130510461543, 7.121733802739726 ], [ -72.942858466153851, 7.121733802739726 ], [ -72.942858466153851, 7.121464805479452 ] ] ], [ [ [ -72.943946643384621, 7.122271797260274 ], [ -72.943946643384621, 7.1220028 ], [ -72.944218687692313, 7.1220028 ], [ -72.944218687692313, 7.121733802739726 ], [ -72.944490732, 7.121733802739726 ], [ -72.944490732, 7.1220028 ], [ -72.944762776307698, 7.1220028 ], [ -72.944762776307698, 7.122271797260274 ], [ -72.943946643384621, 7.122271797260274 ] ] ], [ [ [ -72.942586421846158, 7.122540794520548 ], [ -72.943130510461543, 7.122540794520548 ], [ -72.943130510461543, 7.121733802739726 ], [ -72.943402554769236, 7.121733802739726 ], [ -72.943402554769236, 7.121464805479452 ], [ -72.943674599076928, 7.121464805479452 ], [ -72.943674599076928, 7.122809791780822 ], [ -72.942586421846158, 7.122809791780822 ], [ -72.942586421846158, 7.122540794520548 ] ] ], [ [ [ -72.944762776307698, 7.122809791780822 ], [ -72.94503482061539, 7.122809791780822 ], [ -72.94503482061539, 7.123078789041096 ], [ -72.944762776307698, 7.123078789041096 ], [ -72.944762776307698, 7.122809791780822 ] ] ], [ [ [ -72.943130510461543, 7.123078789041096 ], [ -72.943130510461543, 7.123616783561644 ], [ -72.943402554769236, 7.123616783561644 ], [ -72.943402554769236, 7.123885780821918 ], [ -72.942858466153851, 7.123885780821918 ], [ -72.942858466153851, 7.123078789041096 ], [ -72.943130510461543, 7.123078789041096 ] ] ], [ [ [ -72.942042333230773, 7.123347786301371 ], [ -72.942314377538466, 7.123347786301371 ], [ -72.942314377538466, 7.123616783561644 ], [ -72.942042333230773, 7.123616783561644 ], [ -72.942042333230773, 7.123347786301371 ] ] ], [ [ [ -72.945306864923083, 7.123616783561644 ], [ -72.944762776307698, 7.123616783561644 ], [ -72.944762776307698, 7.123347786301371 ], [ -72.94612299784616, 7.123347786301371 ], [ -72.94612299784616, 7.123616783561644 ], [ -72.945578909230775, 7.123616783561644 ], [ -72.945578909230775, 7.123885780821918 ], [ -72.945306864923083, 7.123885780821918 ], [ -72.945306864923083, 7.123616783561644 ] ] ], [ [ [ -72.945306864923083, 7.124423775342466 ], [ -72.945306864923083, 7.124154778082192 ], [ -72.945578909230775, 7.124154778082192 ], [ -72.945578909230775, 7.124423775342466 ], [ -72.945306864923083, 7.124423775342466 ] ] ], [ [ [ -72.944218687692313, 7.12469277260274 ], [ -72.943674599076928, 7.12469277260274 ], [ -72.943674599076928, 7.124961769863014 ], [ -72.943402554769236, 7.124961769863014 ], [ -72.943402554769236, 7.124423775342466 ], [ -72.944218687692313, 7.124423775342466 ], [ -72.944218687692313, 7.12469277260274 ] ] ], [ [ [ -72.945306864923083, 7.124961769863014 ], [ -72.945850953538468, 7.124961769863014 ], [ -72.945850953538468, 7.125230767123288 ], [ -72.945306864923083, 7.125230767123288 ], [ -72.945306864923083, 7.124961769863014 ] ] ], [ [ [ -72.944490732, 7.125230767123288 ], [ -72.944490732, 7.124961769863014 ], [ -72.944762776307698, 7.124961769863014 ], [ -72.944762776307698, 7.125230767123288 ], [ -72.944490732, 7.125230767123288 ] ] ], [ [ [ -72.942586421846158, 7.124961769863014 ], [ -72.942858466153851, 7.124961769863014 ], [ -72.942858466153851, 7.125230767123288 ], [ -72.942586421846158, 7.125230767123288 ], [ -72.942586421846158, 7.124961769863014 ] ] ], [ [ [ -72.942314377538466, 7.125499764383562 ], [ -72.942586421846158, 7.125499764383562 ], [ -72.942586421846158, 7.126575753424658 ], [ -72.942042333230773, 7.126575753424658 ], [ -72.942042333230773, 7.12603775890411 ], [ -72.942314377538466, 7.12603775890411 ], [ -72.942314377538466, 7.125499764383562 ] ] ], [ [ [ -72.944218687692313, 7.126306756164384 ], [ -72.944490732, 7.126306756164384 ], [ -72.944490732, 7.126575753424658 ], [ -72.944218687692313, 7.126575753424658 ], [ -72.944218687692313, 7.126306756164384 ] ] ], [ [ [ -72.943130510461543, 7.126844750684932 ], [ -72.943674599076928, 7.126844750684932 ], [ -72.943674599076928, 7.127113747945206 ], [ -72.943130510461543, 7.127113747945206 ], [ -72.943130510461543, 7.126844750684932 ] ] ], [ [ [ -72.94503482061539, 7.130341715068494 ], [ -72.945306864923083, 7.130341715068494 ], [ -72.945306864923083, 7.130610712328767 ], [ -72.94503482061539, 7.130610712328767 ], [ -72.94503482061539, 7.130341715068494 ] ] ], [ [ [ -72.945578909230775, 7.131417704109589 ], [ -72.945850953538468, 7.131417704109589 ], [ -72.945850953538468, 7.131686701369864 ], [ -72.945578909230775, 7.131686701369864 ], [ -72.945578909230775, 7.131417704109589 ] ] ], [ [ [ -72.942586421846158, 7.133031687671234 ], [ -72.942586421846158, 7.132762690410959 ], [ -72.942858466153851, 7.132762690410959 ], [ -72.942858466153851, 7.133300684931507 ], [ -72.943130510461543, 7.133300684931507 ], [ -72.943130510461543, 7.133569682191781 ], [ -72.943402554769236, 7.133569682191781 ], [ -72.943402554769236, 7.133838679452055 ], [ -72.943130510461543, 7.133838679452055 ], [ -72.943130510461543, 7.134107676712329 ], [ -72.942858466153851, 7.134107676712329 ], [ -72.942858466153851, 7.134376673972604 ], [ -72.942586421846158, 7.134376673972604 ], [ -72.942586421846158, 7.133838679452055 ], [ -72.942858466153851, 7.133838679452055 ], [ -72.942858466153851, 7.133569682191781 ], [ -72.942586421846158, 7.133569682191781 ], [ -72.942586421846158, 7.133300684931507 ], [ -72.942042333230773, 7.133300684931507 ], [ -72.942042333230773, 7.133031687671234 ], [ -72.942586421846158, 7.133031687671234 ] ] ], [ [ [ -72.943946643384621, 7.133838679452055 ], [ -72.944218687692313, 7.133838679452055 ], [ -72.944218687692313, 7.134107676712329 ], [ -72.943946643384621, 7.134107676712329 ], [ -72.943946643384621, 7.133838679452055 ] ] ], [ [ [ -72.945578909230775, 7.136528652054795 ], [ -72.945850953538468, 7.136528652054795 ], [ -72.945850953538468, 7.136797649315069 ], [ -72.945578909230775, 7.136797649315069 ], [ -72.945578909230775, 7.136528652054795 ] ] ], [ [ [ -72.942314377538466, 7.137335643835617 ], [ -72.942314377538466, 7.137066646575343 ], [ -72.942586421846158, 7.137066646575343 ], [ -72.942586421846158, 7.137335643835617 ], [ -72.942314377538466, 7.137335643835617 ] ] ], [ [ [ -72.942586421846158, 7.137335643835617 ], [ -72.942858466153851, 7.137335643835617 ], [ -72.942858466153851, 7.137604641095891 ], [ -72.942586421846158, 7.137604641095891 ], [ -72.942586421846158, 7.137335643835617 ] ] ], [ [ [ -72.944490732, 7.138411632876712 ], [ -72.94503482061539, 7.138411632876712 ], [ -72.94503482061539, 7.138680630136987 ], [ -72.944490732, 7.138680630136987 ], [ -72.944490732, 7.138411632876712 ] ] ], [ [ [ -72.943946643384621, 7.138949627397261 ], [ -72.943946643384621, 7.138680630136987 ], [ -72.944490732, 7.138680630136987 ], [ -72.944490732, 7.138949627397261 ], [ -72.943946643384621, 7.138949627397261 ] ] ], [ [ [ -72.944490732, 7.139218624657535 ], [ -72.944762776307698, 7.139218624657535 ], [ -72.944762776307698, 7.138949627397261 ], [ -72.94503482061539, 7.138949627397261 ], [ -72.94503482061539, 7.138680630136987 ], [ -72.945578909230775, 7.138680630136987 ], [ -72.945578909230775, 7.139487621917809 ], [ -72.944490732, 7.139487621917809 ], [ -72.944490732, 7.139218624657535 ] ] ], [ [ [ -72.942586421846158, 7.139218624657535 ], [ -72.942858466153851, 7.139218624657535 ], [ -72.942858466153851, 7.139487621917809 ], [ -72.942586421846158, 7.139487621917809 ], [ -72.942586421846158, 7.139218624657535 ] ] ], [ [ [ -72.944218687692313, 7.139756619178082 ], [ -72.944218687692313, 7.139487621917809 ], [ -72.944490732, 7.139487621917809 ], [ -72.944490732, 7.139756619178082 ], [ -72.944218687692313, 7.139756619178082 ] ] ], [ [ [ -72.945306864923083, 7.139756619178082 ], [ -72.945578909230775, 7.139756619178082 ], [ -72.945578909230775, 7.140025616438357 ], [ -72.945306864923083, 7.140025616438357 ], [ -72.945306864923083, 7.139756619178082 ] ] ], [ [ [ -72.943402554769236, 7.140025616438357 ], [ -72.943674599076928, 7.140025616438357 ], [ -72.943674599076928, 7.14029461369863 ], [ -72.943402554769236, 7.14029461369863 ], [ -72.943402554769236, 7.140025616438357 ] ] ], [ [ [ -72.945578909230775, 7.14029461369863 ], [ -72.945578909230775, 7.140563610958904 ], [ -72.945306864923083, 7.140563610958904 ], [ -72.945306864923083, 7.141101605479452 ], [ -72.944762776307698, 7.141101605479452 ], [ -72.944762776307698, 7.140563610958904 ], [ -72.944490732, 7.140563610958904 ], [ -72.944490732, 7.139756619178082 ], [ -72.944762776307698, 7.139756619178082 ], [ -72.944762776307698, 7.140025616438357 ], [ -72.94503482061539, 7.140025616438357 ], [ -72.94503482061539, 7.14029461369863 ], [ -72.945578909230775, 7.14029461369863 ] ] ], [ [ [ -72.942586421846158, 7.140832608219179 ], [ -72.942586421846158, 7.140563610958904 ], [ -72.942858466153851, 7.140563610958904 ], [ -72.942858466153851, 7.14029461369863 ], [ -72.943130510461543, 7.14029461369863 ], [ -72.943130510461543, 7.140563610958904 ], [ -72.944218687692313, 7.140563610958904 ], [ -72.944218687692313, 7.141101605479452 ], [ -72.943946643384621, 7.141101605479452 ], [ -72.943946643384621, 7.140832608219179 ], [ -72.942586421846158, 7.140832608219179 ] ] ], [ [ [ -72.942314377538466, 7.141101605479452 ], [ -72.942314377538466, 7.140832608219179 ], [ -72.942586421846158, 7.140832608219179 ], [ -72.942586421846158, 7.141101605479452 ], [ -72.942314377538466, 7.141101605479452 ] ] ], [ [ [ -72.94612299784616, 7.14029461369863 ], [ -72.94612299784616, 7.140832608219179 ], [ -72.946395042153853, 7.140832608219179 ], [ -72.946395042153853, 7.141370602739727 ], [ -72.94612299784616, 7.141370602739727 ], [ -72.94612299784616, 7.1416396 ], [ -72.945578909230775, 7.1416396 ], [ -72.945578909230775, 7.141370602739727 ], [ -72.945306864923083, 7.141370602739727 ], [ -72.945306864923083, 7.141101605479452 ], [ -72.945578909230775, 7.141101605479452 ], [ -72.945578909230775, 7.140563610958904 ], [ -72.945850953538468, 7.140563610958904 ], [ -72.945850953538468, 7.14029461369863 ], [ -72.94612299784616, 7.14029461369863 ] ] ], [ [ [ -72.943402554769236, 7.141101605479452 ], [ -72.943946643384621, 7.141101605479452 ], [ -72.943946643384621, 7.1416396 ], [ -72.943674599076928, 7.1416396 ], [ -72.943674599076928, 7.141370602739727 ], [ -72.943402554769236, 7.141370602739727 ], [ -72.943402554769236, 7.141101605479452 ] ] ], [ [ [ -72.942042333230773, 7.141101605479452 ], [ -72.942314377538466, 7.141101605479452 ], [ -72.942314377538466, 7.141370602739727 ], [ -72.942586421846158, 7.141370602739727 ], [ -72.942586421846158, 7.141101605479452 ], [ -72.943130510461543, 7.141101605479452 ], [ -72.943130510461543, 7.1416396 ], [ -72.942042333230773, 7.1416396 ], [ -72.942042333230773, 7.141101605479452 ] ] ], [ [ [ -72.940410067384619, 7.0827292 ], [ -72.940410067384619, 7.082998197260274 ], [ -72.940138023076926, 7.082998197260274 ], [ -72.940138023076926, 7.08407418630137 ], [ -72.939865978769234, 7.08407418630137 ], [ -72.939865978769234, 7.083536191780822 ], [ -72.939593934461541, 7.083536191780822 ], [ -72.939593934461541, 7.08407418630137 ], [ -72.939321890153849, 7.08407418630137 ], [ -72.939321890153849, 7.082998197260274 ], [ -72.939049845846156, 7.082998197260274 ], [ -72.939049845846156, 7.0827292 ], [ -72.940410067384619, 7.0827292 ] ] ], [ [ [ -72.939865978769234, 7.084343183561644 ], [ -72.940138023076926, 7.084343183561644 ], [ -72.940138023076926, 7.084612180821918 ], [ -72.939865978769234, 7.084612180821918 ], [ -72.939865978769234, 7.084343183561644 ] ] ], [ [ [ -72.941226200307696, 7.084343183561644 ], [ -72.941498244615389, 7.084343183561644 ], [ -72.941498244615389, 7.084612180821918 ], [ -72.941226200307696, 7.084612180821918 ], [ -72.941226200307696, 7.084343183561644 ] ] ], [ [ [ -72.939865978769234, 7.086495161643835 ], [ -72.940410067384619, 7.086495161643835 ], [ -72.940410067384619, 7.087033156164384 ], [ -72.940138023076926, 7.087033156164384 ], [ -72.940138023076926, 7.08676415890411 ], [ -72.939865978769234, 7.08676415890411 ], [ -72.939865978769234, 7.086495161643835 ] ] ], [ [ [ -72.941226200307696, 7.087302153424658 ], [ -72.941498244615389, 7.087302153424658 ], [ -72.941498244615389, 7.087571150684932 ], [ -72.941226200307696, 7.087571150684932 ], [ -72.941226200307696, 7.087302153424658 ] ] ], [ [ [ -72.938233712923079, 7.087840147945205 ], [ -72.938505757230772, 7.087840147945205 ], [ -72.938505757230772, 7.08810914520548 ], [ -72.938233712923079, 7.08810914520548 ], [ -72.938233712923079, 7.087840147945205 ] ] ], [ [ [ -72.938777801538464, 7.088378142465753 ], [ -72.938505757230772, 7.088378142465753 ], [ -72.938505757230772, 7.08810914520548 ], [ -72.938777801538464, 7.08810914520548 ], [ -72.938777801538464, 7.088378142465753 ] ] ], [ [ [ -72.941226200307696, 7.089723128767123 ], [ -72.940954156, 7.089723128767123 ], [ -72.940954156, 7.08945413150685 ], [ -72.941498244615389, 7.08945413150685 ], [ -72.941498244615389, 7.089185134246575 ], [ -72.941770288923081, 7.089185134246575 ], [ -72.941770288923081, 7.088916136986302 ], [ -72.942042333230773, 7.088916136986302 ], [ -72.942042333230773, 7.089185134246575 ], [ -72.942314377538466, 7.089185134246575 ], [ -72.942314377538466, 7.08945413150685 ], [ -72.942586421846158, 7.08945413150685 ], [ -72.942586421846158, 7.090261123287672 ], [ -72.942314377538466, 7.090261123287672 ], [ -72.942314377538466, 7.090530120547945 ], [ -72.942586421846158, 7.090530120547945 ], [ -72.942586421846158, 7.09079911780822 ], [ -72.942042333230773, 7.09079911780822 ], [ -72.942042333230773, 7.091068115068493 ], [ -72.941770288923081, 7.091068115068493 ], [ -72.941770288923081, 7.09079911780822 ], [ -72.940954156, 7.09079911780822 ], [ -72.940954156, 7.091068115068493 ], [ -72.940682111692311, 7.091068115068493 ], [ -72.940682111692311, 7.09079911780822 ], [ -72.940410067384619, 7.09079911780822 ], [ -72.940410067384619, 7.089992126027397 ], [ -72.940682111692311, 7.089992126027397 ], [ -72.940682111692311, 7.090261123287672 ], [ -72.940954156, 7.090261123287672 ], [ -72.940954156, 7.089992126027397 ], [ -72.941226200307696, 7.089992126027397 ], [ -72.941226200307696, 7.089723128767123 ] ], [ [ -72.941770288923081, 7.089723128767123 ], [ -72.941498244615389, 7.089723128767123 ], [ -72.941498244615389, 7.089992126027397 ], [ -72.941770288923081, 7.089992126027397 ], [ -72.941770288923081, 7.089723128767123 ] ] ], [ [ [ -72.940410067384619, 7.091068115068493 ], [ -72.940682111692311, 7.091068115068493 ], [ -72.940682111692311, 7.091337112328767 ], [ -72.940410067384619, 7.091337112328767 ], [ -72.940410067384619, 7.091068115068493 ] ] ], [ [ [ -72.938505757230772, 7.091337112328767 ], [ -72.938777801538464, 7.091337112328767 ], [ -72.938777801538464, 7.091606109589041 ], [ -72.938505757230772, 7.091606109589041 ], [ -72.938505757230772, 7.091337112328767 ] ] ], [ [ [ -72.941226200307696, 7.091606109589041 ], [ -72.941226200307696, 7.091337112328767 ], [ -72.941498244615389, 7.091337112328767 ], [ -72.941498244615389, 7.091606109589041 ], [ -72.941226200307696, 7.091606109589041 ] ] ], [ [ [ -72.938777801538464, 7.093220093150685 ], [ -72.939049845846156, 7.093220093150685 ], [ -72.939049845846156, 7.092951095890411 ], [ -72.938233712923079, 7.092951095890411 ], [ -72.938233712923079, 7.092413101369863 ], [ -72.938505757230772, 7.092413101369863 ], [ -72.938505757230772, 7.09214410410959 ], [ -72.939049845846156, 7.09214410410959 ], [ -72.939049845846156, 7.091875106849315 ], [ -72.939321890153849, 7.091875106849315 ], [ -72.939321890153849, 7.091606109589041 ], [ -72.939593934461541, 7.091606109589041 ], [ -72.939593934461541, 7.091337112328767 ], [ -72.940410067384619, 7.091337112328767 ], [ -72.940410067384619, 7.092413101369863 ], [ -72.941498244615389, 7.092413101369863 ], [ -72.941498244615389, 7.092682098630137 ], [ -72.940954156, 7.092682098630137 ], [ -72.940954156, 7.092951095890411 ], [ -72.940682111692311, 7.092951095890411 ], [ -72.940682111692311, 7.093220093150685 ], [ -72.940410067384619, 7.093220093150685 ], [ -72.940410067384619, 7.092682098630137 ], [ -72.940138023076926, 7.092682098630137 ], [ -72.940138023076926, 7.092951095890411 ], [ -72.939593934461541, 7.092951095890411 ], [ -72.939593934461541, 7.093220093150685 ], [ -72.939865978769234, 7.093220093150685 ], [ -72.939865978769234, 7.09348909041096 ], [ -72.938777801538464, 7.09348909041096 ], [ -72.938777801538464, 7.093220093150685 ] ], [ [ -72.939321890153849, 7.09214410410959 ], [ -72.939321890153849, 7.092413101369863 ], [ -72.939593934461541, 7.092413101369863 ], [ -72.939593934461541, 7.09214410410959 ], [ -72.939321890153849, 7.09214410410959 ] ] ], [ [ [ -72.940138023076926, 7.09348909041096 ], [ -72.940682111692311, 7.09348909041096 ], [ -72.940682111692311, 7.093220093150685 ], [ -72.941226200307696, 7.093220093150685 ], [ -72.941226200307696, 7.09348909041096 ], [ -72.940954156, 7.09348909041096 ], [ -72.940954156, 7.093758087671233 ], [ -72.940682111692311, 7.093758087671233 ], [ -72.940682111692311, 7.094027084931507 ], [ -72.940410067384619, 7.094027084931507 ], [ -72.940410067384619, 7.093758087671233 ], [ -72.940138023076926, 7.093758087671233 ], [ -72.940138023076926, 7.09348909041096 ] ] ], [ [ [ -72.941498244615389, 7.092951095890411 ], [ -72.941498244615389, 7.092682098630137 ], [ -72.941770288923081, 7.092682098630137 ], [ -72.941770288923081, 7.092951095890411 ], [ -72.942042333230773, 7.092951095890411 ], [ -72.942042333230773, 7.092682098630137 ], [ -72.942586421846158, 7.092682098630137 ], [ -72.942586421846158, 7.092951095890411 ], [ -72.942314377538466, 7.092951095890411 ], [ -72.942314377538466, 7.093220093150685 ], [ -72.942586421846158, 7.093220093150685 ], [ -72.942586421846158, 7.094027084931507 ], [ -72.942042333230773, 7.094027084931507 ], [ -72.942042333230773, 7.094296082191781 ], [ -72.941770288923081, 7.094296082191781 ], [ -72.941770288923081, 7.094565079452055 ], [ -72.941498244615389, 7.094565079452055 ], [ -72.941498244615389, 7.094296082191781 ], [ -72.941226200307696, 7.094296082191781 ], [ -72.941226200307696, 7.09348909041096 ], [ -72.941498244615389, 7.09348909041096 ], [ -72.941498244615389, 7.093220093150685 ], [ -72.941226200307696, 7.093220093150685 ], [ -72.941226200307696, 7.092951095890411 ], [ -72.941498244615389, 7.092951095890411 ] ] ], [ [ [ -72.939865978769234, 7.093758087671233 ], [ -72.940138023076926, 7.093758087671233 ], [ -72.940138023076926, 7.094027084931507 ], [ -72.939865978769234, 7.094027084931507 ], [ -72.939865978769234, 7.093758087671233 ] ] ], [ [ [ -72.940410067384619, 7.094296082191781 ], [ -72.940138023076926, 7.094296082191781 ], [ -72.940138023076926, 7.094027084931507 ], [ -72.940410067384619, 7.094027084931507 ], [ -72.940410067384619, 7.094296082191781 ] ] ], [ [ [ -72.939593934461541, 7.094565079452055 ], [ -72.939321890153849, 7.094565079452055 ], [ -72.939321890153849, 7.094296082191781 ], [ -72.939593934461541, 7.094296082191781 ], [ -72.939593934461541, 7.094565079452055 ] ] ], [ [ [ -72.938233712923079, 7.095910065753425 ], [ -72.938777801538464, 7.095910065753425 ], [ -72.938777801538464, 7.096179063013698 ], [ -72.937961668615387, 7.096179063013698 ], [ -72.937961668615387, 7.095641068493151 ], [ -72.937689624307694, 7.095641068493151 ], [ -72.937689624307694, 7.09348909041096 ], [ -72.938233712923079, 7.09348909041096 ], [ -72.938233712923079, 7.093758087671233 ], [ -72.938505757230772, 7.093758087671233 ], [ -72.938505757230772, 7.09348909041096 ], [ -72.938777801538464, 7.09348909041096 ], [ -72.938777801538464, 7.094027084931507 ], [ -72.939321890153849, 7.094027084931507 ], [ -72.939321890153849, 7.094296082191781 ], [ -72.939049845846156, 7.094296082191781 ], [ -72.939049845846156, 7.094834076712329 ], [ -72.938777801538464, 7.094834076712329 ], [ -72.938777801538464, 7.094296082191781 ], [ -72.938233712923079, 7.094296082191781 ], [ -72.938233712923079, 7.094027084931507 ], [ -72.937961668615387, 7.094027084931507 ], [ -72.937961668615387, 7.095103073972603 ], [ -72.938233712923079, 7.095103073972603 ], [ -72.938233712923079, 7.095910065753425 ] ] ], [ [ [ -72.940138023076926, 7.095103073972603 ], [ -72.940410067384619, 7.095103073972603 ], [ -72.940410067384619, 7.095641068493151 ], [ -72.940138023076926, 7.095641068493151 ], [ -72.940138023076926, 7.095103073972603 ] ] ], [ [ [ -72.939593934461541, 7.095372071232877 ], [ -72.939865978769234, 7.095372071232877 ], [ -72.939865978769234, 7.095641068493151 ], [ -72.939593934461541, 7.095641068493151 ], [ -72.939593934461541, 7.095372071232877 ] ] ], [ [ [ -72.938777801538464, 7.096717057534247 ], [ -72.938777801538464, 7.096448060273973 ], [ -72.939049845846156, 7.096448060273973 ], [ -72.939049845846156, 7.096717057534247 ], [ -72.938777801538464, 7.096717057534247 ] ] ], [ [ [ -72.941770288923081, 7.100752016438356 ], [ -72.942042333230773, 7.100752016438356 ], [ -72.942042333230773, 7.101290010958905 ], [ -72.941770288923081, 7.101290010958905 ], [ -72.941770288923081, 7.100752016438356 ] ] ], [ [ [ -72.940682111692311, 7.10371098630137 ], [ -72.940954156, 7.10371098630137 ], [ -72.940954156, 7.103979983561644 ], [ -72.940682111692311, 7.103979983561644 ], [ -72.940682111692311, 7.10371098630137 ] ] ], [ [ [ -72.940410067384619, 7.104517978082192 ], [ -72.940410067384619, 7.104248980821918 ], [ -72.940682111692311, 7.104248980821918 ], [ -72.940682111692311, 7.104517978082192 ], [ -72.940410067384619, 7.104517978082192 ] ] ], [ [ [ -72.939865978769234, 7.104786975342466 ], [ -72.939321890153849, 7.104786975342466 ], [ -72.939321890153849, 7.10505597260274 ], [ -72.939049845846156, 7.10505597260274 ], [ -72.939049845846156, 7.104517978082192 ], [ -72.939865978769234, 7.104517978082192 ], [ -72.939865978769234, 7.104786975342466 ] ] ], [ [ [ -72.939865978769234, 7.105324969863014 ], [ -72.940138023076926, 7.105324969863014 ], [ -72.940138023076926, 7.10505597260274 ], [ -72.940682111692311, 7.10505597260274 ], [ -72.940682111692311, 7.105862964383562 ], [ -72.940410067384619, 7.105862964383562 ], [ -72.940410067384619, 7.105593967123288 ], [ -72.940138023076926, 7.105593967123288 ], [ -72.940138023076926, 7.105862964383562 ], [ -72.939865978769234, 7.105862964383562 ], [ -72.939865978769234, 7.105593967123288 ], [ -72.939593934461541, 7.105593967123288 ], [ -72.939593934461541, 7.10505597260274 ], [ -72.939865978769234, 7.10505597260274 ], [ -72.939865978769234, 7.105324969863014 ] ] ], [ [ [ -72.939321890153849, 7.106131961643836 ], [ -72.939321890153849, 7.105862964383562 ], [ -72.939593934461541, 7.105862964383562 ], [ -72.939593934461541, 7.106131961643836 ], [ -72.939321890153849, 7.106131961643836 ] ] ], [ [ [ -72.939049845846156, 7.106669956164384 ], [ -72.939321890153849, 7.106669956164384 ], [ -72.939321890153849, 7.106938953424658 ], [ -72.939049845846156, 7.106938953424658 ], [ -72.939049845846156, 7.106669956164384 ] ] ], [ [ [ -72.938233712923079, 7.106938953424658 ], [ -72.938505757230772, 7.106938953424658 ], [ -72.938505757230772, 7.107207950684931 ], [ -72.938233712923079, 7.107207950684931 ], [ -72.938233712923079, 7.106938953424658 ] ] ], [ [ [ -72.941770288923081, 7.10774594520548 ], [ -72.942314377538466, 7.10774594520548 ], [ -72.942314377538466, 7.108014942465753 ], [ -72.941770288923081, 7.108014942465753 ], [ -72.941770288923081, 7.10774594520548 ] ] ], [ [ [ -72.940138023076926, 7.108552936986301 ], [ -72.940410067384619, 7.108552936986301 ], [ -72.940410067384619, 7.109359928767123 ], [ -72.940138023076926, 7.109359928767123 ], [ -72.940138023076926, 7.108552936986301 ] ] ], [ [ [ -72.940410067384619, 7.109359928767123 ], [ -72.940682111692311, 7.109359928767123 ], [ -72.940682111692311, 7.109628926027398 ], [ -72.940410067384619, 7.109628926027398 ], [ -72.940410067384619, 7.109359928767123 ] ] ], [ [ [ -72.941226200307696, 7.109897923287671 ], [ -72.941498244615389, 7.109897923287671 ], [ -72.941498244615389, 7.110704915068493 ], [ -72.941226200307696, 7.110704915068493 ], [ -72.941226200307696, 7.109897923287671 ] ] ], [ [ [ -72.941770288923081, 7.110973912328768 ], [ -72.941770288923081, 7.110704915068493 ], [ -72.942042333230773, 7.110704915068493 ], [ -72.942042333230773, 7.110973912328768 ], [ -72.941770288923081, 7.110973912328768 ] ] ], [ [ [ -72.940138023076926, 7.110704915068493 ], [ -72.940410067384619, 7.110704915068493 ], [ -72.940410067384619, 7.111242909589041 ], [ -72.940138023076926, 7.111242909589041 ], [ -72.940138023076926, 7.110704915068493 ] ] ], [ [ [ -72.939593934461541, 7.111780904109589 ], [ -72.939865978769234, 7.111780904109589 ], [ -72.939865978769234, 7.112318898630138 ], [ -72.939593934461541, 7.112318898630138 ], [ -72.939593934461541, 7.111780904109589 ] ] ], [ [ [ -72.940682111692311, 7.111780904109589 ], [ -72.940682111692311, 7.111511906849316 ], [ -72.941498244615389, 7.111511906849316 ], [ -72.941498244615389, 7.111780904109589 ], [ -72.942314377538466, 7.111780904109589 ], [ -72.942314377538466, 7.112049901369863 ], [ -72.942586421846158, 7.112049901369863 ], [ -72.942586421846158, 7.111780904109589 ], [ -72.942858466153851, 7.111780904109589 ], [ -72.942858466153851, 7.112049901369863 ], [ -72.943402554769236, 7.112049901369863 ], [ -72.943402554769236, 7.112318898630138 ], [ -72.943130510461543, 7.112318898630138 ], [ -72.943130510461543, 7.112587895890411 ], [ -72.942858466153851, 7.112587895890411 ], [ -72.942858466153851, 7.113394887671233 ], [ -72.942314377538466, 7.113394887671233 ], [ -72.942314377538466, 7.113125890410959 ], [ -72.942586421846158, 7.113125890410959 ], [ -72.942586421846158, 7.112856893150685 ], [ -72.941226200307696, 7.112856893150685 ], [ -72.941226200307696, 7.112049901369863 ], [ -72.940954156, 7.112049901369863 ], [ -72.940954156, 7.111780904109589 ], [ -72.940682111692311, 7.111780904109589 ] ] ], [ [ [ -72.939321890153849, 7.112318898630138 ], [ -72.939593934461541, 7.112318898630138 ], [ -72.939593934461541, 7.112856893150685 ], [ -72.939049845846156, 7.112856893150685 ], [ -72.939049845846156, 7.112587895890411 ], [ -72.939321890153849, 7.112587895890411 ], [ -72.939321890153849, 7.112318898630138 ] ] ], [ [ [ -72.939865978769234, 7.112587895890411 ], [ -72.940138023076926, 7.112587895890411 ], [ -72.940138023076926, 7.113125890410959 ], [ -72.939865978769234, 7.113125890410959 ], [ -72.939865978769234, 7.112587895890411 ] ] ], [ [ [ -72.941770288923081, 7.113394887671233 ], [ -72.941770288923081, 7.113125890410959 ], [ -72.942042333230773, 7.113125890410959 ], [ -72.942042333230773, 7.113394887671233 ], [ -72.941770288923081, 7.113394887671233 ] ] ], [ [ [ -72.938233712923079, 7.113125890410959 ], [ -72.938505757230772, 7.113125890410959 ], [ -72.938505757230772, 7.113394887671233 ], [ -72.938233712923079, 7.113394887671233 ], [ -72.938233712923079, 7.113125890410959 ] ] ], [ [ [ -72.938777801538464, 7.113125890410959 ], [ -72.939049845846156, 7.113125890410959 ], [ -72.939049845846156, 7.113394887671233 ], [ -72.938777801538464, 7.113394887671233 ], [ -72.938777801538464, 7.113125890410959 ] ] ], [ [ [ -72.939049845846156, 7.113663884931507 ], [ -72.939049845846156, 7.113394887671233 ], [ -72.939321890153849, 7.113394887671233 ], [ -72.939321890153849, 7.113663884931507 ], [ -72.939049845846156, 7.113663884931507 ] ] ], [ [ [ -72.939593934461541, 7.113394887671233 ], [ -72.939865978769234, 7.113394887671233 ], [ -72.939865978769234, 7.113932882191781 ], [ -72.939593934461541, 7.113932882191781 ], [ -72.939593934461541, 7.113394887671233 ] ] ], [ [ [ -72.938777801538464, 7.113932882191781 ], [ -72.939049845846156, 7.113932882191781 ], [ -72.939049845846156, 7.114201879452055 ], [ -72.938777801538464, 7.114201879452055 ], [ -72.938777801538464, 7.113932882191781 ] ] ], [ [ [ -72.940138023076926, 7.114201879452055 ], [ -72.940138023076926, 7.113932882191781 ], [ -72.940410067384619, 7.113932882191781 ], [ -72.940410067384619, 7.114201879452055 ], [ -72.940138023076926, 7.114201879452055 ] ] ], [ [ [ -72.941226200307696, 7.114470876712329 ], [ -72.941770288923081, 7.114470876712329 ], [ -72.941770288923081, 7.114739873972603 ], [ -72.941226200307696, 7.114739873972603 ], [ -72.941226200307696, 7.114470876712329 ] ] ], [ [ [ -72.939593934461541, 7.114739873972603 ], [ -72.940138023076926, 7.114739873972603 ], [ -72.940138023076926, 7.115008871232877 ], [ -72.939593934461541, 7.115008871232877 ], [ -72.939593934461541, 7.114739873972603 ] ] ], [ [ [ -72.941498244615389, 7.115815863013699 ], [ -72.941498244615389, 7.115546865753425 ], [ -72.941770288923081, 7.115546865753425 ], [ -72.941770288923081, 7.115815863013699 ], [ -72.941498244615389, 7.115815863013699 ] ] ], [ [ [ -72.942314377538466, 7.116353857534247 ], [ -72.942042333230773, 7.116353857534247 ], [ -72.942042333230773, 7.117160849315069 ], [ -72.941770288923081, 7.117160849315069 ], [ -72.941770288923081, 7.116622854794521 ], [ -72.941498244615389, 7.116622854794521 ], [ -72.941498244615389, 7.116353857534247 ], [ -72.941770288923081, 7.116353857534247 ], [ -72.941770288923081, 7.115815863013699 ], [ -72.942042333230773, 7.115815863013699 ], [ -72.942042333230773, 7.115277868493151 ], [ -72.942314377538466, 7.115277868493151 ], [ -72.942314377538466, 7.116353857534247 ] ] ], [ [ [ -72.938777801538464, 7.116622854794521 ], [ -72.939049845846156, 7.116622854794521 ], [ -72.939049845846156, 7.116891852054795 ], [ -72.938777801538464, 7.116891852054795 ], [ -72.938777801538464, 7.116622854794521 ] ] ], [ [ [ -72.938777801538464, 7.117967841095891 ], [ -72.938777801538464, 7.117698843835616 ], [ -72.939593934461541, 7.117698843835616 ], [ -72.939593934461541, 7.117429846575343 ], [ -72.939321890153849, 7.117429846575343 ], [ -72.939321890153849, 7.117160849315069 ], [ -72.940138023076926, 7.117160849315069 ], [ -72.940138023076926, 7.116891852054795 ], [ -72.940410067384619, 7.116891852054795 ], [ -72.940410067384619, 7.116622854794521 ], [ -72.940138023076926, 7.116622854794521 ], [ -72.940138023076926, 7.116084860273973 ], [ -72.940682111692311, 7.116084860273973 ], [ -72.940682111692311, 7.115815863013699 ], [ -72.940954156, 7.115815863013699 ], [ -72.940954156, 7.115546865753425 ], [ -72.941226200307696, 7.115546865753425 ], [ -72.941226200307696, 7.115815863013699 ], [ -72.941498244615389, 7.115815863013699 ], [ -72.941498244615389, 7.116084860273973 ], [ -72.940954156, 7.116084860273973 ], [ -72.940954156, 7.116622854794521 ], [ -72.941226200307696, 7.116622854794521 ], [ -72.941226200307696, 7.117160849315069 ], [ -72.940954156, 7.117160849315069 ], [ -72.940954156, 7.116891852054795 ], [ -72.940682111692311, 7.116891852054795 ], [ -72.940682111692311, 7.117698843835616 ], [ -72.940138023076926, 7.117698843835616 ], [ -72.940138023076926, 7.117967841095891 ], [ -72.939865978769234, 7.117967841095891 ], [ -72.939865978769234, 7.118505835616439 ], [ -72.940138023076926, 7.118505835616439 ], [ -72.940138023076926, 7.118774832876713 ], [ -72.939593934461541, 7.118774832876713 ], [ -72.939593934461541, 7.118236838356164 ], [ -72.939049845846156, 7.118236838356164 ], [ -72.939049845846156, 7.117967841095891 ], [ -72.938777801538464, 7.117967841095891 ] ], [ [ -72.940138023076926, 7.117429846575343 ], [ -72.940410067384619, 7.117429846575343 ], [ -72.940410067384619, 7.117160849315069 ], [ -72.940138023076926, 7.117160849315069 ], [ -72.940138023076926, 7.117429846575343 ] ] ], [ [ [ -72.93741758, 7.116622854794521 ], [ -72.937689624307694, 7.116622854794521 ], [ -72.937689624307694, 7.116353857534247 ], [ -72.937961668615387, 7.116353857534247 ], [ -72.937961668615387, 7.116084860273973 ], [ -72.938233712923079, 7.116084860273973 ], [ -72.938233712923079, 7.116622854794521 ], [ -72.938505757230772, 7.116622854794521 ], [ -72.938505757230772, 7.116891852054795 ], [ -72.938777801538464, 7.116891852054795 ], [ -72.938777801538464, 7.117160849315069 ], [ -72.939049845846156, 7.117160849315069 ], [ -72.939049845846156, 7.117429846575343 ], [ -72.938777801538464, 7.117429846575343 ], [ -72.938777801538464, 7.117698843835616 ], [ -72.938233712923079, 7.117698843835616 ], [ -72.938233712923079, 7.118236838356164 ], [ -72.937689624307694, 7.118236838356164 ], [ -72.937689624307694, 7.117698843835616 ], [ -72.937961668615387, 7.117698843835616 ], [ -72.937961668615387, 7.117429846575343 ], [ -72.938233712923079, 7.117429846575343 ], [ -72.938233712923079, 7.117160849315069 ], [ -72.937689624307694, 7.117160849315069 ], [ -72.937689624307694, 7.116891852054795 ], [ -72.93741758, 7.116891852054795 ], [ -72.93741758, 7.116622854794521 ] ] ], [ [ [ -72.941498244615389, 7.118505835616439 ], [ -72.940954156, 7.118505835616439 ], [ -72.940954156, 7.118774832876713 ], [ -72.940682111692311, 7.118774832876713 ], [ -72.940682111692311, 7.118505835616439 ], [ -72.940410067384619, 7.118505835616439 ], [ -72.940410067384619, 7.118236838356164 ], [ -72.940138023076926, 7.118236838356164 ], [ -72.940138023076926, 7.117967841095891 ], [ -72.940682111692311, 7.117967841095891 ], [ -72.940682111692311, 7.118236838356164 ], [ -72.941498244615389, 7.118236838356164 ], [ -72.941498244615389, 7.118505835616439 ] ] ], [ [ [ -72.940410067384619, 7.118774832876713 ], [ -72.940682111692311, 7.118774832876713 ], [ -72.940682111692311, 7.119043830136986 ], [ -72.940410067384619, 7.119043830136986 ], [ -72.940410067384619, 7.118774832876713 ] ] ], [ [ [ -72.940954156, 7.118774832876713 ], [ -72.941226200307696, 7.118774832876713 ], [ -72.941226200307696, 7.119043830136986 ], [ -72.940954156, 7.119043830136986 ], [ -72.940954156, 7.118774832876713 ] ] ], [ [ [ -72.939865978769234, 7.119043830136986 ], [ -72.940138023076926, 7.119043830136986 ], [ -72.940138023076926, 7.119312827397261 ], [ -72.939865978769234, 7.119312827397261 ], [ -72.939865978769234, 7.119043830136986 ] ] ], [ [ [ -72.939049845846156, 7.119312827397261 ], [ -72.938777801538464, 7.119312827397261 ], [ -72.938777801538464, 7.119850821917809 ], [ -72.938233712923079, 7.119850821917809 ], [ -72.938233712923079, 7.119312827397261 ], [ -72.937961668615387, 7.119312827397261 ], [ -72.937961668615387, 7.119043830136986 ], [ -72.938233712923079, 7.119043830136986 ], [ -72.938233712923079, 7.118774832876713 ], [ -72.938505757230772, 7.118774832876713 ], [ -72.938505757230772, 7.119043830136986 ], [ -72.939049845846156, 7.119043830136986 ], [ -72.939049845846156, 7.119312827397261 ] ] ], [ [ [ -72.940954156, 7.119850821917809 ], [ -72.940954156, 7.120388816438356 ], [ -72.941226200307696, 7.120388816438356 ], [ -72.941226200307696, 7.120119819178083 ], [ -72.941498244615389, 7.120119819178083 ], [ -72.941498244615389, 7.120388816438356 ], [ -72.942042333230773, 7.120388816438356 ], [ -72.942042333230773, 7.120657813698631 ], [ -72.940410067384619, 7.120657813698631 ], [ -72.940410067384619, 7.120388816438356 ], [ -72.939865978769234, 7.120388816438356 ], [ -72.939865978769234, 7.119581824657534 ], [ -72.940138023076926, 7.119581824657534 ], [ -72.940138023076926, 7.119312827397261 ], [ -72.940410067384619, 7.119312827397261 ], [ -72.940410067384619, 7.119850821917809 ], [ -72.940954156, 7.119850821917809 ] ] ], [ [ [ -72.939593934461541, 7.119850821917809 ], [ -72.939593934461541, 7.120388816438356 ], [ -72.939321890153849, 7.120388816438356 ], [ -72.939321890153849, 7.119850821917809 ], [ -72.939593934461541, 7.119850821917809 ] ] ], [ [ [ -72.938777801538464, 7.120657813698631 ], [ -72.938777801538464, 7.120388816438356 ], [ -72.939321890153849, 7.120388816438356 ], [ -72.939321890153849, 7.120657813698631 ], [ -72.938777801538464, 7.120657813698631 ] ] ], [ [ [ -72.940138023076926, 7.121733802739726 ], [ -72.940138023076926, 7.1220028 ], [ -72.940410067384619, 7.1220028 ], [ -72.940410067384619, 7.122540794520548 ], [ -72.940138023076926, 7.122540794520548 ], [ -72.940138023076926, 7.122271797260274 ], [ -72.939865978769234, 7.122271797260274 ], [ -72.939865978769234, 7.120926810958904 ], [ -72.940138023076926, 7.120926810958904 ], [ -72.940138023076926, 7.121464805479452 ], [ -72.940410067384619, 7.121464805479452 ], [ -72.940410067384619, 7.121733802739726 ], [ -72.940138023076926, 7.121733802739726 ] ] ], [ [ [ -72.941226200307696, 7.121733802739726 ], [ -72.941498244615389, 7.121733802739726 ], [ -72.941498244615389, 7.122271797260274 ], [ -72.940954156, 7.122271797260274 ], [ -72.940954156, 7.1220028 ], [ -72.941226200307696, 7.1220028 ], [ -72.941226200307696, 7.121733802739726 ] ] ], [ [ [ -72.941498244615389, 7.122271797260274 ], [ -72.941770288923081, 7.122271797260274 ], [ -72.941770288923081, 7.1220028 ], [ -72.942586421846158, 7.1220028 ], [ -72.942586421846158, 7.122271797260274 ], [ -72.942314377538466, 7.122271797260274 ], [ -72.942314377538466, 7.122809791780822 ], [ -72.941770288923081, 7.122809791780822 ], [ -72.941770288923081, 7.122540794520548 ], [ -72.941498244615389, 7.122540794520548 ], [ -72.941498244615389, 7.122271797260274 ] ] ], [ [ [ -72.937961668615387, 7.122809791780822 ], [ -72.937961668615387, 7.122540794520548 ], [ -72.938233712923079, 7.122540794520548 ], [ -72.938233712923079, 7.122809791780822 ], [ -72.937961668615387, 7.122809791780822 ] ] ], [ [ [ -72.938505757230772, 7.122540794520548 ], [ -72.938777801538464, 7.122540794520548 ], [ -72.938777801538464, 7.122809791780822 ], [ -72.938505757230772, 7.122809791780822 ], [ -72.938505757230772, 7.122540794520548 ] ] ], [ [ [ -72.940410067384619, 7.123347786301371 ], [ -72.939321890153849, 7.123347786301371 ], [ -72.939321890153849, 7.123616783561644 ], [ -72.939049845846156, 7.123616783561644 ], [ -72.939049845846156, 7.123347786301371 ], [ -72.938777801538464, 7.123347786301371 ], [ -72.938777801538464, 7.122809791780822 ], [ -72.939321890153849, 7.122809791780822 ], [ -72.939321890153849, 7.122271797260274 ], [ -72.939865978769234, 7.122271797260274 ], [ -72.939865978769234, 7.122540794520548 ], [ -72.940138023076926, 7.122540794520548 ], [ -72.940138023076926, 7.122809791780822 ], [ -72.939865978769234, 7.122809791780822 ], [ -72.939865978769234, 7.123078789041096 ], [ -72.940410067384619, 7.123078789041096 ], [ -72.940410067384619, 7.123347786301371 ] ] ], [ [ [ -72.941770288923081, 7.122809791780822 ], [ -72.941770288923081, 7.123616783561644 ], [ -72.942042333230773, 7.123616783561644 ], [ -72.942042333230773, 7.123885780821918 ], [ -72.942314377538466, 7.123885780821918 ], [ -72.942314377538466, 7.123616783561644 ], [ -72.942586421846158, 7.123616783561644 ], [ -72.942586421846158, 7.123885780821918 ], [ -72.942858466153851, 7.123885780821918 ], [ -72.942858466153851, 7.124154778082192 ], [ -72.942586421846158, 7.124154778082192 ], [ -72.942586421846158, 7.124961769863014 ], [ -72.942042333230773, 7.124961769863014 ], [ -72.942042333230773, 7.12469277260274 ], [ -72.942314377538466, 7.12469277260274 ], [ -72.942314377538466, 7.124423775342466 ], [ -72.941770288923081, 7.124423775342466 ], [ -72.941770288923081, 7.12469277260274 ], [ -72.941226200307696, 7.12469277260274 ], [ -72.941226200307696, 7.124423775342466 ], [ -72.940954156, 7.124423775342466 ], [ -72.940954156, 7.124154778082192 ], [ -72.941226200307696, 7.124154778082192 ], [ -72.941226200307696, 7.123885780821918 ], [ -72.940954156, 7.123885780821918 ], [ -72.940954156, 7.122809791780822 ], [ -72.941770288923081, 7.122809791780822 ] ], [ [ -72.941770288923081, 7.123885780821918 ], [ -72.941498244615389, 7.123885780821918 ], [ -72.941498244615389, 7.124423775342466 ], [ -72.941770288923081, 7.124423775342466 ], [ -72.941770288923081, 7.123885780821918 ] ] ], [ [ [ -72.940138023076926, 7.123885780821918 ], [ -72.940682111692311, 7.123885780821918 ], [ -72.940682111692311, 7.124423775342466 ], [ -72.940410067384619, 7.124423775342466 ], [ -72.940410067384619, 7.124154778082192 ], [ -72.940138023076926, 7.124154778082192 ], [ -72.940138023076926, 7.123885780821918 ] ] ], [ [ [ -72.938505757230772, 7.123347786301371 ], [ -72.938777801538464, 7.123347786301371 ], [ -72.938777801538464, 7.124154778082192 ], [ -72.938505757230772, 7.124154778082192 ], [ -72.938505757230772, 7.12469277260274 ], [ -72.938777801538464, 7.12469277260274 ], [ -72.938777801538464, 7.124961769863014 ], [ -72.938233712923079, 7.124961769863014 ], [ -72.938233712923079, 7.124154778082192 ], [ -72.937961668615387, 7.124154778082192 ], [ -72.937961668615387, 7.124423775342466 ], [ -72.93741758, 7.124423775342466 ], [ -72.93741758, 7.124154778082192 ], [ -72.937689624307694, 7.124154778082192 ], [ -72.937689624307694, 7.123885780821918 ], [ -72.938505757230772, 7.123885780821918 ], [ -72.938505757230772, 7.123347786301371 ] ] ], [ [ [ -72.940682111692311, 7.124423775342466 ], [ -72.940954156, 7.124423775342466 ], [ -72.940954156, 7.12469277260274 ], [ -72.940682111692311, 7.12469277260274 ], [ -72.940682111692311, 7.124423775342466 ] ] ], [ [ [ -72.939593934461541, 7.123885780821918 ], [ -72.939593934461541, 7.124154778082192 ], [ -72.940138023076926, 7.124154778082192 ], [ -72.940138023076926, 7.124423775342466 ], [ -72.939865978769234, 7.124423775342466 ], [ -72.939865978769234, 7.124961769863014 ], [ -72.940138023076926, 7.124961769863014 ], [ -72.940138023076926, 7.125230767123288 ], [ -72.939865978769234, 7.125230767123288 ], [ -72.939865978769234, 7.125499764383562 ], [ -72.939593934461541, 7.125499764383562 ], [ -72.939593934461541, 7.12603775890411 ], [ -72.939321890153849, 7.12603775890411 ], [ -72.939321890153849, 7.125499764383562 ], [ -72.939049845846156, 7.125499764383562 ], [ -72.939049845846156, 7.125230767123288 ], [ -72.939321890153849, 7.125230767123288 ], [ -72.939321890153849, 7.124961769863014 ], [ -72.939593934461541, 7.124961769863014 ], [ -72.939593934461541, 7.124423775342466 ], [ -72.938777801538464, 7.124423775342466 ], [ -72.938777801538464, 7.124154778082192 ], [ -72.939049845846156, 7.124154778082192 ], [ -72.939049845846156, 7.123885780821918 ], [ -72.939593934461541, 7.123885780821918 ] ] ], [ [ [ -72.938777801538464, 7.124961769863014 ], [ -72.939049845846156, 7.124961769863014 ], [ -72.939049845846156, 7.125230767123288 ], [ -72.938777801538464, 7.125230767123288 ], [ -72.938777801538464, 7.124961769863014 ] ] ], [ [ [ -72.938233712923079, 7.125230767123288 ], [ -72.938505757230772, 7.125230767123288 ], [ -72.938505757230772, 7.125499764383562 ], [ -72.938233712923079, 7.125499764383562 ], [ -72.938233712923079, 7.125230767123288 ] ] ], [ [ [ -72.937961668615387, 7.128727731506849 ], [ -72.937961668615387, 7.128458734246576 ], [ -72.938233712923079, 7.128458734246576 ], [ -72.938233712923079, 7.128727731506849 ], [ -72.937961668615387, 7.128727731506849 ] ] ], [ [ [ -72.938777801538464, 7.130341715068494 ], [ -72.939049845846156, 7.130341715068494 ], [ -72.939049845846156, 7.130610712328767 ], [ -72.938777801538464, 7.130610712328767 ], [ -72.938777801538464, 7.130341715068494 ] ] ], [ [ [ -72.939321890153849, 7.130879709589041 ], [ -72.939049845846156, 7.130879709589041 ], [ -72.939049845846156, 7.130610712328767 ], [ -72.939321890153849, 7.130610712328767 ], [ -72.939321890153849, 7.130879709589041 ] ] ], [ [ [ -72.939321890153849, 7.131148706849316 ], [ -72.939321890153849, 7.130879709589041 ], [ -72.939593934461541, 7.130879709589041 ], [ -72.939593934461541, 7.131148706849316 ], [ -72.939321890153849, 7.131148706849316 ] ] ], [ [ [ -72.939865978769234, 7.132224695890411 ], [ -72.940138023076926, 7.132224695890411 ], [ -72.940138023076926, 7.132493693150685 ], [ -72.939865978769234, 7.132493693150685 ], [ -72.939865978769234, 7.132224695890411 ] ] ], [ [ [ -72.938505757230772, 7.132493693150685 ], [ -72.938777801538464, 7.132493693150685 ], [ -72.938777801538464, 7.132762690410959 ], [ -72.938505757230772, 7.132762690410959 ], [ -72.938505757230772, 7.132493693150685 ] ] ], [ [ [ -72.940138023076926, 7.132493693150685 ], [ -72.940410067384619, 7.132493693150685 ], [ -72.940410067384619, 7.132762690410959 ], [ -72.940138023076926, 7.132762690410959 ], [ -72.940138023076926, 7.132493693150685 ] ] ], [ [ [ -72.941498244615389, 7.133300684931507 ], [ -72.942042333230773, 7.133300684931507 ], [ -72.942042333230773, 7.133569682191781 ], [ -72.941498244615389, 7.133569682191781 ], [ -72.941498244615389, 7.133300684931507 ] ] ], [ [ [ -72.938233712923079, 7.133838679452055 ], [ -72.938505757230772, 7.133838679452055 ], [ -72.938505757230772, 7.134107676712329 ], [ -72.938233712923079, 7.134107676712329 ], [ -72.938233712923079, 7.133838679452055 ] ] ], [ [ [ -72.940138023076926, 7.134914668493151 ], [ -72.939865978769234, 7.134914668493151 ], [ -72.939865978769234, 7.134645671232877 ], [ -72.940138023076926, 7.134645671232877 ], [ -72.940138023076926, 7.134376673972604 ], [ -72.940410067384619, 7.134376673972604 ], [ -72.940410067384619, 7.135183665753425 ], [ -72.940138023076926, 7.135183665753425 ], [ -72.940138023076926, 7.134914668493151 ] ] ], [ [ [ -72.941226200307696, 7.135721660273973 ], [ -72.941226200307696, 7.135452663013699 ], [ -72.941498244615389, 7.135452663013699 ], [ -72.941498244615389, 7.135721660273973 ], [ -72.941226200307696, 7.135721660273973 ] ] ], [ [ [ -72.940410067384619, 7.135452663013699 ], [ -72.940682111692311, 7.135452663013699 ], [ -72.940682111692311, 7.136259654794521 ], [ -72.940410067384619, 7.136259654794521 ], [ -72.940410067384619, 7.135452663013699 ] ] ], [ [ [ -72.939865978769234, 7.137066646575343 ], [ -72.940138023076926, 7.137066646575343 ], [ -72.940138023076926, 7.137335643835617 ], [ -72.939865978769234, 7.137335643835617 ], [ -72.939865978769234, 7.137066646575343 ] ] ], [ [ [ -72.939593934461541, 7.137604641095891 ], [ -72.939593934461541, 7.137335643835617 ], [ -72.939865978769234, 7.137335643835617 ], [ -72.939865978769234, 7.137604641095891 ], [ -72.939593934461541, 7.137604641095891 ] ] ], [ [ [ -72.939593934461541, 7.137873638356165 ], [ -72.939593934461541, 7.138142635616439 ], [ -72.939321890153849, 7.138142635616439 ], [ -72.939321890153849, 7.137873638356165 ], [ -72.939593934461541, 7.137873638356165 ] ] ], [ [ [ -72.939049845846156, 7.138680630136987 ], [ -72.939049845846156, 7.138142635616439 ], [ -72.939321890153849, 7.138142635616439 ], [ -72.939321890153849, 7.138680630136987 ], [ -72.939049845846156, 7.138680630136987 ] ] ], [ [ [ -72.937145535692309, 7.085688169863014 ], [ -72.937145535692309, 7.08541917260274 ], [ -72.93741758, 7.08541917260274 ], [ -72.93741758, 7.085688169863014 ], [ -72.937145535692309, 7.085688169863014 ] ] ], [ [ [ -72.938233712923079, 7.085957167123288 ], [ -72.937689624307694, 7.085957167123288 ], [ -72.937689624307694, 7.086226164383562 ], [ -72.93741758, 7.086226164383562 ], [ -72.93741758, 7.085688169863014 ], [ -72.938233712923079, 7.085688169863014 ], [ -72.938233712923079, 7.085957167123288 ] ] ], [ [ [ -72.935785314153847, 7.08810914520548 ], [ -72.936057358461539, 7.08810914520548 ], [ -72.936057358461539, 7.088378142465753 ], [ -72.935785314153847, 7.088378142465753 ], [ -72.935785314153847, 7.08810914520548 ] ] ], [ [ [ -72.937689624307694, 7.088916136986302 ], [ -72.937689624307694, 7.088647139726028 ], [ -72.937961668615387, 7.088647139726028 ], [ -72.937961668615387, 7.088916136986302 ], [ -72.937689624307694, 7.088916136986302 ] ] ], [ [ [ -72.935785314153847, 7.089185134246575 ], [ -72.936601447076924, 7.089185134246575 ], [ -72.936601447076924, 7.08945413150685 ], [ -72.935785314153847, 7.08945413150685 ], [ -72.935785314153847, 7.089185134246575 ] ] ], [ [ [ -72.935785314153847, 7.091068115068493 ], [ -72.936057358461539, 7.091068115068493 ], [ -72.936057358461539, 7.091337112328767 ], [ -72.935785314153847, 7.091337112328767 ], [ -72.935785314153847, 7.091068115068493 ] ] ], [ [ [ -72.93741758, 7.091337112328767 ], [ -72.93741758, 7.091068115068493 ], [ -72.937689624307694, 7.091068115068493 ], [ -72.937689624307694, 7.091337112328767 ], [ -72.93741758, 7.091337112328767 ] ] ], [ [ [ -72.935241225538462, 7.091337112328767 ], [ -72.935513269846155, 7.091337112328767 ], [ -72.935513269846155, 7.091606109589041 ], [ -72.935241225538462, 7.091606109589041 ], [ -72.935241225538462, 7.091337112328767 ] ] ], [ [ [ -72.936057358461539, 7.091875106849315 ], [ -72.935513269846155, 7.091875106849315 ], [ -72.935513269846155, 7.091606109589041 ], [ -72.936057358461539, 7.091606109589041 ], [ -72.936057358461539, 7.091875106849315 ] ] ], [ [ [ -72.93741758, 7.092951095890411 ], [ -72.93741758, 7.09348909041096 ], [ -72.937145535692309, 7.09348909041096 ], [ -72.937145535692309, 7.092951095890411 ], [ -72.936601447076924, 7.092951095890411 ], [ -72.936601447076924, 7.092413101369863 ], [ -72.936873491384617, 7.092413101369863 ], [ -72.936873491384617, 7.092682098630137 ], [ -72.937689624307694, 7.092682098630137 ], [ -72.937689624307694, 7.092951095890411 ], [ -72.93741758, 7.092951095890411 ] ] ], [ [ [ -72.937145535692309, 7.094027084931507 ], [ -72.937145535692309, 7.094296082191781 ], [ -72.936601447076924, 7.094296082191781 ], [ -72.936601447076924, 7.094027084931507 ], [ -72.937145535692309, 7.094027084931507 ] ] ], [ [ [ -72.936329402769232, 7.094565079452055 ], [ -72.936329402769232, 7.094296082191781 ], [ -72.936601447076924, 7.094296082191781 ], [ -72.936601447076924, 7.094565079452055 ], [ -72.936329402769232, 7.094565079452055 ] ] ], [ [ [ -72.936601447076924, 7.096717057534247 ], [ -72.936601447076924, 7.096179063013698 ], [ -72.936873491384617, 7.096179063013698 ], [ -72.936873491384617, 7.096717057534247 ], [ -72.936601447076924, 7.096717057534247 ] ] ], [ [ [ -72.934425092615385, 7.098600038356165 ], [ -72.934697136923077, 7.098600038356165 ], [ -72.934697136923077, 7.098869035616438 ], [ -72.934425092615385, 7.098869035616438 ], [ -72.934425092615385, 7.098600038356165 ] ] ], [ [ [ -72.93496918123077, 7.099407030136986 ], [ -72.935241225538462, 7.099407030136986 ], [ -72.935241225538462, 7.09967602739726 ], [ -72.93496918123077, 7.09967602739726 ], [ -72.93496918123077, 7.099407030136986 ] ] ], [ [ [ -72.936057358461539, 7.099407030136986 ], [ -72.936329402769232, 7.099407030136986 ], [ -72.936329402769232, 7.09967602739726 ], [ -72.936057358461539, 7.09967602739726 ], [ -72.936057358461539, 7.099407030136986 ] ] ], [ [ [ -72.936873491384617, 7.099407030136986 ], [ -72.937145535692309, 7.099407030136986 ], [ -72.937145535692309, 7.099945024657535 ], [ -72.936873491384617, 7.099945024657535 ], [ -72.936873491384617, 7.099407030136986 ] ] ], [ [ [ -72.935785314153847, 7.099945024657535 ], [ -72.935513269846155, 7.099945024657535 ], [ -72.935513269846155, 7.100214021917808 ], [ -72.935241225538462, 7.100214021917808 ], [ -72.935241225538462, 7.09967602739726 ], [ -72.935785314153847, 7.09967602739726 ], [ -72.935785314153847, 7.099945024657535 ] ] ], [ [ [ -72.936329402769232, 7.100214021917808 ], [ -72.936873491384617, 7.100214021917808 ], [ -72.936873491384617, 7.100752016438356 ], [ -72.936329402769232, 7.100752016438356 ], [ -72.936329402769232, 7.100214021917808 ] ] ], [ [ [ -72.93496918123077, 7.100752016438356 ], [ -72.93496918123077, 7.100483019178083 ], [ -72.935241225538462, 7.100483019178083 ], [ -72.935241225538462, 7.100752016438356 ], [ -72.93496918123077, 7.100752016438356 ] ] ], [ [ [ -72.936057358461539, 7.101290010958905 ], [ -72.935513269846155, 7.101290010958905 ], [ -72.935513269846155, 7.10102101369863 ], [ -72.935785314153847, 7.10102101369863 ], [ -72.935785314153847, 7.100483019178083 ], [ -72.936057358461539, 7.100483019178083 ], [ -72.936057358461539, 7.100752016438356 ], [ -72.936329402769232, 7.100752016438356 ], [ -72.936329402769232, 7.10102101369863 ], [ -72.936057358461539, 7.10102101369863 ], [ -72.936057358461539, 7.101290010958905 ] ] ], [ [ [ -72.937145535692309, 7.100752016438356 ], [ -72.937961668615387, 7.100752016438356 ], [ -72.937961668615387, 7.10102101369863 ], [ -72.937145535692309, 7.10102101369863 ], [ -72.937145535692309, 7.100752016438356 ] ] ], [ [ [ -72.935241225538462, 7.10102101369863 ], [ -72.935241225538462, 7.100752016438356 ], [ -72.935513269846155, 7.100752016438356 ], [ -72.935513269846155, 7.10102101369863 ], [ -72.935241225538462, 7.10102101369863 ] ] ], [ [ [ -72.937145535692309, 7.10102101369863 ], [ -72.937145535692309, 7.101290010958905 ], [ -72.936873491384617, 7.101290010958905 ], [ -72.936873491384617, 7.10102101369863 ], [ -72.937145535692309, 7.10102101369863 ] ] ], [ [ [ -72.936601447076924, 7.101559008219178 ], [ -72.936601447076924, 7.101290010958905 ], [ -72.936873491384617, 7.101290010958905 ], [ -72.936873491384617, 7.101828005479453 ], [ -72.936057358461539, 7.101828005479453 ], [ -72.936057358461539, 7.101559008219178 ], [ -72.936601447076924, 7.101559008219178 ] ] ], [ [ [ -72.937689624307694, 7.101828005479453 ], [ -72.937689624307694, 7.101559008219178 ], [ -72.937961668615387, 7.101559008219178 ], [ -72.937961668615387, 7.101828005479453 ], [ -72.937689624307694, 7.101828005479453 ] ] ], [ [ [ -72.935513269846155, 7.101828005479453 ], [ -72.935785314153847, 7.101828005479453 ], [ -72.935785314153847, 7.102097002739726 ], [ -72.935513269846155, 7.102097002739726 ], [ -72.935513269846155, 7.101828005479453 ] ] ], [ [ [ -72.93496918123077, 7.101828005479453 ], [ -72.935241225538462, 7.101828005479453 ], [ -72.935241225538462, 7.102366 ], [ -72.93496918123077, 7.102366 ], [ -72.93496918123077, 7.101828005479453 ] ] ], [ [ [ -72.937145535692309, 7.102097002739726 ], [ -72.93741758, 7.102097002739726 ], [ -72.93741758, 7.102366 ], [ -72.937145535692309, 7.102366 ], [ -72.937145535692309, 7.102097002739726 ] ] ], [ [ [ -72.934425092615385, 7.102366 ], [ -72.934697136923077, 7.102366 ], [ -72.934697136923077, 7.102634997260274 ], [ -72.934425092615385, 7.102634997260274 ], [ -72.934425092615385, 7.102366 ] ] ], [ [ [ -72.934697136923077, 7.10371098630137 ], [ -72.93496918123077, 7.10371098630137 ], [ -72.93496918123077, 7.103979983561644 ], [ -72.934697136923077, 7.103979983561644 ], [ -72.934697136923077, 7.10371098630137 ] ] ], [ [ [ -72.93741758, 7.104517978082192 ], [ -72.937689624307694, 7.104517978082192 ], [ -72.937689624307694, 7.10505597260274 ], [ -72.93741758, 7.10505597260274 ], [ -72.93741758, 7.104517978082192 ] ] ], [ [ [ -72.935241225538462, 7.106131961643836 ], [ -72.935241225538462, 7.105862964383562 ], [ -72.935513269846155, 7.105862964383562 ], [ -72.935513269846155, 7.106131961643836 ], [ -72.935241225538462, 7.106131961643836 ] ] ], [ [ [ -72.936329402769232, 7.110973912328768 ], [ -72.936329402769232, 7.110435917808219 ], [ -72.935785314153847, 7.110435917808219 ], [ -72.935785314153847, 7.110166920547946 ], [ -72.935513269846155, 7.110166920547946 ], [ -72.935513269846155, 7.110435917808219 ], [ -72.935241225538462, 7.110435917808219 ], [ -72.935241225538462, 7.109897923287671 ], [ -72.936329402769232, 7.109897923287671 ], [ -72.936329402769232, 7.109359928767123 ], [ -72.936873491384617, 7.109359928767123 ], [ -72.936873491384617, 7.109628926027398 ], [ -72.937145535692309, 7.109628926027398 ], [ -72.937145535692309, 7.109897923287671 ], [ -72.936601447076924, 7.109897923287671 ], [ -72.936601447076924, 7.110973912328768 ], [ -72.936329402769232, 7.110973912328768 ] ] ], [ [ [ -72.934697136923077, 7.110704915068493 ], [ -72.934697136923077, 7.110435917808219 ], [ -72.935241225538462, 7.110435917808219 ], [ -72.935241225538462, 7.110704915068493 ], [ -72.934697136923077, 7.110704915068493 ] ] ], [ [ [ -72.935785314153847, 7.110704915068493 ], [ -72.936057358461539, 7.110704915068493 ], [ -72.936057358461539, 7.110973912328768 ], [ -72.935785314153847, 7.110973912328768 ], [ -72.935785314153847, 7.110704915068493 ] ] ], [ [ [ -72.935241225538462, 7.110973912328768 ], [ -72.935785314153847, 7.110973912328768 ], [ -72.935785314153847, 7.111511906849316 ], [ -72.935241225538462, 7.111511906849316 ], [ -72.935241225538462, 7.110973912328768 ] ] ], [ [ [ -72.935513269846155, 7.112049901369863 ], [ -72.935785314153847, 7.112049901369863 ], [ -72.935785314153847, 7.112318898630138 ], [ -72.935513269846155, 7.112318898630138 ], [ -72.935513269846155, 7.112049901369863 ] ] ], [ [ [ -72.935241225538462, 7.111780904109589 ], [ -72.935241225538462, 7.112318898630138 ], [ -72.935513269846155, 7.112318898630138 ], [ -72.935513269846155, 7.112587895890411 ], [ -72.935241225538462, 7.112587895890411 ], [ -72.935241225538462, 7.112856893150685 ], [ -72.93496918123077, 7.112856893150685 ], [ -72.93496918123077, 7.112587895890411 ], [ -72.933608959692307, 7.112587895890411 ], [ -72.933608959692307, 7.112318898630138 ], [ -72.934697136923077, 7.112318898630138 ], [ -72.934697136923077, 7.112049901369863 ], [ -72.93496918123077, 7.112049901369863 ], [ -72.93496918123077, 7.111780904109589 ], [ -72.935241225538462, 7.111780904109589 ] ] ], [ [ [ -72.937961668615387, 7.114470876712329 ], [ -72.938233712923079, 7.114470876712329 ], [ -72.938233712923079, 7.114739873972603 ], [ -72.937961668615387, 7.114739873972603 ], [ -72.937961668615387, 7.114470876712329 ] ] ], [ [ [ -72.936873491384617, 7.114470876712329 ], [ -72.937145535692309, 7.114470876712329 ], [ -72.937145535692309, 7.115008871232877 ], [ -72.936873491384617, 7.115008871232877 ], [ -72.936873491384617, 7.114470876712329 ] ] ], [ [ [ -72.935785314153847, 7.114739873972603 ], [ -72.935513269846155, 7.114739873972603 ], [ -72.935513269846155, 7.115008871232877 ], [ -72.935241225538462, 7.115008871232877 ], [ -72.935241225538462, 7.114470876712329 ], [ -72.935785314153847, 7.114470876712329 ], [ -72.935785314153847, 7.114739873972603 ] ] ], [ [ [ -72.937689624307694, 7.114739873972603 ], [ -72.937961668615387, 7.114739873972603 ], [ -72.937961668615387, 7.115008871232877 ], [ -72.937689624307694, 7.115008871232877 ], [ -72.937689624307694, 7.114739873972603 ] ] ], [ [ [ -72.934697136923077, 7.115008871232877 ], [ -72.93496918123077, 7.115008871232877 ], [ -72.93496918123077, 7.115277868493151 ], [ -72.934697136923077, 7.115277868493151 ], [ -72.934697136923077, 7.115008871232877 ] ] ], [ [ [ -72.935241225538462, 7.115546865753425 ], [ -72.935513269846155, 7.115546865753425 ], [ -72.935513269846155, 7.115815863013699 ], [ -72.935241225538462, 7.115815863013699 ], [ -72.935241225538462, 7.115546865753425 ] ] ], [ [ [ -72.937145535692309, 7.115815863013699 ], [ -72.937145535692309, 7.115546865753425 ], [ -72.93741758, 7.115546865753425 ], [ -72.93741758, 7.115815863013699 ], [ -72.937145535692309, 7.115815863013699 ] ] ], [ [ [ -72.936057358461539, 7.116622854794521 ], [ -72.935785314153847, 7.116622854794521 ], [ -72.935785314153847, 7.115546865753425 ], [ -72.936329402769232, 7.115546865753425 ], [ -72.936329402769232, 7.115008871232877 ], [ -72.936873491384617, 7.115008871232877 ], [ -72.936873491384617, 7.115546865753425 ], [ -72.936601447076924, 7.115546865753425 ], [ -72.936601447076924, 7.115815863013699 ], [ -72.936057358461539, 7.115815863013699 ], [ -72.936057358461539, 7.116622854794521 ] ] ], [ [ [ -72.934697136923077, 7.116084860273973 ], [ -72.934153048307692, 7.116084860273973 ], [ -72.934153048307692, 7.115815863013699 ], [ -72.93496918123077, 7.115815863013699 ], [ -72.93496918123077, 7.116084860273973 ], [ -72.935241225538462, 7.116084860273973 ], [ -72.935241225538462, 7.116353857534247 ], [ -72.934697136923077, 7.116353857534247 ], [ -72.934697136923077, 7.116084860273973 ] ] ], [ [ [ -72.936601447076924, 7.116622854794521 ], [ -72.936601447076924, 7.116353857534247 ], [ -72.936873491384617, 7.116353857534247 ], [ -72.936873491384617, 7.116622854794521 ], [ -72.936601447076924, 7.116622854794521 ] ] ], [ [ [ -72.936873491384617, 7.116891852054795 ], [ -72.937145535692309, 7.116891852054795 ], [ -72.937145535692309, 7.117160849315069 ], [ -72.936873491384617, 7.117160849315069 ], [ -72.936873491384617, 7.116891852054795 ] ] ], [ [ [ -72.935785314153847, 7.117160849315069 ], [ -72.936329402769232, 7.117160849315069 ], [ -72.936329402769232, 7.117429846575343 ], [ -72.935785314153847, 7.117429846575343 ], [ -72.935785314153847, 7.117160849315069 ] ] ], [ [ [ -72.935241225538462, 7.117698843835616 ], [ -72.935241225538462, 7.117429846575343 ], [ -72.935785314153847, 7.117429846575343 ], [ -72.935785314153847, 7.117698843835616 ], [ -72.935241225538462, 7.117698843835616 ] ] ], [ [ [ -72.937145535692309, 7.117967841095891 ], [ -72.937145535692309, 7.117698843835616 ], [ -72.936873491384617, 7.117698843835616 ], [ -72.936873491384617, 7.117429846575343 ], [ -72.937145535692309, 7.117429846575343 ], [ -72.937145535692309, 7.117160849315069 ], [ -72.93741758, 7.117160849315069 ], [ -72.93741758, 7.117429846575343 ], [ -72.937689624307694, 7.117429846575343 ], [ -72.937689624307694, 7.117698843835616 ], [ -72.93741758, 7.117698843835616 ], [ -72.93741758, 7.117967841095891 ], [ -72.937145535692309, 7.117967841095891 ] ] ], [ [ [ -72.936601447076924, 7.117967841095891 ], [ -72.936601447076924, 7.117698843835616 ], [ -72.936873491384617, 7.117698843835616 ], [ -72.936873491384617, 7.117967841095891 ], [ -72.936601447076924, 7.117967841095891 ] ] ], [ [ [ -72.935785314153847, 7.117967841095891 ], [ -72.935785314153847, 7.117698843835616 ], [ -72.936329402769232, 7.117698843835616 ], [ -72.936329402769232, 7.117967841095891 ], [ -72.935785314153847, 7.117967841095891 ] ] ], [ [ [ -72.935785314153847, 7.118236838356164 ], [ -72.936057358461539, 7.118236838356164 ], [ -72.936057358461539, 7.118774832876713 ], [ -72.935785314153847, 7.118774832876713 ], [ -72.935785314153847, 7.118236838356164 ] ] ], [ [ [ -72.936329402769232, 7.119043830136986 ], [ -72.936057358461539, 7.119043830136986 ], [ -72.936057358461539, 7.118774832876713 ], [ -72.936329402769232, 7.118774832876713 ], [ -72.936329402769232, 7.119043830136986 ] ] ], [ [ [ -72.936329402769232, 7.119312827397261 ], [ -72.936329402769232, 7.119043830136986 ], [ -72.936601447076924, 7.119043830136986 ], [ -72.936601447076924, 7.118774832876713 ], [ -72.937145535692309, 7.118774832876713 ], [ -72.937145535692309, 7.119043830136986 ], [ -72.936873491384617, 7.119043830136986 ], [ -72.936873491384617, 7.119312827397261 ], [ -72.936329402769232, 7.119312827397261 ] ] ], [ [ [ -72.937689624307694, 7.120926810958904 ], [ -72.938233712923079, 7.120926810958904 ], [ -72.938233712923079, 7.121195808219179 ], [ -72.937145535692309, 7.121195808219179 ], [ -72.937145535692309, 7.120657813698631 ], [ -72.937689624307694, 7.120657813698631 ], [ -72.937689624307694, 7.120926810958904 ] ] ], [ [ [ -72.936057358461539, 7.121195808219179 ], [ -72.936329402769232, 7.121195808219179 ], [ -72.936329402769232, 7.121464805479452 ], [ -72.936057358461539, 7.121464805479452 ], [ -72.936057358461539, 7.121195808219179 ] ] ], [ [ [ -72.935513269846155, 7.121464805479452 ], [ -72.935513269846155, 7.121195808219179 ], [ -72.935785314153847, 7.121195808219179 ], [ -72.935785314153847, 7.121464805479452 ], [ -72.935513269846155, 7.121464805479452 ] ] ], [ [ [ -72.936329402769232, 7.121464805479452 ], [ -72.936601447076924, 7.121464805479452 ], [ -72.936601447076924, 7.121733802739726 ], [ -72.936329402769232, 7.121733802739726 ], [ -72.936329402769232, 7.121464805479452 ] ] ], [ [ [ -72.93496918123077, 7.121464805479452 ], [ -72.935241225538462, 7.121464805479452 ], [ -72.935241225538462, 7.121733802739726 ], [ -72.93496918123077, 7.121733802739726 ], [ -72.93496918123077, 7.121464805479452 ] ] ], [ [ [ -72.93496918123077, 7.1220028 ], [ -72.93496918123077, 7.122540794520548 ], [ -72.934697136923077, 7.122540794520548 ], [ -72.934697136923077, 7.122809791780822 ], [ -72.934425092615385, 7.122809791780822 ], [ -72.934425092615385, 7.1220028 ], [ -72.93496918123077, 7.1220028 ] ] ], [ [ [ -72.935513269846155, 7.122540794520548 ], [ -72.936057358461539, 7.122540794520548 ], [ -72.936057358461539, 7.122809791780822 ], [ -72.935513269846155, 7.122809791780822 ], [ -72.935513269846155, 7.122540794520548 ] ] ], [ [ [ -72.936329402769232, 7.122809791780822 ], [ -72.936601447076924, 7.122809791780822 ], [ -72.936601447076924, 7.123078789041096 ], [ -72.936329402769232, 7.123078789041096 ], [ -72.936329402769232, 7.122809791780822 ] ] ], [ [ [ -72.936601447076924, 7.122271797260274 ], [ -72.93741758, 7.122271797260274 ], [ -72.93741758, 7.122809791780822 ], [ -72.937689624307694, 7.122809791780822 ], [ -72.937689624307694, 7.123078789041096 ], [ -72.93741758, 7.123078789041096 ], [ -72.93741758, 7.123347786301371 ], [ -72.937145535692309, 7.123347786301371 ], [ -72.937145535692309, 7.123885780821918 ], [ -72.936873491384617, 7.123885780821918 ], [ -72.936873491384617, 7.123616783561644 ], [ -72.936601447076924, 7.123616783561644 ], [ -72.936601447076924, 7.123078789041096 ], [ -72.937145535692309, 7.123078789041096 ], [ -72.937145535692309, 7.122809791780822 ], [ -72.936601447076924, 7.122809791780822 ], [ -72.936601447076924, 7.122271797260274 ] ] ], [ [ [ -72.937689624307694, 7.123885780821918 ], [ -72.93741758, 7.123885780821918 ], [ -72.93741758, 7.123347786301371 ], [ -72.937961668615387, 7.123347786301371 ], [ -72.937961668615387, 7.123616783561644 ], [ -72.937689624307694, 7.123616783561644 ], [ -72.937689624307694, 7.123885780821918 ] ] ], [ [ [ -72.935513269846155, 7.124154778082192 ], [ -72.935785314153847, 7.124154778082192 ], [ -72.935785314153847, 7.124423775342466 ], [ -72.935513269846155, 7.124423775342466 ], [ -72.935513269846155, 7.124154778082192 ] ] ], [ [ [ -72.936873491384617, 7.124423775342466 ], [ -72.93741758, 7.124423775342466 ], [ -72.93741758, 7.124961769863014 ], [ -72.937145535692309, 7.124961769863014 ], [ -72.937145535692309, 7.12469277260274 ], [ -72.936873491384617, 7.12469277260274 ], [ -72.936873491384617, 7.124423775342466 ] ] ], [ [ [ -72.936601447076924, 7.124961769863014 ], [ -72.936601447076924, 7.12469277260274 ], [ -72.936873491384617, 7.12469277260274 ], [ -72.936873491384617, 7.124961769863014 ], [ -72.936601447076924, 7.124961769863014 ] ] ], [ [ [ -72.938233712923079, 7.125230767123288 ], [ -72.937689624307694, 7.125230767123288 ], [ -72.937689624307694, 7.125499764383562 ], [ -72.93741758, 7.125499764383562 ], [ -72.93741758, 7.124961769863014 ], [ -72.938233712923079, 7.124961769863014 ], [ -72.938233712923079, 7.125230767123288 ] ] ], [ [ [ -72.937961668615387, 7.125499764383562 ], [ -72.938233712923079, 7.125499764383562 ], [ -72.938233712923079, 7.12603775890411 ], [ -72.937961668615387, 7.12603775890411 ], [ -72.937961668615387, 7.125499764383562 ] ] ], [ [ [ -72.93741758, 7.125499764383562 ], [ -72.93741758, 7.125768761643836 ], [ -72.937689624307694, 7.125768761643836 ], [ -72.937689624307694, 7.12603775890411 ], [ -72.937145535692309, 7.12603775890411 ], [ -72.937145535692309, 7.125499764383562 ], [ -72.93741758, 7.125499764383562 ] ] ], [ [ [ -72.932248738153845, 7.126575753424658 ], [ -72.931976693846153, 7.126575753424658 ], [ -72.931976693846153, 7.126306756164384 ], [ -72.932248738153845, 7.126306756164384 ], [ -72.932248738153845, 7.125768761643836 ], [ -72.93279282676923, 7.125768761643836 ], [ -72.93279282676923, 7.125499764383562 ], [ -72.933608959692307, 7.125499764383562 ], [ -72.933608959692307, 7.125230767123288 ], [ -72.935513269846155, 7.125230767123288 ], [ -72.935513269846155, 7.12469277260274 ], [ -72.935785314153847, 7.12469277260274 ], [ -72.935785314153847, 7.124961769863014 ], [ -72.936601447076924, 7.124961769863014 ], [ -72.936601447076924, 7.12603775890411 ], [ -72.936329402769232, 7.12603775890411 ], [ -72.936329402769232, 7.126306756164384 ], [ -72.936601447076924, 7.126306756164384 ], [ -72.936601447076924, 7.126575753424658 ], [ -72.937145535692309, 7.126575753424658 ], [ -72.937145535692309, 7.127113747945206 ], [ -72.935785314153847, 7.127113747945206 ], [ -72.935785314153847, 7.126844750684932 ], [ -72.935513269846155, 7.126844750684932 ], [ -72.935513269846155, 7.126575753424658 ], [ -72.935241225538462, 7.126575753424658 ], [ -72.935241225538462, 7.126306756164384 ], [ -72.935513269846155, 7.126306756164384 ], [ -72.935513269846155, 7.12603775890411 ], [ -72.93496918123077, 7.12603775890411 ], [ -72.93496918123077, 7.127382745205479 ], [ -72.934697136923077, 7.127382745205479 ], [ -72.934697136923077, 7.126575753424658 ], [ -72.934153048307692, 7.126575753424658 ], [ -72.934153048307692, 7.126844750684932 ], [ -72.933881004, 7.126844750684932 ], [ -72.933881004, 7.127651742465754 ], [ -72.933608959692307, 7.127651742465754 ], [ -72.933608959692307, 7.127113747945206 ], [ -72.933336915384615, 7.127113747945206 ], [ -72.933336915384615, 7.127382745205479 ], [ -72.933064871076922, 7.127382745205479 ], [ -72.933064871076922, 7.127651742465754 ], [ -72.932520782461538, 7.127651742465754 ], [ -72.932520782461538, 7.127113747945206 ], [ -72.932248738153845, 7.127113747945206 ], [ -72.932248738153845, 7.126575753424658 ] ], [ [ -72.933608959692307, 7.126575753424658 ], [ -72.933881004, 7.126575753424658 ], [ -72.933881004, 7.12603775890411 ], [ -72.933336915384615, 7.12603775890411 ], [ -72.933336915384615, 7.126306756164384 ], [ -72.933608959692307, 7.126306756164384 ], [ -72.933608959692307, 7.126575753424658 ] ], [ [ -72.934153048307692, 7.12603775890411 ], [ -72.934153048307692, 7.125768761643836 ], [ -72.933881004, 7.125768761643836 ], [ -72.933881004, 7.12603775890411 ], [ -72.934153048307692, 7.12603775890411 ] ], [ [ -72.935785314153847, 7.126306756164384 ], [ -72.936057358461539, 7.126306756164384 ], [ -72.936057358461539, 7.125768761643836 ], [ -72.935785314153847, 7.125768761643836 ], [ -72.935785314153847, 7.126306756164384 ] ], [ [ -72.936329402769232, 7.125768761643836 ], [ -72.936329402769232, 7.125499764383562 ], [ -72.936057358461539, 7.125499764383562 ], [ -72.936057358461539, 7.125768761643836 ], [ -72.936329402769232, 7.125768761643836 ] ] ], [ [ [ -72.937689624307694, 7.126844750684932 ], [ -72.937961668615387, 7.126844750684932 ], [ -72.937961668615387, 7.127113747945206 ], [ -72.937689624307694, 7.127113747945206 ], [ -72.937689624307694, 7.126844750684932 ] ] ], [ [ [ -72.934697136923077, 7.127920739726028 ], [ -72.934697136923077, 7.127651742465754 ], [ -72.93496918123077, 7.127651742465754 ], [ -72.93496918123077, 7.127920739726028 ], [ -72.934697136923077, 7.127920739726028 ] ] ], [ [ [ -72.937689624307694, 7.128189736986302 ], [ -72.937145535692309, 7.128189736986302 ], [ -72.937145535692309, 7.127920739726028 ], [ -72.937689624307694, 7.127920739726028 ], [ -72.937689624307694, 7.127651742465754 ], [ -72.937961668615387, 7.127651742465754 ], [ -72.937961668615387, 7.128458734246576 ], [ -72.937689624307694, 7.128458734246576 ], [ -72.937689624307694, 7.128189736986302 ] ] ], [ [ [ -72.934697136923077, 7.128996728767124 ], [ -72.93496918123077, 7.128996728767124 ], [ -72.93496918123077, 7.129265726027397 ], [ -72.934697136923077, 7.129265726027397 ], [ -72.934697136923077, 7.128996728767124 ] ] ], [ [ [ -72.937689624307694, 7.129534723287672 ], [ -72.937689624307694, 7.128996728767124 ], [ -72.937961668615387, 7.128996728767124 ], [ -72.937961668615387, 7.129534723287672 ], [ -72.937689624307694, 7.129534723287672 ] ] ], [ [ [ -72.93741758, 7.129803720547946 ], [ -72.937689624307694, 7.129803720547946 ], [ -72.937689624307694, 7.130341715068494 ], [ -72.93741758, 7.130341715068494 ], [ -72.93741758, 7.129803720547946 ] ] ], [ [ [ -72.937961668615387, 7.130879709589041 ], [ -72.937689624307694, 7.130879709589041 ], [ -72.937689624307694, 7.130341715068494 ], [ -72.938233712923079, 7.130341715068494 ], [ -72.938233712923079, 7.130610712328767 ], [ -72.937961668615387, 7.130610712328767 ], [ -72.937961668615387, 7.130879709589041 ] ] ], [ [ [ -72.936873491384617, 7.130879709589041 ], [ -72.936873491384617, 7.130610712328767 ], [ -72.937145535692309, 7.130610712328767 ], [ -72.937145535692309, 7.130879709589041 ], [ -72.936873491384617, 7.130879709589041 ] ] ], [ [ [ -72.936329402769232, 7.131148706849316 ], [ -72.936601447076924, 7.131148706849316 ], [ -72.936601447076924, 7.131417704109589 ], [ -72.936329402769232, 7.131417704109589 ], [ -72.936329402769232, 7.131148706849316 ] ] ], [ [ [ -72.937961668615387, 7.134376673972604 ], [ -72.938233712923079, 7.134376673972604 ], [ -72.938233712923079, 7.134645671232877 ], [ -72.937961668615387, 7.134645671232877 ], [ -72.937961668615387, 7.134376673972604 ] ] ], [ [ [ -72.93741758, 7.136259654794521 ], [ -72.93741758, 7.135990657534247 ], [ -72.937689624307694, 7.135990657534247 ], [ -72.937689624307694, 7.136259654794521 ], [ -72.93741758, 7.136259654794521 ] ] ], [ [ [ -72.93741758, 7.137335643835617 ], [ -72.937961668615387, 7.137335643835617 ], [ -72.937961668615387, 7.137604641095891 ], [ -72.937689624307694, 7.137604641095891 ], [ -72.937689624307694, 7.138142635616439 ], [ -72.937961668615387, 7.138142635616439 ], [ -72.937961668615387, 7.138680630136987 ], [ -72.93741758, 7.138680630136987 ], [ -72.93741758, 7.137335643835617 ] ] ], [ [ [ -72.936873491384617, 7.137873638356165 ], [ -72.937145535692309, 7.137873638356165 ], [ -72.937145535692309, 7.138411632876712 ], [ -72.936873491384617, 7.138411632876712 ], [ -72.936873491384617, 7.137873638356165 ] ] ], [ [ [ -72.937145535692309, 7.141370602739727 ], [ -72.937145535692309, 7.141101605479452 ], [ -72.93741758, 7.141101605479452 ], [ -72.93741758, 7.141370602739727 ], [ -72.937145535692309, 7.141370602739727 ] ] ], [ [ [ -72.93496918123077, 7.141101605479452 ], [ -72.935241225538462, 7.141101605479452 ], [ -72.935241225538462, 7.141370602739727 ], [ -72.93496918123077, 7.141370602739727 ], [ -72.93496918123077, 7.141101605479452 ] ] ], [ [ [ -72.933064871076922, 7.094565079452055 ], [ -72.933336915384615, 7.094565079452055 ], [ -72.933336915384615, 7.094834076712329 ], [ -72.933064871076922, 7.094834076712329 ], [ -72.933064871076922, 7.094565079452055 ] ] ], [ [ [ -72.932248738153845, 7.095103073972603 ], [ -72.93279282676923, 7.095103073972603 ], [ -72.93279282676923, 7.094834076712329 ], [ -72.933064871076922, 7.094834076712329 ], [ -72.933064871076922, 7.095103073972603 ], [ -72.933336915384615, 7.095103073972603 ], [ -72.933336915384615, 7.095372071232877 ], [ -72.932248738153845, 7.095372071232877 ], [ -72.932248738153845, 7.095103073972603 ] ] ], [ [ [ -72.931160560923075, 7.095103073972603 ], [ -72.93170464953846, 7.095103073972603 ], [ -72.93170464953846, 7.095641068493151 ], [ -72.931160560923075, 7.095641068493151 ], [ -72.931160560923075, 7.095103073972603 ] ] ], [ [ [ -72.933064871076922, 7.096179063013698 ], [ -72.932520782461538, 7.096179063013698 ], [ -72.932520782461538, 7.095910065753425 ], [ -72.932248738153845, 7.095910065753425 ], [ -72.932248738153845, 7.096179063013698 ], [ -72.931976693846153, 7.096179063013698 ], [ -72.931976693846153, 7.095641068493151 ], [ -72.93279282676923, 7.095641068493151 ], [ -72.93279282676923, 7.095910065753425 ], [ -72.933064871076922, 7.095910065753425 ], [ -72.933064871076922, 7.096179063013698 ] ] ], [ [ [ -72.931160560923075, 7.095910065753425 ], [ -72.93170464953846, 7.095910065753425 ], [ -72.93170464953846, 7.096179063013698 ], [ -72.931160560923075, 7.096179063013698 ], [ -72.931160560923075, 7.095910065753425 ] ] ], [ [ [ -72.93170464953846, 7.097524049315068 ], [ -72.93170464953846, 7.097255052054795 ], [ -72.931976693846153, 7.097255052054795 ], [ -72.931976693846153, 7.096717057534247 ], [ -72.932520782461538, 7.096717057534247 ], [ -72.932520782461538, 7.097255052054795 ], [ -72.93279282676923, 7.097255052054795 ], [ -72.93279282676923, 7.097524049315068 ], [ -72.933608959692307, 7.097524049315068 ], [ -72.933608959692307, 7.097793046575343 ], [ -72.934425092615385, 7.097793046575343 ], [ -72.934425092615385, 7.098062043835617 ], [ -72.934697136923077, 7.098062043835617 ], [ -72.934697136923077, 7.098331041095891 ], [ -72.933064871076922, 7.098331041095891 ], [ -72.933064871076922, 7.098600038356165 ], [ -72.93279282676923, 7.098600038356165 ], [ -72.93279282676923, 7.098331041095891 ], [ -72.932248738153845, 7.098331041095891 ], [ -72.932248738153845, 7.098062043835617 ], [ -72.932520782461538, 7.098062043835617 ], [ -72.932520782461538, 7.097793046575343 ], [ -72.932248738153845, 7.097793046575343 ], [ -72.932248738153845, 7.097524049315068 ], [ -72.93170464953846, 7.097524049315068 ] ] ], [ [ [ -72.931160560923075, 7.098062043835617 ], [ -72.931432605230768, 7.098062043835617 ], [ -72.931432605230768, 7.098331041095891 ], [ -72.931160560923075, 7.098331041095891 ], [ -72.931160560923075, 7.098062043835617 ] ] ], [ [ [ -72.933881004, 7.098869035616438 ], [ -72.934153048307692, 7.098869035616438 ], [ -72.934153048307692, 7.099138032876713 ], [ -72.933881004, 7.099138032876713 ], [ -72.933881004, 7.098869035616438 ] ] ], [ [ [ -72.931976693846153, 7.099407030136986 ], [ -72.931976693846153, 7.099138032876713 ], [ -72.932248738153845, 7.099138032876713 ], [ -72.932248738153845, 7.099407030136986 ], [ -72.931976693846153, 7.099407030136986 ] ] ], [ [ [ -72.934153048307692, 7.099407030136986 ], [ -72.934153048307692, 7.09967602739726 ], [ -72.933881004, 7.09967602739726 ], [ -72.933881004, 7.099407030136986 ], [ -72.934153048307692, 7.099407030136986 ] ] ], [ [ [ -72.933608959692307, 7.099945024657535 ], [ -72.933608959692307, 7.09967602739726 ], [ -72.933881004, 7.09967602739726 ], [ -72.933881004, 7.099945024657535 ], [ -72.933608959692307, 7.099945024657535 ] ] ], [ [ [ -72.932520782461538, 7.100752016438356 ], [ -72.932520782461538, 7.100483019178083 ], [ -72.93279282676923, 7.100483019178083 ], [ -72.93279282676923, 7.100752016438356 ], [ -72.932520782461538, 7.100752016438356 ] ] ], [ [ [ -72.933064871076922, 7.100483019178083 ], [ -72.933336915384615, 7.100483019178083 ], [ -72.933336915384615, 7.099945024657535 ], [ -72.933608959692307, 7.099945024657535 ], [ -72.933608959692307, 7.10102101369863 ], [ -72.933881004, 7.10102101369863 ], [ -72.933881004, 7.101290010958905 ], [ -72.933608959692307, 7.101290010958905 ], [ -72.933608959692307, 7.101559008219178 ], [ -72.933064871076922, 7.101559008219178 ], [ -72.933064871076922, 7.101290010958905 ], [ -72.93279282676923, 7.101290010958905 ], [ -72.93279282676923, 7.101559008219178 ], [ -72.932520782461538, 7.101559008219178 ], [ -72.932520782461538, 7.10102101369863 ], [ -72.933336915384615, 7.10102101369863 ], [ -72.933336915384615, 7.100752016438356 ], [ -72.933064871076922, 7.100752016438356 ], [ -72.933064871076922, 7.100483019178083 ] ] ], [ [ [ -72.934153048307692, 7.100752016438356 ], [ -72.934697136923077, 7.100752016438356 ], [ -72.934697136923077, 7.10102101369863 ], [ -72.934153048307692, 7.10102101369863 ], [ -72.934153048307692, 7.100752016438356 ] ] ], [ [ [ -72.93170464953846, 7.101559008219178 ], [ -72.93170464953846, 7.101290010958905 ], [ -72.931976693846153, 7.101290010958905 ], [ -72.931976693846153, 7.101559008219178 ], [ -72.93170464953846, 7.101559008219178 ] ] ], [ [ [ -72.931976693846153, 7.102097002739726 ], [ -72.932248738153845, 7.102097002739726 ], [ -72.932248738153845, 7.102366 ], [ -72.931976693846153, 7.102366 ], [ -72.931976693846153, 7.102097002739726 ] ] ], [ [ [ -72.931432605230768, 7.102097002739726 ], [ -72.93170464953846, 7.102097002739726 ], [ -72.93170464953846, 7.102634997260274 ], [ -72.930888516615383, 7.102634997260274 ], [ -72.930888516615383, 7.102366 ], [ -72.931432605230768, 7.102366 ], [ -72.931432605230768, 7.102097002739726 ] ] ], [ [ [ -72.93170464953846, 7.102903994520548 ], [ -72.93170464953846, 7.102634997260274 ], [ -72.931976693846153, 7.102634997260274 ], [ -72.931976693846153, 7.102903994520548 ], [ -72.93170464953846, 7.102903994520548 ] ] ], [ [ [ -72.934425092615385, 7.102634997260274 ], [ -72.934425092615385, 7.102903994520548 ], [ -72.934697136923077, 7.102903994520548 ], [ -72.934697136923077, 7.103441989041096 ], [ -72.934153048307692, 7.103441989041096 ], [ -72.934153048307692, 7.102903994520548 ], [ -72.933608959692307, 7.102903994520548 ], [ -72.933608959692307, 7.103172991780822 ], [ -72.933336915384615, 7.103172991780822 ], [ -72.933336915384615, 7.103441989041096 ], [ -72.933064871076922, 7.103441989041096 ], [ -72.933064871076922, 7.103979983561644 ], [ -72.93279282676923, 7.103979983561644 ], [ -72.93279282676923, 7.10371098630137 ], [ -72.932520782461538, 7.10371098630137 ], [ -72.932520782461538, 7.103441989041096 ], [ -72.931976693846153, 7.103441989041096 ], [ -72.931976693846153, 7.103172991780822 ], [ -72.932520782461538, 7.103172991780822 ], [ -72.932520782461538, 7.102097002739726 ], [ -72.93279282676923, 7.102097002739726 ], [ -72.93279282676923, 7.101559008219178 ], [ -72.933064871076922, 7.101559008219178 ], [ -72.933064871076922, 7.102097002739726 ], [ -72.933336915384615, 7.102097002739726 ], [ -72.933336915384615, 7.102634997260274 ], [ -72.934425092615385, 7.102634997260274 ] ], [ [ -72.93279282676923, 7.102903994520548 ], [ -72.93279282676923, 7.103172991780822 ], [ -72.933064871076922, 7.103172991780822 ], [ -72.933064871076922, 7.102903994520548 ], [ -72.93279282676923, 7.102903994520548 ] ] ], [ [ [ -72.931432605230768, 7.10371098630137 ], [ -72.931432605230768, 7.103441989041096 ], [ -72.931976693846153, 7.103441989041096 ], [ -72.931976693846153, 7.103979983561644 ], [ -72.93170464953846, 7.103979983561644 ], [ -72.93170464953846, 7.10371098630137 ], [ -72.931432605230768, 7.10371098630137 ] ] ], [ [ [ -72.93170464953846, 7.103979983561644 ], [ -72.93170464953846, 7.104248980821918 ], [ -72.931976693846153, 7.104248980821918 ], [ -72.931976693846153, 7.103979983561644 ], [ -72.932520782461538, 7.103979983561644 ], [ -72.932520782461538, 7.104248980821918 ], [ -72.932248738153845, 7.104248980821918 ], [ -72.932248738153845, 7.104517978082192 ], [ -72.930888516615383, 7.104517978082192 ], [ -72.930888516615383, 7.103979983561644 ], [ -72.930616472307705, 7.103979983561644 ], [ -72.930616472307705, 7.10371098630137 ], [ -72.931160560923075, 7.10371098630137 ], [ -72.931160560923075, 7.104248980821918 ], [ -72.931432605230768, 7.104248980821918 ], [ -72.931432605230768, 7.103979983561644 ], [ -72.93170464953846, 7.103979983561644 ] ] ], [ [ [ -72.93170464953846, 7.104786975342466 ], [ -72.93170464953846, 7.10505597260274 ], [ -72.931432605230768, 7.10505597260274 ], [ -72.931432605230768, 7.104786975342466 ], [ -72.93170464953846, 7.104786975342466 ] ] ], [ [ [ -72.931160560923075, 7.105324969863014 ], [ -72.931160560923075, 7.10505597260274 ], [ -72.931432605230768, 7.10505597260274 ], [ -72.931432605230768, 7.105593967123288 ], [ -72.930888516615383, 7.105593967123288 ], [ -72.930888516615383, 7.105324969863014 ], [ -72.931160560923075, 7.105324969863014 ] ] ], [ [ [ -72.933064871076922, 7.106131961643836 ], [ -72.933064871076922, 7.105593967123288 ], [ -72.933336915384615, 7.105593967123288 ], [ -72.933336915384615, 7.106131961643836 ], [ -72.933064871076922, 7.106131961643836 ] ] ], [ [ [ -72.931432605230768, 7.105862964383562 ], [ -72.931432605230768, 7.105593967123288 ], [ -72.93170464953846, 7.105593967123288 ], [ -72.93170464953846, 7.105324969863014 ], [ -72.931976693846153, 7.105324969863014 ], [ -72.931976693846153, 7.10505597260274 ], [ -72.932248738153845, 7.10505597260274 ], [ -72.932248738153845, 7.105862964383562 ], [ -72.932520782461538, 7.105862964383562 ], [ -72.932520782461538, 7.10640095890411 ], [ -72.932248738153845, 7.10640095890411 ], [ -72.932248738153845, 7.106669956164384 ], [ -72.932520782461538, 7.106669956164384 ], [ -72.932520782461538, 7.107207950684931 ], [ -72.931432605230768, 7.107207950684931 ], [ -72.931432605230768, 7.106938953424658 ], [ -72.93170464953846, 7.106938953424658 ], [ -72.93170464953846, 7.10640095890411 ], [ -72.931976693846153, 7.10640095890411 ], [ -72.931976693846153, 7.106131961643836 ], [ -72.931160560923075, 7.106131961643836 ], [ -72.931160560923075, 7.105862964383562 ], [ -72.931432605230768, 7.105862964383562 ] ], [ [ -72.931976693846153, 7.106669956164384 ], [ -72.931976693846153, 7.106938953424658 ], [ -72.932248738153845, 7.106938953424658 ], [ -72.932248738153845, 7.106669956164384 ], [ -72.931976693846153, 7.106669956164384 ] ] ], [ [ [ -72.93279282676923, 7.106669956164384 ], [ -72.932520782461538, 7.106669956164384 ], [ -72.932520782461538, 7.10640095890411 ], [ -72.93279282676923, 7.10640095890411 ], [ -72.93279282676923, 7.106669956164384 ] ] ], [ [ [ -72.931432605230768, 7.106669956164384 ], [ -72.931432605230768, 7.106938953424658 ], [ -72.931160560923075, 7.106938953424658 ], [ -72.931160560923075, 7.106669956164384 ], [ -72.931432605230768, 7.106669956164384 ] ] ], [ [ [ -72.930888516615383, 7.107207950684931 ], [ -72.930888516615383, 7.106938953424658 ], [ -72.931160560923075, 7.106938953424658 ], [ -72.931160560923075, 7.107207950684931 ], [ -72.930888516615383, 7.107207950684931 ] ] ], [ [ [ -72.933064871076922, 7.107207950684931 ], [ -72.933608959692307, 7.107207950684931 ], [ -72.933608959692307, 7.107476947945206 ], [ -72.933064871076922, 7.107476947945206 ], [ -72.933064871076922, 7.107207950684931 ] ] ], [ [ [ -72.933064871076922, 7.108014942465753 ], [ -72.93279282676923, 7.108014942465753 ], [ -72.93279282676923, 7.108283939726028 ], [ -72.932520782461538, 7.108283939726028 ], [ -72.932520782461538, 7.10774594520548 ], [ -72.933064871076922, 7.10774594520548 ], [ -72.933064871076922, 7.108014942465753 ] ] ], [ [ [ -72.93170464953846, 7.108283939726028 ], [ -72.93170464953846, 7.108014942465753 ], [ -72.931976693846153, 7.108014942465753 ], [ -72.931976693846153, 7.108283939726028 ], [ -72.93170464953846, 7.108283939726028 ] ] ], [ [ [ -72.933881004, 7.108283939726028 ], [ -72.934153048307692, 7.108283939726028 ], [ -72.934153048307692, 7.108552936986301 ], [ -72.933881004, 7.108552936986301 ], [ -72.933881004, 7.108283939726028 ] ] ], [ [ [ -72.932520782461538, 7.108552936986301 ], [ -72.932248738153845, 7.108552936986301 ], [ -72.932248738153845, 7.108821934246576 ], [ -72.931976693846153, 7.108821934246576 ], [ -72.931976693846153, 7.108283939726028 ], [ -72.932520782461538, 7.108283939726028 ], [ -72.932520782461538, 7.108552936986301 ] ] ], [ [ [ -72.933881004, 7.10909093150685 ], [ -72.933881004, 7.108821934246576 ], [ -72.934153048307692, 7.108821934246576 ], [ -72.934153048307692, 7.10909093150685 ], [ -72.933881004, 7.10909093150685 ] ] ], [ [ [ -72.933064871076922, 7.10909093150685 ], [ -72.933336915384615, 7.10909093150685 ], [ -72.933336915384615, 7.109359928767123 ], [ -72.933064871076922, 7.109359928767123 ], [ -72.933064871076922, 7.10909093150685 ] ] ], [ [ [ -72.93170464953846, 7.10909093150685 ], [ -72.931976693846153, 7.10909093150685 ], [ -72.931976693846153, 7.109359928767123 ], [ -72.93170464953846, 7.109359928767123 ], [ -72.93170464953846, 7.10909093150685 ] ] ], [ [ [ -72.931432605230768, 7.109628926027398 ], [ -72.931432605230768, 7.109359928767123 ], [ -72.93170464953846, 7.109359928767123 ], [ -72.93170464953846, 7.109628926027398 ], [ -72.931432605230768, 7.109628926027398 ] ] ], [ [ [ -72.931976693846153, 7.109359928767123 ], [ -72.932248738153845, 7.109359928767123 ], [ -72.932248738153845, 7.109628926027398 ], [ -72.931976693846153, 7.109628926027398 ], [ -72.931976693846153, 7.109359928767123 ] ] ], [ [ [ -72.931976693846153, 7.110166920547946 ], [ -72.93170464953846, 7.110166920547946 ], [ -72.93170464953846, 7.110435917808219 ], [ -72.931432605230768, 7.110435917808219 ], [ -72.931432605230768, 7.109897923287671 ], [ -72.931976693846153, 7.109897923287671 ], [ -72.931976693846153, 7.110166920547946 ] ] ], [ [ [ -72.93170464953846, 7.111242909589041 ], [ -72.931976693846153, 7.111242909589041 ], [ -72.931976693846153, 7.111511906849316 ], [ -72.93170464953846, 7.111511906849316 ], [ -72.93170464953846, 7.111242909589041 ] ] ], [ [ [ -72.931160560923075, 7.111242909589041 ], [ -72.931432605230768, 7.111242909589041 ], [ -72.931432605230768, 7.111511906849316 ], [ -72.931160560923075, 7.111511906849316 ], [ -72.931160560923075, 7.111242909589041 ] ] ], [ [ [ -72.932520782461538, 7.112318898630138 ], [ -72.933064871076922, 7.112318898630138 ], [ -72.933064871076922, 7.112587895890411 ], [ -72.932520782461538, 7.112587895890411 ], [ -72.932520782461538, 7.112318898630138 ] ] ], [ [ [ -72.933336915384615, 7.112587895890411 ], [ -72.933608959692307, 7.112587895890411 ], [ -72.933608959692307, 7.112856893150685 ], [ -72.933336915384615, 7.112856893150685 ], [ -72.933336915384615, 7.112587895890411 ] ] ], [ [ [ -72.93279282676923, 7.113125890410959 ], [ -72.93279282676923, 7.112856893150685 ], [ -72.933064871076922, 7.112856893150685 ], [ -72.933064871076922, 7.113125890410959 ], [ -72.93279282676923, 7.113125890410959 ] ] ], [ [ [ -72.933064871076922, 7.113125890410959 ], [ -72.933336915384615, 7.113125890410959 ], [ -72.933336915384615, 7.113394887671233 ], [ -72.933064871076922, 7.113394887671233 ], [ -72.933064871076922, 7.113125890410959 ] ] ], [ [ [ -72.932520782461538, 7.113663884931507 ], [ -72.932248738153845, 7.113663884931507 ], [ -72.932248738153845, 7.113932882191781 ], [ -72.931976693846153, 7.113932882191781 ], [ -72.931976693846153, 7.113394887671233 ], [ -72.93170464953846, 7.113394887671233 ], [ -72.93170464953846, 7.113932882191781 ], [ -72.931432605230768, 7.113932882191781 ], [ -72.931432605230768, 7.113125890410959 ], [ -72.932248738153845, 7.113125890410959 ], [ -72.932248738153845, 7.112587895890411 ], [ -72.932520782461538, 7.112587895890411 ], [ -72.932520782461538, 7.113663884931507 ] ] ], [ [ [ -72.932520782461538, 7.113932882191781 ], [ -72.932520782461538, 7.113663884931507 ], [ -72.93279282676923, 7.113663884931507 ], [ -72.93279282676923, 7.113932882191781 ], [ -72.932520782461538, 7.113932882191781 ] ] ], [ [ [ -72.931160560923075, 7.113932882191781 ], [ -72.931432605230768, 7.113932882191781 ], [ -72.931432605230768, 7.114201879452055 ], [ -72.931160560923075, 7.114201879452055 ], [ -72.931160560923075, 7.113932882191781 ] ] ], [ [ [ -72.933881004, 7.113932882191781 ], [ -72.934153048307692, 7.113932882191781 ], [ -72.934153048307692, 7.114201879452055 ], [ -72.933881004, 7.114201879452055 ], [ -72.933881004, 7.113932882191781 ] ] ], [ [ [ -72.932520782461538, 7.115008871232877 ], [ -72.932520782461538, 7.114739873972603 ], [ -72.931976693846153, 7.114739873972603 ], [ -72.931976693846153, 7.114470876712329 ], [ -72.933064871076922, 7.114470876712329 ], [ -72.933064871076922, 7.114739873972603 ], [ -72.93279282676923, 7.114739873972603 ], [ -72.93279282676923, 7.115008871232877 ], [ -72.932520782461538, 7.115008871232877 ] ] ], [ [ [ -72.933881004, 7.114739873972603 ], [ -72.934697136923077, 7.114739873972603 ], [ -72.934697136923077, 7.115008871232877 ], [ -72.933881004, 7.115008871232877 ], [ -72.933881004, 7.114739873972603 ] ] ], [ [ [ -72.933881004, 7.115815863013699 ], [ -72.933064871076922, 7.115815863013699 ], [ -72.933064871076922, 7.115546865753425 ], [ -72.932520782461538, 7.115546865753425 ], [ -72.932520782461538, 7.115277868493151 ], [ -72.933336915384615, 7.115277868493151 ], [ -72.933336915384615, 7.115008871232877 ], [ -72.933608959692307, 7.115008871232877 ], [ -72.933608959692307, 7.115546865753425 ], [ -72.933881004, 7.115546865753425 ], [ -72.933881004, 7.115815863013699 ] ] ], [ [ [ -72.932520782461538, 7.116084860273973 ], [ -72.932248738153845, 7.116084860273973 ], [ -72.932248738153845, 7.116622854794521 ], [ -72.932520782461538, 7.116622854794521 ], [ -72.932520782461538, 7.117160849315069 ], [ -72.932248738153845, 7.117160849315069 ], [ -72.932248738153845, 7.117967841095891 ], [ -72.931976693846153, 7.117967841095891 ], [ -72.931976693846153, 7.116084860273973 ], [ -72.931160560923075, 7.116084860273973 ], [ -72.931160560923075, 7.115546865753425 ], [ -72.931432605230768, 7.115546865753425 ], [ -72.931432605230768, 7.115815863013699 ], [ -72.932248738153845, 7.115815863013699 ], [ -72.932248738153845, 7.115546865753425 ], [ -72.932520782461538, 7.115546865753425 ], [ -72.932520782461538, 7.116084860273973 ] ] ], [ [ [ -72.934697136923077, 7.116622854794521 ], [ -72.935241225538462, 7.116622854794521 ], [ -72.935241225538462, 7.116891852054795 ], [ -72.93496918123077, 7.116891852054795 ], [ -72.93496918123077, 7.117160849315069 ], [ -72.934697136923077, 7.117160849315069 ], [ -72.934697136923077, 7.117429846575343 ], [ -72.934153048307692, 7.117429846575343 ], [ -72.934153048307692, 7.117160849315069 ], [ -72.934425092615385, 7.117160849315069 ], [ -72.934425092615385, 7.116891852054795 ], [ -72.933608959692307, 7.116891852054795 ], [ -72.933608959692307, 7.116622854794521 ], [ -72.934425092615385, 7.116622854794521 ], [ -72.934425092615385, 7.116353857534247 ], [ -72.934697136923077, 7.116353857534247 ], [ -72.934697136923077, 7.116622854794521 ] ] ], [ [ [ -72.93170464953846, 7.118236838356164 ], [ -72.931976693846153, 7.118236838356164 ], [ -72.931976693846153, 7.118505835616439 ], [ -72.93170464953846, 7.118505835616439 ], [ -72.93170464953846, 7.118236838356164 ] ] ], [ [ [ -72.93170464953846, 7.119043830136986 ], [ -72.931976693846153, 7.119043830136986 ], [ -72.931976693846153, 7.119312827397261 ], [ -72.93170464953846, 7.119312827397261 ], [ -72.93170464953846, 7.119043830136986 ] ] ], [ [ [ -72.934153048307692, 7.119043830136986 ], [ -72.934153048307692, 7.119312827397261 ], [ -72.933881004, 7.119312827397261 ], [ -72.933881004, 7.119581824657534 ], [ -72.933608959692307, 7.119581824657534 ], [ -72.933608959692307, 7.119043830136986 ], [ -72.934153048307692, 7.119043830136986 ] ] ], [ [ [ -72.931432605230768, 7.119312827397261 ], [ -72.93170464953846, 7.119312827397261 ], [ -72.93170464953846, 7.119581824657534 ], [ -72.931432605230768, 7.119581824657534 ], [ -72.931432605230768, 7.119312827397261 ] ] ], [ [ [ -72.932520782461538, 7.119312827397261 ], [ -72.93279282676923, 7.119312827397261 ], [ -72.93279282676923, 7.119850821917809 ], [ -72.932520782461538, 7.119850821917809 ], [ -72.932520782461538, 7.119312827397261 ] ] ], [ [ [ -72.933608959692307, 7.119850821917809 ], [ -72.933608959692307, 7.120119819178083 ], [ -72.933064871076922, 7.120119819178083 ], [ -72.933064871076922, 7.120388816438356 ], [ -72.93279282676923, 7.120388816438356 ], [ -72.93279282676923, 7.119850821917809 ], [ -72.933608959692307, 7.119850821917809 ] ] ], [ [ [ -72.931160560923075, 7.120657813698631 ], [ -72.931432605230768, 7.120657813698631 ], [ -72.931432605230768, 7.120926810958904 ], [ -72.931160560923075, 7.120926810958904 ], [ -72.931160560923075, 7.120657813698631 ] ] ], [ [ [ -72.93170464953846, 7.121195808219179 ], [ -72.931432605230768, 7.121195808219179 ], [ -72.931432605230768, 7.120926810958904 ], [ -72.93170464953846, 7.120926810958904 ], [ -72.93170464953846, 7.121195808219179 ] ] ], [ [ [ -72.932520782461538, 7.121195808219179 ], [ -72.93279282676923, 7.121195808219179 ], [ -72.93279282676923, 7.121464805479452 ], [ -72.932520782461538, 7.121464805479452 ], [ -72.932520782461538, 7.121195808219179 ] ] ], [ [ [ -72.932248738153845, 7.121464805479452 ], [ -72.932520782461538, 7.121464805479452 ], [ -72.932520782461538, 7.121733802739726 ], [ -72.932248738153845, 7.121733802739726 ], [ -72.932248738153845, 7.121464805479452 ] ] ], [ [ [ -72.933881004, 7.1220028 ], [ -72.934153048307692, 7.1220028 ], [ -72.934153048307692, 7.122271797260274 ], [ -72.933881004, 7.122271797260274 ], [ -72.933881004, 7.1220028 ] ] ], [ [ [ -72.931976693846153, 7.122271797260274 ], [ -72.931976693846153, 7.1220028 ], [ -72.932520782461538, 7.1220028 ], [ -72.932520782461538, 7.122540794520548 ], [ -72.932248738153845, 7.122540794520548 ], [ -72.932248738153845, 7.122271797260274 ], [ -72.931976693846153, 7.122271797260274 ] ] ], [ [ [ -72.93279282676923, 7.122271797260274 ], [ -72.933064871076922, 7.122271797260274 ], [ -72.933064871076922, 7.122809791780822 ], [ -72.93279282676923, 7.122809791780822 ], [ -72.93279282676923, 7.122271797260274 ] ] ], [ [ [ -72.933608959692307, 7.122809791780822 ], [ -72.934425092615385, 7.122809791780822 ], [ -72.934425092615385, 7.123347786301371 ], [ -72.933336915384615, 7.123347786301371 ], [ -72.933336915384615, 7.123078789041096 ], [ -72.933608959692307, 7.123078789041096 ], [ -72.933608959692307, 7.122809791780822 ] ] ], [ [ [ -72.933881004, 7.123885780821918 ], [ -72.933881004, 7.124154778082192 ], [ -72.933608959692307, 7.124154778082192 ], [ -72.933608959692307, 7.124423775342466 ], [ -72.933336915384615, 7.124423775342466 ], [ -72.933336915384615, 7.123885780821918 ], [ -72.933881004, 7.123885780821918 ] ] ], [ [ [ -72.93279282676923, 7.124961769863014 ], [ -72.933064871076922, 7.124961769863014 ], [ -72.933064871076922, 7.125230767123288 ], [ -72.93279282676923, 7.125230767123288 ], [ -72.93279282676923, 7.124961769863014 ] ] ], [ [ [ -72.93170464953846, 7.124961769863014 ], [ -72.931976693846153, 7.124961769863014 ], [ -72.931976693846153, 7.125499764383562 ], [ -72.93170464953846, 7.125499764383562 ], [ -72.93170464953846, 7.124961769863014 ] ] ], [ [ [ -72.932520782461538, 7.125230767123288 ], [ -72.93279282676923, 7.125230767123288 ], [ -72.93279282676923, 7.125499764383562 ], [ -72.932248738153845, 7.125499764383562 ], [ -72.932248738153845, 7.124961769863014 ], [ -72.932520782461538, 7.124961769863014 ], [ -72.932520782461538, 7.125230767123288 ] ] ], [ [ [ -72.931976693846153, 7.125499764383562 ], [ -72.932248738153845, 7.125499764383562 ], [ -72.932248738153845, 7.125768761643836 ], [ -72.931976693846153, 7.125768761643836 ], [ -72.931976693846153, 7.125499764383562 ] ] ], [ [ [ -72.93170464953846, 7.12603775890411 ], [ -72.931976693846153, 7.12603775890411 ], [ -72.931976693846153, 7.126306756164384 ], [ -72.93170464953846, 7.126306756164384 ], [ -72.93170464953846, 7.12603775890411 ] ] ], [ [ [ -72.931976693846153, 7.126844750684932 ], [ -72.931976693846153, 7.127113747945206 ], [ -72.932248738153845, 7.127113747945206 ], [ -72.932248738153845, 7.127651742465754 ], [ -72.93170464953846, 7.127651742465754 ], [ -72.93170464953846, 7.126844750684932 ], [ -72.931976693846153, 7.126844750684932 ] ] ], [ [ [ -72.933881004, 7.127651742465754 ], [ -72.934153048307692, 7.127651742465754 ], [ -72.934153048307692, 7.127920739726028 ], [ -72.933881004, 7.127920739726028 ], [ -72.933881004, 7.127651742465754 ] ] ], [ [ [ -72.932248738153845, 7.127651742465754 ], [ -72.932520782461538, 7.127651742465754 ], [ -72.932520782461538, 7.127920739726028 ], [ -72.932248738153845, 7.127920739726028 ], [ -72.932248738153845, 7.127651742465754 ] ] ], [ [ [ -72.931432605230768, 7.128189736986302 ], [ -72.931432605230768, 7.128458734246576 ], [ -72.931160560923075, 7.128458734246576 ], [ -72.931160560923075, 7.128189736986302 ], [ -72.931432605230768, 7.128189736986302 ] ] ], [ [ [ -72.930888516615383, 7.128727731506849 ], [ -72.930888516615383, 7.128458734246576 ], [ -72.931160560923075, 7.128458734246576 ], [ -72.931160560923075, 7.128727731506849 ], [ -72.930888516615383, 7.128727731506849 ] ] ], [ [ [ -72.933336915384615, 7.128996728767124 ], [ -72.933608959692307, 7.128996728767124 ], [ -72.933608959692307, 7.129265726027397 ], [ -72.933336915384615, 7.129265726027397 ], [ -72.933336915384615, 7.128996728767124 ] ] ], [ [ [ -72.93170464953846, 7.128727731506849 ], [ -72.931976693846153, 7.128727731506849 ], [ -72.931976693846153, 7.129265726027397 ], [ -72.932248738153845, 7.129265726027397 ], [ -72.932248738153845, 7.130879709589041 ], [ -72.931976693846153, 7.130879709589041 ], [ -72.931976693846153, 7.130610712328767 ], [ -72.93170464953846, 7.130610712328767 ], [ -72.93170464953846, 7.130072717808219 ], [ -72.931432605230768, 7.130072717808219 ], [ -72.931432605230768, 7.129803720547946 ], [ -72.931160560923075, 7.129803720547946 ], [ -72.931160560923075, 7.129265726027397 ], [ -72.93170464953846, 7.129265726027397 ], [ -72.93170464953846, 7.128727731506849 ] ] ], [ [ [ -72.933064871076922, 7.130072717808219 ], [ -72.933064871076922, 7.129803720547946 ], [ -72.933608959692307, 7.129803720547946 ], [ -72.933608959692307, 7.130072717808219 ], [ -72.933064871076922, 7.130072717808219 ] ] ], [ [ [ -72.930888516615383, 7.130341715068494 ], [ -72.931160560923075, 7.130341715068494 ], [ -72.931160560923075, 7.130610712328767 ], [ -72.930888516615383, 7.130610712328767 ], [ -72.930888516615383, 7.130341715068494 ] ] ], [ [ [ -72.932248738153845, 7.131686701369864 ], [ -72.932520782461538, 7.131686701369864 ], [ -72.932520782461538, 7.131955698630137 ], [ -72.932248738153845, 7.131955698630137 ], [ -72.932248738153845, 7.131686701369864 ] ] ], [ [ [ -72.933608959692307, 7.132224695890411 ], [ -72.933608959692307, 7.131955698630137 ], [ -72.933881004, 7.131955698630137 ], [ -72.933881004, 7.132224695890411 ], [ -72.933608959692307, 7.132224695890411 ] ] ], [ [ [ -72.931976693846153, 7.131955698630137 ], [ -72.932248738153845, 7.131955698630137 ], [ -72.932248738153845, 7.132493693150685 ], [ -72.931976693846153, 7.132493693150685 ], [ -72.931976693846153, 7.131955698630137 ] ] ], [ [ [ -72.932248738153845, 7.134914668493151 ], [ -72.932520782461538, 7.134914668493151 ], [ -72.932520782461538, 7.135183665753425 ], [ -72.932248738153845, 7.135183665753425 ], [ -72.932248738153845, 7.134914668493151 ] ] ], [ [ [ -72.933336915384615, 7.135452663013699 ], [ -72.933336915384615, 7.135183665753425 ], [ -72.933608959692307, 7.135183665753425 ], [ -72.933608959692307, 7.135452663013699 ], [ -72.933336915384615, 7.135452663013699 ] ] ], [ [ [ -72.932248738153845, 7.136259654794521 ], [ -72.932520782461538, 7.136259654794521 ], [ -72.932520782461538, 7.136528652054795 ], [ -72.932248738153845, 7.136528652054795 ], [ -72.932248738153845, 7.136259654794521 ] ] ], [ [ [ -72.931160560923075, 7.136528652054795 ], [ -72.931432605230768, 7.136528652054795 ], [ -72.931432605230768, 7.136797649315069 ], [ -72.931160560923075, 7.136797649315069 ], [ -72.931160560923075, 7.136528652054795 ] ] ], [ [ [ -72.936329402769232, 7.094834076712329 ], [ -72.936057358461539, 7.094834076712329 ], [ -72.936057358461539, 7.095103073972603 ], [ -72.936601447076924, 7.095103073972603 ], [ -72.936601447076924, 7.095641068493151 ], [ -72.936329402769232, 7.095641068493151 ], [ -72.936329402769232, 7.095910065753425 ], [ -72.936601447076924, 7.095910065753425 ], [ -72.936601447076924, 7.096179063013698 ], [ -72.936329402769232, 7.096179063013698 ], [ -72.936329402769232, 7.096448060273973 ], [ -72.936057358461539, 7.096448060273973 ], [ -72.936057358461539, 7.096179063013698 ], [ -72.935785314153847, 7.096179063013698 ], [ -72.935785314153847, 7.095910065753425 ], [ -72.935513269846155, 7.095910065753425 ], [ -72.935513269846155, 7.095641068493151 ], [ -72.935241225538462, 7.095641068493151 ], [ -72.935241225538462, 7.095372071232877 ], [ -72.93496918123077, 7.095372071232877 ], [ -72.93496918123077, 7.095641068493151 ], [ -72.934697136923077, 7.095641068493151 ], [ -72.934697136923077, 7.095103073972603 ], [ -72.935241225538462, 7.095103073972603 ], [ -72.935241225538462, 7.094834076712329 ], [ -72.93496918123077, 7.094834076712329 ], [ -72.93496918123077, 7.094565079452055 ], [ -72.934697136923077, 7.094565079452055 ], [ -72.934697136923077, 7.094027084931507 ], [ -72.934425092615385, 7.094027084931507 ], [ -72.934425092615385, 7.094565079452055 ], [ -72.933881004, 7.094565079452055 ], [ -72.933881004, 7.094834076712329 ], [ -72.933608959692307, 7.094834076712329 ], [ -72.933608959692307, 7.094027084931507 ], [ -72.933336915384615, 7.094027084931507 ], [ -72.933336915384615, 7.093758087671233 ], [ -72.93279282676923, 7.093758087671233 ], [ -72.93279282676923, 7.09348909041096 ], [ -72.933608959692307, 7.09348909041096 ], [ -72.933608959692307, 7.093220093150685 ], [ -72.933881004, 7.093220093150685 ], [ -72.933881004, 7.092413101369863 ], [ -72.933608959692307, 7.092413101369863 ], [ -72.933608959692307, 7.092682098630137 ], [ -72.933064871076922, 7.092682098630137 ], [ -72.933064871076922, 7.092951095890411 ], [ -72.93279282676923, 7.092951095890411 ], [ -72.93279282676923, 7.092682098630137 ], [ -72.932248738153845, 7.092682098630137 ], [ -72.932248738153845, 7.091875106849315 ], [ -72.932520782461538, 7.091875106849315 ], [ -72.932520782461538, 7.09214410410959 ], [ -72.93279282676923, 7.09214410410959 ], [ -72.93279282676923, 7.091875106849315 ], [ -72.933064871076922, 7.091875106849315 ], [ -72.933064871076922, 7.091606109589041 ], [ -72.933336915384615, 7.091606109589041 ], [ -72.933336915384615, 7.091337112328767 ], [ -72.932520782461538, 7.091337112328767 ], [ -72.932520782461538, 7.09079911780822 ], [ -72.93279282676923, 7.09079911780822 ], [ -72.93279282676923, 7.090530120547945 ], [ -72.933064871076922, 7.090530120547945 ], [ -72.933064871076922, 7.090261123287672 ], [ -72.932520782461538, 7.090261123287672 ], [ -72.932520782461538, 7.089992126027397 ], [ -72.932248738153845, 7.089992126027397 ], [ -72.932248738153845, 7.090530120547945 ], [ -72.931976693846153, 7.090530120547945 ], [ -72.931976693846153, 7.09079911780822 ], [ -72.932248738153845, 7.09079911780822 ], [ -72.932248738153845, 7.091606109589041 ], [ -72.93170464953846, 7.091606109589041 ], [ -72.93170464953846, 7.09214410410959 ], [ -72.931432605230768, 7.09214410410959 ], [ -72.931432605230768, 7.091606109589041 ], [ -72.931160560923075, 7.091606109589041 ], [ -72.931160560923075, 7.091068115068493 ], [ -72.930616472307705, 7.091068115068493 ], [ -72.930616472307705, 7.091337112328767 ], [ -72.930344428000012, 7.091337112328767 ], [ -72.930344428000012, 7.09079911780822 ], [ -72.93007238369232, 7.09079911780822 ], [ -72.93007238369232, 7.091606109589041 ], [ -72.929528295076935, 7.091606109589041 ], [ -72.929528295076935, 7.09079911780822 ], [ -72.929256250769242, 7.09079911780822 ], [ -72.929256250769242, 7.090530120547945 ], [ -72.92898420646155, 7.090530120547945 ], [ -72.92898420646155, 7.091068115068493 ], [ -72.928440117846165, 7.091068115068493 ], [ -72.928440117846165, 7.091337112328767 ], [ -72.928168073538473, 7.091337112328767 ], [ -72.928168073538473, 7.090261123287672 ], [ -72.92789602923078, 7.090261123287672 ], [ -72.92789602923078, 7.090530120547945 ], [ -72.927079896307703, 7.090530120547945 ], [ -72.927079896307703, 7.090261123287672 ], [ -72.92680785200001, 7.090261123287672 ], [ -72.92680785200001, 7.088916136986302 ], [ -72.925991719076933, 7.088916136986302 ], [ -72.925991719076933, 7.089185134246575 ], [ -72.92571967476924, 7.089185134246575 ], [ -72.92571967476924, 7.089992126027397 ], [ -72.924903541846163, 7.089992126027397 ], [ -72.924903541846163, 7.089723128767123 ], [ -72.925175586153856, 7.089723128767123 ], [ -72.925175586153856, 7.08945413150685 ], [ -72.924631497538471, 7.08945413150685 ], [ -72.924631497538471, 7.089723128767123 ], [ -72.924359453230778, 7.089723128767123 ], [ -72.924359453230778, 7.089185134246575 ], [ -72.924631497538471, 7.089185134246575 ], [ -72.924631497538471, 7.088916136986302 ], [ -72.924087408923086, 7.088916136986302 ], [ -72.924087408923086, 7.088647139726028 ], [ -72.923815364615393, 7.088647139726028 ], [ -72.923815364615393, 7.088378142465753 ], [ -72.924087408923086, 7.088378142465753 ], [ -72.924087408923086, 7.08810914520548 ], [ -72.924631497538471, 7.08810914520548 ], [ -72.924631497538471, 7.087571150684932 ], [ -72.924359453230778, 7.087571150684932 ], [ -72.924359453230778, 7.087302153424658 ], [ -72.925175586153856, 7.087302153424658 ], [ -72.925175586153856, 7.087840147945205 ], [ -72.925447630461548, 7.087840147945205 ], [ -72.925447630461548, 7.087571150684932 ], [ -72.92571967476924, 7.087571150684932 ], [ -72.92571967476924, 7.087302153424658 ], [ -72.925991719076933, 7.087302153424658 ], [ -72.925991719076933, 7.08676415890411 ], [ -72.925175586153856, 7.08676415890411 ], [ -72.925175586153856, 7.087033156164384 ], [ -72.924903541846163, 7.087033156164384 ], [ -72.924903541846163, 7.08676415890411 ], [ -72.924631497538471, 7.08676415890411 ], [ -72.924631497538471, 7.086495161643835 ], [ -72.924087408923086, 7.086495161643835 ], [ -72.924087408923086, 7.08676415890411 ], [ -72.923815364615393, 7.08676415890411 ], [ -72.923815364615393, 7.086495161643835 ], [ -72.923543320307701, 7.086495161643835 ], [ -72.923543320307701, 7.086226164383562 ], [ -72.922455143076931, 7.086226164383562 ], [ -72.922455143076931, 7.085957167123288 ], [ -72.922183098769239, 7.085957167123288 ], [ -72.922183098769239, 7.086226164383562 ], [ -72.921911054461546, 7.086226164383562 ], [ -72.921911054461546, 7.085957167123288 ], [ -72.921639010153854, 7.085957167123288 ], [ -72.921639010153854, 7.085688169863014 ], [ -72.921911054461546, 7.085688169863014 ], [ -72.921911054461546, 7.08541917260274 ], [ -72.921366965846161, 7.08541917260274 ], [ -72.921366965846161, 7.085150175342465 ], [ -72.921094921538469, 7.085150175342465 ], [ -72.921094921538469, 7.08541917260274 ], [ -72.920822877230776, 7.08541917260274 ], [ -72.920822877230776, 7.084612180821918 ], [ -72.9197347, 7.084612180821918 ], [ -72.9197347, 7.084343183561644 ], [ -72.920006744307699, 7.084343183561644 ], [ -72.920006744307699, 7.08407418630137 ], [ -72.9197347, 7.08407418630137 ], [ -72.9197347, 7.083805189041096 ], [ -72.920550832923084, 7.083805189041096 ], [ -72.920550832923084, 7.083536191780822 ], [ -72.920822877230776, 7.083536191780822 ], [ -72.920822877230776, 7.083805189041096 ], [ -72.921094921538469, 7.083805189041096 ], [ -72.921094921538469, 7.083536191780822 ], [ -72.921639010153854, 7.083536191780822 ], [ -72.921639010153854, 7.0827292 ], [ -72.937145535692309, 7.0827292 ], [ -72.937145535692309, 7.082998197260274 ], [ -72.936601447076924, 7.082998197260274 ], [ -72.936601447076924, 7.083267194520548 ], [ -72.936873491384617, 7.083267194520548 ], [ -72.936873491384617, 7.083536191780822 ], [ -72.937689624307694, 7.083536191780822 ], [ -72.937689624307694, 7.083805189041096 ], [ -72.937961668615387, 7.083805189041096 ], [ -72.937961668615387, 7.08407418630137 ], [ -72.93741758, 7.08407418630137 ], [ -72.93741758, 7.084343183561644 ], [ -72.937145535692309, 7.084343183561644 ], [ -72.937145535692309, 7.084881178082192 ], [ -72.93741758, 7.084881178082192 ], [ -72.93741758, 7.085150175342465 ], [ -72.936601447076924, 7.085150175342465 ], [ -72.936601447076924, 7.085957167123288 ], [ -72.936873491384617, 7.085957167123288 ], [ -72.936873491384617, 7.086226164383562 ], [ -72.937145535692309, 7.086226164383562 ], [ -72.937145535692309, 7.086495161643835 ], [ -72.93741758, 7.086495161643835 ], [ -72.93741758, 7.08676415890411 ], [ -72.937689624307694, 7.08676415890411 ], [ -72.937689624307694, 7.087302153424658 ], [ -72.938233712923079, 7.087302153424658 ], [ -72.938233712923079, 7.087840147945205 ], [ -72.937689624307694, 7.087840147945205 ], [ -72.937689624307694, 7.087571150684932 ], [ -72.937145535692309, 7.087571150684932 ], [ -72.937145535692309, 7.087302153424658 ], [ -72.936601447076924, 7.087302153424658 ], [ -72.936601447076924, 7.087840147945205 ], [ -72.936329402769232, 7.087840147945205 ], [ -72.936329402769232, 7.087571150684932 ], [ -72.936057358461539, 7.087571150684932 ], [ -72.936057358461539, 7.087840147945205 ], [ -72.935513269846155, 7.087840147945205 ], [ -72.935513269846155, 7.08676415890411 ], [ -72.935241225538462, 7.08676415890411 ], [ -72.935241225538462, 7.086495161643835 ], [ -72.934425092615385, 7.086495161643835 ], [ -72.934425092615385, 7.087302153424658 ], [ -72.93496918123077, 7.087302153424658 ], [ -72.93496918123077, 7.087571150684932 ], [ -72.934697136923077, 7.087571150684932 ], [ -72.934697136923077, 7.08810914520548 ], [ -72.93496918123077, 7.08810914520548 ], [ -72.93496918123077, 7.088378142465753 ], [ -72.934425092615385, 7.088378142465753 ], [ -72.934425092615385, 7.087840147945205 ], [ -72.933881004, 7.087840147945205 ], [ -72.933881004, 7.08810914520548 ], [ -72.934153048307692, 7.08810914520548 ], [ -72.934153048307692, 7.088378142465753 ], [ -72.933881004, 7.088378142465753 ], [ -72.933881004, 7.088647139726028 ], [ -72.933336915384615, 7.088647139726028 ], [ -72.933336915384615, 7.088916136986302 ], [ -72.934425092615385, 7.088916136986302 ], [ -72.934425092615385, 7.089723128767123 ], [ -72.934697136923077, 7.089723128767123 ], [ -72.934697136923077, 7.08945413150685 ], [ -72.93496918123077, 7.08945413150685 ], [ -72.93496918123077, 7.089185134246575 ], [ -72.935241225538462, 7.089185134246575 ], [ -72.935241225538462, 7.088916136986302 ], [ -72.935513269846155, 7.088916136986302 ], [ -72.935513269846155, 7.090530120547945 ], [ -72.935785314153847, 7.090530120547945 ], [ -72.935785314153847, 7.09079911780822 ], [ -72.935513269846155, 7.09079911780822 ], [ -72.935513269846155, 7.091068115068493 ], [ -72.934697136923077, 7.091068115068493 ], [ -72.934697136923077, 7.091337112328767 ], [ -72.93496918123077, 7.091337112328767 ], [ -72.93496918123077, 7.091606109589041 ], [ -72.934697136923077, 7.091606109589041 ], [ -72.934697136923077, 7.091875106849315 ], [ -72.933881004, 7.091875106849315 ], [ -72.933881004, 7.09214410410959 ], [ -72.934153048307692, 7.09214410410959 ], [ -72.934153048307692, 7.092413101369863 ], [ -72.934425092615385, 7.092413101369863 ], [ -72.934425092615385, 7.092682098630137 ], [ -72.93496918123077, 7.092682098630137 ], [ -72.93496918123077, 7.09214410410959 ], [ -72.935513269846155, 7.09214410410959 ], [ -72.935513269846155, 7.092682098630137 ], [ -72.935785314153847, 7.092682098630137 ], [ -72.935785314153847, 7.092951095890411 ], [ -72.936057358461539, 7.092951095890411 ], [ -72.936057358461539, 7.09214410410959 ], [ -72.936329402769232, 7.09214410410959 ], [ -72.936329402769232, 7.093220093150685 ], [ -72.935513269846155, 7.093220093150685 ], [ -72.935513269846155, 7.09348909041096 ], [ -72.935785314153847, 7.09348909041096 ], [ -72.935785314153847, 7.094027084931507 ], [ -72.936329402769232, 7.094027084931507 ], [ -72.936329402769232, 7.094296082191781 ], [ -72.936057358461539, 7.094296082191781 ], [ -72.936057358461539, 7.094565079452055 ], [ -72.936329402769232, 7.094565079452055 ], [ -72.936329402769232, 7.094834076712329 ] ], [ [ -72.93496918123077, 7.094027084931507 ], [ -72.93496918123077, 7.09348909041096 ], [ -72.934697136923077, 7.09348909041096 ], [ -72.934697136923077, 7.094027084931507 ], [ -72.93496918123077, 7.094027084931507 ] ], [ [ -72.933881004, 7.094027084931507 ], [ -72.933881004, 7.094296082191781 ], [ -72.934153048307692, 7.094296082191781 ], [ -72.934153048307692, 7.093758087671233 ], [ -72.933608959692307, 7.093758087671233 ], [ -72.933608959692307, 7.094027084931507 ], [ -72.933881004, 7.094027084931507 ] ], [ [ -72.933881004, 7.09348909041096 ], [ -72.934153048307692, 7.09348909041096 ], [ -72.934153048307692, 7.093220093150685 ], [ -72.933881004, 7.093220093150685 ], [ -72.933881004, 7.09348909041096 ] ], [ [ -72.927351940615395, 7.090261123287672 ], [ -72.927351940615395, 7.089992126027397 ], [ -72.927079896307703, 7.089992126027397 ], [ -72.927079896307703, 7.090261123287672 ], [ -72.927351940615395, 7.090261123287672 ] ], [ [ -72.927623984923088, 7.089992126027397 ], [ -72.927623984923088, 7.089723128767123 ], [ -72.927351940615395, 7.089723128767123 ], [ -72.927351940615395, 7.089992126027397 ], [ -72.927623984923088, 7.089992126027397 ] ], [ [ -72.925991719076933, 7.088647139726028 ], [ -72.92571967476924, 7.088647139726028 ], [ -72.92571967476924, 7.088916136986302 ], [ -72.925991719076933, 7.088916136986302 ], [ -72.925991719076933, 7.088647139726028 ] ], [ [ -72.925447630461548, 7.08945413150685 ], [ -72.925447630461548, 7.088916136986302 ], [ -72.924903541846163, 7.088916136986302 ], [ -72.924903541846163, 7.089185134246575 ], [ -72.925175586153856, 7.089185134246575 ], [ -72.925175586153856, 7.08945413150685 ], [ -72.925447630461548, 7.08945413150685 ] ], [ [ -72.924903541846163, 7.087840147945205 ], [ -72.924903541846163, 7.088378142465753 ], [ -72.925175586153856, 7.088378142465753 ], [ -72.925175586153856, 7.087840147945205 ], [ -72.924903541846163, 7.087840147945205 ] ], [ [ -72.924631497538471, 7.088378142465753 ], [ -72.924631497538471, 7.088647139726028 ], [ -72.924903541846163, 7.088647139726028 ], [ -72.924903541846163, 7.088378142465753 ], [ -72.924631497538471, 7.088378142465753 ] ], [ [ -72.921094921538469, 7.08407418630137 ], [ -72.921366965846161, 7.08407418630137 ], [ -72.921366965846161, 7.083805189041096 ], [ -72.921094921538469, 7.083805189041096 ], [ -72.921094921538469, 7.08407418630137 ] ], [ [ -72.934425092615385, 7.086226164383562 ], [ -72.933881004, 7.086226164383562 ], [ -72.933881004, 7.086495161643835 ], [ -72.934425092615385, 7.086495161643835 ], [ -72.934425092615385, 7.086226164383562 ] ], [ [ -72.935513269846155, 7.092951095890411 ], [ -72.93496918123077, 7.092951095890411 ], [ -72.93496918123077, 7.093220093150685 ], [ -72.935513269846155, 7.093220093150685 ], [ -72.935513269846155, 7.092951095890411 ] ], [ [ -72.935241225538462, 7.089992126027397 ], [ -72.93496918123077, 7.089992126027397 ], [ -72.93496918123077, 7.090261123287672 ], [ -72.935241225538462, 7.090261123287672 ], [ -72.935241225538462, 7.089992126027397 ] ], [ [ -72.929528295076935, 7.089992126027397 ], [ -72.929528295076935, 7.090261123287672 ], [ -72.929800339384627, 7.090261123287672 ], [ -72.929800339384627, 7.089992126027397 ], [ -72.929528295076935, 7.089992126027397 ] ], [ [ -72.93007238369232, 7.089992126027397 ], [ -72.93007238369232, 7.089723128767123 ], [ -72.929800339384627, 7.089723128767123 ], [ -72.929800339384627, 7.089992126027397 ], [ -72.93007238369232, 7.089992126027397 ] ], [ [ -72.929256250769242, 7.089723128767123 ], [ -72.929528295076935, 7.089723128767123 ], [ -72.929528295076935, 7.08945413150685 ], [ -72.92898420646155, 7.08945413150685 ], [ -72.92898420646155, 7.089992126027397 ], [ -72.929256250769242, 7.089992126027397 ], [ -72.929256250769242, 7.089723128767123 ] ], [ [ -72.92898420646155, 7.088916136986302 ], [ -72.928712162153857, 7.088916136986302 ], [ -72.928712162153857, 7.088647139726028 ], [ -72.928168073538473, 7.088647139726028 ], [ -72.928168073538473, 7.088916136986302 ], [ -72.928440117846165, 7.088916136986302 ], [ -72.928440117846165, 7.08945413150685 ], [ -72.92898420646155, 7.08945413150685 ], [ -72.92898420646155, 7.088916136986302 ] ], [ [ -72.929256250769242, 7.088916136986302 ], [ -72.929256250769242, 7.088647139726028 ], [ -72.92898420646155, 7.088647139726028 ], [ -72.92898420646155, 7.088916136986302 ], [ -72.929256250769242, 7.088916136986302 ] ], [ [ -72.933608959692307, 7.089185134246575 ], [ -72.933336915384615, 7.089185134246575 ], [ -72.933336915384615, 7.08945413150685 ], [ -72.933608959692307, 7.08945413150685 ], [ -72.933608959692307, 7.089185134246575 ] ], [ [ -72.93279282676923, 7.089185134246575 ], [ -72.932248738153845, 7.089185134246575 ], [ -72.932248738153845, 7.08945413150685 ], [ -72.93279282676923, 7.08945413150685 ], [ -72.93279282676923, 7.089185134246575 ] ], [ [ -72.929800339384627, 7.088916136986302 ], [ -72.929528295076935, 7.088916136986302 ], [ -72.929528295076935, 7.089185134246575 ], [ -72.929800339384627, 7.089185134246575 ], [ -72.929800339384627, 7.088916136986302 ] ], [ [ -72.930616472307705, 7.088378142465753 ], [ -72.930344428000012, 7.088378142465753 ], [ -72.930344428000012, 7.088647139726028 ], [ -72.93007238369232, 7.088647139726028 ], [ -72.93007238369232, 7.088916136986302 ], [ -72.930616472307705, 7.088916136986302 ], [ -72.930616472307705, 7.088378142465753 ] ], [ [ -72.93007238369232, 7.08810914520548 ], [ -72.929800339384627, 7.08810914520548 ], [ -72.929800339384627, 7.088647139726028 ], [ -72.93007238369232, 7.088647139726028 ], [ -72.93007238369232, 7.08810914520548 ] ], [ [ -72.92789602923078, 7.088378142465753 ], [ -72.927623984923088, 7.088378142465753 ], [ -72.927623984923088, 7.088916136986302 ], [ -72.92789602923078, 7.088916136986302 ], [ -72.92789602923078, 7.088378142465753 ] ], [ [ -72.928440117846165, 7.08810914520548 ], [ -72.928168073538473, 7.08810914520548 ], [ -72.928168073538473, 7.088378142465753 ], [ -72.928440117846165, 7.088378142465753 ], [ -72.928440117846165, 7.08810914520548 ] ], [ [ -72.930888516615383, 7.087840147945205 ], [ -72.930616472307705, 7.087840147945205 ], [ -72.930616472307705, 7.08810914520548 ], [ -72.930888516615383, 7.08810914520548 ], [ -72.930888516615383, 7.087840147945205 ] ], [ [ -72.92680785200001, 7.087840147945205 ], [ -72.926535807692318, 7.087840147945205 ], [ -72.926535807692318, 7.08810914520548 ], [ -72.92680785200001, 7.08810914520548 ], [ -72.92680785200001, 7.087840147945205 ] ], [ [ -72.926263763384625, 7.087840147945205 ], [ -72.925991719076933, 7.087840147945205 ], [ -72.925991719076933, 7.08810914520548 ], [ -72.926263763384625, 7.08810914520548 ], [ -72.926263763384625, 7.087840147945205 ] ], [ [ -72.928168073538473, 7.087302153424658 ], [ -72.92789602923078, 7.087302153424658 ], [ -72.92789602923078, 7.087840147945205 ], [ -72.928168073538473, 7.087840147945205 ], [ -72.928168073538473, 7.087302153424658 ] ], [ [ -72.930616472307705, 7.08676415890411 ], [ -72.930616472307705, 7.087302153424658 ], [ -72.930888516615383, 7.087302153424658 ], [ -72.930888516615383, 7.08676415890411 ], [ -72.930616472307705, 7.08676415890411 ] ], [ [ -72.931160560923075, 7.08676415890411 ], [ -72.931160560923075, 7.086495161643835 ], [ -72.930888516615383, 7.086495161643835 ], [ -72.930888516615383, 7.08676415890411 ], [ -72.931160560923075, 7.08676415890411 ] ], [ [ -72.928712162153857, 7.08676415890411 ], [ -72.928168073538473, 7.08676415890411 ], [ -72.928168073538473, 7.087033156164384 ], [ -72.928712162153857, 7.087033156164384 ], [ -72.928712162153857, 7.08676415890411 ] ], [ [ -72.92789602923078, 7.08676415890411 ], [ -72.927623984923088, 7.08676415890411 ], [ -72.927623984923088, 7.087033156164384 ], [ -72.92789602923078, 7.087033156164384 ], [ -72.92789602923078, 7.08676415890411 ] ], [ [ -72.931160560923075, 7.08541917260274 ], [ -72.930888516615383, 7.08541917260274 ], [ -72.930888516615383, 7.085688169863014 ], [ -72.931160560923075, 7.085688169863014 ], [ -72.931160560923075, 7.08541917260274 ] ], [ [ -72.935513269846155, 7.08407418630137 ], [ -72.935241225538462, 7.08407418630137 ], [ -72.935241225538462, 7.084343183561644 ], [ -72.935513269846155, 7.084343183561644 ], [ -72.935513269846155, 7.08407418630137 ] ], [ [ -72.922455143076931, 7.082998197260274 ], [ -72.922183098769239, 7.082998197260274 ], [ -72.922183098769239, 7.083267194520548 ], [ -72.922455143076931, 7.083267194520548 ], [ -72.922455143076931, 7.082998197260274 ] ] ], [ [ [ -72.92680785200001, 7.091606109589041 ], [ -72.927079896307703, 7.091606109589041 ], [ -72.927079896307703, 7.091875106849315 ], [ -72.92680785200001, 7.091875106849315 ], [ -72.92680785200001, 7.091606109589041 ] ] ], [ [ [ -72.92789602923078, 7.091606109589041 ], [ -72.928168073538473, 7.091606109589041 ], [ -72.928168073538473, 7.091875106849315 ], [ -72.92789602923078, 7.091875106849315 ], [ -72.92789602923078, 7.091606109589041 ] ] ], [ [ [ -72.927623984923088, 7.092413101369863 ], [ -72.927623984923088, 7.09214410410959 ], [ -72.92789602923078, 7.09214410410959 ], [ -72.92789602923078, 7.092413101369863 ], [ -72.927623984923088, 7.092413101369863 ] ] ], [ [ [ -72.92680785200001, 7.092413101369863 ], [ -72.927351940615395, 7.092413101369863 ], [ -72.927351940615395, 7.092682098630137 ], [ -72.92680785200001, 7.092682098630137 ], [ -72.92680785200001, 7.092413101369863 ] ] ], [ [ [ -72.92789602923078, 7.092682098630137 ], [ -72.928440117846165, 7.092682098630137 ], [ -72.928440117846165, 7.092951095890411 ], [ -72.92789602923078, 7.092951095890411 ], [ -72.92789602923078, 7.092682098630137 ] ] ], [ [ [ -72.93007238369232, 7.092682098630137 ], [ -72.93007238369232, 7.09214410410959 ], [ -72.930616472307705, 7.09214410410959 ], [ -72.930616472307705, 7.093220093150685 ], [ -72.930344428000012, 7.093220093150685 ], [ -72.930344428000012, 7.09348909041096 ], [ -72.929528295076935, 7.09348909041096 ], [ -72.929528295076935, 7.093758087671233 ], [ -72.929256250769242, 7.093758087671233 ], [ -72.929256250769242, 7.09348909041096 ], [ -72.92898420646155, 7.09348909041096 ], [ -72.92898420646155, 7.093220093150685 ], [ -72.929528295076935, 7.093220093150685 ], [ -72.929528295076935, 7.092951095890411 ], [ -72.929800339384627, 7.092951095890411 ], [ -72.929800339384627, 7.092682098630137 ], [ -72.93007238369232, 7.092682098630137 ] ] ], [ [ [ -72.92680785200001, 7.092951095890411 ], [ -72.927079896307703, 7.092951095890411 ], [ -72.927079896307703, 7.093220093150685 ], [ -72.92680785200001, 7.093220093150685 ], [ -72.92680785200001, 7.092951095890411 ] ] ], [ [ [ -72.927351940615395, 7.092951095890411 ], [ -72.927623984923088, 7.092951095890411 ], [ -72.927623984923088, 7.093220093150685 ], [ -72.927351940615395, 7.093220093150685 ], [ -72.927351940615395, 7.092951095890411 ] ] ], [ [ [ -72.927079896307703, 7.09348909041096 ], [ -72.927079896307703, 7.093220093150685 ], [ -72.927351940615395, 7.093220093150685 ], [ -72.927351940615395, 7.09348909041096 ], [ -72.927079896307703, 7.09348909041096 ] ] ], [ [ [ -72.93007238369232, 7.093758087671233 ], [ -72.930344428000012, 7.093758087671233 ], [ -72.930344428000012, 7.094027084931507 ], [ -72.93007238369232, 7.094027084931507 ], [ -72.93007238369232, 7.093758087671233 ] ] ], [ [ [ -72.930616472307705, 7.094027084931507 ], [ -72.930888516615383, 7.094027084931507 ], [ -72.930888516615383, 7.094565079452055 ], [ -72.930616472307705, 7.094565079452055 ], [ -72.930616472307705, 7.094027084931507 ] ] ], [ [ [ -72.927623984923088, 7.094565079452055 ], [ -72.928440117846165, 7.094565079452055 ], [ -72.928440117846165, 7.095372071232877 ], [ -72.928168073538473, 7.095372071232877 ], [ -72.928168073538473, 7.095103073972603 ], [ -72.927623984923088, 7.095103073972603 ], [ -72.927623984923088, 7.094565079452055 ] ] ], [ [ [ -72.927079896307703, 7.095641068493151 ], [ -72.92789602923078, 7.095641068493151 ], [ -72.92789602923078, 7.095910065753425 ], [ -72.927079896307703, 7.095910065753425 ], [ -72.927079896307703, 7.095641068493151 ] ] ], [ [ [ -72.930616472307705, 7.096179063013698 ], [ -72.930888516615383, 7.096179063013698 ], [ -72.930888516615383, 7.096448060273973 ], [ -72.930616472307705, 7.096448060273973 ], [ -72.930616472307705, 7.096179063013698 ] ] ], [ [ [ -72.927351940615395, 7.096179063013698 ], [ -72.927623984923088, 7.096179063013698 ], [ -72.927623984923088, 7.096448060273973 ], [ -72.927351940615395, 7.096448060273973 ], [ -72.927351940615395, 7.096179063013698 ] ] ], [ [ [ -72.929256250769242, 7.096179063013698 ], [ -72.929256250769242, 7.096448060273973 ], [ -72.929528295076935, 7.096448060273973 ], [ -72.929528295076935, 7.095372071232877 ], [ -72.929800339384627, 7.095372071232877 ], [ -72.929800339384627, 7.096179063013698 ], [ -72.93007238369232, 7.096179063013698 ], [ -72.93007238369232, 7.096448060273973 ], [ -72.930344428000012, 7.096448060273973 ], [ -72.930344428000012, 7.096717057534247 ], [ -72.931160560923075, 7.096717057534247 ], [ -72.931160560923075, 7.096986054794521 ], [ -72.931432605230768, 7.096986054794521 ], [ -72.931432605230768, 7.096448060273973 ], [ -72.93170464953846, 7.096448060273973 ], [ -72.93170464953846, 7.097255052054795 ], [ -72.930616472307705, 7.097255052054795 ], [ -72.930616472307705, 7.096986054794521 ], [ -72.93007238369232, 7.096986054794521 ], [ -72.93007238369232, 7.096717057534247 ], [ -72.929528295076935, 7.096717057534247 ], [ -72.929528295076935, 7.097793046575343 ], [ -72.92898420646155, 7.097793046575343 ], [ -72.92898420646155, 7.098062043835617 ], [ -72.928440117846165, 7.098062043835617 ], [ -72.928440117846165, 7.097793046575343 ], [ -72.927351940615395, 7.097793046575343 ], [ -72.927351940615395, 7.096717057534247 ], [ -72.927623984923088, 7.096717057534247 ], [ -72.927623984923088, 7.096448060273973 ], [ -72.928440117846165, 7.096448060273973 ], [ -72.928440117846165, 7.096179063013698 ], [ -72.929256250769242, 7.096179063013698 ] ] ], [ [ [ -72.929800339384627, 7.097255052054795 ], [ -72.93007238369232, 7.097255052054795 ], [ -72.93007238369232, 7.097524049315068 ], [ -72.929800339384627, 7.097524049315068 ], [ -72.929800339384627, 7.097255052054795 ] ] ], [ [ [ -72.92680785200001, 7.098869035616438 ], [ -72.927079896307703, 7.098869035616438 ], [ -72.927079896307703, 7.099138032876713 ], [ -72.92680785200001, 7.099138032876713 ], [ -72.92680785200001, 7.098869035616438 ] ] ], [ [ [ -72.92680785200001, 7.100214021917808 ], [ -72.92680785200001, 7.099945024657535 ], [ -72.927351940615395, 7.099945024657535 ], [ -72.927351940615395, 7.100214021917808 ], [ -72.92680785200001, 7.100214021917808 ] ] ], [ [ [ -72.929800339384627, 7.101290010958905 ], [ -72.93007238369232, 7.101290010958905 ], [ -72.93007238369232, 7.10102101369863 ], [ -72.930616472307705, 7.10102101369863 ], [ -72.930616472307705, 7.100483019178083 ], [ -72.931160560923075, 7.100483019178083 ], [ -72.931160560923075, 7.10102101369863 ], [ -72.930888516615383, 7.10102101369863 ], [ -72.930888516615383, 7.101559008219178 ], [ -72.93007238369232, 7.101559008219178 ], [ -72.93007238369232, 7.101828005479453 ], [ -72.929800339384627, 7.101828005479453 ], [ -72.929800339384627, 7.101559008219178 ], [ -72.929528295076935, 7.101559008219178 ], [ -72.929528295076935, 7.101290010958905 ], [ -72.929256250769242, 7.101290010958905 ], [ -72.929256250769242, 7.10102101369863 ], [ -72.929800339384627, 7.10102101369863 ], [ -72.929800339384627, 7.101290010958905 ] ] ], [ [ [ -72.930616472307705, 7.101828005479453 ], [ -72.930888516615383, 7.101828005479453 ], [ -72.930888516615383, 7.101559008219178 ], [ -72.931160560923075, 7.101559008219178 ], [ -72.931160560923075, 7.102097002739726 ], [ -72.930616472307705, 7.102097002739726 ], [ -72.930616472307705, 7.101828005479453 ] ] ], [ [ [ -72.930616472307705, 7.102903994520548 ], [ -72.930616472307705, 7.102634997260274 ], [ -72.930888516615383, 7.102634997260274 ], [ -72.930888516615383, 7.102903994520548 ], [ -72.930616472307705, 7.102903994520548 ] ] ], [ [ [ -72.93007238369232, 7.104786975342466 ], [ -72.930344428000012, 7.104786975342466 ], [ -72.930344428000012, 7.10505597260274 ], [ -72.93007238369232, 7.10505597260274 ], [ -72.93007238369232, 7.104786975342466 ] ] ], [ [ [ -72.930344428000012, 7.106131961643836 ], [ -72.931160560923075, 7.106131961643836 ], [ -72.931160560923075, 7.106669956164384 ], [ -72.930616472307705, 7.106669956164384 ], [ -72.930616472307705, 7.10640095890411 ], [ -72.930344428000012, 7.10640095890411 ], [ -72.930344428000012, 7.106131961643836 ] ] ], [ [ [ -72.930344428000012, 7.107476947945206 ], [ -72.930344428000012, 7.107207950684931 ], [ -72.930616472307705, 7.107207950684931 ], [ -72.930616472307705, 7.107476947945206 ], [ -72.930344428000012, 7.107476947945206 ] ] ], [ [ [ -72.930888516615383, 7.10774594520548 ], [ -72.931160560923075, 7.10774594520548 ], [ -72.931160560923075, 7.108014942465753 ], [ -72.930616472307705, 7.108014942465753 ], [ -72.930616472307705, 7.108552936986301 ], [ -72.930344428000012, 7.108552936986301 ], [ -72.930344428000012, 7.108283939726028 ], [ -72.93007238369232, 7.108283939726028 ], [ -72.93007238369232, 7.108014942465753 ], [ -72.929800339384627, 7.108014942465753 ], [ -72.929800339384627, 7.10774594520548 ], [ -72.930616472307705, 7.10774594520548 ], [ -72.930616472307705, 7.107476947945206 ], [ -72.930888516615383, 7.107476947945206 ], [ -72.930888516615383, 7.10774594520548 ] ] ], [ [ [ -72.929800339384627, 7.108821934246576 ], [ -72.930344428000012, 7.108821934246576 ], [ -72.930344428000012, 7.109359928767123 ], [ -72.93007238369232, 7.109359928767123 ], [ -72.93007238369232, 7.10909093150685 ], [ -72.929800339384627, 7.10909093150685 ], [ -72.929800339384627, 7.108821934246576 ] ] ], [ [ [ -72.929800339384627, 7.110435917808219 ], [ -72.929800339384627, 7.109897923287671 ], [ -72.93007238369232, 7.109897923287671 ], [ -72.93007238369232, 7.110435917808219 ], [ -72.929800339384627, 7.110435917808219 ] ] ], [ [ [ -72.930344428000012, 7.109897923287671 ], [ -72.930616472307705, 7.109897923287671 ], [ -72.930616472307705, 7.110435917808219 ], [ -72.930344428000012, 7.110435917808219 ], [ -72.930344428000012, 7.109897923287671 ] ] ], [ [ [ -72.927079896307703, 7.110166920547946 ], [ -72.927351940615395, 7.110166920547946 ], [ -72.927351940615395, 7.110435917808219 ], [ -72.927079896307703, 7.110435917808219 ], [ -72.927079896307703, 7.110166920547946 ] ] ], [ [ [ -72.929256250769242, 7.110704915068493 ], [ -72.929256250769242, 7.110435917808219 ], [ -72.929528295076935, 7.110435917808219 ], [ -72.929528295076935, 7.110704915068493 ], [ -72.929256250769242, 7.110704915068493 ] ] ], [ [ [ -72.930344428000012, 7.110704915068493 ], [ -72.930616472307705, 7.110704915068493 ], [ -72.930616472307705, 7.110973912328768 ], [ -72.930344428000012, 7.110973912328768 ], [ -72.930344428000012, 7.110704915068493 ] ] ], [ [ [ -72.928712162153857, 7.111511906849316 ], [ -72.928168073538473, 7.111511906849316 ], [ -72.928168073538473, 7.110973912328768 ], [ -72.92789602923078, 7.110973912328768 ], [ -72.92789602923078, 7.110704915068493 ], [ -72.928168073538473, 7.110704915068493 ], [ -72.928168073538473, 7.110435917808219 ], [ -72.928440117846165, 7.110435917808219 ], [ -72.928440117846165, 7.110973912328768 ], [ -72.928712162153857, 7.110973912328768 ], [ -72.928712162153857, 7.111511906849316 ] ] ], [ [ [ -72.929256250769242, 7.111242909589041 ], [ -72.929256250769242, 7.110973912328768 ], [ -72.929800339384627, 7.110973912328768 ], [ -72.929800339384627, 7.111242909589041 ], [ -72.929256250769242, 7.111242909589041 ] ] ], [ [ [ -72.930344428000012, 7.111242909589041 ], [ -72.930616472307705, 7.111242909589041 ], [ -72.930616472307705, 7.111511906849316 ], [ -72.930344428000012, 7.111511906849316 ], [ -72.930344428000012, 7.111242909589041 ] ] ], [ [ [ -72.92680785200001, 7.111242909589041 ], [ -72.927079896307703, 7.111242909589041 ], [ -72.927079896307703, 7.111511906849316 ], [ -72.92680785200001, 7.111511906849316 ], [ -72.92680785200001, 7.111242909589041 ] ] ], [ [ [ -72.929256250769242, 7.111780904109589 ], [ -72.928712162153857, 7.111780904109589 ], [ -72.928712162153857, 7.111511906849316 ], [ -72.93007238369232, 7.111511906849316 ], [ -72.93007238369232, 7.111780904109589 ], [ -72.929800339384627, 7.111780904109589 ], [ -72.929800339384627, 7.112049901369863 ], [ -72.929256250769242, 7.112049901369863 ], [ -72.929256250769242, 7.111780904109589 ] ] ], [ [ [ -72.93007238369232, 7.113125890410959 ], [ -72.930344428000012, 7.113125890410959 ], [ -72.930344428000012, 7.113663884931507 ], [ -72.93007238369232, 7.113663884931507 ], [ -72.93007238369232, 7.113125890410959 ] ] ], [ [ [ -72.930888516615383, 7.114201879452055 ], [ -72.931160560923075, 7.114201879452055 ], [ -72.931160560923075, 7.115008871232877 ], [ -72.930888516615383, 7.115008871232877 ], [ -72.930888516615383, 7.114201879452055 ] ] ], [ [ [ -72.929800339384627, 7.114201879452055 ], [ -72.93007238369232, 7.114201879452055 ], [ -72.93007238369232, 7.114739873972603 ], [ -72.930344428000012, 7.114739873972603 ], [ -72.930344428000012, 7.114470876712329 ], [ -72.930616472307705, 7.114470876712329 ], [ -72.930616472307705, 7.115008871232877 ], [ -72.929800339384627, 7.115008871232877 ], [ -72.929800339384627, 7.114201879452055 ] ] ], [ [ [ -72.92789602923078, 7.115008871232877 ], [ -72.92789602923078, 7.114470876712329 ], [ -72.928168073538473, 7.114470876712329 ], [ -72.928168073538473, 7.115008871232877 ], [ -72.92789602923078, 7.115008871232877 ] ] ], [ [ [ -72.930616472307705, 7.115008871232877 ], [ -72.930888516615383, 7.115008871232877 ], [ -72.930888516615383, 7.115546865753425 ], [ -72.930616472307705, 7.115546865753425 ], [ -72.930616472307705, 7.115008871232877 ] ] ], [ [ [ -72.930344428000012, 7.115815863013699 ], [ -72.930616472307705, 7.115815863013699 ], [ -72.930616472307705, 7.116084860273973 ], [ -72.930344428000012, 7.116084860273973 ], [ -72.930344428000012, 7.115815863013699 ] ] ], [ [ [ -72.930616472307705, 7.116622854794521 ], [ -72.930616472307705, 7.116084860273973 ], [ -72.930888516615383, 7.116084860273973 ], [ -72.930888516615383, 7.116622854794521 ], [ -72.930616472307705, 7.116622854794521 ] ] ], [ [ [ -72.929800339384627, 7.116622854794521 ], [ -72.93007238369232, 7.116622854794521 ], [ -72.93007238369232, 7.116891852054795 ], [ -72.929800339384627, 7.116891852054795 ], [ -72.929800339384627, 7.116622854794521 ] ] ], [ [ [ -72.929528295076935, 7.117160849315069 ], [ -72.929800339384627, 7.117160849315069 ], [ -72.929800339384627, 7.117698843835616 ], [ -72.929528295076935, 7.117698843835616 ], [ -72.929528295076935, 7.117160849315069 ] ] ], [ [ [ -72.927079896307703, 7.117698843835616 ], [ -72.927079896307703, 7.117160849315069 ], [ -72.927351940615395, 7.117160849315069 ], [ -72.927351940615395, 7.117698843835616 ], [ -72.927079896307703, 7.117698843835616 ] ] ], [ [ [ -72.93007238369232, 7.116891852054795 ], [ -72.930344428000012, 7.116891852054795 ], [ -72.930344428000012, 7.118236838356164 ], [ -72.929800339384627, 7.118236838356164 ], [ -72.929800339384627, 7.117698843835616 ], [ -72.93007238369232, 7.117698843835616 ], [ -72.93007238369232, 7.116891852054795 ] ] ], [ [ [ -72.929256250769242, 7.117698843835616 ], [ -72.929528295076935, 7.117698843835616 ], [ -72.929528295076935, 7.117967841095891 ], [ -72.929256250769242, 7.117967841095891 ], [ -72.929256250769242, 7.117698843835616 ] ] ], [ [ [ -72.929256250769242, 7.118236838356164 ], [ -72.929528295076935, 7.118236838356164 ], [ -72.929528295076935, 7.118505835616439 ], [ -72.929256250769242, 7.118505835616439 ], [ -72.929256250769242, 7.118236838356164 ] ] ], [ [ [ -72.930344428000012, 7.118236838356164 ], [ -72.930616472307705, 7.118236838356164 ], [ -72.930616472307705, 7.118505835616439 ], [ -72.930344428000012, 7.118505835616439 ], [ -72.930344428000012, 7.118236838356164 ] ] ], [ [ [ -72.929800339384627, 7.118505835616439 ], [ -72.929800339384627, 7.118774832876713 ], [ -72.929528295076935, 7.118774832876713 ], [ -72.929528295076935, 7.118505835616439 ], [ -72.929800339384627, 7.118505835616439 ] ] ], [ [ [ -72.929256250769242, 7.119581824657534 ], [ -72.929256250769242, 7.118774832876713 ], [ -72.929528295076935, 7.118774832876713 ], [ -72.929528295076935, 7.119581824657534 ], [ -72.929256250769242, 7.119581824657534 ] ] ], [ [ [ -72.929800339384627, 7.119312827397261 ], [ -72.929800339384627, 7.119043830136986 ], [ -72.93007238369232, 7.119043830136986 ], [ -72.93007238369232, 7.119312827397261 ], [ -72.929800339384627, 7.119312827397261 ] ] ], [ [ [ -72.93007238369232, 7.119312827397261 ], [ -72.930344428000012, 7.119312827397261 ], [ -72.930344428000012, 7.119581824657534 ], [ -72.93007238369232, 7.119581824657534 ], [ -72.93007238369232, 7.119312827397261 ] ] ], [ [ [ -72.930616472307705, 7.119312827397261 ], [ -72.930888516615383, 7.119312827397261 ], [ -72.930888516615383, 7.119850821917809 ], [ -72.930616472307705, 7.119850821917809 ], [ -72.930616472307705, 7.119312827397261 ] ] ], [ [ [ -72.929256250769242, 7.120119819178083 ], [ -72.929256250769242, 7.119850821917809 ], [ -72.929800339384627, 7.119850821917809 ], [ -72.929800339384627, 7.120119819178083 ], [ -72.929256250769242, 7.120119819178083 ] ] ], [ [ [ -72.930344428000012, 7.119850821917809 ], [ -72.930616472307705, 7.119850821917809 ], [ -72.930616472307705, 7.120119819178083 ], [ -72.930344428000012, 7.120119819178083 ], [ -72.930344428000012, 7.119850821917809 ] ] ], [ [ [ -72.928712162153857, 7.118505835616439 ], [ -72.92898420646155, 7.118505835616439 ], [ -72.92898420646155, 7.118774832876713 ], [ -72.928712162153857, 7.118774832876713 ], [ -72.928712162153857, 7.119043830136986 ], [ -72.92898420646155, 7.119043830136986 ], [ -72.92898420646155, 7.119312827397261 ], [ -72.928712162153857, 7.119312827397261 ], [ -72.928712162153857, 7.119581824657534 ], [ -72.92898420646155, 7.119581824657534 ], [ -72.92898420646155, 7.119850821917809 ], [ -72.928168073538473, 7.119850821917809 ], [ -72.928168073538473, 7.120119819178083 ], [ -72.927623984923088, 7.120119819178083 ], [ -72.927623984923088, 7.119850821917809 ], [ -72.927351940615395, 7.119850821917809 ], [ -72.927351940615395, 7.120119819178083 ], [ -72.927079896307703, 7.120119819178083 ], [ -72.927079896307703, 7.119581824657534 ], [ -72.926535807692318, 7.119581824657534 ], [ -72.926535807692318, 7.120119819178083 ], [ -72.926263763384625, 7.120119819178083 ], [ -72.926263763384625, 7.120388816438356 ], [ -72.926535807692318, 7.120388816438356 ], [ -72.926535807692318, 7.120926810958904 ], [ -72.927079896307703, 7.120926810958904 ], [ -72.927079896307703, 7.121733802739726 ], [ -72.927351940615395, 7.121733802739726 ], [ -72.927351940615395, 7.1220028 ], [ -72.927079896307703, 7.1220028 ], [ -72.927079896307703, 7.122271797260274 ], [ -72.926263763384625, 7.122271797260274 ], [ -72.926263763384625, 7.1220028 ], [ -72.925991719076933, 7.1220028 ], [ -72.925991719076933, 7.122271797260274 ], [ -72.92571967476924, 7.122271797260274 ], [ -72.92571967476924, 7.1220028 ], [ -72.925175586153856, 7.1220028 ], [ -72.925175586153856, 7.121195808219179 ], [ -72.925447630461548, 7.121195808219179 ], [ -72.925447630461548, 7.120657813698631 ], [ -72.925991719076933, 7.120657813698631 ], [ -72.925991719076933, 7.119850821917809 ], [ -72.926263763384625, 7.119850821917809 ], [ -72.926263763384625, 7.119043830136986 ], [ -72.92680785200001, 7.119043830136986 ], [ -72.92680785200001, 7.118505835616439 ], [ -72.926535807692318, 7.118505835616439 ], [ -72.926535807692318, 7.117967841095891 ], [ -72.92680785200001, 7.117967841095891 ], [ -72.92680785200001, 7.118236838356164 ], [ -72.927079896307703, 7.118236838356164 ], [ -72.927079896307703, 7.118774832876713 ], [ -72.927351940615395, 7.118774832876713 ], [ -72.927351940615395, 7.119043830136986 ], [ -72.927623984923088, 7.119043830136986 ], [ -72.927623984923088, 7.119312827397261 ], [ -72.92789602923078, 7.119312827397261 ], [ -72.92789602923078, 7.119581824657534 ], [ -72.928168073538473, 7.119581824657534 ], [ -72.928168073538473, 7.119043830136986 ], [ -72.928440117846165, 7.119043830136986 ], [ -72.928440117846165, 7.118505835616439 ], [ -72.928168073538473, 7.118505835616439 ], [ -72.928168073538473, 7.118236838356164 ], [ -72.928712162153857, 7.118236838356164 ], [ -72.928712162153857, 7.118505835616439 ] ], [ [ -72.925447630461548, 7.121733802739726 ], [ -72.92571967476924, 7.121733802739726 ], [ -72.92571967476924, 7.121464805479452 ], [ -72.926263763384625, 7.121464805479452 ], [ -72.926263763384625, 7.121733802739726 ], [ -72.926535807692318, 7.121733802739726 ], [ -72.926535807692318, 7.1220028 ], [ -72.92680785200001, 7.1220028 ], [ -72.92680785200001, 7.121195808219179 ], [ -72.926263763384625, 7.121195808219179 ], [ -72.926263763384625, 7.120926810958904 ], [ -72.925991719076933, 7.120926810958904 ], [ -72.925991719076933, 7.121195808219179 ], [ -72.925447630461548, 7.121195808219179 ], [ -72.925447630461548, 7.121733802739726 ] ], [ [ -72.927351940615395, 7.119312827397261 ], [ -72.927351940615395, 7.119581824657534 ], [ -72.927623984923088, 7.119581824657534 ], [ -72.927623984923088, 7.119312827397261 ], [ -72.927351940615395, 7.119312827397261 ] ] ], [ [ [ -72.927623984923088, 7.120388816438356 ], [ -72.927623984923088, 7.120657813698631 ], [ -72.928168073538473, 7.120657813698631 ], [ -72.928168073538473, 7.120926810958904 ], [ -72.927079896307703, 7.120926810958904 ], [ -72.927079896307703, 7.120388816438356 ], [ -72.927623984923088, 7.120388816438356 ] ] ], [ [ [ -72.928712162153857, 7.121464805479452 ], [ -72.928440117846165, 7.121464805479452 ], [ -72.928440117846165, 7.121195808219179 ], [ -72.928168073538473, 7.121195808219179 ], [ -72.928168073538473, 7.120926810958904 ], [ -72.929256250769242, 7.120926810958904 ], [ -72.929256250769242, 7.120657813698631 ], [ -72.928712162153857, 7.120657813698631 ], [ -72.928712162153857, 7.120388816438356 ], [ -72.930616472307705, 7.120388816438356 ], [ -72.930616472307705, 7.120119819178083 ], [ -72.930888516615383, 7.120119819178083 ], [ -72.930888516615383, 7.119850821917809 ], [ -72.931432605230768, 7.119850821917809 ], [ -72.931432605230768, 7.120388816438356 ], [ -72.931160560923075, 7.120388816438356 ], [ -72.931160560923075, 7.120657813698631 ], [ -72.930616472307705, 7.120657813698631 ], [ -72.930616472307705, 7.120926810958904 ], [ -72.930344428000012, 7.120926810958904 ], [ -72.930344428000012, 7.120657813698631 ], [ -72.929528295076935, 7.120657813698631 ], [ -72.929528295076935, 7.120926810958904 ], [ -72.929800339384627, 7.120926810958904 ], [ -72.929800339384627, 7.121464805479452 ], [ -72.929528295076935, 7.121464805479452 ], [ -72.929528295076935, 7.121733802739726 ], [ -72.929256250769242, 7.121733802739726 ], [ -72.929256250769242, 7.1220028 ], [ -72.92898420646155, 7.1220028 ], [ -72.92898420646155, 7.122540794520548 ], [ -72.928712162153857, 7.122540794520548 ], [ -72.928712162153857, 7.122809791780822 ], [ -72.928440117846165, 7.122809791780822 ], [ -72.928440117846165, 7.123078789041096 ], [ -72.928168073538473, 7.123078789041096 ], [ -72.928168073538473, 7.122809791780822 ], [ -72.92789602923078, 7.122809791780822 ], [ -72.92789602923078, 7.122271797260274 ], [ -72.928168073538473, 7.122271797260274 ], [ -72.928168073538473, 7.122540794520548 ], [ -72.928440117846165, 7.122540794520548 ], [ -72.928440117846165, 7.1220028 ], [ -72.928712162153857, 7.1220028 ], [ -72.928712162153857, 7.121464805479452 ] ] ], [ [ [ -72.927351940615395, 7.1220028 ], [ -72.927623984923088, 7.1220028 ], [ -72.927623984923088, 7.122271797260274 ], [ -72.927351940615395, 7.122271797260274 ], [ -72.927351940615395, 7.1220028 ] ] ], [ [ [ -72.93007238369232, 7.1220028 ], [ -72.930344428000012, 7.1220028 ], [ -72.930344428000012, 7.122271797260274 ], [ -72.93007238369232, 7.122271797260274 ], [ -72.93007238369232, 7.1220028 ] ] ], [ [ [ -72.929256250769242, 7.122540794520548 ], [ -72.929528295076935, 7.122540794520548 ], [ -72.929528295076935, 7.122809791780822 ], [ -72.929256250769242, 7.122809791780822 ], [ -72.929256250769242, 7.122540794520548 ] ] ], [ [ [ -72.927623984923088, 7.123347786301371 ], [ -72.927351940615395, 7.123347786301371 ], [ -72.927351940615395, 7.123616783561644 ], [ -72.92680785200001, 7.123616783561644 ], [ -72.92680785200001, 7.123885780821918 ], [ -72.926535807692318, 7.123885780821918 ], [ -72.926535807692318, 7.123347786301371 ], [ -72.92680785200001, 7.123347786301371 ], [ -72.92680785200001, 7.122540794520548 ], [ -72.927623984923088, 7.122540794520548 ], [ -72.927623984923088, 7.122809791780822 ], [ -72.927351940615395, 7.122809791780822 ], [ -72.927351940615395, 7.123078789041096 ], [ -72.927623984923088, 7.123078789041096 ], [ -72.927623984923088, 7.123347786301371 ] ] ], [ [ [ -72.93007238369232, 7.123347786301371 ], [ -72.930344428000012, 7.123347786301371 ], [ -72.930344428000012, 7.123616783561644 ], [ -72.929800339384627, 7.123616783561644 ], [ -72.929800339384627, 7.122809791780822 ], [ -72.93007238369232, 7.122809791780822 ], [ -72.93007238369232, 7.123347786301371 ] ] ], [ [ [ -72.92789602923078, 7.123885780821918 ], [ -72.928168073538473, 7.123885780821918 ], [ -72.928168073538473, 7.124154778082192 ], [ -72.92789602923078, 7.124154778082192 ], [ -72.92789602923078, 7.123885780821918 ] ] ], [ [ [ -72.92789602923078, 7.124423775342466 ], [ -72.928168073538473, 7.124423775342466 ], [ -72.928168073538473, 7.12469277260274 ], [ -72.927351940615395, 7.12469277260274 ], [ -72.927351940615395, 7.124154778082192 ], [ -72.92789602923078, 7.124154778082192 ], [ -72.92789602923078, 7.124423775342466 ] ] ], [ [ [ -72.93007238369232, 7.124154778082192 ], [ -72.930616472307705, 7.124154778082192 ], [ -72.930616472307705, 7.12469277260274 ], [ -72.93007238369232, 7.12469277260274 ], [ -72.93007238369232, 7.124154778082192 ] ] ], [ [ [ -72.928712162153857, 7.125230767123288 ], [ -72.928712162153857, 7.124961769863014 ], [ -72.92898420646155, 7.124961769863014 ], [ -72.92898420646155, 7.125230767123288 ], [ -72.928712162153857, 7.125230767123288 ] ] ], [ [ [ -72.93007238369232, 7.125768761643836 ], [ -72.930344428000012, 7.125768761643836 ], [ -72.930344428000012, 7.12603775890411 ], [ -72.930616472307705, 7.12603775890411 ], [ -72.930616472307705, 7.126844750684932 ], [ -72.930888516615383, 7.126844750684932 ], [ -72.930888516615383, 7.127113747945206 ], [ -72.931160560923075, 7.127113747945206 ], [ -72.931160560923075, 7.127382745205479 ], [ -72.931432605230768, 7.127382745205479 ], [ -72.931432605230768, 7.127920739726028 ], [ -72.931160560923075, 7.127920739726028 ], [ -72.931160560923075, 7.127651742465754 ], [ -72.930888516615383, 7.127651742465754 ], [ -72.930888516615383, 7.128189736986302 ], [ -72.930616472307705, 7.128189736986302 ], [ -72.930616472307705, 7.128996728767124 ], [ -72.93007238369232, 7.128996728767124 ], [ -72.93007238369232, 7.128458734246576 ], [ -72.929800339384627, 7.128458734246576 ], [ -72.929800339384627, 7.128189736986302 ], [ -72.93007238369232, 7.128189736986302 ], [ -72.93007238369232, 7.127382745205479 ], [ -72.929528295076935, 7.127382745205479 ], [ -72.929528295076935, 7.126575753424658 ], [ -72.92898420646155, 7.126575753424658 ], [ -72.92898420646155, 7.126306756164384 ], [ -72.928712162153857, 7.126306756164384 ], [ -72.928712162153857, 7.125768761643836 ], [ -72.92898420646155, 7.125768761643836 ], [ -72.92898420646155, 7.125230767123288 ], [ -72.929256250769242, 7.125230767123288 ], [ -72.929256250769242, 7.124961769863014 ], [ -72.929528295076935, 7.124961769863014 ], [ -72.929528295076935, 7.12469277260274 ], [ -72.929800339384627, 7.12469277260274 ], [ -72.929800339384627, 7.125499764383562 ], [ -72.93007238369232, 7.125499764383562 ], [ -72.93007238369232, 7.125768761643836 ] ] ], [ [ [ -72.928440117846165, 7.127382745205479 ], [ -72.928712162153857, 7.127382745205479 ], [ -72.928712162153857, 7.127920739726028 ], [ -72.928440117846165, 7.127920739726028 ], [ -72.928440117846165, 7.128189736986302 ], [ -72.928712162153857, 7.128189736986302 ], [ -72.928712162153857, 7.128458734246576 ], [ -72.92898420646155, 7.128458734246576 ], [ -72.92898420646155, 7.128727731506849 ], [ -72.928440117846165, 7.128727731506849 ], [ -72.928440117846165, 7.128996728767124 ], [ -72.928712162153857, 7.128996728767124 ], [ -72.928712162153857, 7.129265726027397 ], [ -72.928440117846165, 7.129265726027397 ], [ -72.928440117846165, 7.129534723287672 ], [ -72.928168073538473, 7.129534723287672 ], [ -72.928168073538473, 7.129265726027397 ], [ -72.92789602923078, 7.129265726027397 ], [ -72.92789602923078, 7.128996728767124 ], [ -72.927623984923088, 7.128996728767124 ], [ -72.927623984923088, 7.128727731506849 ], [ -72.927351940615395, 7.128727731506849 ], [ -72.927351940615395, 7.128189736986302 ], [ -72.92680785200001, 7.128189736986302 ], [ -72.92680785200001, 7.128458734246576 ], [ -72.926535807692318, 7.128458734246576 ], [ -72.926535807692318, 7.127651742465754 ], [ -72.92571967476924, 7.127651742465754 ], [ -72.92571967476924, 7.126844750684932 ], [ -72.925447630461548, 7.126844750684932 ], [ -72.925447630461548, 7.127113747945206 ], [ -72.925175586153856, 7.127113747945206 ], [ -72.925175586153856, 7.126844750684932 ], [ -72.924631497538471, 7.126844750684932 ], [ -72.924631497538471, 7.126575753424658 ], [ -72.925175586153856, 7.126575753424658 ], [ -72.925175586153856, 7.126306756164384 ], [ -72.925447630461548, 7.126306756164384 ], [ -72.925447630461548, 7.12603775890411 ], [ -72.92571967476924, 7.12603775890411 ], [ -72.92571967476924, 7.125768761643836 ], [ -72.926263763384625, 7.125768761643836 ], [ -72.926263763384625, 7.125230767123288 ], [ -72.92680785200001, 7.125230767123288 ], [ -72.92680785200001, 7.12603775890411 ], [ -72.927079896307703, 7.12603775890411 ], [ -72.927079896307703, 7.125768761643836 ], [ -72.927623984923088, 7.125768761643836 ], [ -72.927623984923088, 7.125499764383562 ], [ -72.927351940615395, 7.125499764383562 ], [ -72.927351940615395, 7.124961769863014 ], [ -72.92789602923078, 7.124961769863014 ], [ -72.92789602923078, 7.125499764383562 ], [ -72.928168073538473, 7.125499764383562 ], [ -72.928168073538473, 7.124961769863014 ], [ -72.928440117846165, 7.124961769863014 ], [ -72.928440117846165, 7.125499764383562 ], [ -72.928712162153857, 7.125499764383562 ], [ -72.928712162153857, 7.125768761643836 ], [ -72.928440117846165, 7.125768761643836 ], [ -72.928440117846165, 7.126575753424658 ], [ -72.928168073538473, 7.126575753424658 ], [ -72.928168073538473, 7.126844750684932 ], [ -72.92789602923078, 7.126844750684932 ], [ -72.92789602923078, 7.126575753424658 ], [ -72.927623984923088, 7.126575753424658 ], [ -72.927623984923088, 7.127113747945206 ], [ -72.928440117846165, 7.127113747945206 ], [ -72.928440117846165, 7.127382745205479 ] ], [ [ -72.927079896307703, 7.127113747945206 ], [ -72.927079896307703, 7.127920739726028 ], [ -72.927351940615395, 7.127920739726028 ], [ -72.927351940615395, 7.127113747945206 ], [ -72.927079896307703, 7.127113747945206 ] ] ], [ [ [ -72.929256250769242, 7.127651742465754 ], [ -72.929256250769242, 7.127382745205479 ], [ -72.929528295076935, 7.127382745205479 ], [ -72.929528295076935, 7.127651742465754 ], [ -72.929256250769242, 7.127651742465754 ] ] ], [ [ [ -72.929528295076935, 7.127651742465754 ], [ -72.929800339384627, 7.127651742465754 ], [ -72.929800339384627, 7.128189736986302 ], [ -72.929528295076935, 7.128189736986302 ], [ -72.929528295076935, 7.127651742465754 ] ] ], [ [ [ -72.929528295076935, 7.128458734246576 ], [ -72.929800339384627, 7.128458734246576 ], [ -72.929800339384627, 7.128727731506849 ], [ -72.929528295076935, 7.128727731506849 ], [ -72.929528295076935, 7.128458734246576 ] ] ], [ [ [ -72.92789602923078, 7.129803720547946 ], [ -72.92789602923078, 7.129534723287672 ], [ -72.928168073538473, 7.129534723287672 ], [ -72.928168073538473, 7.129803720547946 ], [ -72.92789602923078, 7.129803720547946 ] ] ], [ [ [ -72.928440117846165, 7.129534723287672 ], [ -72.928712162153857, 7.129534723287672 ], [ -72.928712162153857, 7.130072717808219 ], [ -72.928440117846165, 7.130072717808219 ], [ -72.928440117846165, 7.129534723287672 ] ] ], [ [ [ -72.930344428000012, 7.129265726027397 ], [ -72.930616472307705, 7.129265726027397 ], [ -72.930616472307705, 7.130341715068494 ], [ -72.93007238369232, 7.130341715068494 ], [ -72.93007238369232, 7.129803720547946 ], [ -72.930344428000012, 7.129803720547946 ], [ -72.930344428000012, 7.129265726027397 ] ] ], [ [ [ -72.929256250769242, 7.130879709589041 ], [ -72.929256250769242, 7.130341715068494 ], [ -72.92898420646155, 7.130341715068494 ], [ -72.92898420646155, 7.129803720547946 ], [ -72.929528295076935, 7.129803720547946 ], [ -72.929528295076935, 7.130341715068494 ], [ -72.93007238369232, 7.130341715068494 ], [ -72.93007238369232, 7.130610712328767 ], [ -72.929528295076935, 7.130610712328767 ], [ -72.929528295076935, 7.131148706849316 ], [ -72.92898420646155, 7.131148706849316 ], [ -72.92898420646155, 7.131955698630137 ], [ -72.928712162153857, 7.131955698630137 ], [ -72.928712162153857, 7.132493693150685 ], [ -72.928440117846165, 7.132493693150685 ], [ -72.928440117846165, 7.131417704109589 ], [ -72.928168073538473, 7.131417704109589 ], [ -72.928168073538473, 7.130879709589041 ], [ -72.928440117846165, 7.130879709589041 ], [ -72.928440117846165, 7.130610712328767 ], [ -72.928712162153857, 7.130610712328767 ], [ -72.928712162153857, 7.130879709589041 ], [ -72.929256250769242, 7.130879709589041 ] ] ], [ [ [ -72.925991719076933, 7.132224695890411 ], [ -72.925991719076933, 7.131955698630137 ], [ -72.926263763384625, 7.131955698630137 ], [ -72.926263763384625, 7.131686701369864 ], [ -72.926535807692318, 7.131686701369864 ], [ -72.926535807692318, 7.131417704109589 ], [ -72.92680785200001, 7.131417704109589 ], [ -72.92680785200001, 7.131148706849316 ], [ -72.927351940615395, 7.131148706849316 ], [ -72.927351940615395, 7.130879709589041 ], [ -72.927623984923088, 7.130879709589041 ], [ -72.927623984923088, 7.131417704109589 ], [ -72.927079896307703, 7.131417704109589 ], [ -72.927079896307703, 7.132224695890411 ], [ -72.925991719076933, 7.132224695890411 ] ], [ [ -72.926535807692318, 7.131955698630137 ], [ -72.92680785200001, 7.131955698630137 ], [ -72.92680785200001, 7.131686701369864 ], [ -72.926535807692318, 7.131686701369864 ], [ -72.926535807692318, 7.131955698630137 ] ] ], [ [ [ -72.930344428000012, 7.132224695890411 ], [ -72.93007238369232, 7.132224695890411 ], [ -72.93007238369232, 7.131686701369864 ], [ -72.930344428000012, 7.131686701369864 ], [ -72.930344428000012, 7.131417704109589 ], [ -72.930616472307705, 7.131417704109589 ], [ -72.930616472307705, 7.132493693150685 ], [ -72.930344428000012, 7.132493693150685 ], [ -72.930344428000012, 7.132224695890411 ] ] ], [ [ [ -72.927623984923088, 7.132493693150685 ], [ -72.927623984923088, 7.132224695890411 ], [ -72.92789602923078, 7.132224695890411 ], [ -72.92789602923078, 7.132493693150685 ], [ -72.927623984923088, 7.132493693150685 ] ] ], [ [ [ -72.92898420646155, 7.131955698630137 ], [ -72.929256250769242, 7.131955698630137 ], [ -72.929256250769242, 7.132762690410959 ], [ -72.92898420646155, 7.132762690410959 ], [ -72.92898420646155, 7.131955698630137 ] ] ], [ [ [ -72.926535807692318, 7.132762690410959 ], [ -72.92680785200001, 7.132762690410959 ], [ -72.92680785200001, 7.133031687671234 ], [ -72.926535807692318, 7.133031687671234 ], [ -72.926535807692318, 7.132762690410959 ] ] ], [ [ [ -72.92680785200001, 7.134376673972604 ], [ -72.92680785200001, 7.134107676712329 ], [ -72.927079896307703, 7.134107676712329 ], [ -72.927079896307703, 7.134376673972604 ], [ -72.92680785200001, 7.134376673972604 ] ] ], [ [ [ -72.929800339384627, 7.135452663013699 ], [ -72.93007238369232, 7.135452663013699 ], [ -72.93007238369232, 7.135721660273973 ], [ -72.929800339384627, 7.135721660273973 ], [ -72.929800339384627, 7.135452663013699 ] ] ], [ [ [ -72.93007238369232, 7.135721660273973 ], [ -72.930616472307705, 7.135721660273973 ], [ -72.930616472307705, 7.136259654794521 ], [ -72.930888516615383, 7.136259654794521 ], [ -72.930888516615383, 7.136528652054795 ], [ -72.930616472307705, 7.136528652054795 ], [ -72.930616472307705, 7.136797649315069 ], [ -72.930344428000012, 7.136797649315069 ], [ -72.930344428000012, 7.135990657534247 ], [ -72.93007238369232, 7.135990657534247 ], [ -72.93007238369232, 7.135721660273973 ] ] ], [ [ [ -72.930616472307705, 7.136797649315069 ], [ -72.930888516615383, 7.136797649315069 ], [ -72.930888516615383, 7.137066646575343 ], [ -72.930616472307705, 7.137066646575343 ], [ -72.930616472307705, 7.136797649315069 ] ] ], [ [ [ -72.928712162153857, 7.141370602739727 ], [ -72.92898420646155, 7.141370602739727 ], [ -72.92898420646155, 7.1416396 ], [ -72.928712162153857, 7.1416396 ], [ -72.928712162153857, 7.141370602739727 ] ] ], [ [ [ -72.923543320307701, 7.08676415890411 ], [ -72.923815364615393, 7.08676415890411 ], [ -72.923815364615393, 7.087033156164384 ], [ -72.923543320307701, 7.087033156164384 ], [ -72.923543320307701, 7.08676415890411 ] ] ], [ [ [ -72.925447630461548, 7.087033156164384 ], [ -72.92571967476924, 7.087033156164384 ], [ -72.92571967476924, 7.087302153424658 ], [ -72.925447630461548, 7.087302153424658 ], [ -72.925447630461548, 7.087033156164384 ] ] ], [ [ [ -72.922999231692316, 7.087840147945205 ], [ -72.922999231692316, 7.087302153424658 ], [ -72.923543320307701, 7.087302153424658 ], [ -72.923543320307701, 7.087840147945205 ], [ -72.922999231692316, 7.087840147945205 ] ] ], [ [ [ -72.922999231692316, 7.088647139726028 ], [ -72.923271276, 7.088647139726028 ], [ -72.923271276, 7.088916136986302 ], [ -72.922999231692316, 7.088916136986302 ], [ -72.922999231692316, 7.088647139726028 ] ] ], [ [ [ -72.923543320307701, 7.08945413150685 ], [ -72.923271276, 7.08945413150685 ], [ -72.923271276, 7.088916136986302 ], [ -72.923543320307701, 7.088916136986302 ], [ -72.923543320307701, 7.08945413150685 ] ] ], [ [ [ -72.923543320307701, 7.089992126027397 ], [ -72.923543320307701, 7.089723128767123 ], [ -72.923815364615393, 7.089723128767123 ], [ -72.923815364615393, 7.089992126027397 ], [ -72.923543320307701, 7.089992126027397 ] ] ], [ [ [ -72.923815364615393, 7.089992126027397 ], [ -72.924087408923086, 7.089992126027397 ], [ -72.924087408923086, 7.090530120547945 ], [ -72.923543320307701, 7.090530120547945 ], [ -72.923543320307701, 7.090261123287672 ], [ -72.923815364615393, 7.090261123287672 ], [ -72.923815364615393, 7.089992126027397 ] ] ], [ [ [ -72.924903541846163, 7.090261123287672 ], [ -72.925175586153856, 7.090261123287672 ], [ -72.925175586153856, 7.090530120547945 ], [ -72.924903541846163, 7.090530120547945 ], [ -72.924903541846163, 7.090261123287672 ] ] ], [ [ [ -72.922727187384623, 7.090530120547945 ], [ -72.922727187384623, 7.090261123287672 ], [ -72.922999231692316, 7.090261123287672 ], [ -72.922999231692316, 7.090530120547945 ], [ -72.922727187384623, 7.090530120547945 ] ] ], [ [ [ -72.925447630461548, 7.090261123287672 ], [ -72.92571967476924, 7.090261123287672 ], [ -72.92571967476924, 7.09079911780822 ], [ -72.925175586153856, 7.09079911780822 ], [ -72.925175586153856, 7.090530120547945 ], [ -72.925447630461548, 7.090530120547945 ], [ -72.925447630461548, 7.090261123287672 ] ] ], [ [ [ -72.924087408923086, 7.09079911780822 ], [ -72.924359453230778, 7.09079911780822 ], [ -72.924359453230778, 7.091068115068493 ], [ -72.924087408923086, 7.091068115068493 ], [ -72.924087408923086, 7.09079911780822 ] ] ], [ [ [ -72.92571967476924, 7.091606109589041 ], [ -72.92571967476924, 7.09079911780822 ], [ -72.925991719076933, 7.09079911780822 ], [ -72.925991719076933, 7.091068115068493 ], [ -72.926263763384625, 7.091068115068493 ], [ -72.926263763384625, 7.091337112328767 ], [ -72.925991719076933, 7.091337112328767 ], [ -72.925991719076933, 7.091606109589041 ], [ -72.92571967476924, 7.091606109589041 ] ] ], [ [ [ -72.922727187384623, 7.091068115068493 ], [ -72.923271276, 7.091068115068493 ], [ -72.923271276, 7.091337112328767 ], [ -72.922727187384623, 7.091337112328767 ], [ -72.922727187384623, 7.091068115068493 ] ] ], [ [ [ -72.924631497538471, 7.091337112328767 ], [ -72.924903541846163, 7.091337112328767 ], [ -72.924903541846163, 7.091606109589041 ], [ -72.924631497538471, 7.091606109589041 ], [ -72.924631497538471, 7.091337112328767 ] ] ], [ [ [ -72.923271276, 7.091337112328767 ], [ -72.923543320307701, 7.091337112328767 ], [ -72.923543320307701, 7.091606109589041 ], [ -72.923271276, 7.091606109589041 ], [ -72.923271276, 7.091337112328767 ] ] ], [ [ [ -72.924087408923086, 7.091606109589041 ], [ -72.924087408923086, 7.091875106849315 ], [ -72.923543320307701, 7.091875106849315 ], [ -72.923543320307701, 7.091606109589041 ], [ -72.924087408923086, 7.091606109589041 ] ] ], [ [ [ -72.923271276, 7.091606109589041 ], [ -72.923271276, 7.091875106849315 ], [ -72.923543320307701, 7.091875106849315 ], [ -72.923543320307701, 7.09214410410959 ], [ -72.922999231692316, 7.09214410410959 ], [ -72.922999231692316, 7.091606109589041 ], [ -72.923271276, 7.091606109589041 ] ] ], [ [ [ -72.924903541846163, 7.091606109589041 ], [ -72.925175586153856, 7.091606109589041 ], [ -72.925175586153856, 7.09214410410959 ], [ -72.924631497538471, 7.09214410410959 ], [ -72.924631497538471, 7.091875106849315 ], [ -72.924903541846163, 7.091875106849315 ], [ -72.924903541846163, 7.091606109589041 ] ] ], [ [ [ -72.926263763384625, 7.091875106849315 ], [ -72.926535807692318, 7.091875106849315 ], [ -72.926535807692318, 7.09214410410959 ], [ -72.926263763384625, 7.09214410410959 ], [ -72.926263763384625, 7.091875106849315 ] ] ], [ [ [ -72.924359453230778, 7.092413101369863 ], [ -72.924087408923086, 7.092413101369863 ], [ -72.924087408923086, 7.091875106849315 ], [ -72.924359453230778, 7.091875106849315 ], [ -72.924359453230778, 7.09214410410959 ], [ -72.924631497538471, 7.09214410410959 ], [ -72.924631497538471, 7.092682098630137 ], [ -72.924359453230778, 7.092682098630137 ], [ -72.924359453230778, 7.092413101369863 ] ] ], [ [ [ -72.924631497538471, 7.092951095890411 ], [ -72.924631497538471, 7.092682098630137 ], [ -72.925175586153856, 7.092682098630137 ], [ -72.925175586153856, 7.092951095890411 ], [ -72.924631497538471, 7.092951095890411 ] ] ], [ [ [ -72.923543320307701, 7.092682098630137 ], [ -72.924087408923086, 7.092682098630137 ], [ -72.924087408923086, 7.093220093150685 ], [ -72.923815364615393, 7.093220093150685 ], [ -72.923815364615393, 7.092951095890411 ], [ -72.923543320307701, 7.092951095890411 ], [ -72.923543320307701, 7.092682098630137 ] ] ], [ [ [ -72.926263763384625, 7.092682098630137 ], [ -72.926535807692318, 7.092682098630137 ], [ -72.926535807692318, 7.093220093150685 ], [ -72.926263763384625, 7.093220093150685 ], [ -72.926263763384625, 7.092682098630137 ] ] ], [ [ [ -72.924631497538471, 7.093220093150685 ], [ -72.924903541846163, 7.093220093150685 ], [ -72.924903541846163, 7.09348909041096 ], [ -72.924631497538471, 7.09348909041096 ], [ -72.924631497538471, 7.093220093150685 ] ] ], [ [ [ -72.925447630461548, 7.093220093150685 ], [ -72.92571967476924, 7.093220093150685 ], [ -72.92571967476924, 7.093758087671233 ], [ -72.925447630461548, 7.093758087671233 ], [ -72.925447630461548, 7.093220093150685 ] ] ], [ [ [ -72.924087408923086, 7.09348909041096 ], [ -72.924359453230778, 7.09348909041096 ], [ -72.924359453230778, 7.093758087671233 ], [ -72.924087408923086, 7.093758087671233 ], [ -72.924087408923086, 7.09348909041096 ] ] ], [ [ [ -72.922455143076931, 7.09348909041096 ], [ -72.923271276, 7.09348909041096 ], [ -72.923271276, 7.093758087671233 ], [ -72.922455143076931, 7.093758087671233 ], [ -72.922455143076931, 7.09348909041096 ] ] ], [ [ [ -72.925175586153856, 7.094027084931507 ], [ -72.925175586153856, 7.093758087671233 ], [ -72.925447630461548, 7.093758087671233 ], [ -72.925447630461548, 7.094027084931507 ], [ -72.925175586153856, 7.094027084931507 ] ] ], [ [ [ -72.923543320307701, 7.093758087671233 ], [ -72.923815364615393, 7.093758087671233 ], [ -72.923815364615393, 7.094027084931507 ], [ -72.923543320307701, 7.094027084931507 ], [ -72.923543320307701, 7.093758087671233 ] ] ], [ [ [ -72.924359453230778, 7.093758087671233 ], [ -72.924631497538471, 7.093758087671233 ], [ -72.924631497538471, 7.094027084931507 ], [ -72.924359453230778, 7.094027084931507 ], [ -72.924359453230778, 7.093758087671233 ] ] ], [ [ [ -72.923815364615393, 7.094565079452055 ], [ -72.923815364615393, 7.094296082191781 ], [ -72.924087408923086, 7.094296082191781 ], [ -72.924087408923086, 7.094565079452055 ], [ -72.923815364615393, 7.094565079452055 ] ] ], [ [ [ -72.922999231692316, 7.094296082191781 ], [ -72.923271276, 7.094296082191781 ], [ -72.923271276, 7.094834076712329 ], [ -72.922999231692316, 7.094834076712329 ], [ -72.922999231692316, 7.094296082191781 ] ] ], [ [ [ -72.924631497538471, 7.094565079452055 ], [ -72.925175586153856, 7.094565079452055 ], [ -72.925175586153856, 7.094296082191781 ], [ -72.92571967476924, 7.094296082191781 ], [ -72.92571967476924, 7.094027084931507 ], [ -72.927351940615395, 7.094027084931507 ], [ -72.927351940615395, 7.094834076712329 ], [ -72.927079896307703, 7.094834076712329 ], [ -72.927079896307703, 7.095103073972603 ], [ -72.926263763384625, 7.095103073972603 ], [ -72.926263763384625, 7.095372071232877 ], [ -72.925991719076933, 7.095372071232877 ], [ -72.925991719076933, 7.095641068493151 ], [ -72.925447630461548, 7.095641068493151 ], [ -72.925447630461548, 7.095910065753425 ], [ -72.92571967476924, 7.095910065753425 ], [ -72.92571967476924, 7.096179063013698 ], [ -72.924903541846163, 7.096179063013698 ], [ -72.924903541846163, 7.095910065753425 ], [ -72.924631497538471, 7.095910065753425 ], [ -72.924631497538471, 7.095372071232877 ], [ -72.924087408923086, 7.095372071232877 ], [ -72.924087408923086, 7.095103073972603 ], [ -72.924359453230778, 7.095103073972603 ], [ -72.924359453230778, 7.094834076712329 ], [ -72.924631497538471, 7.094834076712329 ], [ -72.924631497538471, 7.094565079452055 ] ] ], [ [ [ -72.923815364615393, 7.095372071232877 ], [ -72.924087408923086, 7.095372071232877 ], [ -72.924087408923086, 7.095641068493151 ], [ -72.923815364615393, 7.095641068493151 ], [ -72.923815364615393, 7.095372071232877 ] ] ], [ [ [ -72.923543320307701, 7.095641068493151 ], [ -72.923815364615393, 7.095641068493151 ], [ -72.923815364615393, 7.095910065753425 ], [ -72.923543320307701, 7.095910065753425 ], [ -72.923543320307701, 7.095641068493151 ] ] ], [ [ [ -72.926263763384625, 7.095641068493151 ], [ -72.92680785200001, 7.095641068493151 ], [ -72.92680785200001, 7.095910065753425 ], [ -72.926263763384625, 7.095910065753425 ], [ -72.926263763384625, 7.095641068493151 ] ] ], [ [ [ -72.922999231692316, 7.095910065753425 ], [ -72.923271276, 7.095910065753425 ], [ -72.923271276, 7.096448060273973 ], [ -72.922999231692316, 7.096448060273973 ], [ -72.922999231692316, 7.095910065753425 ] ] ], [ [ [ -72.922727187384623, 7.096448060273973 ], [ -72.922999231692316, 7.096448060273973 ], [ -72.922999231692316, 7.096717057534247 ], [ -72.922727187384623, 7.096717057534247 ], [ -72.922727187384623, 7.096448060273973 ] ] ], [ [ [ -72.925175586153856, 7.097255052054795 ], [ -72.92571967476924, 7.097255052054795 ], [ -72.92571967476924, 7.097793046575343 ], [ -72.925447630461548, 7.097793046575343 ], [ -72.925447630461548, 7.097524049315068 ], [ -72.925175586153856, 7.097524049315068 ], [ -72.925175586153856, 7.097255052054795 ] ] ], [ [ [ -72.925175586153856, 7.098331041095891 ], [ -72.925175586153856, 7.097793046575343 ], [ -72.925447630461548, 7.097793046575343 ], [ -72.925447630461548, 7.098062043835617 ], [ -72.92571967476924, 7.098062043835617 ], [ -72.92571967476924, 7.098331041095891 ], [ -72.926263763384625, 7.098331041095891 ], [ -72.926263763384625, 7.098600038356165 ], [ -72.926535807692318, 7.098600038356165 ], [ -72.926535807692318, 7.099138032876713 ], [ -72.92680785200001, 7.099138032876713 ], [ -72.92680785200001, 7.099407030136986 ], [ -72.926535807692318, 7.099407030136986 ], [ -72.926535807692318, 7.09967602739726 ], [ -72.925991719076933, 7.09967602739726 ], [ -72.925991719076933, 7.099407030136986 ], [ -72.92571967476924, 7.099407030136986 ], [ -72.92571967476924, 7.098869035616438 ], [ -72.925175586153856, 7.098869035616438 ], [ -72.925175586153856, 7.098600038356165 ], [ -72.924903541846163, 7.098600038356165 ], [ -72.924903541846163, 7.098331041095891 ], [ -72.925175586153856, 7.098331041095891 ] ] ], [ [ [ -72.924631497538471, 7.099138032876713 ], [ -72.924903541846163, 7.099138032876713 ], [ -72.924903541846163, 7.099407030136986 ], [ -72.924631497538471, 7.099407030136986 ], [ -72.924631497538471, 7.099138032876713 ] ] ], [ [ [ -72.923543320307701, 7.099407030136986 ], [ -72.923815364615393, 7.099407030136986 ], [ -72.923815364615393, 7.09967602739726 ], [ -72.923543320307701, 7.09967602739726 ], [ -72.923543320307701, 7.099407030136986 ] ] ], [ [ [ -72.924631497538471, 7.099945024657535 ], [ -72.924631497538471, 7.09967602739726 ], [ -72.924903541846163, 7.09967602739726 ], [ -72.924903541846163, 7.099945024657535 ], [ -72.924631497538471, 7.099945024657535 ] ] ], [ [ [ -72.925447630461548, 7.099945024657535 ], [ -72.92571967476924, 7.099945024657535 ], [ -72.92571967476924, 7.100214021917808 ], [ -72.925447630461548, 7.100214021917808 ], [ -72.925447630461548, 7.099945024657535 ] ] ], [ [ [ -72.926263763384625, 7.100214021917808 ], [ -72.925991719076933, 7.100214021917808 ], [ -72.925991719076933, 7.099945024657535 ], [ -72.926535807692318, 7.099945024657535 ], [ -72.926535807692318, 7.100214021917808 ], [ -72.92680785200001, 7.100214021917808 ], [ -72.92680785200001, 7.100483019178083 ], [ -72.926263763384625, 7.100483019178083 ], [ -72.926263763384625, 7.100214021917808 ] ] ], [ [ [ -72.926263763384625, 7.101828005479453 ], [ -72.926263763384625, 7.102097002739726 ], [ -72.925175586153856, 7.102097002739726 ], [ -72.925175586153856, 7.101828005479453 ], [ -72.924903541846163, 7.101828005479453 ], [ -72.924903541846163, 7.10102101369863 ], [ -72.925175586153856, 7.10102101369863 ], [ -72.925175586153856, 7.101559008219178 ], [ -72.925991719076933, 7.101559008219178 ], [ -72.925991719076933, 7.101828005479453 ], [ -72.926263763384625, 7.101828005479453 ] ] ], [ [ [ -72.922455143076931, 7.102097002739726 ], [ -72.922999231692316, 7.102097002739726 ], [ -72.922999231692316, 7.102634997260274 ], [ -72.922727187384623, 7.102634997260274 ], [ -72.922727187384623, 7.102366 ], [ -72.922455143076931, 7.102366 ], [ -72.922455143076931, 7.102097002739726 ] ] ], [ [ [ -72.922999231692316, 7.104517978082192 ], [ -72.923271276, 7.104517978082192 ], [ -72.923271276, 7.104786975342466 ], [ -72.922999231692316, 7.104786975342466 ], [ -72.922999231692316, 7.104517978082192 ] ] ], [ [ [ -72.922727187384623, 7.104786975342466 ], [ -72.922999231692316, 7.104786975342466 ], [ -72.922999231692316, 7.10505597260274 ], [ -72.922727187384623, 7.10505597260274 ], [ -72.922727187384623, 7.104786975342466 ] ] ], [ [ [ -72.923271276, 7.10505597260274 ], [ -72.923815364615393, 7.10505597260274 ], [ -72.923815364615393, 7.105324969863014 ], [ -72.923271276, 7.105324969863014 ], [ -72.923271276, 7.10505597260274 ] ] ], [ [ [ -72.923815364615393, 7.113663884931507 ], [ -72.924087408923086, 7.113663884931507 ], [ -72.924087408923086, 7.114201879452055 ], [ -72.923815364615393, 7.114201879452055 ], [ -72.923815364615393, 7.113663884931507 ] ] ], [ [ [ -72.924359453230778, 7.114201879452055 ], [ -72.924631497538471, 7.114201879452055 ], [ -72.924631497538471, 7.114470876712329 ], [ -72.924359453230778, 7.114470876712329 ], [ -72.924359453230778, 7.114201879452055 ] ] ], [ [ [ -72.923543320307701, 7.115008871232877 ], [ -72.923815364615393, 7.115008871232877 ], [ -72.923815364615393, 7.115277868493151 ], [ -72.923543320307701, 7.115277868493151 ], [ -72.923543320307701, 7.115008871232877 ] ] ], [ [ [ -72.925447630461548, 7.115277868493151 ], [ -72.92571967476924, 7.115277868493151 ], [ -72.92571967476924, 7.115546865753425 ], [ -72.925447630461548, 7.115546865753425 ], [ -72.925447630461548, 7.115277868493151 ] ] ], [ [ [ -72.922999231692316, 7.115277868493151 ], [ -72.923543320307701, 7.115277868493151 ], [ -72.923543320307701, 7.115546865753425 ], [ -72.922999231692316, 7.115546865753425 ], [ -72.922999231692316, 7.115277868493151 ] ] ], [ [ [ -72.924631497538471, 7.115815863013699 ], [ -72.924631497538471, 7.115277868493151 ], [ -72.924903541846163, 7.115277868493151 ], [ -72.924903541846163, 7.115815863013699 ], [ -72.924631497538471, 7.115815863013699 ] ] ], [ [ [ -72.924903541846163, 7.115815863013699 ], [ -72.925175586153856, 7.115815863013699 ], [ -72.925175586153856, 7.116084860273973 ], [ -72.924903541846163, 7.116084860273973 ], [ -72.924903541846163, 7.115815863013699 ] ] ], [ [ [ -72.923271276, 7.115815863013699 ], [ -72.923543320307701, 7.115815863013699 ], [ -72.923543320307701, 7.116084860273973 ], [ -72.923271276, 7.116084860273973 ], [ -72.923271276, 7.115815863013699 ] ] ], [ [ [ -72.923271276, 7.116891852054795 ], [ -72.923271276, 7.116353857534247 ], [ -72.923543320307701, 7.116353857534247 ], [ -72.923543320307701, 7.116891852054795 ], [ -72.923271276, 7.116891852054795 ] ] ], [ [ [ -72.926263763384625, 7.116891852054795 ], [ -72.926535807692318, 7.116891852054795 ], [ -72.926535807692318, 7.117160849315069 ], [ -72.926263763384625, 7.117160849315069 ], [ -72.926263763384625, 7.116891852054795 ] ] ], [ [ [ -72.92571967476924, 7.118236838356164 ], [ -72.925991719076933, 7.118236838356164 ], [ -72.925991719076933, 7.118505835616439 ], [ -72.92571967476924, 7.118505835616439 ], [ -72.92571967476924, 7.118236838356164 ] ] ], [ [ [ -72.924631497538471, 7.118505835616439 ], [ -72.924359453230778, 7.118505835616439 ], [ -72.924359453230778, 7.118774832876713 ], [ -72.924087408923086, 7.118774832876713 ], [ -72.924087408923086, 7.118236838356164 ], [ -72.924631497538471, 7.118236838356164 ], [ -72.924631497538471, 7.118505835616439 ] ] ], [ [ [ -72.925175586153856, 7.119312827397261 ], [ -72.924359453230778, 7.119312827397261 ], [ -72.924359453230778, 7.118774832876713 ], [ -72.925175586153856, 7.118774832876713 ], [ -72.925175586153856, 7.119312827397261 ] ] ], [ [ [ -72.924631497538471, 7.119581824657534 ], [ -72.924903541846163, 7.119581824657534 ], [ -72.924903541846163, 7.119850821917809 ], [ -72.924631497538471, 7.119850821917809 ], [ -72.924631497538471, 7.119581824657534 ] ] ], [ [ [ -72.925175586153856, 7.119581824657534 ], [ -72.925447630461548, 7.119581824657534 ], [ -72.925447630461548, 7.119850821917809 ], [ -72.925175586153856, 7.119850821917809 ], [ -72.925175586153856, 7.119581824657534 ] ] ], [ [ [ -72.925447630461548, 7.120388816438356 ], [ -72.925447630461548, 7.120119819178083 ], [ -72.92571967476924, 7.120119819178083 ], [ -72.92571967476924, 7.120388816438356 ], [ -72.925447630461548, 7.120388816438356 ] ] ], [ [ [ -72.924631497538471, 7.121195808219179 ], [ -72.924359453230778, 7.121195808219179 ], [ -72.924359453230778, 7.120926810958904 ], [ -72.924631497538471, 7.120926810958904 ], [ -72.924631497538471, 7.120388816438356 ], [ -72.924903541846163, 7.120388816438356 ], [ -72.924903541846163, 7.1220028 ], [ -72.924631497538471, 7.1220028 ], [ -72.924631497538471, 7.121195808219179 ] ] ], [ [ [ -72.925447630461548, 7.122271797260274 ], [ -72.92571967476924, 7.122271797260274 ], [ -72.92571967476924, 7.122540794520548 ], [ -72.925447630461548, 7.122540794520548 ], [ -72.925447630461548, 7.122271797260274 ] ] ], [ [ [ -72.924903541846163, 7.122809791780822 ], [ -72.924903541846163, 7.122271797260274 ], [ -72.925175586153856, 7.122271797260274 ], [ -72.925175586153856, 7.122809791780822 ], [ -72.924903541846163, 7.122809791780822 ] ] ], [ [ [ -72.922727187384623, 7.123078789041096 ], [ -72.923271276, 7.123078789041096 ], [ -72.923271276, 7.123347786301371 ], [ -72.922727187384623, 7.123347786301371 ], [ -72.922727187384623, 7.123078789041096 ] ] ], [ [ [ -72.925991719076933, 7.122540794520548 ], [ -72.926263763384625, 7.122540794520548 ], [ -72.926263763384625, 7.123078789041096 ], [ -72.925447630461548, 7.123078789041096 ], [ -72.925447630461548, 7.123616783561644 ], [ -72.92571967476924, 7.123616783561644 ], [ -72.92571967476924, 7.124961769863014 ], [ -72.925447630461548, 7.124961769863014 ], [ -72.925447630461548, 7.12469277260274 ], [ -72.925175586153856, 7.12469277260274 ], [ -72.925175586153856, 7.124423775342466 ], [ -72.925447630461548, 7.124423775342466 ], [ -72.925447630461548, 7.123885780821918 ], [ -72.925175586153856, 7.123885780821918 ], [ -72.925175586153856, 7.122809791780822 ], [ -72.925991719076933, 7.122809791780822 ], [ -72.925991719076933, 7.122540794520548 ] ] ], [ [ [ -72.924087408923086, 7.124423775342466 ], [ -72.924087408923086, 7.124154778082192 ], [ -72.924359453230778, 7.124154778082192 ], [ -72.924359453230778, 7.124423775342466 ], [ -72.924087408923086, 7.124423775342466 ] ] ], [ [ [ -72.924631497538471, 7.12469277260274 ], [ -72.924903541846163, 7.12469277260274 ], [ -72.924903541846163, 7.124961769863014 ], [ -72.924631497538471, 7.124961769863014 ], [ -72.924631497538471, 7.12469277260274 ] ] ], [ [ [ -72.92571967476924, 7.124961769863014 ], [ -72.925991719076933, 7.124961769863014 ], [ -72.925991719076933, 7.125230767123288 ], [ -72.92571967476924, 7.125230767123288 ], [ -72.92571967476924, 7.124961769863014 ] ] ], [ [ [ -72.924903541846163, 7.124961769863014 ], [ -72.925447630461548, 7.124961769863014 ], [ -72.925447630461548, 7.125230767123288 ], [ -72.924903541846163, 7.125230767123288 ], [ -72.924903541846163, 7.124961769863014 ] ] ], [ [ [ -72.925447630461548, 7.125499764383562 ], [ -72.92571967476924, 7.125499764383562 ], [ -72.92571967476924, 7.125768761643836 ], [ -72.925447630461548, 7.125768761643836 ], [ -72.925447630461548, 7.125499764383562 ] ] ], [ [ [ -72.924631497538471, 7.126575753424658 ], [ -72.924359453230778, 7.126575753424658 ], [ -72.924359453230778, 7.126844750684932 ], [ -72.923271276, 7.126844750684932 ], [ -72.923271276, 7.126575753424658 ], [ -72.923543320307701, 7.126575753424658 ], [ -72.923543320307701, 7.125768761643836 ], [ -72.924631497538471, 7.125768761643836 ], [ -72.924631497538471, 7.12603775890411 ], [ -72.924087408923086, 7.12603775890411 ], [ -72.924087408923086, 7.126306756164384 ], [ -72.924631497538471, 7.126306756164384 ], [ -72.924631497538471, 7.126575753424658 ] ] ], [ [ [ -72.923543320307701, 7.127113747945206 ], [ -72.923815364615393, 7.127113747945206 ], [ -72.923815364615393, 7.127382745205479 ], [ -72.923543320307701, 7.127382745205479 ], [ -72.923543320307701, 7.127113747945206 ] ] ], [ [ [ -72.924359453230778, 7.127651742465754 ], [ -72.924359453230778, 7.127382745205479 ], [ -72.924631497538471, 7.127382745205479 ], [ -72.924631497538471, 7.127920739726028 ], [ -72.924087408923086, 7.127920739726028 ], [ -72.924087408923086, 7.127651742465754 ], [ -72.924359453230778, 7.127651742465754 ] ] ], [ [ [ -72.923543320307701, 7.127920739726028 ], [ -72.923815364615393, 7.127920739726028 ], [ -72.923815364615393, 7.128189736986302 ], [ -72.923543320307701, 7.128189736986302 ], [ -72.923543320307701, 7.127920739726028 ] ] ], [ [ [ -72.925175586153856, 7.128189736986302 ], [ -72.925447630461548, 7.128189736986302 ], [ -72.925447630461548, 7.128458734246576 ], [ -72.925175586153856, 7.128458734246576 ], [ -72.925175586153856, 7.128189736986302 ] ] ], [ [ [ -72.924903541846163, 7.130879709589041 ], [ -72.924359453230778, 7.130879709589041 ], [ -72.924359453230778, 7.131148706849316 ], [ -72.924087408923086, 7.131148706849316 ], [ -72.924087408923086, 7.131417704109589 ], [ -72.923815364615393, 7.131417704109589 ], [ -72.923815364615393, 7.130879709589041 ], [ -72.923543320307701, 7.130879709589041 ], [ -72.923543320307701, 7.130610712328767 ], [ -72.923815364615393, 7.130610712328767 ], [ -72.923815364615393, 7.130341715068494 ], [ -72.924087408923086, 7.130341715068494 ], [ -72.924087408923086, 7.128727731506849 ], [ -72.924359453230778, 7.128727731506849 ], [ -72.924359453230778, 7.128458734246576 ], [ -72.924631497538471, 7.128458734246576 ], [ -72.924631497538471, 7.128727731506849 ], [ -72.925175586153856, 7.128727731506849 ], [ -72.925175586153856, 7.128996728767124 ], [ -72.926263763384625, 7.128996728767124 ], [ -72.926263763384625, 7.128727731506849 ], [ -72.92680785200001, 7.128727731506849 ], [ -72.92680785200001, 7.129534723287672 ], [ -72.927351940615395, 7.129534723287672 ], [ -72.927351940615395, 7.130879709589041 ], [ -72.92680785200001, 7.130879709589041 ], [ -72.92680785200001, 7.131148706849316 ], [ -72.926535807692318, 7.131148706849316 ], [ -72.926535807692318, 7.131417704109589 ], [ -72.92571967476924, 7.131417704109589 ], [ -72.92571967476924, 7.131148706849316 ], [ -72.925447630461548, 7.131148706849316 ], [ -72.925447630461548, 7.130610712328767 ], [ -72.925175586153856, 7.130610712328767 ], [ -72.925175586153856, 7.131148706849316 ], [ -72.924903541846163, 7.131148706849316 ], [ -72.924903541846163, 7.130879709589041 ] ], [ [ -72.924359453230778, 7.128996728767124 ], [ -72.924359453230778, 7.129265726027397 ], [ -72.924631497538471, 7.129265726027397 ], [ -72.924631497538471, 7.129534723287672 ], [ -72.924903541846163, 7.129534723287672 ], [ -72.924903541846163, 7.129265726027397 ], [ -72.925175586153856, 7.129265726027397 ], [ -72.925175586153856, 7.128996728767124 ], [ -72.924359453230778, 7.128996728767124 ] ], [ [ -72.926263763384625, 7.129534723287672 ], [ -72.926263763384625, 7.129803720547946 ], [ -72.92680785200001, 7.129803720547946 ], [ -72.92680785200001, 7.129534723287672 ], [ -72.926263763384625, 7.129534723287672 ] ], [ [ -72.92571967476924, 7.129803720547946 ], [ -72.92571967476924, 7.130072717808219 ], [ -72.926263763384625, 7.130072717808219 ], [ -72.926263763384625, 7.129803720547946 ], [ -72.92571967476924, 7.129803720547946 ] ], [ [ -72.926535807692318, 7.130879709589041 ], [ -72.926263763384625, 7.130879709589041 ], [ -72.926263763384625, 7.130341715068494 ], [ -72.92571967476924, 7.130341715068494 ], [ -72.92571967476924, 7.130879709589041 ], [ -72.925991719076933, 7.130879709589041 ], [ -72.925991719076933, 7.131148706849316 ], [ -72.926535807692318, 7.131148706849316 ], [ -72.926535807692318, 7.130879709589041 ] ] ], [ [ [ -72.925447630461548, 7.131686701369864 ], [ -72.925175586153856, 7.131686701369864 ], [ -72.925175586153856, 7.131148706849316 ], [ -72.925447630461548, 7.131148706849316 ], [ -72.925447630461548, 7.131417704109589 ], [ -72.92571967476924, 7.131417704109589 ], [ -72.92571967476924, 7.131955698630137 ], [ -72.925447630461548, 7.131955698630137 ], [ -72.925447630461548, 7.131686701369864 ] ] ], [ [ [ -72.924359453230778, 7.131686701369864 ], [ -72.924087408923086, 7.131686701369864 ], [ -72.924087408923086, 7.131417704109589 ], [ -72.924903541846163, 7.131417704109589 ], [ -72.924903541846163, 7.131955698630137 ], [ -72.925175586153856, 7.131955698630137 ], [ -72.925175586153856, 7.132224695890411 ], [ -72.924359453230778, 7.132224695890411 ], [ -72.924359453230778, 7.131686701369864 ] ] ], [ [ [ -72.924359453230778, 7.136528652054795 ], [ -72.924359453230778, 7.136259654794521 ], [ -72.924631497538471, 7.136259654794521 ], [ -72.924631497538471, 7.136528652054795 ], [ -72.924359453230778, 7.136528652054795 ] ] ], [ [ [ -72.923543320307701, 7.14029461369863 ], [ -72.923815364615393, 7.14029461369863 ], [ -72.923815364615393, 7.140563610958904 ], [ -72.923543320307701, 7.140563610958904 ], [ -72.923543320307701, 7.14029461369863 ] ] ], [ [ [ -72.924087408923086, 7.140832608219179 ], [ -72.923815364615393, 7.140832608219179 ], [ -72.923815364615393, 7.140563610958904 ], [ -72.924087408923086, 7.140563610958904 ], [ -72.924087408923086, 7.140832608219179 ] ] ], [ [ [ -72.924631497538471, 7.141101605479452 ], [ -72.924903541846163, 7.141101605479452 ], [ -72.924903541846163, 7.141370602739727 ], [ -72.924087408923086, 7.141370602739727 ], [ -72.924087408923086, 7.140832608219179 ], [ -72.924631497538471, 7.140832608219179 ], [ -72.924631497538471, 7.141101605479452 ] ] ], [ [ [ -72.922183098769239, 7.140832608219179 ], [ -72.923543320307701, 7.140832608219179 ], [ -72.923543320307701, 7.141370602739727 ], [ -72.922999231692316, 7.141370602739727 ], [ -72.922999231692316, 7.141101605479452 ], [ -72.922183098769239, 7.141101605479452 ], [ -72.922183098769239, 7.140832608219179 ] ] ], [ [ [ -72.923815364615393, 7.141370602739727 ], [ -72.924087408923086, 7.141370602739727 ], [ -72.924087408923086, 7.1416396 ], [ -72.923815364615393, 7.1416396 ], [ -72.923815364615393, 7.141370602739727 ] ] ], [ [ [ -72.920278788615391, 7.082998197260274 ], [ -72.920278788615391, 7.0827292 ], [ -72.920550832923084, 7.0827292 ], [ -72.920550832923084, 7.082998197260274 ], [ -72.920278788615391, 7.082998197260274 ] ] ], [ [ [ -72.9197347, 7.0827292 ], [ -72.920006744307699, 7.0827292 ], [ -72.920006744307699, 7.082998197260274 ], [ -72.9197347, 7.082998197260274 ], [ -72.9197347, 7.0827292 ] ] ], [ [ [ -72.920822877230776, 7.083267194520548 ], [ -72.921094921538469, 7.083267194520548 ], [ -72.921094921538469, 7.083536191780822 ], [ -72.920822877230776, 7.083536191780822 ], [ -72.920822877230776, 7.083267194520548 ] ] ], [ [ [ -72.920278788615391, 7.08541917260274 ], [ -72.920278788615391, 7.085688169863014 ], [ -72.920006744307699, 7.085688169863014 ], [ -72.920006744307699, 7.085957167123288 ], [ -72.9197347, 7.085957167123288 ], [ -72.9197347, 7.08541917260274 ], [ -72.920278788615391, 7.08541917260274 ] ] ], [ [ [ -72.921094921538469, 7.085688169863014 ], [ -72.921366965846161, 7.085688169863014 ], [ -72.921366965846161, 7.085957167123288 ], [ -72.921094921538469, 7.085957167123288 ], [ -72.921094921538469, 7.085688169863014 ] ] ], [ [ [ -72.921639010153854, 7.086226164383562 ], [ -72.921366965846161, 7.086226164383562 ], [ -72.921366965846161, 7.085957167123288 ], [ -72.921639010153854, 7.085957167123288 ], [ -72.921639010153854, 7.086226164383562 ] ] ], [ [ [ -72.9197347, 7.08676415890411 ], [ -72.9197347, 7.086495161643835 ], [ -72.920278788615391, 7.086495161643835 ], [ -72.920278788615391, 7.08676415890411 ], [ -72.9197347, 7.08676415890411 ] ] ], [ [ [ -72.920822877230776, 7.087033156164384 ], [ -72.921366965846161, 7.087033156164384 ], [ -72.921366965846161, 7.087302153424658 ], [ -72.920822877230776, 7.087302153424658 ], [ -72.920822877230776, 7.087033156164384 ] ] ], [ [ [ -72.920006744307699, 7.087571150684932 ], [ -72.9197347, 7.087571150684932 ], [ -72.9197347, 7.087302153424658 ], [ -72.920006744307699, 7.087302153424658 ], [ -72.920006744307699, 7.087033156164384 ], [ -72.920278788615391, 7.087033156164384 ], [ -72.920278788615391, 7.087840147945205 ], [ -72.920006744307699, 7.087840147945205 ], [ -72.920006744307699, 7.087571150684932 ] ] ], [ [ [ -72.922455143076931, 7.087840147945205 ], [ -72.922727187384623, 7.087840147945205 ], [ -72.922727187384623, 7.08810914520548 ], [ -72.922455143076931, 7.08810914520548 ], [ -72.922455143076931, 7.087840147945205 ] ] ], [ [ [ -72.920550832923084, 7.088647139726028 ], [ -72.920278788615391, 7.088647139726028 ], [ -72.920278788615391, 7.088378142465753 ], [ -72.920550832923084, 7.088378142465753 ], [ -72.920550832923084, 7.08810914520548 ], [ -72.920822877230776, 7.08810914520548 ], [ -72.920822877230776, 7.088916136986302 ], [ -72.920550832923084, 7.088916136986302 ], [ -72.920550832923084, 7.088647139726028 ] ] ], [ [ [ -72.921094921538469, 7.088916136986302 ], [ -72.921094921538469, 7.089185134246575 ], [ -72.921366965846161, 7.089185134246575 ], [ -72.921366965846161, 7.089992126027397 ], [ -72.921094921538469, 7.089992126027397 ], [ -72.921094921538469, 7.08945413150685 ], [ -72.920822877230776, 7.08945413150685 ], [ -72.920822877230776, 7.088916136986302 ], [ -72.921094921538469, 7.088916136986302 ] ] ], [ [ [ -72.920006744307699, 7.089992126027397 ], [ -72.920006744307699, 7.08945413150685 ], [ -72.920278788615391, 7.08945413150685 ], [ -72.920278788615391, 7.088916136986302 ], [ -72.920550832923084, 7.088916136986302 ], [ -72.920550832923084, 7.08945413150685 ], [ -72.920822877230776, 7.08945413150685 ], [ -72.920822877230776, 7.089992126027397 ], [ -72.920006744307699, 7.089992126027397 ] ] ], [ [ [ -72.9197347, 7.09079911780822 ], [ -72.9197347, 7.090530120547945 ], [ -72.920278788615391, 7.090530120547945 ], [ -72.920278788615391, 7.09079911780822 ], [ -72.9197347, 7.09079911780822 ] ] ], [ [ [ -72.921639010153854, 7.089992126027397 ], [ -72.921639010153854, 7.090261123287672 ], [ -72.921911054461546, 7.090261123287672 ], [ -72.921911054461546, 7.090530120547945 ], [ -72.922183098769239, 7.090530120547945 ], [ -72.922183098769239, 7.09079911780822 ], [ -72.922727187384623, 7.09079911780822 ], [ -72.922727187384623, 7.091068115068493 ], [ -72.922183098769239, 7.091068115068493 ], [ -72.922183098769239, 7.091337112328767 ], [ -72.922455143076931, 7.091337112328767 ], [ -72.922455143076931, 7.091606109589041 ], [ -72.922727187384623, 7.091606109589041 ], [ -72.922727187384623, 7.09214410410959 ], [ -72.921094921538469, 7.09214410410959 ], [ -72.921094921538469, 7.091606109589041 ], [ -72.921366965846161, 7.091606109589041 ], [ -72.921366965846161, 7.091068115068493 ], [ -72.920550832923084, 7.091068115068493 ], [ -72.920550832923084, 7.090261123287672 ], [ -72.920822877230776, 7.090261123287672 ], [ -72.920822877230776, 7.089992126027397 ], [ -72.921094921538469, 7.089992126027397 ], [ -72.921094921538469, 7.090261123287672 ], [ -72.921366965846161, 7.090261123287672 ], [ -72.921366965846161, 7.089992126027397 ], [ -72.921639010153854, 7.089992126027397 ] ], [ [ -72.921366965846161, 7.091875106849315 ], [ -72.921639010153854, 7.091875106849315 ], [ -72.921639010153854, 7.091606109589041 ], [ -72.921366965846161, 7.091606109589041 ], [ -72.921366965846161, 7.091875106849315 ] ], [ [ -72.921911054461546, 7.091606109589041 ], [ -72.921911054461546, 7.091337112328767 ], [ -72.921639010153854, 7.091337112328767 ], [ -72.921639010153854, 7.091606109589041 ], [ -72.921911054461546, 7.091606109589041 ] ], [ [ -72.921639010153854, 7.09079911780822 ], [ -72.921639010153854, 7.091068115068493 ], [ -72.921911054461546, 7.091068115068493 ], [ -72.921911054461546, 7.09079911780822 ], [ -72.921639010153854, 7.09079911780822 ] ] ], [ [ [ -72.920006744307699, 7.091606109589041 ], [ -72.920278788615391, 7.091606109589041 ], [ -72.920278788615391, 7.091875106849315 ], [ -72.920006744307699, 7.091875106849315 ], [ -72.920006744307699, 7.091606109589041 ] ] ], [ [ [ -72.9197347, 7.093220093150685 ], [ -72.9197347, 7.092951095890411 ], [ -72.920006744307699, 7.092951095890411 ], [ -72.920006744307699, 7.093220093150685 ], [ -72.9197347, 7.093220093150685 ] ] ], [ [ [ -72.921639010153854, 7.092951095890411 ], [ -72.921911054461546, 7.092951095890411 ], [ -72.921911054461546, 7.093220093150685 ], [ -72.921639010153854, 7.093220093150685 ], [ -72.921639010153854, 7.092951095890411 ] ] ], [ [ [ -72.920006744307699, 7.093758087671233 ], [ -72.9197347, 7.093758087671233 ], [ -72.9197347, 7.09348909041096 ], [ -72.920006744307699, 7.09348909041096 ], [ -72.920006744307699, 7.093220093150685 ], [ -72.920278788615391, 7.093220093150685 ], [ -72.920278788615391, 7.094027084931507 ], [ -72.920006744307699, 7.094027084931507 ], [ -72.920006744307699, 7.093758087671233 ] ] ], [ [ [ -72.922455143076931, 7.093758087671233 ], [ -72.922455143076931, 7.094027084931507 ], [ -72.922183098769239, 7.094027084931507 ], [ -72.922183098769239, 7.094296082191781 ], [ -72.921911054461546, 7.094296082191781 ], [ -72.921911054461546, 7.093758087671233 ], [ -72.922455143076931, 7.093758087671233 ] ] ], [ [ [ -72.920278788615391, 7.094027084931507 ], [ -72.920822877230776, 7.094027084931507 ], [ -72.920822877230776, 7.094296082191781 ], [ -72.920278788615391, 7.094296082191781 ], [ -72.920278788615391, 7.094027084931507 ] ] ], [ [ [ -72.922999231692316, 7.095103073972603 ], [ -72.923271276, 7.095103073972603 ], [ -72.923271276, 7.095372071232877 ], [ -72.922455143076931, 7.095372071232877 ], [ -72.922455143076931, 7.095103073972603 ], [ -72.921911054461546, 7.095103073972603 ], [ -72.921911054461546, 7.094834076712329 ], [ -72.922183098769239, 7.094834076712329 ], [ -72.922183098769239, 7.094296082191781 ], [ -72.922455143076931, 7.094296082191781 ], [ -72.922455143076931, 7.094834076712329 ], [ -72.922999231692316, 7.094834076712329 ], [ -72.922999231692316, 7.095103073972603 ] ] ], [ [ [ -72.921911054461546, 7.095103073972603 ], [ -72.921911054461546, 7.095372071232877 ], [ -72.921366965846161, 7.095372071232877 ], [ -72.921366965846161, 7.094565079452055 ], [ -72.920822877230776, 7.094565079452055 ], [ -72.920822877230776, 7.094296082191781 ], [ -72.921639010153854, 7.094296082191781 ], [ -72.921639010153854, 7.094565079452055 ], [ -72.921911054461546, 7.094565079452055 ], [ -72.921911054461546, 7.094834076712329 ], [ -72.921639010153854, 7.094834076712329 ], [ -72.921639010153854, 7.095103073972603 ], [ -72.921911054461546, 7.095103073972603 ] ] ], [ [ [ -72.921094921538469, 7.095641068493151 ], [ -72.921094921538469, 7.095372071232877 ], [ -72.921366965846161, 7.095372071232877 ], [ -72.921366965846161, 7.095641068493151 ], [ -72.921094921538469, 7.095641068493151 ] ] ], [ [ [ -72.922183098769239, 7.095372071232877 ], [ -72.922455143076931, 7.095372071232877 ], [ -72.922455143076931, 7.095641068493151 ], [ -72.922183098769239, 7.095641068493151 ], [ -72.922183098769239, 7.095372071232877 ] ] ], [ [ [ -72.921366965846161, 7.095910065753425 ], [ -72.921639010153854, 7.095910065753425 ], [ -72.921639010153854, 7.096179063013698 ], [ -72.921366965846161, 7.096179063013698 ], [ -72.921366965846161, 7.095910065753425 ] ] ], [ [ [ -72.920822877230776, 7.096448060273973 ], [ -72.920822877230776, 7.096179063013698 ], [ -72.921366965846161, 7.096179063013698 ], [ -72.921366965846161, 7.096448060273973 ], [ -72.920822877230776, 7.096448060273973 ] ] ], [ [ [ -72.920278788615391, 7.096448060273973 ], [ -72.920550832923084, 7.096448060273973 ], [ -72.920550832923084, 7.096717057534247 ], [ -72.920278788615391, 7.096717057534247 ], [ -72.920278788615391, 7.096448060273973 ] ] ], [ [ [ -72.920822877230776, 7.098331041095891 ], [ -72.921366965846161, 7.098331041095891 ], [ -72.921366965846161, 7.098600038356165 ], [ -72.920822877230776, 7.098600038356165 ], [ -72.920822877230776, 7.098331041095891 ] ] ], [ [ [ -72.921639010153854, 7.099407030136986 ], [ -72.921639010153854, 7.099138032876713 ], [ -72.921911054461546, 7.099138032876713 ], [ -72.921911054461546, 7.099407030136986 ], [ -72.921639010153854, 7.099407030136986 ] ] ], [ [ [ -72.921639010153854, 7.09967602739726 ], [ -72.921639010153854, 7.099945024657535 ], [ -72.921366965846161, 7.099945024657535 ], [ -72.921366965846161, 7.09967602739726 ], [ -72.921639010153854, 7.09967602739726 ] ] ], [ [ [ -72.921094921538469, 7.100214021917808 ], [ -72.921094921538469, 7.099945024657535 ], [ -72.921366965846161, 7.099945024657535 ], [ -72.921366965846161, 7.100214021917808 ], [ -72.921094921538469, 7.100214021917808 ] ] ], [ [ [ -72.920006744307699, 7.100214021917808 ], [ -72.920006744307699, 7.099945024657535 ], [ -72.920278788615391, 7.099945024657535 ], [ -72.920278788615391, 7.100214021917808 ], [ -72.920006744307699, 7.100214021917808 ] ] ], [ [ [ -72.920278788615391, 7.100214021917808 ], [ -72.920550832923084, 7.100214021917808 ], [ -72.920550832923084, 7.100483019178083 ], [ -72.920278788615391, 7.100483019178083 ], [ -72.920278788615391, 7.100214021917808 ] ] ], [ [ [ -72.922183098769239, 7.101290010958905 ], [ -72.922727187384623, 7.101290010958905 ], [ -72.922727187384623, 7.101559008219178 ], [ -72.922183098769239, 7.101559008219178 ], [ -72.922183098769239, 7.101290010958905 ] ] ], [ [ [ -72.920550832923084, 7.101559008219178 ], [ -72.920822877230776, 7.101559008219178 ], [ -72.920822877230776, 7.102097002739726 ], [ -72.920550832923084, 7.102097002739726 ], [ -72.920550832923084, 7.101559008219178 ] ] ], [ [ [ -72.920278788615391, 7.102634997260274 ], [ -72.920006744307699, 7.102634997260274 ], [ -72.920006744307699, 7.102903994520548 ], [ -72.9197347, 7.102903994520548 ], [ -72.9197347, 7.102366 ], [ -72.920278788615391, 7.102366 ], [ -72.920278788615391, 7.102634997260274 ] ] ], [ [ [ -72.921094921538469, 7.103441989041096 ], [ -72.921366965846161, 7.103441989041096 ], [ -72.921366965846161, 7.10371098630137 ], [ -72.921094921538469, 7.10371098630137 ], [ -72.921094921538469, 7.103979983561644 ], [ -72.920822877230776, 7.103979983561644 ], [ -72.920822877230776, 7.10371098630137 ], [ -72.920550832923084, 7.10371098630137 ], [ -72.920550832923084, 7.103441989041096 ], [ -72.920006744307699, 7.103441989041096 ], [ -72.920006744307699, 7.102903994520548 ], [ -72.920278788615391, 7.102903994520548 ], [ -72.920278788615391, 7.103172991780822 ], [ -72.921094921538469, 7.103172991780822 ], [ -72.921094921538469, 7.103441989041096 ] ] ], [ [ [ -72.921639010153854, 7.104248980821918 ], [ -72.921094921538469, 7.104248980821918 ], [ -72.921094921538469, 7.103979983561644 ], [ -72.921639010153854, 7.103979983561644 ], [ -72.921639010153854, 7.104248980821918 ] ] ], [ [ [ -72.920550832923084, 7.104517978082192 ], [ -72.920550832923084, 7.104248980821918 ], [ -72.920822877230776, 7.104248980821918 ], [ -72.920822877230776, 7.104517978082192 ], [ -72.920550832923084, 7.104517978082192 ] ] ], [ [ [ -72.922455143076931, 7.104517978082192 ], [ -72.922727187384623, 7.104517978082192 ], [ -72.922727187384623, 7.104786975342466 ], [ -72.922455143076931, 7.104786975342466 ], [ -72.922455143076931, 7.104517978082192 ] ] ], [ [ [ -72.920278788615391, 7.10505597260274 ], [ -72.920550832923084, 7.10505597260274 ], [ -72.920550832923084, 7.105862964383562 ], [ -72.921094921538469, 7.105862964383562 ], [ -72.921094921538469, 7.10640095890411 ], [ -72.920550832923084, 7.10640095890411 ], [ -72.920550832923084, 7.106938953424658 ], [ -72.920278788615391, 7.106938953424658 ], [ -72.920278788615391, 7.10640095890411 ], [ -72.920006744307699, 7.10640095890411 ], [ -72.920006744307699, 7.105862964383562 ], [ -72.9197347, 7.105862964383562 ], [ -72.9197347, 7.105593967123288 ], [ -72.920006744307699, 7.105593967123288 ], [ -72.920006744307699, 7.105324969863014 ], [ -72.920278788615391, 7.105324969863014 ], [ -72.920278788615391, 7.10505597260274 ] ] ], [ [ [ -72.9197347, 7.106938953424658 ], [ -72.9197347, 7.10640095890411 ], [ -72.920006744307699, 7.10640095890411 ], [ -72.920006744307699, 7.106938953424658 ], [ -72.9197347, 7.106938953424658 ] ] ], [ [ [ -72.922183098769239, 7.107207950684931 ], [ -72.922455143076931, 7.107207950684931 ], [ -72.922455143076931, 7.107476947945206 ], [ -72.921911054461546, 7.107476947945206 ], [ -72.921911054461546, 7.10774594520548 ], [ -72.921639010153854, 7.10774594520548 ], [ -72.921639010153854, 7.108014942465753 ], [ -72.920550832923084, 7.108014942465753 ], [ -72.920550832923084, 7.107476947945206 ], [ -72.920822877230776, 7.107476947945206 ], [ -72.920822877230776, 7.107207950684931 ], [ -72.921094921538469, 7.107207950684931 ], [ -72.921094921538469, 7.106938953424658 ], [ -72.920822877230776, 7.106938953424658 ], [ -72.920822877230776, 7.106669956164384 ], [ -72.922183098769239, 7.106669956164384 ], [ -72.922183098769239, 7.107207950684931 ] ] ], [ [ [ -72.9197347, 7.108014942465753 ], [ -72.920006744307699, 7.108014942465753 ], [ -72.920006744307699, 7.108283939726028 ], [ -72.9197347, 7.108283939726028 ], [ -72.9197347, 7.108014942465753 ] ] ], [ [ [ -72.9197347, 7.108821934246576 ], [ -72.9197347, 7.108552936986301 ], [ -72.920006744307699, 7.108552936986301 ], [ -72.920006744307699, 7.108821934246576 ], [ -72.9197347, 7.108821934246576 ] ] ], [ [ [ -72.9197347, 7.10909093150685 ], [ -72.920278788615391, 7.10909093150685 ], [ -72.920278788615391, 7.109359928767123 ], [ -72.9197347, 7.109359928767123 ], [ -72.9197347, 7.10909093150685 ] ] ], [ [ [ -72.922455143076931, 7.113125890410959 ], [ -72.922727187384623, 7.113125890410959 ], [ -72.922727187384623, 7.114739873972603 ], [ -72.922183098769239, 7.114739873972603 ], [ -72.922183098769239, 7.113663884931507 ], [ -72.922455143076931, 7.113663884931507 ], [ -72.922455143076931, 7.113125890410959 ] ] ], [ [ [ -72.922455143076931, 7.115277868493151 ], [ -72.922455143076931, 7.115008871232877 ], [ -72.922727187384623, 7.115008871232877 ], [ -72.922727187384623, 7.115277868493151 ], [ -72.922455143076931, 7.115277868493151 ] ] ], [ [ [ -72.921639010153854, 7.117429846575343 ], [ -72.922183098769239, 7.117429846575343 ], [ -72.922183098769239, 7.117698843835616 ], [ -72.921639010153854, 7.117698843835616 ], [ -72.921639010153854, 7.117429846575343 ] ] ], [ [ [ -72.922183098769239, 7.120388816438356 ], [ -72.922455143076931, 7.120388816438356 ], [ -72.922455143076931, 7.120657813698631 ], [ -72.922183098769239, 7.120657813698631 ], [ -72.922183098769239, 7.120388816438356 ] ] ], [ [ [ -72.921366965846161, 7.120388816438356 ], [ -72.921366965846161, 7.120657813698631 ], [ -72.921639010153854, 7.120657813698631 ], [ -72.921639010153854, 7.120926810958904 ], [ -72.921094921538469, 7.120926810958904 ], [ -72.921094921538469, 7.120388816438356 ], [ -72.921366965846161, 7.120388816438356 ] ] ], [ [ [ -72.920550832923084, 7.120926810958904 ], [ -72.920278788615391, 7.120926810958904 ], [ -72.920278788615391, 7.120657813698631 ], [ -72.920550832923084, 7.120657813698631 ], [ -72.920550832923084, 7.120388816438356 ], [ -72.920822877230776, 7.120388816438356 ], [ -72.920822877230776, 7.121464805479452 ], [ -72.920550832923084, 7.121464805479452 ], [ -72.920550832923084, 7.120926810958904 ] ] ], [ [ [ -72.9197347, 7.121195808219179 ], [ -72.920006744307699, 7.121195808219179 ], [ -72.920006744307699, 7.121464805479452 ], [ -72.9197347, 7.121464805479452 ], [ -72.9197347, 7.121195808219179 ] ] ], [ [ [ -72.920006744307699, 7.121733802739726 ], [ -72.920006744307699, 7.121464805479452 ], [ -72.920550832923084, 7.121464805479452 ], [ -72.920550832923084, 7.121733802739726 ], [ -72.920006744307699, 7.121733802739726 ] ] ], [ [ [ -72.922727187384623, 7.1220028 ], [ -72.922727187384623, 7.122271797260274 ], [ -72.922455143076931, 7.122271797260274 ], [ -72.922455143076931, 7.122540794520548 ], [ -72.922183098769239, 7.122540794520548 ], [ -72.922183098769239, 7.1220028 ], [ -72.922455143076931, 7.1220028 ], [ -72.922455143076931, 7.121733802739726 ], [ -72.921366965846161, 7.121733802739726 ], [ -72.921366965846161, 7.1220028 ], [ -72.921639010153854, 7.1220028 ], [ -72.921639010153854, 7.122540794520548 ], [ -72.921911054461546, 7.122540794520548 ], [ -72.921911054461546, 7.122809791780822 ], [ -72.922183098769239, 7.122809791780822 ], [ -72.922183098769239, 7.123078789041096 ], [ -72.920278788615391, 7.123078789041096 ], [ -72.920278788615391, 7.122809791780822 ], [ -72.920550832923084, 7.122809791780822 ], [ -72.920550832923084, 7.122540794520548 ], [ -72.920822877230776, 7.122540794520548 ], [ -72.920822877230776, 7.122271797260274 ], [ -72.921094921538469, 7.122271797260274 ], [ -72.921094921538469, 7.121464805479452 ], [ -72.922455143076931, 7.121464805479452 ], [ -72.922455143076931, 7.121195808219179 ], [ -72.922183098769239, 7.121195808219179 ], [ -72.922183098769239, 7.120926810958904 ], [ -72.922727187384623, 7.120926810958904 ], [ -72.922727187384623, 7.121733802739726 ], [ -72.922999231692316, 7.121733802739726 ], [ -72.922999231692316, 7.1220028 ], [ -72.922727187384623, 7.1220028 ] ], [ [ -72.921094921538469, 7.122540794520548 ], [ -72.921366965846161, 7.122540794520548 ], [ -72.921366965846161, 7.122271797260274 ], [ -72.921094921538469, 7.122271797260274 ], [ -72.921094921538469, 7.122540794520548 ] ] ], [ [ [ -72.922455143076931, 7.123347786301371 ], [ -72.922727187384623, 7.123347786301371 ], [ -72.922727187384623, 7.123616783561644 ], [ -72.922455143076931, 7.123616783561644 ], [ -72.922455143076931, 7.123347786301371 ] ] ], [ [ [ -72.920006744307699, 7.124423775342466 ], [ -72.920006744307699, 7.124154778082192 ], [ -72.920822877230776, 7.124154778082192 ], [ -72.920822877230776, 7.12469277260274 ], [ -72.920278788615391, 7.12469277260274 ], [ -72.920278788615391, 7.124423775342466 ], [ -72.920006744307699, 7.124423775342466 ] ] ], [ [ [ -72.921094921538469, 7.124423775342466 ], [ -72.921366965846161, 7.124423775342466 ], [ -72.921366965846161, 7.12469277260274 ], [ -72.921094921538469, 7.12469277260274 ], [ -72.921094921538469, 7.124423775342466 ] ] ], [ [ [ -72.920006744307699, 7.125230767123288 ], [ -72.920278788615391, 7.125230767123288 ], [ -72.920278788615391, 7.125499764383562 ], [ -72.920006744307699, 7.125499764383562 ], [ -72.920006744307699, 7.125230767123288 ] ] ], [ [ [ -72.920822877230776, 7.125499764383562 ], [ -72.920550832923084, 7.125499764383562 ], [ -72.920550832923084, 7.125230767123288 ], [ -72.921094921538469, 7.125230767123288 ], [ -72.921094921538469, 7.125499764383562 ], [ -72.921366965846161, 7.125499764383562 ], [ -72.921366965846161, 7.125768761643836 ], [ -72.920822877230776, 7.125768761643836 ], [ -72.920822877230776, 7.125499764383562 ] ] ], [ [ [ -72.922183098769239, 7.125768761643836 ], [ -72.922455143076931, 7.125768761643836 ], [ -72.922455143076931, 7.12603775890411 ], [ -72.922183098769239, 7.12603775890411 ], [ -72.922183098769239, 7.125768761643836 ] ] ], [ [ [ -72.921911054461546, 7.125768761643836 ], [ -72.921911054461546, 7.126306756164384 ], [ -72.921366965846161, 7.126306756164384 ], [ -72.921366965846161, 7.125768761643836 ], [ -72.921911054461546, 7.125768761643836 ] ] ], [ [ [ -72.921094921538469, 7.126575753424658 ], [ -72.921094921538469, 7.126306756164384 ], [ -72.921366965846161, 7.126306756164384 ], [ -72.921366965846161, 7.126575753424658 ], [ -72.921094921538469, 7.126575753424658 ] ] ], [ [ [ -72.921639010153854, 7.127651742465754 ], [ -72.921639010153854, 7.126575753424658 ], [ -72.921911054461546, 7.126575753424658 ], [ -72.921911054461546, 7.126306756164384 ], [ -72.922183098769239, 7.126306756164384 ], [ -72.922183098769239, 7.126844750684932 ], [ -72.921911054461546, 7.126844750684932 ], [ -72.921911054461546, 7.127651742465754 ], [ -72.921639010153854, 7.127651742465754 ] ] ], [ [ [ -72.920278788615391, 7.127113747945206 ], [ -72.920006744307699, 7.127113747945206 ], [ -72.920006744307699, 7.127382745205479 ], [ -72.9197347, 7.127382745205479 ], [ -72.9197347, 7.126844750684932 ], [ -72.920278788615391, 7.126844750684932 ], [ -72.920278788615391, 7.127113747945206 ] ] ], [ [ [ -72.920822877230776, 7.127113747945206 ], [ -72.921094921538469, 7.127113747945206 ], [ -72.921094921538469, 7.127382745205479 ], [ -72.920822877230776, 7.127382745205479 ], [ -72.920822877230776, 7.127113747945206 ] ] ], [ [ [ -72.921094921538469, 7.127651742465754 ], [ -72.921094921538469, 7.127382745205479 ], [ -72.921366965846161, 7.127382745205479 ], [ -72.921366965846161, 7.127651742465754 ], [ -72.921094921538469, 7.127651742465754 ] ] ], [ [ [ -72.920822877230776, 7.127920739726028 ], [ -72.921094921538469, 7.127920739726028 ], [ -72.921094921538469, 7.128189736986302 ], [ -72.920822877230776, 7.128189736986302 ], [ -72.920822877230776, 7.127920739726028 ] ] ], [ [ [ -72.920006744307699, 7.128458734246576 ], [ -72.920278788615391, 7.128458734246576 ], [ -72.920278788615391, 7.128727731506849 ], [ -72.920006744307699, 7.128727731506849 ], [ -72.920006744307699, 7.128458734246576 ] ] ], [ [ [ -72.922183098769239, 7.128727731506849 ], [ -72.922183098769239, 7.128458734246576 ], [ -72.922455143076931, 7.128458734246576 ], [ -72.922455143076931, 7.128727731506849 ], [ -72.922183098769239, 7.128727731506849 ] ] ], [ [ [ -72.922727187384623, 7.130879709589041 ], [ -72.922727187384623, 7.131148706849316 ], [ -72.922183098769239, 7.131148706849316 ], [ -72.922183098769239, 7.130879709589041 ], [ -72.922727187384623, 7.130879709589041 ] ] ], [ [ [ -72.921911054461546, 7.131417704109589 ], [ -72.921911054461546, 7.131148706849316 ], [ -72.922183098769239, 7.131148706849316 ], [ -72.922183098769239, 7.131417704109589 ], [ -72.921911054461546, 7.131417704109589 ] ] ], [ [ [ -72.922455143076931, 7.131955698630137 ], [ -72.922727187384623, 7.131955698630137 ], [ -72.922727187384623, 7.132224695890411 ], [ -72.922455143076931, 7.132224695890411 ], [ -72.922455143076931, 7.131955698630137 ] ] ], [ [ [ -72.921639010153854, 7.132493693150685 ], [ -72.921911054461546, 7.132493693150685 ], [ -72.921911054461546, 7.133031687671234 ], [ -72.921366965846161, 7.133031687671234 ], [ -72.921366965846161, 7.132762690410959 ], [ -72.921639010153854, 7.132762690410959 ], [ -72.921639010153854, 7.132493693150685 ] ] ], [ [ [ -72.920550832923084, 7.133031687671234 ], [ -72.921366965846161, 7.133031687671234 ], [ -72.921366965846161, 7.133300684931507 ], [ -72.920550832923084, 7.133300684931507 ], [ -72.920550832923084, 7.133031687671234 ] ] ], [ [ [ -72.920006744307699, 7.133031687671234 ], [ -72.920278788615391, 7.133031687671234 ], [ -72.920278788615391, 7.133569682191781 ], [ -72.920006744307699, 7.133569682191781 ], [ -72.920006744307699, 7.133031687671234 ] ] ], [ [ [ -72.921366965846161, 7.133838679452055 ], [ -72.921366965846161, 7.133569682191781 ], [ -72.921639010153854, 7.133569682191781 ], [ -72.921639010153854, 7.133838679452055 ], [ -72.921366965846161, 7.133838679452055 ] ] ], [ [ [ -72.921639010153854, 7.133838679452055 ], [ -72.921911054461546, 7.133838679452055 ], [ -72.921911054461546, 7.134107676712329 ], [ -72.921639010153854, 7.134107676712329 ], [ -72.921639010153854, 7.133838679452055 ] ] ], [ [ [ -72.920550832923084, 7.134107676712329 ], [ -72.921094921538469, 7.134107676712329 ], [ -72.921094921538469, 7.134376673972604 ], [ -72.920550832923084, 7.134376673972604 ], [ -72.920550832923084, 7.134107676712329 ] ] ], [ [ [ -72.920006744307699, 7.134376673972604 ], [ -72.920006744307699, 7.134914668493151 ], [ -72.9197347, 7.134914668493151 ], [ -72.9197347, 7.134107676712329 ], [ -72.920006744307699, 7.134107676712329 ], [ -72.920006744307699, 7.133838679452055 ], [ -72.920550832923084, 7.133838679452055 ], [ -72.920550832923084, 7.134107676712329 ], [ -72.920278788615391, 7.134107676712329 ], [ -72.920278788615391, 7.134376673972604 ], [ -72.920006744307699, 7.134376673972604 ] ] ], [ [ [ -72.921094921538469, 7.134376673972604 ], [ -72.921366965846161, 7.134376673972604 ], [ -72.921366965846161, 7.134645671232877 ], [ -72.921094921538469, 7.134645671232877 ], [ -72.921094921538469, 7.134376673972604 ] ] ], [ [ [ -72.920006744307699, 7.134914668493151 ], [ -72.920278788615391, 7.134914668493151 ], [ -72.920278788615391, 7.135183665753425 ], [ -72.920006744307699, 7.135183665753425 ], [ -72.920006744307699, 7.134914668493151 ] ] ], [ [ [ -72.921639010153854, 7.135990657534247 ], [ -72.921639010153854, 7.135721660273973 ], [ -72.921911054461546, 7.135721660273973 ], [ -72.921911054461546, 7.135990657534247 ], [ -72.921639010153854, 7.135990657534247 ] ] ], [ [ [ -72.9197347, 7.138680630136987 ], [ -72.920006744307699, 7.138680630136987 ], [ -72.920006744307699, 7.138949627397261 ], [ -72.9197347, 7.138949627397261 ], [ -72.9197347, 7.138680630136987 ] ] ], [ [ [ -72.921639010153854, 7.140025616438357 ], [ -72.921911054461546, 7.140025616438357 ], [ -72.921911054461546, 7.14029461369863 ], [ -72.921639010153854, 7.14029461369863 ], [ -72.921639010153854, 7.140025616438357 ] ] ], [ [ [ -72.921366965846161, 7.140563610958904 ], [ -72.921366965846161, 7.141370602739727 ], [ -72.921094921538469, 7.141370602739727 ], [ -72.921094921538469, 7.141101605479452 ], [ -72.920822877230776, 7.141101605479452 ], [ -72.920822877230776, 7.140563610958904 ], [ -72.920278788615391, 7.140563610958904 ], [ -72.920278788615391, 7.140025616438357 ], [ -72.920006744307699, 7.140025616438357 ], [ -72.920006744307699, 7.139487621917809 ], [ -72.920822877230776, 7.139487621917809 ], [ -72.920822877230776, 7.14029461369863 ], [ -72.921094921538469, 7.14029461369863 ], [ -72.921094921538469, 7.140563610958904 ], [ -72.921366965846161, 7.140563610958904 ] ] ], [ [ [ -72.920006744307699, 7.140832608219179 ], [ -72.920006744307699, 7.141101605479452 ], [ -72.920822877230776, 7.141101605479452 ], [ -72.920822877230776, 7.1416396 ], [ -72.9197347, 7.1416396 ], [ -72.9197347, 7.140832608219179 ], [ -72.920006744307699, 7.140832608219179 ] ] ], [ [ [ -72.921366965846161, 7.141370602739727 ], [ -72.922183098769239, 7.141370602739727 ], [ -72.922183098769239, 7.1416396 ], [ -72.921366965846161, 7.1416396 ], [ -72.921366965846161, 7.141370602739727 ] ] ], [ [ [ -72.922455143076931, 7.141370602739727 ], [ -72.922727187384623, 7.141370602739727 ], [ -72.922727187384623, 7.1416396 ], [ -72.922455143076931, 7.1416396 ], [ -72.922455143076931, 7.141370602739727 ] ] ] ] } }
]
}
