{
"type": "FeatureCollection",
"name": "burnt_areas_2025-09-27_2025-09-28",
"crs": { "type": "name", "properties": { "name": "urn:ogc:def:crs:OGC:1.3:CRS84" } },
"features": [
{ "type": "Feature", "properties": { "value": 1, "State": "Burned", "Class": "Quemado", "IdxName": "NBR", "StartDate": "2025-09-27", "EndDate": "2025-09-28" }, "geometry": { "type": "Polygon", "coordinates": [ [ [ -76.609385994495412, 2.376394374291115 ], [ -76.609385994495412, 2.376213122873346 ], [ -76.609296178593269, 2.376213122873346 ], [ -76.609296178593269, 2.376394374291115 ], [ -76.609385994495412, 2.376394374291115 ] ] ] } },
{ "type": "Feature", "properties": { "value": 1, "State": "Burned", "Class": "Quemado", "IdxName": "NBR", "StartDate": "2025-09-27", "EndDate": "2025-09-28" }, "geometry": { "type": "Polygon", "coordinates": [ [ [ -76.655551368195717, 2.376303748582231 ], [ -76.655551368195717, 2.376213122873346 ], [ -76.65564118409786, 2.376213122873346 ], [ -76.65564118409786, 2.376031871455577 ], [ -76.655551368195717, 2.376031871455577 ], [ -76.655551368195717, 2.376122497164461 ], [ -76.655461552293588, 2.376122497164461 ], [ -76.655461552293588, 2.376303748582231 ], [ -76.655551368195717, 2.376303748582231 ] ] ] } },
{ "type": "Feature", "properties": { "value": 1, "State": "Burned", "Class": "Quemado", "IdxName": "NBR", "StartDate": "2025-09-27", "EndDate": "2025-09-28" }, "geometry": { "type": "Polygon", "coordinates": [ [ [ -76.609924889908257, 2.376122497164461 ], [ -76.609924889908257, 2.376031871455577 ], [ -76.609835074006114, 2.376031871455577 ], [ -76.609835074006114, 2.376122497164461 ], [ -76.609924889908257, 2.376122497164461 ] ] ] } },
{ "type": "Feature", "properties": { "value": 1, "State": "Burned", "Class": "Quemado", "IdxName": "NBR", "StartDate": "2025-09-27", "EndDate": "2025-09-28" }, "geometry": { "type": "Polygon", "coordinates": [ [ [ -76.581722696636092, 2.376122497164461 ], [ -76.581722696636092, 2.376031871455577 ], [ -76.581632880733949, 2.376031871455577 ], [ -76.581632880733949, 2.376122497164461 ], [ -76.581722696636092, 2.376122497164461 ] ] ] } },
{ "type": "Feature", "properties": { "value": 1, "State": "Burned", "Class": "Quemado", "IdxName": "NBR", "StartDate": "2025-09-27", "EndDate": "2025-09-28" }, "geometry": { "type": "Polygon", "coordinates": [ [ [ -76.54534725626911, 2.376303748582231 ], [ -76.54534725626911, 2.376122497164461 ], [ -76.545437072171254, 2.376122497164461 ], [ -76.545437072171254, 2.375941245746692 ], [ -76.54534725626911, 2.375941245746692 ], [ -76.54534725626911, 2.376031871455577 ], [ -76.545257440366967, 2.376031871455577 ], [ -76.545257440366967, 2.376303748582231 ], [ -76.54534725626911, 2.376303748582231 ] ] ] } },
{ "type": "Feature", "properties": { "value": 1, "State": "Burned", "Class": "Quemado", "IdxName": "NBR", "StartDate": "2025-09-27", "EndDate": "2025-09-28" }, "geometry": { "type": "Polygon", "coordinates": [ [ [ -76.583698646483185, 2.375941245746692 ], [ -76.583698646483185, 2.375850620037808 ], [ -76.583519014678899, 2.375850620037808 ], [ -76.583519014678899, 2.375941245746692 ], [ -76.583698646483185, 2.375941245746692 ] ] ] } },
{ "type": "Feature", "properties": { "value": 1, "State": "Burned", "Class": "Quemado", "IdxName": "NBR", "StartDate": "2025-09-27", "EndDate": "2025-09-28" }, "geometry": { "type": "Polygon", "coordinates": [ [ [ -76.634534447094808, 2.376031871455577 ], [ -76.634534447094808, 2.375941245746692 ], [ -76.634624262996951, 2.375941245746692 ], [ -76.634624262996951, 2.375759994328923 ], [ -76.634444631192665, 2.375759994328923 ], [ -76.634444631192665, 2.375850620037808 ], [ -76.634354815290521, 2.375850620037808 ], [ -76.634354815290521, 2.375941245746692 ], [ -76.634444631192665, 2.375941245746692 ], [ -76.634444631192665, 2.376031871455577 ], [ -76.634534447094808, 2.376031871455577 ] ] ] } },
{ "type": "Feature", "properties": { "value": 1, "State": "Burned", "Class": "Quemado", "IdxName": "NBR", "StartDate": "2025-09-27", "EndDate": "2025-09-28" }, "geometry": { "type": "Polygon", "coordinates": [ [ [ -76.596721952293578, 2.375850620037808 ], [ -76.596721952293578, 2.375759994328923 ], [ -76.596632136391435, 2.375759994328923 ], [ -76.596632136391435, 2.375850620037808 ], [ -76.596721952293578, 2.375850620037808 ] ] ] } },
{ "type": "Feature", "properties": { "value": 1, "State": "Burned", "Class": "Quemado", "IdxName": "NBR", "StartDate": "2025-09-27", "EndDate": "2025-09-28" }, "geometry": { "type": "Polygon", "coordinates": [ [ [ -76.581093985321104, 2.375578742911153 ], [ -76.581093985321104, 2.375488117202269 ], [ -76.581004169418961, 2.375488117202269 ], [ -76.581004169418961, 2.375578742911153 ], [ -76.581093985321104, 2.375578742911153 ] ] ] } },
{ "type": "Feature", "properties": { "value": 1, "State": "Burned", "Class": "Quemado", "IdxName": "NBR", "StartDate": "2025-09-27", "EndDate": "2025-09-28" }, "geometry": { "type": "Polygon", "coordinates": [ [ [ -76.569687365749232, 2.376122497164461 ], [ -76.569687365749232, 2.376031871455577 ], [ -76.569597549847103, 2.376031871455577 ], [ -76.569597549847103, 2.375941245746692 ], [ -76.56950773394496, 2.375941245746692 ], [ -76.56950773394496, 2.375850620037808 ], [ -76.569328102140673, 2.375850620037808 ], [ -76.569328102140673, 2.375669368620038 ], [ -76.569148470336387, 2.375669368620038 ], [ -76.569148470336387, 2.375488117202269 ], [ -76.569058654434258, 2.375488117202269 ], [ -76.569058654434258, 2.375397491493384 ], [ -76.568609574923542, 2.375397491493384 ], [ -76.568609574923542, 2.375578742911153 ], [ -76.568699390825685, 2.375578742911153 ], [ -76.568699390825685, 2.375850620037808 ], [ -76.568789206727828, 2.375850620037808 ], [ -76.568789206727828, 2.375941245746692 ], [ -76.568879022629972, 2.375941245746692 ], [ -76.568879022629972, 2.376031871455577 ], [ -76.569058654434258, 2.376031871455577 ], [ -76.569058654434258, 2.376122497164461 ], [ -76.569687365749232, 2.376122497164461 ] ] ] } },
{ "type": "Feature", "properties": { "value": 1, "State": "Burned", "Class": "Quemado", "IdxName": "NBR", "StartDate": "2025-09-27", "EndDate": "2025-09-28" }, "geometry": { "type": "Polygon", "coordinates": [ [ [ -76.60004514067279, 2.375488117202269 ], [ -76.60004514067279, 2.375397491493384 ], [ -76.599865508868504, 2.375397491493384 ], [ -76.599865508868504, 2.375488117202269 ], [ -76.60004514067279, 2.375488117202269 ] ] ] } },
{ "type": "Feature", "properties": { "value": 1, "State": "Burned", "Class": "Quemado", "IdxName": "NBR", "StartDate": "2025-09-27", "EndDate": "2025-09-28" }, "geometry": { "type": "Polygon", "coordinates": [ [ [ -76.599865508868504, 2.375397491493384 ], [ -76.599865508868504, 2.375216240075614 ], [ -76.599775692966361, 2.375216240075614 ], [ -76.599775692966361, 2.375397491493384 ], [ -76.599865508868504, 2.375397491493384 ] ] ] } },
{ "type": "Feature", "properties": { "value": 1, "State": "Burned", "Class": "Quemado", "IdxName": "NBR", "StartDate": "2025-09-27", "EndDate": "2025-09-28" }, "geometry": { "type": "Polygon", "coordinates": [ [ [ -76.649174439143735, 2.375306865784499 ], [ -76.649174439143735, 2.375216240075614 ], [ -76.649084623241592, 2.375216240075614 ], [ -76.649084623241592, 2.375306865784499 ], [ -76.649174439143735, 2.375306865784499 ] ] ] } },
{ "type": "Feature", "properties": { "value": 1, "State": "Burned", "Class": "Quemado", "IdxName": "NBR", "StartDate": "2025-09-27", "EndDate": "2025-09-28" }, "geometry": { "type": "Polygon", "coordinates": [ [ [ -76.599416429357802, 2.37512561436673 ], [ -76.599416429357802, 2.375034988657845 ], [ -76.599236797553516, 2.375034988657845 ], [ -76.599236797553516, 2.37512561436673 ], [ -76.599416429357802, 2.37512561436673 ] ] ] } },
{ "type": "Feature", "properties": { "value": 1, "State": "Burned", "Class": "Quemado", "IdxName": "NBR", "StartDate": "2025-09-27", "EndDate": "2025-09-28" }, "geometry": { "type": "Polygon", "coordinates": [ [ [ -76.546155599388385, 2.37512561436673 ], [ -76.546155599388385, 2.37494436294896 ], [ -76.546065783486242, 2.37494436294896 ], [ -76.546065783486242, 2.37512561436673 ], [ -76.546155599388385, 2.37512561436673 ] ] ] } },
{ "type": "Feature", "properties": { "value": 1, "State": "Burned", "Class": "Quemado", "IdxName": "NBR", "StartDate": "2025-09-27", "EndDate": "2025-09-28" }, "geometry": { "type": "Polygon", "coordinates": [ [ [ -76.600314588379206, 2.37512561436673 ], [ -76.600314588379206, 2.374853737240076 ], [ -76.600224772477063, 2.374853737240076 ], [ -76.600224772477063, 2.37512561436673 ], [ -76.600314588379206, 2.37512561436673 ] ] ] } },
{ "type": "Feature", "properties": { "value": 1, "State": "Burned", "Class": "Quemado", "IdxName": "NBR", "StartDate": "2025-09-27", "EndDate": "2025-09-28" }, "geometry": { "type": "Polygon", "coordinates": [ [ [ -76.591422814067286, 2.375306865784499 ], [ -76.591422814067286, 2.37512561436673 ], [ -76.591512629969415, 2.37512561436673 ], [ -76.591512629969415, 2.374853737240076 ], [ -76.591063550458713, 2.374853737240076 ], [ -76.591063550458713, 2.37494436294896 ], [ -76.59097373455657, 2.37494436294896 ], [ -76.59097373455657, 2.375034988657845 ], [ -76.591063550458713, 2.375034988657845 ], [ -76.591063550458713, 2.37512561436673 ], [ -76.591153366360857, 2.37512561436673 ], [ -76.591153366360857, 2.375306865784499 ], [ -76.591422814067286, 2.375306865784499 ] ] ] } },
{ "type": "Feature", "properties": { "value": 1, "State": "Burned", "Class": "Quemado", "IdxName": "NBR", "StartDate": "2025-09-27", "EndDate": "2025-09-28" }, "geometry": { "type": "Polygon", "coordinates": [ [ [ -76.581632880733949, 2.375941245746692 ], [ -76.581632880733949, 2.375850620037808 ], [ -76.581722696636092, 2.375850620037808 ], [ -76.581722696636092, 2.375488117202269 ], [ -76.581812512538221, 2.375488117202269 ], [ -76.581812512538221, 2.37512561436673 ], [ -76.581722696636092, 2.37512561436673 ], [ -76.581722696636092, 2.375306865784499 ], [ -76.581632880733949, 2.375306865784499 ], [ -76.581632880733949, 2.375034988657845 ], [ -76.581722696636092, 2.375034988657845 ], [ -76.581722696636092, 2.374853737240076 ], [ -76.581902328440364, 2.374853737240076 ], [ -76.581902328440364, 2.374763111531191 ], [ -76.581632880733949, 2.374763111531191 ], [ -76.581632880733949, 2.374853737240076 ], [ -76.58127361712539, 2.374853737240076 ], [ -76.58127361712539, 2.374763111531191 ], [ -76.581093985321104, 2.374763111531191 ], [ -76.581093985321104, 2.374672485822306 ], [ -76.580914353516818, 2.374672485822306 ], [ -76.580914353516818, 2.374763111531191 ], [ -76.581004169418961, 2.374763111531191 ], [ -76.581004169418961, 2.374853737240076 ], [ -76.581093985321104, 2.374853737240076 ], [ -76.581093985321104, 2.375216240075614 ], [ -76.581183801223247, 2.375216240075614 ], [ -76.581183801223247, 2.37512561436673 ], [ -76.58127361712539, 2.37512561436673 ], [ -76.58127361712539, 2.375397491493384 ], [ -76.581363433027519, 2.375397491493384 ], [ -76.581363433027519, 2.375488117202269 ], [ -76.58127361712539, 2.375488117202269 ], [ -76.58127361712539, 2.375578742911153 ], [ -76.581363433027519, 2.375578742911153 ], [ -76.581363433027519, 2.375669368620038 ], [ -76.581453248929662, 2.375669368620038 ], [ -76.581453248929662, 2.375941245746692 ], [ -76.581632880733949, 2.375941245746692 ] ], [ [ -76.581543064831806, 2.37512561436673 ], [ -76.581453248929662, 2.37512561436673 ], [ -76.581453248929662, 2.375034988657845 ], [ -76.581543064831806, 2.375034988657845 ], [ -76.581543064831806, 2.37512561436673 ] ] ] } },
{ "type": "Feature", "properties": { "value": 1, "State": "Burned", "Class": "Quemado", "IdxName": "NBR", "StartDate": "2025-09-27", "EndDate": "2025-09-28" }, "geometry": { "type": "Polygon", "coordinates": [ [ [ -76.636600212844044, 2.374763111531191 ], [ -76.636600212844044, 2.374672485822306 ], [ -76.636510396941901, 2.374672485822306 ], [ -76.636510396941901, 2.374763111531191 ], [ -76.636600212844044, 2.374763111531191 ] ] ] } },
{ "type": "Feature", "properties": { "value": 1, "State": "Burned", "Class": "Quemado", "IdxName": "NBR", "StartDate": "2025-09-27", "EndDate": "2025-09-28" }, "geometry": { "type": "Polygon", "coordinates": [ [ [ -76.546245415290514, 2.37494436294896 ], [ -76.546245415290514, 2.374581860113422 ], [ -76.546155599388385, 2.374581860113422 ], [ -76.546155599388385, 2.37494436294896 ], [ -76.546245415290514, 2.37494436294896 ] ] ] } },
{ "type": "Feature", "properties": { "value": 1, "State": "Burned", "Class": "Quemado", "IdxName": "NBR", "StartDate": "2025-09-27", "EndDate": "2025-09-28" }, "geometry": { "type": "Polygon", "coordinates": [ [ [ -76.580914353516818, 2.374672485822306 ], [ -76.580914353516818, 2.374581860113422 ], [ -76.580734721712545, 2.374581860113422 ], [ -76.580734721712545, 2.374672485822306 ], [ -76.580914353516818, 2.374672485822306 ] ] ] } },
{ "type": "Feature", "properties": { "value": 1, "State": "Burned", "Class": "Quemado", "IdxName": "NBR", "StartDate": "2025-09-27", "EndDate": "2025-09-28" }, "geometry": { "type": "Polygon", "coordinates": [ [ [ -76.580106010397557, 2.37494436294896 ], [ -76.580106010397557, 2.374672485822306 ], [ -76.5801958262997, 2.374672485822306 ], [ -76.5801958262997, 2.374763111531191 ], [ -76.580285642201829, 2.374763111531191 ], [ -76.580285642201829, 2.374672485822306 ], [ -76.580375458103973, 2.374672485822306 ], [ -76.580375458103973, 2.374491234404537 ], [ -76.580285642201829, 2.374491234404537 ], [ -76.580285642201829, 2.374581860113422 ], [ -76.5801958262997, 2.374581860113422 ], [ -76.5801958262997, 2.374491234404537 ], [ -76.580106010397557, 2.374491234404537 ], [ -76.580106010397557, 2.374581860113422 ], [ -76.579836562691128, 2.374581860113422 ], [ -76.579836562691128, 2.374672485822306 ], [ -76.579746746788999, 2.374672485822306 ], [ -76.579746746788999, 2.374763111531191 ], [ -76.579836562691128, 2.374763111531191 ], [ -76.579836562691128, 2.374853737240076 ], [ -76.579746746788999, 2.374853737240076 ], [ -76.579746746788999, 2.37494436294896 ], [ -76.579926378593271, 2.37494436294896 ], [ -76.579926378593271, 2.374763111531191 ], [ -76.580016194495414, 2.374763111531191 ], [ -76.580016194495414, 2.37494436294896 ], [ -76.580106010397557, 2.37494436294896 ] ] ] } },
{ "type": "Feature", "properties": { "value": 1, "State": "Burned", "Class": "Quemado", "IdxName": "NBR", "StartDate": "2025-09-27", "EndDate": "2025-09-28" }, "geometry": { "type": "Polygon", "coordinates": [ [ [ -76.595105266055043, 2.374581860113422 ], [ -76.595105266055043, 2.374491234404537 ], [ -76.5950154501529, 2.374491234404537 ], [ -76.5950154501529, 2.374581860113422 ], [ -76.595105266055043, 2.374581860113422 ] ] ] } },
{ "type": "Feature", "properties": { "value": 1, "State": "Burned", "Class": "Quemado", "IdxName": "NBR", "StartDate": "2025-09-27", "EndDate": "2025-09-28" }, "geometry": { "type": "Polygon", "coordinates": [ [ [ -76.598967349847101, 2.374853737240076 ], [ -76.598967349847101, 2.374763111531191 ], [ -76.599057165749244, 2.374763111531191 ], [ -76.599057165749244, 2.374400608695652 ], [ -76.598967349847101, 2.374400608695652 ], [ -76.598967349847101, 2.374491234404537 ], [ -76.598787718042814, 2.374491234404537 ], [ -76.598787718042814, 2.374581860113422 ], [ -76.598877533944957, 2.374581860113422 ], [ -76.598877533944957, 2.374853737240076 ], [ -76.598967349847101, 2.374853737240076 ] ] ] } },
{ "type": "Feature", "properties": { "value": 1, "State": "Burned", "Class": "Quemado", "IdxName": "NBR", "StartDate": "2025-09-27", "EndDate": "2025-09-28" }, "geometry": { "type": "Polygon", "coordinates": [ [ [ -76.539239774923544, 2.374491234404537 ], [ -76.539239774923544, 2.374309982986768 ], [ -76.539149959021401, 2.374309982986768 ], [ -76.539149959021401, 2.374491234404537 ], [ -76.539239774923544, 2.374491234404537 ] ] ] } },
{ "type": "Feature", "properties": { "value": 1, "State": "Burned", "Class": "Quemado", "IdxName": "NBR", "StartDate": "2025-09-27", "EndDate": "2025-09-28" }, "geometry": { "type": "Polygon", "coordinates": [ [ [ -76.599416429357802, 2.374400608695652 ], [ -76.599416429357802, 2.374309982986768 ], [ -76.599326613455659, 2.374309982986768 ], [ -76.599326613455659, 2.374400608695652 ], [ -76.599416429357802, 2.374400608695652 ] ] ] } },
{ "type": "Feature", "properties": { "value": 1, "State": "Burned", "Class": "Quemado", "IdxName": "NBR", "StartDate": "2025-09-27", "EndDate": "2025-09-28" }, "geometry": { "type": "Polygon", "coordinates": [ [ [ -76.594746002446485, 2.374400608695652 ], [ -76.594746002446485, 2.374309982986768 ], [ -76.594656186544341, 2.374309982986768 ], [ -76.594656186544341, 2.374400608695652 ], [ -76.594746002446485, 2.374400608695652 ] ] ] } },
{ "type": "Feature", "properties": { "value": 1, "State": "Burned", "Class": "Quemado", "IdxName": "NBR", "StartDate": "2025-09-27", "EndDate": "2025-09-28" }, "geometry": { "type": "Polygon", "coordinates": [ [ [ -76.636420581039758, 2.374400608695652 ], [ -76.636420581039758, 2.374219357277883 ], [ -76.636330765137615, 2.374219357277883 ], [ -76.636330765137615, 2.374400608695652 ], [ -76.636420581039758, 2.374400608695652 ] ] ] } },
{ "type": "Feature", "properties": { "value": 1, "State": "Burned", "Class": "Quemado", "IdxName": "NBR", "StartDate": "2025-09-27", "EndDate": "2025-09-28" }, "geometry": { "type": "Polygon", "coordinates": [ [ [ -76.655731, 2.374309982986768 ], [ -76.655731, 2.374219357277883 ], [ -76.65564118409786, 2.374219357277883 ], [ -76.65564118409786, 2.374309982986768 ], [ -76.655731, 2.374309982986768 ] ] ] } },
{ "type": "Feature", "properties": { "value": 1, "State": "Burned", "Class": "Quemado", "IdxName": "NBR", "StartDate": "2025-09-27", "EndDate": "2025-09-28" }, "geometry": { "type": "Polygon", "coordinates": [ [ [ -76.579926378593271, 2.374309982986768 ], [ -76.579926378593271, 2.374219357277883 ], [ -76.579836562691128, 2.374219357277883 ], [ -76.579836562691128, 2.374309982986768 ], [ -76.579926378593271, 2.374309982986768 ] ] ] } },
{ "type": "Feature", "properties": { "value": 1, "State": "Burned", "Class": "Quemado", "IdxName": "NBR", "StartDate": "2025-09-27", "EndDate": "2025-09-28" }, "geometry": { "type": "Polygon", "coordinates": [ [ [ -76.609116546788997, 2.374219357277883 ], [ -76.609116546788997, 2.374128731568999 ], [ -76.609026730886853, 2.374128731568999 ], [ -76.609026730886853, 2.374219357277883 ], [ -76.609116546788997, 2.374219357277883 ] ] ] } },
{ "type": "Feature", "properties": { "value": 1, "State": "Burned", "Class": "Quemado", "IdxName": "NBR", "StartDate": "2025-09-27", "EndDate": "2025-09-28" }, "geometry": { "type": "Polygon", "coordinates": [ [ [ -76.599326613455659, 2.374219357277883 ], [ -76.599326613455659, 2.374128731568999 ], [ -76.599236797553516, 2.374128731568999 ], [ -76.599236797553516, 2.374219357277883 ], [ -76.599326613455659, 2.374219357277883 ] ] ] } },
{ "type": "Feature", "properties": { "value": 1, "State": "Burned", "Class": "Quemado", "IdxName": "NBR", "StartDate": "2025-09-27", "EndDate": "2025-09-28" }, "geometry": { "type": "Polygon", "coordinates": [ [ [ -76.648006832415902, 2.374400608695652 ], [ -76.648006832415902, 2.374309982986768 ], [ -76.648096648318045, 2.374309982986768 ], [ -76.648096648318045, 2.374219357277883 ], [ -76.648006832415902, 2.374219357277883 ], [ -76.648006832415902, 2.374038105860114 ], [ -76.64782720061163, 2.374038105860114 ], [ -76.64782720061163, 2.374128731568999 ], [ -76.647917016513759, 2.374128731568999 ], [ -76.647917016513759, 2.374400608695652 ], [ -76.648006832415902, 2.374400608695652 ] ] ] } },
{ "type": "Feature", "properties": { "value": 1, "State": "Burned", "Class": "Quemado", "IdxName": "NBR", "StartDate": "2025-09-27", "EndDate": "2025-09-28" }, "geometry": { "type": "Polygon", "coordinates": [ [ [ -76.584866253211004, 2.374219357277883 ], [ -76.584866253211004, 2.374038105860114 ], [ -76.584776437308875, 2.374038105860114 ], [ -76.584776437308875, 2.374219357277883 ], [ -76.584866253211004, 2.374219357277883 ] ] ] } },
{ "type": "Feature", "properties": { "value": 1, "State": "Burned", "Class": "Quemado", "IdxName": "NBR", "StartDate": "2025-09-27", "EndDate": "2025-09-28" }, "geometry": { "type": "Polygon", "coordinates": [ [ [ -76.636330765137615, 2.374219357277883 ], [ -76.636330765137615, 2.374128731568999 ], [ -76.636420581039758, 2.374128731568999 ], [ -76.636420581039758, 2.374038105860114 ], [ -76.636240949235471, 2.374038105860114 ], [ -76.636240949235471, 2.374219357277883 ], [ -76.636330765137615, 2.374219357277883 ] ] ] } },
{ "type": "Feature", "properties": { "value": 1, "State": "Burned", "Class": "Quemado", "IdxName": "NBR", "StartDate": "2025-09-27", "EndDate": "2025-09-28" }, "geometry": { "type": "Polygon", "coordinates": [ [ [ -76.636151133333343, 2.374128731568999 ], [ -76.636151133333343, 2.374038105860114 ], [ -76.636061317431199, 2.374038105860114 ], [ -76.636061317431199, 2.374128731568999 ], [ -76.636151133333343, 2.374128731568999 ] ] ] } },
{ "type": "Feature", "properties": { "value": 1, "State": "Burned", "Class": "Quemado", "IdxName": "NBR", "StartDate": "2025-09-27", "EndDate": "2025-09-28" }, "geometry": { "type": "Polygon", "coordinates": [ [ [ -76.598787718042814, 2.374128731568999 ], [ -76.598787718042814, 2.374038105860114 ], [ -76.598697902140671, 2.374038105860114 ], [ -76.598697902140671, 2.374128731568999 ], [ -76.598787718042814, 2.374128731568999 ] ] ] } },
{ "type": "Feature", "properties": { "value": 1, "State": "Burned", "Class": "Quemado", "IdxName": "NBR", "StartDate": "2025-09-27", "EndDate": "2025-09-28" }, "geometry": { "type": "Polygon", "coordinates": [ [ [ -76.545975967584098, 2.374128731568999 ], [ -76.545975967584098, 2.374038105860114 ], [ -76.545886151681955, 2.374038105860114 ], [ -76.545886151681955, 2.374128731568999 ], [ -76.545975967584098, 2.374128731568999 ] ] ] } },
{ "type": "Feature", "properties": { "value": 1, "State": "Burned", "Class": "Quemado", "IdxName": "NBR", "StartDate": "2025-09-27", "EndDate": "2025-09-28" }, "geometry": { "type": "Polygon", "coordinates": [ [ [ -76.60920636269114, 2.374038105860114 ], [ -76.60920636269114, 2.373947480151229 ], [ -76.609026730886853, 2.373947480151229 ], [ -76.609026730886853, 2.374038105860114 ], [ -76.60920636269114, 2.374038105860114 ] ] ] } },
{ "type": "Feature", "properties": { "value": 1, "State": "Burned", "Class": "Quemado", "IdxName": "NBR", "StartDate": "2025-09-27", "EndDate": "2025-09-28" }, "geometry": { "type": "Polygon", "coordinates": [ [ [ -76.598697902140671, 2.374038105860114 ], [ -76.598697902140671, 2.373947480151229 ], [ -76.598608086238528, 2.373947480151229 ], [ -76.598608086238528, 2.374038105860114 ], [ -76.598697902140671, 2.374038105860114 ] ] ] } },
{ "type": "Feature", "properties": { "value": 1, "State": "Burned", "Class": "Quemado", "IdxName": "NBR", "StartDate": "2025-09-27", "EndDate": "2025-09-28" }, "geometry": { "type": "Polygon", "coordinates": [ [ [ -76.545257440366967, 2.374038105860114 ], [ -76.545257440366967, 2.373947480151229 ], [ -76.545167624464838, 2.373947480151229 ], [ -76.545167624464838, 2.374038105860114 ], [ -76.545257440366967, 2.374038105860114 ] ] ] } },
{ "type": "Feature", "properties": { "value": 1, "State": "Burned", "Class": "Quemado", "IdxName": "NBR", "StartDate": "2025-09-27", "EndDate": "2025-09-28" }, "geometry": { "type": "Polygon", "coordinates": [ [ [ -76.646300330275238, 2.373947480151229 ], [ -76.646300330275238, 2.373856854442344 ], [ -76.646210514373095, 2.373856854442344 ], [ -76.646210514373095, 2.373947480151229 ], [ -76.646300330275238, 2.373947480151229 ] ] ] } },
{ "type": "Feature", "properties": { "value": 1, "State": "Burned", "Class": "Quemado", "IdxName": "NBR", "StartDate": "2025-09-27", "EndDate": "2025-09-28" }, "geometry": { "type": "Polygon", "coordinates": [ [ [ -76.545526888073397, 2.373947480151229 ], [ -76.545526888073397, 2.373856854442344 ], [ -76.545437072171254, 2.373856854442344 ], [ -76.545437072171254, 2.373947480151229 ], [ -76.545526888073397, 2.373947480151229 ] ] ] } },
{ "type": "Feature", "properties": { "value": 1, "State": "Burned", "Class": "Quemado", "IdxName": "NBR", "StartDate": "2025-09-27", "EndDate": "2025-09-28" }, "geometry": { "type": "Polygon", "coordinates": [ [ [ -76.545167624464838, 2.373947480151229 ], [ -76.545167624464838, 2.373856854442344 ], [ -76.545077808562695, 2.373856854442344 ], [ -76.545077808562695, 2.373947480151229 ], [ -76.545167624464838, 2.373947480151229 ] ] ] } },
{ "type": "Feature", "properties": { "value": 1, "State": "Burned", "Class": "Quemado", "IdxName": "NBR", "StartDate": "2025-09-27", "EndDate": "2025-09-28" }, "geometry": { "type": "Polygon", "coordinates": [ [ [ -76.585584780428135, 2.373947480151229 ], [ -76.585584780428135, 2.37376622873346 ], [ -76.585494964525992, 2.37376622873346 ], [ -76.585494964525992, 2.373947480151229 ], [ -76.585584780428135, 2.373947480151229 ] ] ] } },
{ "type": "Feature", "properties": { "value": 1, "State": "Burned", "Class": "Quemado", "IdxName": "NBR", "StartDate": "2025-09-27", "EndDate": "2025-09-28" }, "geometry": { "type": "Polygon", "coordinates": [ [ [ -76.605613726605512, 2.373856854442344 ], [ -76.605613726605512, 2.37376622873346 ], [ -76.605523910703369, 2.37376622873346 ], [ -76.605523910703369, 2.373856854442344 ], [ -76.605613726605512, 2.373856854442344 ] ] ] } },
{ "type": "Feature", "properties": { "value": 1, "State": "Burned", "Class": "Quemado", "IdxName": "NBR", "StartDate": "2025-09-27", "EndDate": "2025-09-28" }, "geometry": { "type": "Polygon", "coordinates": [ [ [ -76.643246589602455, 2.373856854442344 ], [ -76.643246589602455, 2.373675603024575 ], [ -76.643156773700312, 2.373675603024575 ], [ -76.643156773700312, 2.373856854442344 ], [ -76.643246589602455, 2.373856854442344 ] ] ] } },
{ "type": "Feature", "properties": { "value": 1, "State": "Burned", "Class": "Quemado", "IdxName": "NBR", "StartDate": "2025-09-27", "EndDate": "2025-09-28" }, "geometry": { "type": "Polygon", "coordinates": [ [ [ -76.618726848318047, 2.373856854442344 ], [ -76.618726848318047, 2.37376622873346 ], [ -76.618637032415904, 2.37376622873346 ], [ -76.618637032415904, 2.373675603024575 ], [ -76.618457400611618, 2.373675603024575 ], [ -76.618457400611618, 2.37376622873346 ], [ -76.618547216513761, 2.37376622873346 ], [ -76.618547216513761, 2.373856854442344 ], [ -76.618726848318047, 2.373856854442344 ] ] ] } },
{ "type": "Feature", "properties": { "value": 1, "State": "Burned", "Class": "Quemado", "IdxName": "NBR", "StartDate": "2025-09-27", "EndDate": "2025-09-28" }, "geometry": { "type": "Polygon", "coordinates": [ [ [ -76.596721952293578, 2.37376622873346 ], [ -76.596721952293578, 2.373675603024575 ], [ -76.596632136391435, 2.373675603024575 ], [ -76.596632136391435, 2.37376622873346 ], [ -76.596721952293578, 2.37376622873346 ] ] ] } },
{ "type": "Feature", "properties": { "value": 1, "State": "Burned", "Class": "Quemado", "IdxName": "NBR", "StartDate": "2025-09-27", "EndDate": "2025-09-28" }, "geometry": { "type": "Polygon", "coordinates": [ [ [ -76.639025242201839, 2.373403725897921 ], [ -76.639025242201839, 2.373313100189036 ], [ -76.638935426299696, 2.373313100189036 ], [ -76.638935426299696, 2.373403725897921 ], [ -76.639025242201839, 2.373403725897921 ] ] ] } },
{ "type": "Feature", "properties": { "value": 1, "State": "Burned", "Class": "Quemado", "IdxName": "NBR", "StartDate": "2025-09-27", "EndDate": "2025-09-28" }, "geometry": { "type": "Polygon", "coordinates": [ [ [ -76.638935426299696, 2.373313100189036 ], [ -76.638935426299696, 2.373222474480151 ], [ -76.638845610397553, 2.373222474480151 ], [ -76.638845610397553, 2.373313100189036 ], [ -76.638935426299696, 2.373313100189036 ] ] ] } },
{ "type": "Feature", "properties": { "value": 1, "State": "Burned", "Class": "Quemado", "IdxName": "NBR", "StartDate": "2025-09-27", "EndDate": "2025-09-28" }, "geometry": { "type": "Polygon", "coordinates": [ [ [ -76.588548705198775, 2.37376622873346 ], [ -76.588548705198775, 2.373675603024575 ], [ -76.588638521100918, 2.373675603024575 ], [ -76.588638521100918, 2.37358497731569 ], [ -76.588728337003062, 2.37358497731569 ], [ -76.588728337003062, 2.373222474480151 ], [ -76.588638521100918, 2.373222474480151 ], [ -76.588638521100918, 2.373131848771267 ], [ -76.588548705198775, 2.373131848771267 ], [ -76.588548705198775, 2.373222474480151 ], [ -76.588458889296632, 2.373222474480151 ], [ -76.588458889296632, 2.373494351606805 ], [ -76.588369073394503, 2.373494351606805 ], [ -76.588369073394503, 2.373675603024575 ], [ -76.588458889296632, 2.373675603024575 ], [ -76.588458889296632, 2.37376622873346 ], [ -76.588548705198775, 2.37376622873346 ] ] ] } },
{ "type": "Feature", "properties": { "value": 1, "State": "Burned", "Class": "Quemado", "IdxName": "NBR", "StartDate": "2025-09-27", "EndDate": "2025-09-28" }, "geometry": { "type": "Polygon", "coordinates": [ [ [ -76.579118035474011, 2.373675603024575 ], [ -76.579118035474011, 2.37358497731569 ], [ -76.579207851376154, 2.37358497731569 ], [ -76.579207851376154, 2.373222474480151 ], [ -76.579028219571867, 2.373222474480151 ], [ -76.579028219571867, 2.373131848771267 ], [ -76.578938403669724, 2.373131848771267 ], [ -76.578938403669724, 2.373313100189036 ], [ -76.578848587767581, 2.373313100189036 ], [ -76.578848587767581, 2.373222474480151 ], [ -76.578668955963309, 2.373222474480151 ], [ -76.578668955963309, 2.373403725897921 ], [ -76.579028219571867, 2.373403725897921 ], [ -76.579028219571867, 2.373675603024575 ], [ -76.579118035474011, 2.373675603024575 ] ] ] } },
{ "type": "Feature", "properties": { "value": 1, "State": "Burned", "Class": "Quemado", "IdxName": "NBR", "StartDate": "2025-09-27", "EndDate": "2025-09-28" }, "geometry": { "type": "Polygon", "coordinates": [ [ [ -76.585135700917434, 2.373494351606805 ], [ -76.585135700917434, 2.373131848771267 ], [ -76.584956069113147, 2.373131848771267 ], [ -76.584956069113147, 2.373403725897921 ], [ -76.58504588501529, 2.373403725897921 ], [ -76.58504588501529, 2.373494351606805 ], [ -76.585135700917434, 2.373494351606805 ] ] ] } },
{ "type": "Feature", "properties": { "value": 1, "State": "Burned", "Class": "Quemado", "IdxName": "NBR", "StartDate": "2025-09-27", "EndDate": "2025-09-28" }, "geometry": { "type": "Polygon", "coordinates": [ [ [ -76.65564118409786, 2.373403725897921 ], [ -76.65564118409786, 2.373313100189036 ], [ -76.655551368195717, 2.373313100189036 ], [ -76.655551368195717, 2.373131848771267 ], [ -76.655461552293588, 2.373131848771267 ], [ -76.655461552293588, 2.373403725897921 ], [ -76.65564118409786, 2.373403725897921 ] ] ] } },
{ "type": "Feature", "properties": { "value": 1, "State": "Burned", "Class": "Quemado", "IdxName": "NBR", "StartDate": "2025-09-27", "EndDate": "2025-09-28" }, "geometry": { "type": "Polygon", "coordinates": [ [ [ -76.643066957798169, 2.373222474480151 ], [ -76.643066957798169, 2.373131848771267 ], [ -76.642977141896026, 2.373131848771267 ], [ -76.642977141896026, 2.373222474480151 ], [ -76.643066957798169, 2.373222474480151 ] ] ] } },
{ "type": "Feature", "properties": { "value": 1, "State": "Burned", "Class": "Quemado", "IdxName": "NBR", "StartDate": "2025-09-27", "EndDate": "2025-09-28" }, "geometry": { "type": "Polygon", "coordinates": [ [ [ -76.628426965749242, 2.373131848771267 ], [ -76.628426965749242, 2.373041223062382 ], [ -76.628337149847098, 2.373041223062382 ], [ -76.628337149847098, 2.373131848771267 ], [ -76.628426965749242, 2.373131848771267 ] ] ] } },
{ "type": "Feature", "properties": { "value": 1, "State": "Burned", "Class": "Quemado", "IdxName": "NBR", "StartDate": "2025-09-27", "EndDate": "2025-09-28" }, "geometry": { "type": "Polygon", "coordinates": [ [ [ -76.655461552293588, 2.373131848771267 ], [ -76.655461552293588, 2.373041223062382 ], [ -76.655371736391444, 2.373041223062382 ], [ -76.655371736391444, 2.372950597353497 ], [ -76.655281920489301, 2.372950597353497 ], [ -76.655281920489301, 2.373131848771267 ], [ -76.655461552293588, 2.373131848771267 ] ] ] } },
{ "type": "Feature", "properties": { "value": 1, "State": "Burned", "Class": "Quemado", "IdxName": "NBR", "StartDate": "2025-09-27", "EndDate": "2025-09-28" }, "geometry": { "type": "Polygon", "coordinates": [ [ [ -76.639025242201839, 2.373041223062382 ], [ -76.639025242201839, 2.372950597353497 ], [ -76.638935426299696, 2.372950597353497 ], [ -76.638935426299696, 2.373041223062382 ], [ -76.639025242201839, 2.373041223062382 ] ] ] } },
{ "type": "Feature", "properties": { "value": 1, "State": "Burned", "Class": "Quemado", "IdxName": "NBR", "StartDate": "2025-09-27", "EndDate": "2025-09-28" }, "geometry": { "type": "Polygon", "coordinates": [ [ [ -76.605883174311927, 2.373041223062382 ], [ -76.605883174311927, 2.372950597353497 ], [ -76.605703542507641, 2.372950597353497 ], [ -76.605703542507641, 2.373041223062382 ], [ -76.605883174311927, 2.373041223062382 ] ] ] } },
{ "type": "Feature", "properties": { "value": 1, "State": "Burned", "Class": "Quemado", "IdxName": "NBR", "StartDate": "2025-09-27", "EndDate": "2025-09-28" }, "geometry": { "type": "Polygon", "coordinates": [ [ [ -76.642797510091739, 2.372950597353497 ], [ -76.642797510091739, 2.372859971644613 ], [ -76.64270769418961, 2.372859971644613 ], [ -76.64270769418961, 2.372950597353497 ], [ -76.642797510091739, 2.372950597353497 ] ] ] } },
{ "type": "Feature", "properties": { "value": 1, "State": "Burned", "Class": "Quemado", "IdxName": "NBR", "StartDate": "2025-09-27", "EndDate": "2025-09-28" }, "geometry": { "type": "Polygon", "coordinates": [ [ [ -76.60597299021407, 2.372950597353497 ], [ -76.60597299021407, 2.372859971644613 ], [ -76.605883174311927, 2.372859971644613 ], [ -76.605883174311927, 2.372950597353497 ], [ -76.60597299021407, 2.372950597353497 ] ] ] } },
{ "type": "Feature", "properties": { "value": 1, "State": "Burned", "Class": "Quemado", "IdxName": "NBR", "StartDate": "2025-09-27", "EndDate": "2025-09-28" }, "geometry": { "type": "Polygon", "coordinates": [ [ [ -76.640372480733944, 2.372859971644613 ], [ -76.640372480733944, 2.372769345935728 ], [ -76.640192848929672, 2.372769345935728 ], [ -76.640192848929672, 2.372859971644613 ], [ -76.640372480733944, 2.372859971644613 ] ] ] } },
{ "type": "Feature", "properties": { "value": 1, "State": "Burned", "Class": "Quemado", "IdxName": "NBR", "StartDate": "2025-09-27", "EndDate": "2025-09-28" }, "geometry": { "type": "Polygon", "coordinates": [ [ [ -76.585405148623849, 2.372950597353497 ], [ -76.585405148623849, 2.372678720226843 ], [ -76.58504588501529, 2.372678720226843 ], [ -76.58504588501529, 2.372769345935728 ], [ -76.585225516819577, 2.372769345935728 ], [ -76.585225516819577, 2.372859971644613 ], [ -76.58531533272172, 2.372859971644613 ], [ -76.58531533272172, 2.372950597353497 ], [ -76.585405148623849, 2.372950597353497 ] ] ] } },
{ "type": "Feature", "properties": { "value": 1, "State": "Burned", "Class": "Quemado", "IdxName": "NBR", "StartDate": "2025-09-27", "EndDate": "2025-09-28" }, "geometry": { "type": "Polygon", "coordinates": [ [ [ -76.637318740061161, 2.372859971644613 ], [ -76.637318740061161, 2.372678720226843 ], [ -76.637228924159018, 2.372678720226843 ], [ -76.637228924159018, 2.372859971644613 ], [ -76.637318740061161, 2.372859971644613 ] ] ] } },
{ "type": "Feature", "properties": { "value": 1, "State": "Burned", "Class": "Quemado", "IdxName": "NBR", "StartDate": "2025-09-27", "EndDate": "2025-09-28" }, "geometry": { "type": "Polygon", "coordinates": [ [ [ -76.638216899082565, 2.372769345935728 ], [ -76.638216899082565, 2.372678720226843 ], [ -76.638127083180436, 2.372678720226843 ], [ -76.638127083180436, 2.372769345935728 ], [ -76.638216899082565, 2.372769345935728 ] ] ] } },
{ "type": "Feature", "properties": { "value": 1, "State": "Burned", "Class": "Quemado", "IdxName": "NBR", "StartDate": "2025-09-27", "EndDate": "2025-09-28" }, "geometry": { "type": "Polygon", "coordinates": [ [ [ -76.59717103180428, 2.372769345935728 ], [ -76.59717103180428, 2.372678720226843 ], [ -76.597081215902136, 2.372678720226843 ], [ -76.597081215902136, 2.372769345935728 ], [ -76.59717103180428, 2.372769345935728 ] ] ] } },
{ "type": "Feature", "properties": { "value": 1, "State": "Burned", "Class": "Quemado", "IdxName": "NBR", "StartDate": "2025-09-27", "EndDate": "2025-09-28" }, "geometry": { "type": "Polygon", "coordinates": [ [ [ -76.578758771865438, 2.373131848771267 ], [ -76.578758771865438, 2.373041223062382 ], [ -76.578848587767581, 2.373041223062382 ], [ -76.578848587767581, 2.372769345935728 ], [ -76.579028219571867, 2.372769345935728 ], [ -76.579028219571867, 2.372678720226843 ], [ -76.578758771865438, 2.372678720226843 ], [ -76.578758771865438, 2.372859971644613 ], [ -76.578668955963309, 2.372859971644613 ], [ -76.578668955963309, 2.372769345935728 ], [ -76.578579140061166, 2.372769345935728 ], [ -76.578579140061166, 2.372950597353497 ], [ -76.578668955963309, 2.372950597353497 ], [ -76.578668955963309, 2.373131848771267 ], [ -76.578758771865438, 2.373131848771267 ] ] ] } },
{ "type": "Feature", "properties": { "value": 1, "State": "Burned", "Class": "Quemado", "IdxName": "NBR", "StartDate": "2025-09-27", "EndDate": "2025-09-28" }, "geometry": { "type": "Polygon", "coordinates": [ [ [ -76.640192848929672, 2.372769345935728 ], [ -76.640192848929672, 2.372588094517959 ], [ -76.640013217125386, 2.372588094517959 ], [ -76.640013217125386, 2.372678720226843 ], [ -76.640103033027529, 2.372678720226843 ], [ -76.640103033027529, 2.372769345935728 ], [ -76.640192848929672, 2.372769345935728 ] ] ] } },
{ "type": "Feature", "properties": { "value": 1, "State": "Burned", "Class": "Quemado", "IdxName": "NBR", "StartDate": "2025-09-27", "EndDate": "2025-09-28" }, "geometry": { "type": "Polygon", "coordinates": [ [ [ -76.655731, 2.372678720226843 ], [ -76.655731, 2.372588094517959 ], [ -76.65564118409786, 2.372588094517959 ], [ -76.65564118409786, 2.372678720226843 ], [ -76.655731, 2.372678720226843 ] ] ] } },
{ "type": "Feature", "properties": { "value": 1, "State": "Burned", "Class": "Quemado", "IdxName": "NBR", "StartDate": "2025-09-27", "EndDate": "2025-09-28" }, "geometry": { "type": "Polygon", "coordinates": [ [ [ -76.637947451376149, 2.372678720226843 ], [ -76.637947451376149, 2.372588094517959 ], [ -76.637857635474006, 2.372588094517959 ], [ -76.637857635474006, 2.372678720226843 ], [ -76.637947451376149, 2.372678720226843 ] ] ] } },
{ "type": "Feature", "properties": { "value": 1, "State": "Burned", "Class": "Quemado", "IdxName": "NBR", "StartDate": "2025-09-27", "EndDate": "2025-09-28" }, "geometry": { "type": "Polygon", "coordinates": [ [ [ -76.65456339327217, 2.372678720226843 ], [ -76.65456339327217, 2.372497468809074 ], [ -76.654473577370027, 2.372497468809074 ], [ -76.654473577370027, 2.372678720226843 ], [ -76.65456339327217, 2.372678720226843 ] ] ] } },
{ "type": "Feature", "properties": { "value": 1, "State": "Burned", "Class": "Quemado", "IdxName": "NBR", "StartDate": "2025-09-27", "EndDate": "2025-09-28" }, "geometry": { "type": "Polygon", "coordinates": [ [ [ -76.6437854850153, 2.372588094517959 ], [ -76.6437854850153, 2.372497468809074 ], [ -76.643695669113157, 2.372497468809074 ], [ -76.643695669113157, 2.372588094517959 ], [ -76.6437854850153, 2.372588094517959 ] ] ] } },
{ "type": "Feature", "properties": { "value": 1, "State": "Burned", "Class": "Quemado", "IdxName": "NBR", "StartDate": "2025-09-27", "EndDate": "2025-09-28" }, "geometry": { "type": "Polygon", "coordinates": [ [ [ -76.643426221406727, 2.372678720226843 ], [ -76.643426221406727, 2.372588094517959 ], [ -76.643605853211014, 2.372588094517959 ], [ -76.643605853211014, 2.372497468809074 ], [ -76.643336405504584, 2.372497468809074 ], [ -76.643336405504584, 2.372588094517959 ], [ -76.643246589602455, 2.372588094517959 ], [ -76.643246589602455, 2.372678720226843 ], [ -76.643426221406727, 2.372678720226843 ] ] ] } },
{ "type": "Feature", "properties": { "value": 1, "State": "Burned", "Class": "Quemado", "IdxName": "NBR", "StartDate": "2025-09-27", "EndDate": "2025-09-28" }, "geometry": { "type": "Polygon", "coordinates": [ [ [ -76.64270769418961, 2.372588094517959 ], [ -76.64270769418961, 2.372497468809074 ], [ -76.642617878287467, 2.372497468809074 ], [ -76.642617878287467, 2.372588094517959 ], [ -76.64270769418961, 2.372588094517959 ] ] ] } },
{ "type": "Feature", "properties": { "value": 1, "State": "Burned", "Class": "Quemado", "IdxName": "NBR", "StartDate": "2025-09-27", "EndDate": "2025-09-28" }, "geometry": { "type": "Polygon", "coordinates": [ [ [ -76.611631392048935, 2.372588094517959 ], [ -76.611631392048935, 2.372497468809074 ], [ -76.611541576146791, 2.372497468809074 ], [ -76.611541576146791, 2.372588094517959 ], [ -76.611631392048935, 2.372588094517959 ] ] ] } },
{ "type": "Feature", "properties": { "value": 1, "State": "Burned", "Class": "Quemado", "IdxName": "NBR", "StartDate": "2025-09-27", "EndDate": "2025-09-28" }, "geometry": { "type": "Polygon", "coordinates": [ [ [ -76.584596805504589, 2.372588094517959 ], [ -76.584596805504589, 2.372497468809074 ], [ -76.584417173700302, 2.372497468809074 ], [ -76.584417173700302, 2.372588094517959 ], [ -76.584596805504589, 2.372588094517959 ] ] ] } },
{ "type": "Feature", "properties": { "value": 1, "State": "Burned", "Class": "Quemado", "IdxName": "NBR", "StartDate": "2025-09-27", "EndDate": "2025-09-28" }, "geometry": { "type": "Polygon", "coordinates": [ [ [ -76.635432606116211, 2.372588094517959 ], [ -76.635432606116211, 2.372497468809074 ], [ -76.635342790214068, 2.372497468809074 ], [ -76.635342790214068, 2.372406843100189 ], [ -76.635252974311925, 2.372406843100189 ], [ -76.635252974311925, 2.372588094517959 ], [ -76.635432606116211, 2.372588094517959 ] ] ] } },
{ "type": "Feature", "properties": { "value": 1, "State": "Burned", "Class": "Quemado", "IdxName": "NBR", "StartDate": "2025-09-27", "EndDate": "2025-09-28" }, "geometry": { "type": "Polygon", "coordinates": [ [ [ -76.646120698470952, 2.372497468809074 ], [ -76.646120698470952, 2.372406843100189 ], [ -76.646030882568809, 2.372406843100189 ], [ -76.646030882568809, 2.372497468809074 ], [ -76.646120698470952, 2.372497468809074 ] ] ] } },
{ "type": "Feature", "properties": { "value": 1, "State": "Burned", "Class": "Quemado", "IdxName": "NBR", "StartDate": "2025-09-27", "EndDate": "2025-09-28" }, "geometry": { "type": "Polygon", "coordinates": [ [ [ -76.641899351070336, 2.372497468809074 ], [ -76.641899351070336, 2.372406843100189 ], [ -76.641809535168193, 2.372406843100189 ], [ -76.641809535168193, 2.372497468809074 ], [ -76.641899351070336, 2.372497468809074 ] ] ] } },
{ "type": "Feature", "properties": { "value": 1, "State": "Burned", "Class": "Quemado", "IdxName": "NBR", "StartDate": "2025-09-27", "EndDate": "2025-09-28" }, "geometry": { "type": "Polygon", "coordinates": [ [ [ -76.641719719266064, 2.372497468809074 ], [ -76.641719719266064, 2.372406843100189 ], [ -76.641629903363921, 2.372406843100189 ], [ -76.641629903363921, 2.372497468809074 ], [ -76.641719719266064, 2.372497468809074 ] ] ] } },
{ "type": "Feature", "properties": { "value": 1, "State": "Burned", "Class": "Quemado", "IdxName": "NBR", "StartDate": "2025-09-27", "EndDate": "2025-09-28" }, "geometry": { "type": "Polygon", "coordinates": [ [ [ -76.63363628807339, 2.372497468809074 ], [ -76.63363628807339, 2.372406843100189 ], [ -76.633546472171261, 2.372406843100189 ], [ -76.633546472171261, 2.372497468809074 ], [ -76.63363628807339, 2.372497468809074 ] ] ] } },
{ "type": "Feature", "properties": { "value": 1, "State": "Burned", "Class": "Quemado", "IdxName": "NBR", "StartDate": "2025-09-27", "EndDate": "2025-09-28" }, "geometry": { "type": "Polygon", "coordinates": [ [ [ -76.619714823241594, 2.372497468809074 ], [ -76.619714823241594, 2.372406843100189 ], [ -76.619625007339451, 2.372406843100189 ], [ -76.619625007339451, 2.372497468809074 ], [ -76.619714823241594, 2.372497468809074 ] ] ] } },
{ "type": "Feature", "properties": { "value": 1, "State": "Burned", "Class": "Quemado", "IdxName": "NBR", "StartDate": "2025-09-27", "EndDate": "2025-09-28" }, "geometry": { "type": "Polygon", "coordinates": [ [ [ -76.59016539143731, 2.372497468809074 ], [ -76.59016539143731, 2.372406843100189 ], [ -76.590075575535167, 2.372406843100189 ], [ -76.590075575535167, 2.372497468809074 ], [ -76.59016539143731, 2.372497468809074 ] ] ] } },
{ "type": "Feature", "properties": { "value": 1, "State": "Burned", "Class": "Quemado", "IdxName": "NBR", "StartDate": "2025-09-27", "EndDate": "2025-09-28" }, "geometry": { "type": "Polygon", "coordinates": [ [ [ -76.588818152905205, 2.372588094517959 ], [ -76.588818152905205, 2.372497468809074 ], [ -76.588907968807348, 2.372497468809074 ], [ -76.588907968807348, 2.372406843100189 ], [ -76.588818152905205, 2.372406843100189 ], [ -76.588818152905205, 2.372316217391305 ], [ -76.588638521100918, 2.372316217391305 ], [ -76.588638521100918, 2.372406843100189 ], [ -76.588728337003062, 2.372406843100189 ], [ -76.588728337003062, 2.372588094517959 ], [ -76.588818152905205, 2.372588094517959 ] ] ] } },
{ "type": "Feature", "properties": { "value": 1, "State": "Burned", "Class": "Quemado", "IdxName": "NBR", "StartDate": "2025-09-27", "EndDate": "2025-09-28" }, "geometry": { "type": "Polygon", "coordinates": [ [ [ -76.580644905810402, 2.372497468809074 ], [ -76.580644905810402, 2.372316217391305 ], [ -76.580555089908259, 2.372316217391305 ], [ -76.580555089908259, 2.372497468809074 ], [ -76.580644905810402, 2.372497468809074 ] ] ] } },
{ "type": "Feature", "properties": { "value": 1, "State": "Burned", "Class": "Quemado", "IdxName": "NBR", "StartDate": "2025-09-27", "EndDate": "2025-09-28" }, "geometry": { "type": "Polygon", "coordinates": [ [ [ -76.65564118409786, 2.372406843100189 ], [ -76.65564118409786, 2.372316217391305 ], [ -76.655551368195717, 2.372316217391305 ], [ -76.655551368195717, 2.372406843100189 ], [ -76.65564118409786, 2.372406843100189 ] ] ] } },
{ "type": "Feature", "properties": { "value": 1, "State": "Burned", "Class": "Quemado", "IdxName": "NBR", "StartDate": "2025-09-27", "EndDate": "2025-09-28" }, "geometry": { "type": "Polygon", "coordinates": [ [ [ -76.635522422018354, 2.372406843100189 ], [ -76.635522422018354, 2.372316217391305 ], [ -76.635432606116211, 2.372316217391305 ], [ -76.635432606116211, 2.372406843100189 ], [ -76.635522422018354, 2.372406843100189 ] ] ] } },
{ "type": "Feature", "properties": { "value": 1, "State": "Burned", "Class": "Quemado", "IdxName": "NBR", "StartDate": "2025-09-27", "EndDate": "2025-09-28" }, "geometry": { "type": "Polygon", "coordinates": [ [ [ -76.605344278899082, 2.372406843100189 ], [ -76.605344278899082, 2.372316217391305 ], [ -76.605254462996939, 2.372316217391305 ], [ -76.605254462996939, 2.372406843100189 ], [ -76.605344278899082, 2.372406843100189 ] ] ] } },
{ "type": "Feature", "properties": { "value": 1, "State": "Burned", "Class": "Quemado", "IdxName": "NBR", "StartDate": "2025-09-27", "EndDate": "2025-09-28" }, "geometry": { "type": "Polygon", "coordinates": [ [ [ -76.590075575535167, 2.372406843100189 ], [ -76.590075575535167, 2.372316217391305 ], [ -76.589985759633024, 2.372316217391305 ], [ -76.589985759633024, 2.372406843100189 ], [ -76.590075575535167, 2.372406843100189 ] ] ] } },
{ "type": "Feature", "properties": { "value": 1, "State": "Burned", "Class": "Quemado", "IdxName": "NBR", "StartDate": "2025-09-27", "EndDate": "2025-09-28" }, "geometry": { "type": "Polygon", "coordinates": [ [ [ -76.646569777981654, 2.372588094517959 ], [ -76.646569777981654, 2.372497468809074 ], [ -76.646659593883797, 2.372497468809074 ], [ -76.646659593883797, 2.37222559168242 ], [ -76.646479962079511, 2.37222559168242 ], [ -76.646479962079511, 2.372316217391305 ], [ -76.646390146177367, 2.372316217391305 ], [ -76.646390146177367, 2.372588094517959 ], [ -76.646569777981654, 2.372588094517959 ] ] ] } },
{ "type": "Feature", "properties": { "value": 1, "State": "Burned", "Class": "Quemado", "IdxName": "NBR", "StartDate": "2025-09-27", "EndDate": "2025-09-28" }, "geometry": { "type": "Polygon", "coordinates": [ [ [ -76.654473577370027, 2.372406843100189 ], [ -76.654473577370027, 2.372316217391305 ], [ -76.654383761467898, 2.372316217391305 ], [ -76.654383761467898, 2.37222559168242 ], [ -76.654293945565755, 2.37222559168242 ], [ -76.654293945565755, 2.372406843100189 ], [ -76.654473577370027, 2.372406843100189 ] ] ] } },
{ "type": "Feature", "properties": { "value": 1, "State": "Burned", "Class": "Quemado", "IdxName": "NBR", "StartDate": "2025-09-27", "EndDate": "2025-09-28" }, "geometry": { "type": "Polygon", "coordinates": [ [ [ -76.633546472171261, 2.372316217391305 ], [ -76.633546472171261, 2.37222559168242 ], [ -76.633456656269118, 2.37222559168242 ], [ -76.633456656269118, 2.372316217391305 ], [ -76.633546472171261, 2.372316217391305 ] ] ] } },
{ "type": "Feature", "properties": { "value": 1, "State": "Burned", "Class": "Quemado", "IdxName": "NBR", "StartDate": "2025-09-27", "EndDate": "2025-09-28" }, "geometry": { "type": "Polygon", "coordinates": [ [ [ -76.581183801223247, 2.372316217391305 ], [ -76.581183801223247, 2.37222559168242 ], [ -76.581093985321104, 2.37222559168242 ], [ -76.581093985321104, 2.372316217391305 ], [ -76.581183801223247, 2.372316217391305 ] ] ] } },
{ "type": "Feature", "properties": { "value": 1, "State": "Burned", "Class": "Quemado", "IdxName": "NBR", "StartDate": "2025-09-27", "EndDate": "2025-09-28" }, "geometry": { "type": "Polygon", "coordinates": [ [ [ -76.582980119266054, 2.372316217391305 ], [ -76.582980119266054, 2.37204434026465 ], [ -76.582890303363911, 2.37204434026465 ], [ -76.582890303363911, 2.372316217391305 ], [ -76.582980119266054, 2.372316217391305 ] ] ] } },
{ "type": "Feature", "properties": { "value": 1, "State": "Burned", "Class": "Quemado", "IdxName": "NBR", "StartDate": "2025-09-27", "EndDate": "2025-09-28" }, "geometry": { "type": "Polygon", "coordinates": [ [ [ -76.581004169418961, 2.372588094517959 ], [ -76.581004169418961, 2.372497468809074 ], [ -76.581183801223247, 2.372497468809074 ], [ -76.581183801223247, 2.372406843100189 ], [ -76.581093985321104, 2.372406843100189 ], [ -76.581093985321104, 2.372316217391305 ], [ -76.581004169418961, 2.372316217391305 ], [ -76.581004169418961, 2.372134965973535 ], [ -76.581093985321104, 2.372134965973535 ], [ -76.581093985321104, 2.37204434026465 ], [ -76.580914353516818, 2.37204434026465 ], [ -76.580914353516818, 2.372134965973535 ], [ -76.580824537614674, 2.372134965973535 ], [ -76.580824537614674, 2.37204434026465 ], [ -76.580644905810402, 2.37204434026465 ], [ -76.580644905810402, 2.372134965973535 ], [ -76.580734721712545, 2.372134965973535 ], [ -76.580734721712545, 2.37222559168242 ], [ -76.580824537614674, 2.37222559168242 ], [ -76.580824537614674, 2.372406843100189 ], [ -76.580734721712545, 2.372406843100189 ], [ -76.580734721712545, 2.372497468809074 ], [ -76.580644905810402, 2.372497468809074 ], [ -76.580644905810402, 2.372588094517959 ], [ -76.581004169418961, 2.372588094517959 ] ], [ [ -76.581004169418961, 2.372406843100189 ], [ -76.580914353516818, 2.372406843100189 ], [ -76.580914353516818, 2.372316217391305 ], [ -76.581004169418961, 2.372316217391305 ], [ -76.581004169418961, 2.372406843100189 ] ] ] } },
{ "type": "Feature", "properties": { "value": 1, "State": "Burned", "Class": "Quemado", "IdxName": "NBR", "StartDate": "2025-09-27", "EndDate": "2025-09-28" }, "geometry": { "type": "Polygon", "coordinates": [ [ [ -76.646390146177367, 2.372134965973535 ], [ -76.646390146177367, 2.371953714555766 ], [ -76.646300330275238, 2.371953714555766 ], [ -76.646300330275238, 2.372134965973535 ], [ -76.646390146177367, 2.372134965973535 ] ] ] } },
{ "type": "Feature", "properties": { "value": 1, "State": "Burned", "Class": "Quemado", "IdxName": "NBR", "StartDate": "2025-09-27", "EndDate": "2025-09-28" }, "geometry": { "type": "Polygon", "coordinates": [ [ [ -76.608667467278295, 2.37204434026465 ], [ -76.608667467278295, 2.371953714555766 ], [ -76.608577651376152, 2.371953714555766 ], [ -76.608577651376152, 2.37204434026465 ], [ -76.608667467278295, 2.37204434026465 ] ] ] } },
{ "type": "Feature", "properties": { "value": 1, "State": "Burned", "Class": "Quemado", "IdxName": "NBR", "StartDate": "2025-09-27", "EndDate": "2025-09-28" }, "geometry": { "type": "Polygon", "coordinates": [ [ [ -76.597260847706423, 2.37204434026465 ], [ -76.597260847706423, 2.371953714555766 ], [ -76.59717103180428, 2.371953714555766 ], [ -76.59717103180428, 2.37204434026465 ], [ -76.597260847706423, 2.37204434026465 ] ] ] } },
{ "type": "Feature", "properties": { "value": 1, "State": "Burned", "Class": "Quemado", "IdxName": "NBR", "StartDate": "2025-09-27", "EndDate": "2025-09-28" }, "geometry": { "type": "Polygon", "coordinates": [ [ [ -76.58315975107034, 2.37204434026465 ], [ -76.58315975107034, 2.371953714555766 ], [ -76.582980119266054, 2.371953714555766 ], [ -76.582980119266054, 2.37204434026465 ], [ -76.58315975107034, 2.37204434026465 ] ] ] } },
{ "type": "Feature", "properties": { "value": 1, "State": "Burned", "Class": "Quemado", "IdxName": "NBR", "StartDate": "2025-09-27", "EndDate": "2025-09-28" }, "geometry": { "type": "Polygon", "coordinates": [ [ [ -76.580914353516818, 2.37204434026465 ], [ -76.580914353516818, 2.371953714555766 ], [ -76.580824537614674, 2.371953714555766 ], [ -76.580824537614674, 2.37204434026465 ], [ -76.580914353516818, 2.37204434026465 ] ] ] } },
{ "type": "Feature", "properties": { "value": 1, "State": "Burned", "Class": "Quemado", "IdxName": "NBR", "StartDate": "2025-09-27", "EndDate": "2025-09-28" }, "geometry": { "type": "Polygon", "coordinates": [ [ [ -76.571663315596325, 2.37204434026465 ], [ -76.571663315596325, 2.371863088846881 ], [ -76.57139386788991, 2.371863088846881 ], [ -76.57139386788991, 2.37204434026465 ], [ -76.571663315596325, 2.37204434026465 ] ] ] } },
{ "type": "Feature", "properties": { "value": 1, "State": "Burned", "Class": "Quemado", "IdxName": "NBR", "StartDate": "2025-09-27", "EndDate": "2025-09-28" }, "geometry": { "type": "Polygon", "coordinates": [ [ [ -76.604535935779822, 2.371953714555766 ], [ -76.604535935779822, 2.371863088846881 ], [ -76.604356303975536, 2.371863088846881 ], [ -76.604356303975536, 2.371953714555766 ], [ -76.604535935779822, 2.371953714555766 ] ] ] } },
{ "type": "Feature", "properties": { "value": 1, "State": "Burned", "Class": "Quemado", "IdxName": "NBR", "StartDate": "2025-09-27", "EndDate": "2025-09-28" }, "geometry": { "type": "Polygon", "coordinates": [ [ [ -76.583249566972484, 2.371953714555766 ], [ -76.583249566972484, 2.371863088846881 ], [ -76.58315975107034, 2.371863088846881 ], [ -76.58315975107034, 2.371953714555766 ], [ -76.583249566972484, 2.371953714555766 ] ] ] } },
{ "type": "Feature", "properties": { "value": 1, "State": "Burned", "Class": "Quemado", "IdxName": "NBR", "StartDate": "2025-09-27", "EndDate": "2025-09-28" }, "geometry": { "type": "Polygon", "coordinates": [ [ [ -76.581004169418961, 2.371953714555766 ], [ -76.581004169418961, 2.371863088846881 ], [ -76.580914353516818, 2.371863088846881 ], [ -76.580914353516818, 2.371953714555766 ], [ -76.581004169418961, 2.371953714555766 ] ] ] } },
{ "type": "Feature", "properties": { "value": 1, "State": "Burned", "Class": "Quemado", "IdxName": "NBR", "StartDate": "2025-09-27", "EndDate": "2025-09-28" }, "geometry": { "type": "Polygon", "coordinates": [ [ [ -76.646479962079511, 2.371863088846881 ], [ -76.646479962079511, 2.371772463137996 ], [ -76.646390146177367, 2.371772463137996 ], [ -76.646390146177367, 2.371863088846881 ], [ -76.646479962079511, 2.371863088846881 ] ] ] } },
{ "type": "Feature", "properties": { "value": 1, "State": "Burned", "Class": "Quemado", "IdxName": "NBR", "StartDate": "2025-09-27", "EndDate": "2025-09-28" }, "geometry": { "type": "Polygon", "coordinates": [ [ [ -76.57732171743119, 2.371863088846881 ], [ -76.57732171743119, 2.371772463137996 ], [ -76.577231901529046, 2.371772463137996 ], [ -76.577231901529046, 2.371863088846881 ], [ -76.57732171743119, 2.371863088846881 ] ] ] } },
{ "type": "Feature", "properties": { "value": 1, "State": "Burned", "Class": "Quemado", "IdxName": "NBR", "StartDate": "2025-09-27", "EndDate": "2025-09-28" }, "geometry": { "type": "Polygon", "coordinates": [ [ [ -76.619086111926606, 2.37204434026465 ], [ -76.619086111926606, 2.371772463137996 ], [ -76.618996296024463, 2.371772463137996 ], [ -76.618996296024463, 2.371681837429112 ], [ -76.61890648012232, 2.371681837429112 ], [ -76.61890648012232, 2.371863088846881 ], [ -76.618996296024463, 2.371863088846881 ], [ -76.618996296024463, 2.37204434026465 ], [ -76.619086111926606, 2.37204434026465 ] ] ] } },
{ "type": "Feature", "properties": { "value": 1, "State": "Burned", "Class": "Quemado", "IdxName": "NBR", "StartDate": "2025-09-27", "EndDate": "2025-09-28" }, "geometry": { "type": "Polygon", "coordinates": [ [ [ -76.580644905810402, 2.37204434026465 ], [ -76.580644905810402, 2.371681837429112 ], [ -76.580555089908259, 2.371681837429112 ], [ -76.580555089908259, 2.371772463137996 ], [ -76.580375458103973, 2.371772463137996 ], [ -76.580375458103973, 2.371863088846881 ], [ -76.580555089908259, 2.371863088846881 ], [ -76.580555089908259, 2.37204434026465 ], [ -76.580644905810402, 2.37204434026465 ] ] ] } },
{ "type": "Feature", "properties": { "value": 1, "State": "Burned", "Class": "Quemado", "IdxName": "NBR", "StartDate": "2025-09-27", "EndDate": "2025-09-28" }, "geometry": { "type": "Polygon", "coordinates": [ [ [ -76.641629903363921, 2.371863088846881 ], [ -76.641629903363921, 2.371681837429112 ], [ -76.641540087461777, 2.371681837429112 ], [ -76.641540087461777, 2.371863088846881 ], [ -76.641629903363921, 2.371863088846881 ] ] ] } },
{ "type": "Feature", "properties": { "value": 1, "State": "Burned", "Class": "Quemado", "IdxName": "NBR", "StartDate": "2025-09-27", "EndDate": "2025-09-28" }, "geometry": { "type": "Polygon", "coordinates": [ [ [ -76.597081215902136, 2.371772463137996 ], [ -76.597081215902136, 2.371681837429112 ], [ -76.5969914, 2.371681837429112 ], [ -76.5969914, 2.371772463137996 ], [ -76.597081215902136, 2.371772463137996 ] ] ] } },
{ "type": "Feature", "properties": { "value": 1, "State": "Burned", "Class": "Quemado", "IdxName": "NBR", "StartDate": "2025-09-27", "EndDate": "2025-09-28" }, "geometry": { "type": "Polygon", "coordinates": [ [ [ -76.580824537614674, 2.371772463137996 ], [ -76.580824537614674, 2.371681837429112 ], [ -76.580734721712545, 2.371681837429112 ], [ -76.580734721712545, 2.371772463137996 ], [ -76.580824537614674, 2.371772463137996 ] ] ] } },
{ "type": "Feature", "properties": { "value": 1, "State": "Burned", "Class": "Quemado", "IdxName": "NBR", "StartDate": "2025-09-27", "EndDate": "2025-09-28" }, "geometry": { "type": "Polygon", "coordinates": [ [ [ -76.579567114984712, 2.371772463137996 ], [ -76.579567114984712, 2.371681837429112 ], [ -76.579477299082569, 2.371681837429112 ], [ -76.579477299082569, 2.371772463137996 ], [ -76.579567114984712, 2.371772463137996 ] ] ] } },
{ "type": "Feature", "properties": { "value": 1, "State": "Burned", "Class": "Quemado", "IdxName": "NBR", "StartDate": "2025-09-27", "EndDate": "2025-09-28" }, "geometry": { "type": "Polygon", "coordinates": [ [ [ -76.571753131498468, 2.371772463137996 ], [ -76.571753131498468, 2.371591211720227 ], [ -76.571663315596325, 2.371591211720227 ], [ -76.571663315596325, 2.371772463137996 ], [ -76.571753131498468, 2.371772463137996 ] ] ] } },
{ "type": "Feature", "properties": { "value": 1, "State": "Burned", "Class": "Quemado", "IdxName": "NBR", "StartDate": "2025-09-27", "EndDate": "2025-09-28" }, "geometry": { "type": "Polygon", "coordinates": [ [ [ -76.646479962079511, 2.371681837429112 ], [ -76.646479962079511, 2.371591211720227 ], [ -76.646390146177367, 2.371591211720227 ], [ -76.646390146177367, 2.371681837429112 ], [ -76.646479962079511, 2.371681837429112 ] ] ] } },
{ "type": "Feature", "properties": { "value": 1, "State": "Burned", "Class": "Quemado", "IdxName": "NBR", "StartDate": "2025-09-27", "EndDate": "2025-09-28" }, "geometry": { "type": "Polygon", "coordinates": [ [ [ -76.65456339327217, 2.371591211720227 ], [ -76.65456339327217, 2.371500586011342 ], [ -76.654473577370027, 2.371500586011342 ], [ -76.654473577370027, 2.371591211720227 ], [ -76.65456339327217, 2.371591211720227 ] ] ] } },
{ "type": "Feature", "properties": { "value": 1, "State": "Burned", "Class": "Quemado", "IdxName": "NBR", "StartDate": "2025-09-27", "EndDate": "2025-09-28" }, "geometry": { "type": "Polygon", "coordinates": [ [ [ -76.619175927828749, 2.371591211720227 ], [ -76.619175927828749, 2.371500586011342 ], [ -76.619086111926606, 2.371500586011342 ], [ -76.619086111926606, 2.371591211720227 ], [ -76.619175927828749, 2.371591211720227 ] ] ] } },
{ "type": "Feature", "properties": { "value": 1, "State": "Burned", "Class": "Quemado", "IdxName": "NBR", "StartDate": "2025-09-27", "EndDate": "2025-09-28" }, "geometry": { "type": "Polygon", "coordinates": [ [ [ -76.588818152905205, 2.371591211720227 ], [ -76.588818152905205, 2.371500586011342 ], [ -76.588728337003062, 2.371500586011342 ], [ -76.588728337003062, 2.371591211720227 ], [ -76.588818152905205, 2.371591211720227 ] ] ] } },
{ "type": "Feature", "properties": { "value": 1, "State": "Burned", "Class": "Quemado", "IdxName": "NBR", "StartDate": "2025-09-27", "EndDate": "2025-09-28" }, "geometry": { "type": "Polygon", "coordinates": [ [ [ -76.58127361712539, 2.371591211720227 ], [ -76.58127361712539, 2.371500586011342 ], [ -76.581183801223247, 2.371500586011342 ], [ -76.581183801223247, 2.371591211720227 ], [ -76.58127361712539, 2.371591211720227 ] ] ] } },
{ "type": "Feature", "properties": { "value": 1, "State": "Burned", "Class": "Quemado", "IdxName": "NBR", "StartDate": "2025-09-27", "EndDate": "2025-09-28" }, "geometry": { "type": "Polygon", "coordinates": [ [ [ -76.580555089908259, 2.371591211720227 ], [ -76.580555089908259, 2.371500586011342 ], [ -76.580465274006116, 2.371500586011342 ], [ -76.580465274006116, 2.371591211720227 ], [ -76.580555089908259, 2.371591211720227 ] ] ] } },
{ "type": "Feature", "properties": { "value": 1, "State": "Burned", "Class": "Quemado", "IdxName": "NBR", "StartDate": "2025-09-27", "EndDate": "2025-09-28" }, "geometry": { "type": "Polygon", "coordinates": [ [ [ -76.580375458103973, 2.371681837429112 ], [ -76.580375458103973, 2.371409960302457 ], [ -76.580285642201829, 2.371409960302457 ], [ -76.580285642201829, 2.371681837429112 ], [ -76.580375458103973, 2.371681837429112 ] ] ] } },
{ "type": "Feature", "properties": { "value": 1, "State": "Burned", "Class": "Quemado", "IdxName": "NBR", "StartDate": "2025-09-27", "EndDate": "2025-09-28" }, "geometry": { "type": "Polygon", "coordinates": [ [ [ -76.65564118409786, 2.371591211720227 ], [ -76.65564118409786, 2.371500586011342 ], [ -76.655551368195717, 2.371500586011342 ], [ -76.655551368195717, 2.371409960302457 ], [ -76.655371736391444, 2.371409960302457 ], [ -76.655371736391444, 2.371500586011342 ], [ -76.655461552293588, 2.371500586011342 ], [ -76.655461552293588, 2.371591211720227 ], [ -76.65564118409786, 2.371591211720227 ] ] ] } },
{ "type": "Feature", "properties": { "value": 1, "State": "Burned", "Class": "Quemado", "IdxName": "NBR", "StartDate": "2025-09-27", "EndDate": "2025-09-28" }, "geometry": { "type": "Polygon", "coordinates": [ [ [ -76.655371736391444, 2.371409960302457 ], [ -76.655371736391444, 2.371319334593573 ], [ -76.655281920489301, 2.371319334593573 ], [ -76.655281920489301, 2.371409960302457 ], [ -76.655371736391444, 2.371409960302457 ] ] ] } },
{ "type": "Feature", "properties": { "value": 1, "State": "Burned", "Class": "Quemado", "IdxName": "NBR", "StartDate": "2025-09-27", "EndDate": "2025-09-28" }, "geometry": { "type": "Polygon", "coordinates": [ [ [ -76.578309692354736, 2.371591211720227 ], [ -76.578309692354736, 2.371500586011342 ], [ -76.578219876452607, 2.371500586011342 ], [ -76.578219876452607, 2.371409960302457 ], [ -76.578040244648321, 2.371409960302457 ], [ -76.578040244648321, 2.371319334593573 ], [ -76.577950428746178, 2.371319334593573 ], [ -76.577950428746178, 2.371228708884688 ], [ -76.577860612844034, 2.371228708884688 ], [ -76.577860612844034, 2.371319334593573 ], [ -76.577770796941891, 2.371319334593573 ], [ -76.577770796941891, 2.371500586011342 ], [ -76.578130060550464, 2.371500586011342 ], [ -76.578130060550464, 2.371591211720227 ], [ -76.578309692354736, 2.371591211720227 ] ] ] } },
{ "type": "Feature", "properties": { "value": 1, "State": "Burned", "Class": "Quemado", "IdxName": "NBR", "StartDate": "2025-09-27", "EndDate": "2025-09-28" }, "geometry": { "type": "Polygon", "coordinates": [ [ [ -76.571842947400611, 2.371500586011342 ], [ -76.571842947400611, 2.371228708884688 ], [ -76.571753131498468, 2.371228708884688 ], [ -76.571753131498468, 2.371409960302457 ], [ -76.571663315596325, 2.371409960302457 ], [ -76.571663315596325, 2.371500586011342 ], [ -76.571842947400611, 2.371500586011342 ] ] ] } },
{ "type": "Feature", "properties": { "value": 1, "State": "Burned", "Class": "Quemado", "IdxName": "NBR", "StartDate": "2025-09-27", "EndDate": "2025-09-28" }, "geometry": { "type": "Polygon", "coordinates": [ [ [ -76.649264255045878, 2.371409960302457 ], [ -76.649264255045878, 2.371228708884688 ], [ -76.649174439143735, 2.371228708884688 ], [ -76.649174439143735, 2.371409960302457 ], [ -76.649264255045878, 2.371409960302457 ] ] ] } },
{ "type": "Feature", "properties": { "value": 1, "State": "Burned", "Class": "Quemado", "IdxName": "NBR", "StartDate": "2025-09-27", "EndDate": "2025-09-28" }, "geometry": { "type": "Polygon", "coordinates": [ [ [ -76.649892966360852, 2.371319334593573 ], [ -76.649892966360852, 2.371228708884688 ], [ -76.649803150458723, 2.371228708884688 ], [ -76.649803150458723, 2.371319334593573 ], [ -76.649892966360852, 2.371319334593573 ] ] ] } },
{ "type": "Feature", "properties": { "value": 1, "State": "Burned", "Class": "Quemado", "IdxName": "NBR", "StartDate": "2025-09-27", "EndDate": "2025-09-28" }, "geometry": { "type": "Polygon", "coordinates": [ [ [ -76.6475577529052, 2.371319334593573 ], [ -76.6475577529052, 2.371228708884688 ], [ -76.647467937003057, 2.371228708884688 ], [ -76.647467937003057, 2.371319334593573 ], [ -76.6475577529052, 2.371319334593573 ] ] ] } },
{ "type": "Feature", "properties": { "value": 1, "State": "Burned", "Class": "Quemado", "IdxName": "NBR", "StartDate": "2025-09-27", "EndDate": "2025-09-28" }, "geometry": { "type": "Polygon", "coordinates": [ [ [ -76.649533702752294, 2.371319334593573 ], [ -76.649533702752294, 2.371138083175804 ], [ -76.64944388685015, 2.371138083175804 ], [ -76.64944388685015, 2.371228708884688 ], [ -76.649354070948021, 2.371228708884688 ], [ -76.649354070948021, 2.371319334593573 ], [ -76.649533702752294, 2.371319334593573 ] ] ] } },
{ "type": "Feature", "properties": { "value": 1, "State": "Burned", "Class": "Quemado", "IdxName": "NBR", "StartDate": "2025-09-27", "EndDate": "2025-09-28" }, "geometry": { "type": "Polygon", "coordinates": [ [ [ -76.601122931498466, 2.371319334593573 ], [ -76.601122931498466, 2.371138083175804 ], [ -76.601033115596337, 2.371138083175804 ], [ -76.601033115596337, 2.371319334593573 ], [ -76.601122931498466, 2.371319334593573 ] ] ] } },
{ "type": "Feature", "properties": { "value": 1, "State": "Burned", "Class": "Quemado", "IdxName": "NBR", "StartDate": "2025-09-27", "EndDate": "2025-09-28" }, "geometry": { "type": "Polygon", "coordinates": [ [ [ -76.649354070948021, 2.371228708884688 ], [ -76.649354070948021, 2.371138083175804 ], [ -76.649264255045878, 2.371138083175804 ], [ -76.649264255045878, 2.371228708884688 ], [ -76.649354070948021, 2.371228708884688 ] ] ] } },
{ "type": "Feature", "properties": { "value": 1, "State": "Burned", "Class": "Quemado", "IdxName": "NBR", "StartDate": "2025-09-27", "EndDate": "2025-09-28" }, "geometry": { "type": "Polygon", "coordinates": [ [ [ -76.63094181100918, 2.371228708884688 ], [ -76.63094181100918, 2.371138083175804 ], [ -76.630762179204893, 2.371138083175804 ], [ -76.630762179204893, 2.371228708884688 ], [ -76.63094181100918, 2.371228708884688 ] ] ] } },
{ "type": "Feature", "properties": { "value": 1, "State": "Burned", "Class": "Quemado", "IdxName": "NBR", "StartDate": "2025-09-27", "EndDate": "2025-09-28" }, "geometry": { "type": "Polygon", "coordinates": [ [ [ -76.655281920489301, 2.371228708884688 ], [ -76.655281920489301, 2.371138083175804 ], [ -76.655102288685015, 2.371138083175804 ], [ -76.655102288685015, 2.371047457466919 ], [ -76.655012472782872, 2.371047457466919 ], [ -76.655012472782872, 2.371228708884688 ], [ -76.655281920489301, 2.371228708884688 ] ] ] } },
{ "type": "Feature", "properties": { "value": 1, "State": "Burned", "Class": "Quemado", "IdxName": "NBR", "StartDate": "2025-09-27", "EndDate": "2025-09-28" }, "geometry": { "type": "Polygon", "coordinates": [ [ [ -76.649803150458723, 2.371138083175804 ], [ -76.649803150458723, 2.371047457466919 ], [ -76.64971333455658, 2.371047457466919 ], [ -76.64971333455658, 2.371138083175804 ], [ -76.649803150458723, 2.371138083175804 ] ] ] } },
{ "type": "Feature", "properties": { "value": 1, "State": "Burned", "Class": "Quemado", "IdxName": "NBR", "StartDate": "2025-09-27", "EndDate": "2025-09-28" }, "geometry": { "type": "Polygon", "coordinates": [ [ [ -76.597081215902136, 2.371047457466919 ], [ -76.597081215902136, 2.37086620604915 ], [ -76.5969914, 2.37086620604915 ], [ -76.5969914, 2.371047457466919 ], [ -76.597081215902136, 2.371047457466919 ] ] ] } },
{ "type": "Feature", "properties": { "value": 1, "State": "Burned", "Class": "Quemado", "IdxName": "NBR", "StartDate": "2025-09-27", "EndDate": "2025-09-28" }, "geometry": { "type": "Polygon", "coordinates": [ [ [ -76.588369073394503, 2.370956831758034 ], [ -76.588369073394503, 2.37086620604915 ], [ -76.58827925749236, 2.37086620604915 ], [ -76.58827925749236, 2.370956831758034 ], [ -76.588369073394503, 2.370956831758034 ] ] ] } },
{ "type": "Feature", "properties": { "value": 1, "State": "Burned", "Class": "Quemado", "IdxName": "NBR", "StartDate": "2025-09-27", "EndDate": "2025-09-28" }, "geometry": { "type": "Polygon", "coordinates": [ [ [ -76.648186464220188, 2.371047457466919 ], [ -76.648186464220188, 2.370956831758034 ], [ -76.648276280122332, 2.370956831758034 ], [ -76.648276280122332, 2.37086620604915 ], [ -76.648186464220188, 2.37086620604915 ], [ -76.648186464220188, 2.370775580340265 ], [ -76.648096648318045, 2.370775580340265 ], [ -76.648096648318045, 2.371047457466919 ], [ -76.648186464220188, 2.371047457466919 ] ] ] } },
{ "type": "Feature", "properties": { "value": 1, "State": "Burned", "Class": "Quemado", "IdxName": "NBR", "StartDate": "2025-09-27", "EndDate": "2025-09-28" }, "geometry": { "type": "Polygon", "coordinates": [ [ [ -76.5969914, 2.37086620604915 ], [ -76.5969914, 2.370775580340265 ], [ -76.596811768195721, 2.370775580340265 ], [ -76.596811768195721, 2.37086620604915 ], [ -76.5969914, 2.37086620604915 ] ] ] } },
{ "type": "Feature", "properties": { "value": 1, "State": "Burned", "Class": "Quemado", "IdxName": "NBR", "StartDate": "2025-09-27", "EndDate": "2025-09-28" }, "geometry": { "type": "Polygon", "coordinates": [ [ [ -76.588548705198775, 2.37086620604915 ], [ -76.588548705198775, 2.370775580340265 ], [ -76.588369073394503, 2.370775580340265 ], [ -76.588369073394503, 2.37086620604915 ], [ -76.588548705198775, 2.37086620604915 ] ] ] } },
{ "type": "Feature", "properties": { "value": 1, "State": "Burned", "Class": "Quemado", "IdxName": "NBR", "StartDate": "2025-09-27", "EndDate": "2025-09-28" }, "geometry": { "type": "Polygon", "coordinates": [ [ [ -76.574178160856263, 2.37086620604915 ], [ -76.574178160856263, 2.370775580340265 ], [ -76.574088344954134, 2.370775580340265 ], [ -76.574088344954134, 2.37086620604915 ], [ -76.574178160856263, 2.37086620604915 ] ] ] } },
{ "type": "Feature", "properties": { "value": 1, "State": "Burned", "Class": "Quemado", "IdxName": "NBR", "StartDate": "2025-09-27", "EndDate": "2025-09-28" }, "geometry": { "type": "Polygon", "coordinates": [ [ [ -76.583249566972484, 2.371681837429112 ], [ -76.583249566972484, 2.37068495463138 ], [ -76.583069935168197, 2.37068495463138 ], [ -76.583069935168197, 2.370775580340265 ], [ -76.58315975107034, 2.370775580340265 ], [ -76.58315975107034, 2.371047457466919 ], [ -76.583069935168197, 2.371047457466919 ], [ -76.583069935168197, 2.371228708884688 ], [ -76.58315975107034, 2.371228708884688 ], [ -76.58315975107034, 2.371681837429112 ], [ -76.583249566972484, 2.371681837429112 ] ] ] } },
{ "type": "Feature", "properties": { "value": 1, "State": "Burned", "Class": "Quemado", "IdxName": "NBR", "StartDate": "2025-09-27", "EndDate": "2025-09-28" }, "geometry": { "type": "Polygon", "coordinates": [ [ [ -76.649174439143735, 2.370775580340265 ], [ -76.649174439143735, 2.37068495463138 ], [ -76.648994807339449, 2.37068495463138 ], [ -76.648994807339449, 2.370775580340265 ], [ -76.649174439143735, 2.370775580340265 ] ] ] } },
{ "type": "Feature", "properties": { "value": 1, "State": "Burned", "Class": "Quemado", "IdxName": "NBR", "StartDate": "2025-09-27", "EndDate": "2025-09-28" }, "geometry": { "type": "Polygon", "coordinates": [ [ [ -76.596811768195721, 2.370775580340265 ], [ -76.596811768195721, 2.37068495463138 ], [ -76.596542320489291, 2.37068495463138 ], [ -76.596542320489291, 2.370775580340265 ], [ -76.596811768195721, 2.370775580340265 ] ] ] } },
{ "type": "Feature", "properties": { "value": 1, "State": "Burned", "Class": "Quemado", "IdxName": "NBR", "StartDate": "2025-09-27", "EndDate": "2025-09-28" }, "geometry": { "type": "Polygon", "coordinates": [ [ [ -76.5801958262997, 2.370775580340265 ], [ -76.5801958262997, 2.37068495463138 ], [ -76.580106010397557, 2.37068495463138 ], [ -76.580106010397557, 2.370775580340265 ], [ -76.5801958262997, 2.370775580340265 ] ] ] } },
{ "type": "Feature", "properties": { "value": 1, "State": "Burned", "Class": "Quemado", "IdxName": "NBR", "StartDate": "2025-09-27", "EndDate": "2025-09-28" }, "geometry": { "type": "Polygon", "coordinates": [ [ [ -76.544000017737005, 2.370775580340265 ], [ -76.544000017737005, 2.37068495463138 ], [ -76.543910201834862, 2.37068495463138 ], [ -76.543910201834862, 2.370775580340265 ], [ -76.544000017737005, 2.370775580340265 ] ] ] } },
{ "type": "Feature", "properties": { "value": 1, "State": "Burned", "Class": "Quemado", "IdxName": "NBR", "StartDate": "2025-09-27", "EndDate": "2025-09-28" }, "geometry": { "type": "Polygon", "coordinates": [ [ [ -76.649892966360852, 2.37068495463138 ], [ -76.649892966360852, 2.370594328922496 ], [ -76.649803150458723, 2.370594328922496 ], [ -76.649803150458723, 2.37068495463138 ], [ -76.649892966360852, 2.37068495463138 ] ] ] } },
{ "type": "Feature", "properties": { "value": 1, "State": "Burned", "Class": "Quemado", "IdxName": "NBR", "StartDate": "2025-09-27", "EndDate": "2025-09-28" }, "geometry": { "type": "Polygon", "coordinates": [ [ [ -76.648186464220188, 2.37068495463138 ], [ -76.648186464220188, 2.370594328922496 ], [ -76.648096648318045, 2.370594328922496 ], [ -76.648096648318045, 2.37068495463138 ], [ -76.648186464220188, 2.37068495463138 ] ] ] } },
{ "type": "Feature", "properties": { "value": 1, "State": "Burned", "Class": "Quemado", "IdxName": "NBR", "StartDate": "2025-09-27", "EndDate": "2025-09-28" }, "geometry": { "type": "Polygon", "coordinates": [ [ [ -76.628606597553514, 2.37068495463138 ], [ -76.628606597553514, 2.370594328922496 ], [ -76.628516781651385, 2.370594328922496 ], [ -76.628516781651385, 2.37068495463138 ], [ -76.628606597553514, 2.37068495463138 ] ] ] } },
{ "type": "Feature", "properties": { "value": 1, "State": "Burned", "Class": "Quemado", "IdxName": "NBR", "StartDate": "2025-09-27", "EndDate": "2025-09-28" }, "geometry": { "type": "Polygon", "coordinates": [ [ [ -76.58827925749236, 2.370775580340265 ], [ -76.58827925749236, 2.37068495463138 ], [ -76.588369073394503, 2.37068495463138 ], [ -76.588369073394503, 2.370594328922496 ], [ -76.588189441590217, 2.370594328922496 ], [ -76.588189441590217, 2.370775580340265 ], [ -76.58827925749236, 2.370775580340265 ] ] ] } },
{ "type": "Feature", "properties": { "value": 1, "State": "Burned", "Class": "Quemado", "IdxName": "NBR", "StartDate": "2025-09-27", "EndDate": "2025-09-28" }, "geometry": { "type": "Polygon", "coordinates": [ [ [ -76.59609324097859, 2.370775580340265 ], [ -76.59609324097859, 2.37068495463138 ], [ -76.596183056880733, 2.37068495463138 ], [ -76.596183056880733, 2.370503703213611 ], [ -76.596003425076461, 2.370503703213611 ], [ -76.596003425076461, 2.370775580340265 ], [ -76.59609324097859, 2.370775580340265 ] ] ] } },
{ "type": "Feature", "properties": { "value": 1, "State": "Burned", "Class": "Quemado", "IdxName": "NBR", "StartDate": "2025-09-27", "EndDate": "2025-09-28" }, "geometry": { "type": "Polygon", "coordinates": [ [ [ -76.647917016513759, 2.370594328922496 ], [ -76.647917016513759, 2.370503703213611 ], [ -76.64782720061163, 2.370503703213611 ], [ -76.64782720061163, 2.370594328922496 ], [ -76.647917016513759, 2.370594328922496 ] ] ] } },
{ "type": "Feature", "properties": { "value": 1, "State": "Burned", "Class": "Quemado", "IdxName": "NBR", "StartDate": "2025-09-27", "EndDate": "2025-09-28" }, "geometry": { "type": "Polygon", "coordinates": [ [ [ -76.628696413455657, 2.370594328922496 ], [ -76.628696413455657, 2.370503703213611 ], [ -76.628606597553514, 2.370503703213611 ], [ -76.628606597553514, 2.370594328922496 ], [ -76.628696413455657, 2.370594328922496 ] ] ] } },
{ "type": "Feature", "properties": { "value": 1, "State": "Burned", "Class": "Quemado", "IdxName": "NBR", "StartDate": "2025-09-27", "EndDate": "2025-09-28" }, "geometry": { "type": "Polygon", "coordinates": [ [ [ -76.596721952293578, 2.370594328922496 ], [ -76.596721952293578, 2.370503703213611 ], [ -76.596632136391435, 2.370503703213611 ], [ -76.596632136391435, 2.370594328922496 ], [ -76.596721952293578, 2.370594328922496 ] ] ] } },
{ "type": "Feature", "properties": { "value": 1, "State": "Burned", "Class": "Quemado", "IdxName": "NBR", "StartDate": "2025-09-27", "EndDate": "2025-09-28" }, "geometry": { "type": "Polygon", "coordinates": [ [ [ -76.54534725626911, 2.370594328922496 ], [ -76.54534725626911, 2.370503703213611 ], [ -76.545167624464838, 2.370503703213611 ], [ -76.545167624464838, 2.370594328922496 ], [ -76.54534725626911, 2.370594328922496 ] ] ] } },
{ "type": "Feature", "properties": { "value": 1, "State": "Burned", "Class": "Quemado", "IdxName": "NBR", "StartDate": "2025-09-27", "EndDate": "2025-09-28" }, "geometry": { "type": "Polygon", "coordinates": [ [ [ -76.596542320489291, 2.37068495463138 ], [ -76.596542320489291, 2.370413077504726 ], [ -76.596452504587162, 2.370413077504726 ], [ -76.596452504587162, 2.370503703213611 ], [ -76.596362688685019, 2.370503703213611 ], [ -76.596362688685019, 2.370594328922496 ], [ -76.596452504587162, 2.370594328922496 ], [ -76.596452504587162, 2.37068495463138 ], [ -76.596542320489291, 2.37068495463138 ] ] ] } },
{ "type": "Feature", "properties": { "value": 1, "State": "Burned", "Class": "Quemado", "IdxName": "NBR", "StartDate": "2025-09-27", "EndDate": "2025-09-28" }, "geometry": { "type": "Polygon", "coordinates": [ [ [ -76.6287862293578, 2.370503703213611 ], [ -76.6287862293578, 2.370413077504726 ], [ -76.628696413455657, 2.370413077504726 ], [ -76.628696413455657, 2.370503703213611 ], [ -76.6287862293578, 2.370503703213611 ] ] ] } },
{ "type": "Feature", "properties": { "value": 1, "State": "Burned", "Class": "Quemado", "IdxName": "NBR", "StartDate": "2025-09-27", "EndDate": "2025-09-28" }, "geometry": { "type": "Polygon", "coordinates": [ [ [ -76.583069935168197, 2.370503703213611 ], [ -76.583069935168197, 2.370413077504726 ], [ -76.582980119266054, 2.370413077504726 ], [ -76.582980119266054, 2.370503703213611 ], [ -76.583069935168197, 2.370503703213611 ] ] ] } },
{ "type": "Feature", "properties": { "value": 1, "State": "Burned", "Class": "Quemado", "IdxName": "NBR", "StartDate": "2025-09-27", "EndDate": "2025-09-28" }, "geometry": { "type": "Polygon", "coordinates": [ [ [ -76.607948940061164, 2.370413077504726 ], [ -76.607948940061164, 2.370322451795841 ], [ -76.60785912415902, 2.370322451795841 ], [ -76.60785912415902, 2.370413077504726 ], [ -76.607948940061164, 2.370413077504726 ] ] ] } },
{ "type": "Feature", "properties": { "value": 1, "State": "Burned", "Class": "Quemado", "IdxName": "NBR", "StartDate": "2025-09-27", "EndDate": "2025-09-28" }, "geometry": { "type": "Polygon", "coordinates": [ [ [ -76.582980119266054, 2.370413077504726 ], [ -76.582980119266054, 2.370322451795841 ], [ -76.582890303363911, 2.370322451795841 ], [ -76.582890303363911, 2.370413077504726 ], [ -76.582980119266054, 2.370413077504726 ] ] ] } },
{ "type": "Feature", "properties": { "value": 1, "State": "Burned", "Class": "Quemado", "IdxName": "NBR", "StartDate": "2025-09-27", "EndDate": "2025-09-28" }, "geometry": { "type": "Polygon", "coordinates": [ [ [ -76.634624262996951, 2.370322451795841 ], [ -76.634624262996951, 2.370231826086957 ], [ -76.634534447094808, 2.370231826086957 ], [ -76.634534447094808, 2.370322451795841 ], [ -76.634624262996951, 2.370322451795841 ] ] ] } },
{ "type": "Feature", "properties": { "value": 1, "State": "Burned", "Class": "Quemado", "IdxName": "NBR", "StartDate": "2025-09-27", "EndDate": "2025-09-28" }, "geometry": { "type": "Polygon", "coordinates": [ [ [ -76.582800487461782, 2.370231826086957 ], [ -76.582800487461782, 2.370141200378072 ], [ -76.582710671559639, 2.370141200378072 ], [ -76.582710671559639, 2.370231826086957 ], [ -76.582800487461782, 2.370231826086957 ] ] ] } },
{ "type": "Feature", "properties": { "value": 1, "State": "Burned", "Class": "Quemado", "IdxName": "NBR", "StartDate": "2025-09-27", "EndDate": "2025-09-28" }, "geometry": { "type": "Polygon", "coordinates": [ [ [ -76.650701309480127, 2.370141200378072 ], [ -76.650701309480127, 2.369959948960302 ], [ -76.650611493577983, 2.369959948960302 ], [ -76.650611493577983, 2.370141200378072 ], [ -76.650701309480127, 2.370141200378072 ] ] ] } },
{ "type": "Feature", "properties": { "value": 1, "State": "Burned", "Class": "Quemado", "IdxName": "NBR", "StartDate": "2025-09-27", "EndDate": "2025-09-28" }, "geometry": { "type": "Polygon", "coordinates": [ [ [ -76.611002680733947, 2.370141200378072 ], [ -76.611002680733947, 2.369959948960302 ], [ -76.610912864831803, 2.369959948960302 ], [ -76.610912864831803, 2.370141200378072 ], [ -76.611002680733947, 2.370141200378072 ] ] ] } },
{ "type": "Feature", "properties": { "value": 1, "State": "Burned", "Class": "Quemado", "IdxName": "NBR", "StartDate": "2025-09-27", "EndDate": "2025-09-28" }, "geometry": { "type": "Polygon", "coordinates": [ [ [ -76.582710671559639, 2.370141200378072 ], [ -76.582710671559639, 2.370050574669187 ], [ -76.582620855657495, 2.370050574669187 ], [ -76.582620855657495, 2.369959948960302 ], [ -76.582531039755352, 2.369959948960302 ], [ -76.582531039755352, 2.370050574669187 ], [ -76.582351407951066, 2.370050574669187 ], [ -76.582351407951066, 2.370141200378072 ], [ -76.582710671559639, 2.370141200378072 ] ] ] } },
{ "type": "Feature", "properties": { "value": 1, "State": "Burned", "Class": "Quemado", "IdxName": "NBR", "StartDate": "2025-09-27", "EndDate": "2025-09-28" }, "geometry": { "type": "Polygon", "coordinates": [ [ [ -76.580106010397557, 2.370050574669187 ], [ -76.580106010397557, 2.369959948960302 ], [ -76.580016194495414, 2.369959948960302 ], [ -76.580016194495414, 2.370050574669187 ], [ -76.580106010397557, 2.370050574669187 ] ] ] } },
{ "type": "Feature", "properties": { "value": 1, "State": "Burned", "Class": "Quemado", "IdxName": "NBR", "StartDate": "2025-09-27", "EndDate": "2025-09-28" }, "geometry": { "type": "Polygon", "coordinates": [ [ [ -76.58720146666667, 2.369959948960302 ], [ -76.58720146666667, 2.369869323251418 ], [ -76.587021834862384, 2.369869323251418 ], [ -76.587021834862384, 2.369959948960302 ], [ -76.58720146666667, 2.369959948960302 ] ] ] } },
{ "type": "Feature", "properties": { "value": 1, "State": "Burned", "Class": "Quemado", "IdxName": "NBR", "StartDate": "2025-09-27", "EndDate": "2025-09-28" }, "geometry": { "type": "Polygon", "coordinates": [ [ [ -76.646120698470952, 2.369869323251418 ], [ -76.646120698470952, 2.369778697542533 ], [ -76.646030882568809, 2.369778697542533 ], [ -76.646030882568809, 2.369869323251418 ], [ -76.646120698470952, 2.369869323251418 ] ] ] } },
{ "type": "Feature", "properties": { "value": 1, "State": "Burned", "Class": "Quemado", "IdxName": "NBR", "StartDate": "2025-09-27", "EndDate": "2025-09-28" }, "geometry": { "type": "Polygon", "coordinates": [ [ [ -76.65079112538227, 2.369778697542533 ], [ -76.65079112538227, 2.369688071833648 ], [ -76.650701309480127, 2.369688071833648 ], [ -76.650701309480127, 2.369778697542533 ], [ -76.65079112538227, 2.369778697542533 ] ] ] } },
{ "type": "Feature", "properties": { "value": 1, "State": "Burned", "Class": "Quemado", "IdxName": "NBR", "StartDate": "2025-09-27", "EndDate": "2025-09-28" }, "geometry": { "type": "Polygon", "coordinates": [ [ [ -76.646300330275238, 2.369778697542533 ], [ -76.646300330275238, 2.369688071833648 ], [ -76.646210514373095, 2.369688071833648 ], [ -76.646210514373095, 2.369778697542533 ], [ -76.646300330275238, 2.369778697542533 ] ] ] } },
{ "type": "Feature", "properties": { "value": 1, "State": "Burned", "Class": "Quemado", "IdxName": "NBR", "StartDate": "2025-09-27", "EndDate": "2025-09-28" }, "geometry": { "type": "Polygon", "coordinates": [ [ [ -76.653844866055053, 2.369778697542533 ], [ -76.653844866055053, 2.369597446124764 ], [ -76.653665234250767, 2.369597446124764 ], [ -76.653665234250767, 2.369688071833648 ], [ -76.65375505015291, 2.369688071833648 ], [ -76.65375505015291, 2.369778697542533 ], [ -76.653844866055053, 2.369778697542533 ] ] ] } },
{ "type": "Feature", "properties": { "value": 1, "State": "Burned", "Class": "Quemado", "IdxName": "NBR", "StartDate": "2025-09-27", "EndDate": "2025-09-28" }, "geometry": { "type": "Polygon", "coordinates": [ [ [ -76.545257440366967, 2.369688071833648 ], [ -76.545257440366967, 2.369506820415879 ], [ -76.545167624464838, 2.369506820415879 ], [ -76.545167624464838, 2.369688071833648 ], [ -76.545257440366967, 2.369688071833648 ] ] ] } },
{ "type": "Feature", "properties": { "value": 1, "State": "Burned", "Class": "Quemado", "IdxName": "NBR", "StartDate": "2025-09-27", "EndDate": "2025-09-28" }, "geometry": { "type": "Polygon", "coordinates": [ [ [ -76.652767075229363, 2.369506820415879 ], [ -76.652767075229363, 2.369416194706995 ], [ -76.65267725932722, 2.369416194706995 ], [ -76.65267725932722, 2.369506820415879 ], [ -76.652767075229363, 2.369506820415879 ] ] ] } },
{ "type": "Feature", "properties": { "value": 1, "State": "Burned", "Class": "Quemado", "IdxName": "NBR", "StartDate": "2025-09-27", "EndDate": "2025-09-28" }, "geometry": { "type": "Polygon", "coordinates": [ [ [ -76.596362688685019, 2.369506820415879 ], [ -76.596362688685019, 2.369416194706995 ], [ -76.596272872782876, 2.369416194706995 ], [ -76.596272872782876, 2.369506820415879 ], [ -76.596362688685019, 2.369506820415879 ] ] ] } },
{ "type": "Feature", "properties": { "value": 1, "State": "Burned", "Class": "Quemado", "IdxName": "NBR", "StartDate": "2025-09-27", "EndDate": "2025-09-28" }, "geometry": { "type": "Polygon", "coordinates": [ [ [ -76.586572755351682, 2.369506820415879 ], [ -76.586572755351682, 2.369416194706995 ], [ -76.586482939449539, 2.369416194706995 ], [ -76.586482939449539, 2.369506820415879 ], [ -76.586572755351682, 2.369506820415879 ] ] ] } },
{ "type": "Feature", "properties": { "value": 1, "State": "Burned", "Class": "Quemado", "IdxName": "NBR", "StartDate": "2025-09-27", "EndDate": "2025-09-28" }, "geometry": { "type": "Polygon", "coordinates": [ [ [ -76.58127361712539, 2.369597446124764 ], [ -76.58127361712539, 2.369506820415879 ], [ -76.581363433027519, 2.369506820415879 ], [ -76.581363433027519, 2.369416194706995 ], [ -76.58127361712539, 2.369416194706995 ], [ -76.58127361712539, 2.36932556899811 ], [ -76.581183801223247, 2.36932556899811 ], [ -76.581183801223247, 2.369597446124764 ], [ -76.58127361712539, 2.369597446124764 ] ] ] } },
{ "type": "Feature", "properties": { "value": 1, "State": "Burned", "Class": "Quemado", "IdxName": "NBR", "StartDate": "2025-09-27", "EndDate": "2025-09-28" }, "geometry": { "type": "Polygon", "coordinates": [ [ [ -76.653934681957196, 2.369416194706995 ], [ -76.653934681957196, 2.36932556899811 ], [ -76.653844866055053, 2.36932556899811 ], [ -76.653844866055053, 2.369416194706995 ], [ -76.653934681957196, 2.369416194706995 ] ] ] } },
{ "type": "Feature", "properties": { "value": 1, "State": "Burned", "Class": "Quemado", "IdxName": "NBR", "StartDate": "2025-09-27", "EndDate": "2025-09-28" }, "geometry": { "type": "Polygon", "coordinates": [ [ [ -76.65267725932722, 2.369416194706995 ], [ -76.65267725932722, 2.36932556899811 ], [ -76.652587443425077, 2.36932556899811 ], [ -76.652587443425077, 2.369416194706995 ], [ -76.65267725932722, 2.369416194706995 ] ] ] } },
{ "type": "Feature", "properties": { "value": 1, "State": "Burned", "Class": "Quemado", "IdxName": "NBR", "StartDate": "2025-09-27", "EndDate": "2025-09-28" }, "geometry": { "type": "Polygon", "coordinates": [ [ [ -76.587291282568813, 2.369416194706995 ], [ -76.587291282568813, 2.36932556899811 ], [ -76.58720146666667, 2.36932556899811 ], [ -76.58720146666667, 2.369416194706995 ], [ -76.587291282568813, 2.369416194706995 ] ] ] } },
{ "type": "Feature", "properties": { "value": 1, "State": "Burned", "Class": "Quemado", "IdxName": "NBR", "StartDate": "2025-09-27", "EndDate": "2025-09-28" }, "geometry": { "type": "Polygon", "coordinates": [ [ [ -76.586482939449539, 2.369416194706995 ], [ -76.586482939449539, 2.36932556899811 ], [ -76.586213491743123, 2.36932556899811 ], [ -76.586213491743123, 2.369416194706995 ], [ -76.586482939449539, 2.369416194706995 ] ] ] } },
{ "type": "Feature", "properties": { "value": 1, "State": "Burned", "Class": "Quemado", "IdxName": "NBR", "StartDate": "2025-09-27", "EndDate": "2025-09-28" }, "geometry": { "type": "Polygon", "coordinates": [ [ [ -76.586662571253825, 2.369416194706995 ], [ -76.586662571253825, 2.369234943289225 ], [ -76.586482939449539, 2.369234943289225 ], [ -76.586482939449539, 2.36932556899811 ], [ -76.586572755351682, 2.36932556899811 ], [ -76.586572755351682, 2.369416194706995 ], [ -76.586662571253825, 2.369416194706995 ] ] ] } },
{ "type": "Feature", "properties": { "value": 1, "State": "Burned", "Class": "Quemado", "IdxName": "NBR", "StartDate": "2025-09-27", "EndDate": "2025-09-28" }, "geometry": { "type": "Polygon", "coordinates": [ [ [ -76.60812857186545, 2.36932556899811 ], [ -76.60812857186545, 2.369234943289225 ], [ -76.608038755963307, 2.369234943289225 ], [ -76.608038755963307, 2.36932556899811 ], [ -76.60812857186545, 2.36932556899811 ] ] ] } },
{ "type": "Feature", "properties": { "value": 1, "State": "Burned", "Class": "Quemado", "IdxName": "NBR", "StartDate": "2025-09-27", "EndDate": "2025-09-28" }, "geometry": { "type": "Polygon", "coordinates": [ [ [ -76.588818152905205, 2.369506820415879 ], [ -76.588818152905205, 2.369144317580341 ], [ -76.588728337003062, 2.369144317580341 ], [ -76.588728337003062, 2.369506820415879 ], [ -76.588818152905205, 2.369506820415879 ] ] ] } },
{ "type": "Feature", "properties": { "value": 1, "State": "Burned", "Class": "Quemado", "IdxName": "NBR", "StartDate": "2025-09-27", "EndDate": "2025-09-28" }, "geometry": { "type": "Polygon", "coordinates": [ [ [ -76.587021834862384, 2.36932556899811 ], [ -76.587021834862384, 2.369234943289225 ], [ -76.58693201896024, 2.369234943289225 ], [ -76.58693201896024, 2.369144317580341 ], [ -76.586842203058112, 2.369144317580341 ], [ -76.586842203058112, 2.369234943289225 ], [ -76.586752387155968, 2.369234943289225 ], [ -76.586752387155968, 2.36932556899811 ], [ -76.587021834862384, 2.36932556899811 ] ] ] } },
{ "type": "Feature", "properties": { "value": 1, "State": "Burned", "Class": "Quemado", "IdxName": "NBR", "StartDate": "2025-09-27", "EndDate": "2025-09-28" }, "geometry": { "type": "Polygon", "coordinates": [ [ [ -76.609655442201841, 2.369234943289225 ], [ -76.609655442201841, 2.369144317580341 ], [ -76.609565626299698, 2.369144317580341 ], [ -76.609565626299698, 2.369234943289225 ], [ -76.609655442201841, 2.369234943289225 ] ] ] } },
{ "type": "Feature", "properties": { "value": 1, "State": "Burned", "Class": "Quemado", "IdxName": "NBR", "StartDate": "2025-09-27", "EndDate": "2025-09-28" }, "geometry": { "type": "Polygon", "coordinates": [ [ [ -76.572112395107041, 2.369234943289225 ], [ -76.572112395107041, 2.369144317580341 ], [ -76.571932763302755, 2.369144317580341 ], [ -76.571932763302755, 2.369234943289225 ], [ -76.572112395107041, 2.369234943289225 ] ] ] } },
{ "type": "Feature", "properties": { "value": 1, "State": "Burned", "Class": "Quemado", "IdxName": "NBR", "StartDate": "2025-09-27", "EndDate": "2025-09-28" }, "geometry": { "type": "Polygon", "coordinates": [ [ [ -76.609116546788997, 2.36932556899811 ], [ -76.609116546788997, 2.369234943289225 ], [ -76.609475810397555, 2.369234943289225 ], [ -76.609475810397555, 2.369053691871456 ], [ -76.609385994495412, 2.369053691871456 ], [ -76.609385994495412, 2.369144317580341 ], [ -76.609296178593269, 2.369144317580341 ], [ -76.609296178593269, 2.369053691871456 ], [ -76.60920636269114, 2.369053691871456 ], [ -76.60920636269114, 2.369144317580341 ], [ -76.609026730886853, 2.369144317580341 ], [ -76.609026730886853, 2.36932556899811 ], [ -76.609116546788997, 2.36932556899811 ] ] ] } },
{ "type": "Feature", "properties": { "value": 1, "State": "Burned", "Class": "Quemado", "IdxName": "NBR", "StartDate": "2025-09-27", "EndDate": "2025-09-28" }, "geometry": { "type": "Polygon", "coordinates": [ [ [ -76.654114313761468, 2.369144317580341 ], [ -76.654114313761468, 2.369053691871456 ], [ -76.654024497859325, 2.369053691871456 ], [ -76.654024497859325, 2.369144317580341 ], [ -76.654114313761468, 2.369144317580341 ] ] ] } },
{ "type": "Feature", "properties": { "value": 1, "State": "Burned", "Class": "Quemado", "IdxName": "NBR", "StartDate": "2025-09-27", "EndDate": "2025-09-28" }, "geometry": { "type": "Polygon", "coordinates": [ [ [ -76.587919993883787, 2.369144317580341 ], [ -76.587919993883787, 2.369053691871456 ], [ -76.587830177981658, 2.369053691871456 ], [ -76.587830177981658, 2.369144317580341 ], [ -76.587919993883787, 2.369144317580341 ] ] ] } },
{ "type": "Feature", "properties": { "value": 1, "State": "Burned", "Class": "Quemado", "IdxName": "NBR", "StartDate": "2025-09-27", "EndDate": "2025-09-28" }, "geometry": { "type": "Polygon", "coordinates": [ [ [ -76.654204129663611, 2.369053691871456 ], [ -76.654204129663611, 2.368963066162571 ], [ -76.654114313761468, 2.368963066162571 ], [ -76.654114313761468, 2.369053691871456 ], [ -76.654204129663611, 2.369053691871456 ] ] ] } },
{ "type": "Feature", "properties": { "value": 1, "State": "Burned", "Class": "Quemado", "IdxName": "NBR", "StartDate": "2025-09-27", "EndDate": "2025-09-28" }, "geometry": { "type": "Polygon", "coordinates": [ [ [ -76.627349174923552, 2.368963066162571 ], [ -76.627349174923552, 2.368781814744802 ], [ -76.627259359021409, 2.368781814744802 ], [ -76.627259359021409, 2.368963066162571 ], [ -76.627349174923552, 2.368963066162571 ] ] ] } },
{ "type": "Feature", "properties": { "value": 1, "State": "Burned", "Class": "Quemado", "IdxName": "NBR", "StartDate": "2025-09-27", "EndDate": "2025-09-28" }, "geometry": { "type": "Polygon", "coordinates": [ [ [ -76.577411533333333, 2.371772463137996 ], [ -76.577411533333333, 2.371681837429112 ], [ -76.577860612844034, 2.371681837429112 ], [ -76.577860612844034, 2.371591211720227 ], [ -76.577770796941891, 2.371591211720227 ], [ -76.577770796941891, 2.371500586011342 ], [ -76.577680981039762, 2.371500586011342 ], [ -76.577680981039762, 2.371319334593573 ], [ -76.577770796941891, 2.371319334593573 ], [ -76.577770796941891, 2.371228708884688 ], [ -76.577680981039762, 2.371228708884688 ], [ -76.577680981039762, 2.371047457466919 ], [ -76.577770796941891, 2.371047457466919 ], [ -76.577770796941891, 2.371138083175804 ], [ -76.577860612844034, 2.371138083175804 ], [ -76.577860612844034, 2.370956831758034 ], [ -76.577950428746178, 2.370956831758034 ], [ -76.577950428746178, 2.37068495463138 ], [ -76.577860612844034, 2.37068495463138 ], [ -76.577860612844034, 2.370775580340265 ], [ -76.577770796941891, 2.370775580340265 ], [ -76.577770796941891, 2.37068495463138 ], [ -76.577501349235476, 2.37068495463138 ], [ -76.577501349235476, 2.370594328922496 ], [ -76.57732171743119, 2.370594328922496 ], [ -76.57732171743119, 2.370141200378072 ], [ -76.577231901529046, 2.370141200378072 ], [ -76.577231901529046, 2.370231826086957 ], [ -76.577142085626917, 2.370231826086957 ], [ -76.577142085626917, 2.369959948960302 ], [ -76.57732171743119, 2.369959948960302 ], [ -76.57732171743119, 2.369778697542533 ], [ -76.577052269724774, 2.369778697542533 ], [ -76.577052269724774, 2.369597446124764 ], [ -76.576782822018345, 2.369597446124764 ], [ -76.576782822018345, 2.369416194706995 ], [ -76.576872637920488, 2.369416194706995 ], [ -76.576872637920488, 2.36932556899811 ], [ -76.576513374311929, 2.36932556899811 ], [ -76.576513374311929, 2.369416194706995 ], [ -76.576154110703371, 2.369416194706995 ], [ -76.576154110703371, 2.369597446124764 ], [ -76.576064294801228, 2.369597446124764 ], [ -76.576064294801228, 2.369869323251418 ], [ -76.576154110703371, 2.369869323251418 ], [ -76.576154110703371, 2.370231826086957 ], [ -76.575974478899084, 2.370231826086957 ], [ -76.575974478899084, 2.370775580340265 ], [ -76.575884662996941, 2.370775580340265 ], [ -76.575884662996941, 2.37086620604915 ], [ -76.575794847094798, 2.37086620604915 ], [ -76.575794847094798, 2.370956831758034 ], [ -76.575615215290526, 2.370956831758034 ], [ -76.575615215290526, 2.37086620604915 ], [ -76.575525399388383, 2.37086620604915 ], [ -76.575525399388383, 2.370775580340265 ], [ -76.575255951681953, 2.370775580340265 ], [ -76.575255951681953, 2.37086620604915 ], [ -76.575076319877681, 2.37086620604915 ], [ -76.575076319877681, 2.370775580340265 ], [ -76.575166135779824, 2.370775580340265 ], [ -76.575166135779824, 2.37068495463138 ], [ -76.574986503975538, 2.37068495463138 ], [ -76.574986503975538, 2.370594328922496 ], [ -76.574896688073395, 2.370594328922496 ], [ -76.574896688073395, 2.370503703213611 ], [ -76.574717056269108, 2.370503703213611 ], [ -76.574717056269108, 2.370141200378072 ], [ -76.574627240366979, 2.370141200378072 ], [ -76.574627240366979, 2.370050574669187 ], [ -76.574537424464836, 2.370050574669187 ], [ -76.574537424464836, 2.369869323251418 ], [ -76.574447608562693, 2.369869323251418 ], [ -76.574447608562693, 2.369688071833648 ], [ -76.574267976758406, 2.369688071833648 ], [ -76.574267976758406, 2.369869323251418 ], [ -76.573729081345562, 2.369869323251418 ], [ -76.573729081345562, 2.369688071833648 ], [ -76.573818897247705, 2.369688071833648 ], [ -76.573818897247705, 2.36932556899811 ], [ -76.573729081345562, 2.36932556899811 ], [ -76.573729081345562, 2.369144317580341 ], [ -76.573639265443433, 2.369144317580341 ], [ -76.573639265443433, 2.368872440453687 ], [ -76.573549449541289, 2.368872440453687 ], [ -76.573549449541289, 2.368781814744802 ], [ -76.57328000183486, 2.368781814744802 ], [ -76.57328000183486, 2.368691189035917 ], [ -76.572651290519886, 2.368691189035917 ], [ -76.572651290519886, 2.368781814744802 ], [ -76.572561474617743, 2.368781814744802 ], [ -76.572561474617743, 2.368963066162571 ], [ -76.5724716587156, 2.368963066162571 ], [ -76.5724716587156, 2.369144317580341 ], [ -76.572561474617743, 2.369144317580341 ], [ -76.572561474617743, 2.369416194706995 ], [ -76.5724716587156, 2.369416194706995 ], [ -76.5724716587156, 2.36932556899811 ], [ -76.572381842813456, 2.36932556899811 ], [ -76.572381842813456, 2.369234943289225 ], [ -76.57220221100917, 2.369234943289225 ], [ -76.57220221100917, 2.369597446124764 ], [ -76.572022579204898, 2.369597446124764 ], [ -76.572022579204898, 2.369778697542533 ], [ -76.572112395107041, 2.369778697542533 ], [ -76.572112395107041, 2.369688071833648 ], [ -76.57220221100917, 2.369688071833648 ], [ -76.57220221100917, 2.369778697542533 ], [ -76.572292026911313, 2.369778697542533 ], [ -76.572292026911313, 2.369869323251418 ], [ -76.572381842813456, 2.369869323251418 ], [ -76.572381842813456, 2.369959948960302 ], [ -76.572741106422015, 2.369959948960302 ], [ -76.572741106422015, 2.370141200378072 ], [ -76.572830922324158, 2.370141200378072 ], [ -76.572830922324158, 2.370231826086957 ], [ -76.572920738226301, 2.370231826086957 ], [ -76.572920738226301, 2.370322451795841 ], [ -76.573190185932717, 2.370322451795841 ], [ -76.573190185932717, 2.370231826086957 ], [ -76.573369817737003, 2.370231826086957 ], [ -76.573369817737003, 2.369959948960302 ], [ -76.573549449541289, 2.369959948960302 ], [ -76.573549449541289, 2.370050574669187 ], [ -76.573639265443433, 2.370050574669187 ], [ -76.573639265443433, 2.370141200378072 ], [ -76.573729081345562, 2.370141200378072 ], [ -76.573729081345562, 2.370231826086957 ], [ -76.573908713149848, 2.370231826086957 ], [ -76.573908713149848, 2.370413077504726 ], [ -76.573998529051991, 2.370413077504726 ], [ -76.573998529051991, 2.370503703213611 ], [ -76.574088344954134, 2.370503703213611 ], [ -76.574088344954134, 2.370594328922496 ], [ -76.574178160856263, 2.370594328922496 ], [ -76.574178160856263, 2.370775580340265 ], [ -76.574267976758406, 2.370775580340265 ], [ -76.574267976758406, 2.370956831758034 ], [ -76.574537424464836, 2.370956831758034 ], [ -76.574537424464836, 2.371047457466919 ], [ -76.574627240366979, 2.371047457466919 ], [ -76.574627240366979, 2.371138083175804 ], [ -76.574717056269108, 2.371138083175804 ], [ -76.574717056269108, 2.371047457466919 ], [ -76.574806872171251, 2.371047457466919 ], [ -76.574806872171251, 2.371228708884688 ], [ -76.574986503975538, 2.371228708884688 ], [ -76.574986503975538, 2.371319334593573 ], [ -76.575076319877681, 2.371319334593573 ], [ -76.575076319877681, 2.371409960302457 ], [ -76.575255951681953, 2.371409960302457 ], [ -76.575255951681953, 2.371500586011342 ], [ -76.575525399388383, 2.371500586011342 ], [ -76.575525399388383, 2.371591211720227 ], [ -76.575615215290526, 2.371591211720227 ], [ -76.575615215290526, 2.371681837429112 ], [ -76.575974478899084, 2.371681837429112 ], [ -76.575974478899084, 2.371591211720227 ], [ -76.576064294801228, 2.371591211720227 ], [ -76.576064294801228, 2.371681837429112 ], [ -76.576154110703371, 2.371681837429112 ], [ -76.576154110703371, 2.371591211720227 ], [ -76.576333742507643, 2.371591211720227 ], [ -76.576333742507643, 2.371409960302457 ], [ -76.576693006116216, 2.371409960302457 ], [ -76.576693006116216, 2.371500586011342 ], [ -76.577052269724774, 2.371500586011342 ], [ -76.577052269724774, 2.371591211720227 ], [ -76.576962453822631, 2.371591211720227 ], [ -76.576962453822631, 2.371681837429112 ], [ -76.577142085626917, 2.371681837429112 ], [ -76.577142085626917, 2.371591211720227 ], [ -76.57732171743119, 2.371591211720227 ], [ -76.57732171743119, 2.371772463137996 ], [ -76.577411533333333, 2.371772463137996 ] ], [ [ -76.576872637920488, 2.371228708884688 ], [ -76.576782822018345, 2.371228708884688 ], [ -76.576782822018345, 2.371138083175804 ], [ -76.576693006116216, 2.371138083175804 ], [ -76.576693006116216, 2.371047457466919 ], [ -76.576872637920488, 2.371047457466919 ], [ -76.576872637920488, 2.371228708884688 ] ], [ [ -76.576064294801228, 2.371228708884688 ], [ -76.575884662996941, 2.371228708884688 ], [ -76.575884662996941, 2.370956831758034 ], [ -76.576064294801228, 2.370956831758034 ], [ -76.576064294801228, 2.371228708884688 ] ], [ [ -76.5762439266055, 2.371047457466919 ], [ -76.576154110703371, 2.371047457466919 ], [ -76.576154110703371, 2.37086620604915 ], [ -76.576333742507643, 2.37086620604915 ], [ -76.576333742507643, 2.370956831758034 ], [ -76.5762439266055, 2.370956831758034 ], [ -76.5762439266055, 2.371047457466919 ] ], [ [ -76.577501349235476, 2.370956831758034 ], [ -76.57732171743119, 2.370956831758034 ], [ -76.57732171743119, 2.37086620604915 ], [ -76.577501349235476, 2.37086620604915 ], [ -76.577501349235476, 2.370956831758034 ] ], [ [ -76.5762439266055, 2.370775580340265 ], [ -76.576064294801228, 2.370775580340265 ], [ -76.576064294801228, 2.370594328922496 ], [ -76.576154110703371, 2.370594328922496 ], [ -76.576154110703371, 2.370413077504726 ], [ -76.576333742507643, 2.370413077504726 ], [ -76.576333742507643, 2.37068495463138 ], [ -76.5762439266055, 2.37068495463138 ], [ -76.5762439266055, 2.370775580340265 ] ], [ [ -76.57732171743119, 2.37068495463138 ], [ -76.577231901529046, 2.37068495463138 ], [ -76.577231901529046, 2.370594328922496 ], [ -76.57732171743119, 2.370594328922496 ], [ -76.57732171743119, 2.37068495463138 ] ], [ [ -76.574717056269108, 2.370594328922496 ], [ -76.574627240366979, 2.370594328922496 ], [ -76.574627240366979, 2.370503703213611 ], [ -76.574717056269108, 2.370503703213611 ], [ -76.574717056269108, 2.370594328922496 ] ], [ [ -76.574537424464836, 2.370503703213611 ], [ -76.574447608562693, 2.370503703213611 ], [ -76.574447608562693, 2.370413077504726 ], [ -76.574537424464836, 2.370413077504726 ], [ -76.574537424464836, 2.370503703213611 ] ], [ [ -76.576962453822631, 2.370322451795841 ], [ -76.576872637920488, 2.370322451795841 ], [ -76.576872637920488, 2.370231826086957 ], [ -76.576962453822631, 2.370231826086957 ], [ -76.576962453822631, 2.370322451795841 ] ], [ [ -76.572741106422015, 2.369688071833648 ], [ -76.572651290519886, 2.369688071833648 ], [ -76.572651290519886, 2.369597446124764 ], [ -76.572561474617743, 2.369597446124764 ], [ -76.572561474617743, 2.369416194706995 ], [ -76.572830922324158, 2.369416194706995 ], [ -76.572830922324158, 2.369597446124764 ], [ -76.572741106422015, 2.369597446124764 ], [ -76.572741106422015, 2.369688071833648 ] ], [ [ -76.573190185932717, 2.369053691871456 ], [ -76.573100370030588, 2.369053691871456 ], [ -76.573100370030588, 2.368963066162571 ], [ -76.573190185932717, 2.368963066162571 ], [ -76.573190185932717, 2.369053691871456 ] ] ] } },
{ "type": "Feature", "properties": { "value": 1, "State": "Burned", "Class": "Quemado", "IdxName": "NBR", "StartDate": "2025-09-27", "EndDate": "2025-09-28" }, "geometry": { "type": "Polygon", "coordinates": [ [ [ -76.585225516819577, 2.369416194706995 ], [ -76.585225516819577, 2.36932556899811 ], [ -76.585405148623849, 2.36932556899811 ], [ -76.585405148623849, 2.369144317580341 ], [ -76.585494964525992, 2.369144317580341 ], [ -76.585494964525992, 2.369053691871456 ], [ -76.585405148623849, 2.369053691871456 ], [ -76.585405148623849, 2.368691189035917 ], [ -76.585135700917434, 2.368691189035917 ], [ -76.585135700917434, 2.368872440453687 ], [ -76.58504588501529, 2.368872440453687 ], [ -76.58504588501529, 2.368963066162571 ], [ -76.584956069113147, 2.368963066162571 ], [ -76.584956069113147, 2.36932556899811 ], [ -76.58504588501529, 2.36932556899811 ], [ -76.58504588501529, 2.369416194706995 ], [ -76.585225516819577, 2.369416194706995 ] ] ] } },
{ "type": "Feature", "properties": { "value": 1, "State": "Burned", "Class": "Quemado", "IdxName": "NBR", "StartDate": "2025-09-27", "EndDate": "2025-09-28" }, "geometry": { "type": "Polygon", "coordinates": [ [ [ -76.602559985932729, 2.369053691871456 ], [ -76.602559985932729, 2.368691189035917 ], [ -76.602470170030585, 2.368691189035917 ], [ -76.602470170030585, 2.369053691871456 ], [ -76.602559985932729, 2.369053691871456 ] ] ] } },
{ "type": "Feature", "properties": { "value": 1, "State": "Burned", "Class": "Quemado", "IdxName": "NBR", "StartDate": "2025-09-27", "EndDate": "2025-09-28" }, "geometry": { "type": "Polygon", "coordinates": [ [ [ -76.65052167767584, 2.369144317580341 ], [ -76.65052167767584, 2.368963066162571 ], [ -76.650431861773697, 2.368963066162571 ], [ -76.650431861773697, 2.368781814744802 ], [ -76.650342045871568, 2.368781814744802 ], [ -76.650342045871568, 2.368691189035917 ], [ -76.650252229969425, 2.368691189035917 ], [ -76.650252229969425, 2.368600563327032 ], [ -76.650162414067282, 2.368600563327032 ], [ -76.650162414067282, 2.368781814744802 ], [ -76.650252229969425, 2.368781814744802 ], [ -76.650252229969425, 2.369144317580341 ], [ -76.65052167767584, 2.369144317580341 ] ] ] } },
{ "type": "Feature", "properties": { "value": 1, "State": "Burned", "Class": "Quemado", "IdxName": "NBR", "StartDate": "2025-09-27", "EndDate": "2025-09-28" }, "geometry": { "type": "Polygon", "coordinates": [ [ [ -76.585944044036694, 2.368963066162571 ], [ -76.585944044036694, 2.368872440453687 ], [ -76.586033859938837, 2.368872440453687 ], [ -76.586033859938837, 2.368691189035917 ], [ -76.585944044036694, 2.368691189035917 ], [ -76.585944044036694, 2.368600563327032 ], [ -76.585854228134565, 2.368600563327032 ], [ -76.585854228134565, 2.368963066162571 ], [ -76.585944044036694, 2.368963066162571 ] ] ] } },
{ "type": "Feature", "properties": { "value": 1, "State": "Burned", "Class": "Quemado", "IdxName": "NBR", "StartDate": "2025-09-27", "EndDate": "2025-09-28" }, "geometry": { "type": "Polygon", "coordinates": [ [ [ -76.654383761467898, 2.368691189035917 ], [ -76.654383761467898, 2.368600563327032 ], [ -76.654293945565755, 2.368600563327032 ], [ -76.654293945565755, 2.368691189035917 ], [ -76.654383761467898, 2.368691189035917 ] ] ] } },
{ "type": "Feature", "properties": { "value": 1, "State": "Burned", "Class": "Quemado", "IdxName": "NBR", "StartDate": "2025-09-27", "EndDate": "2025-09-28" }, "geometry": { "type": "Polygon", "coordinates": [ [ [ -76.581453248929662, 2.368691189035917 ], [ -76.581453248929662, 2.368509937618148 ], [ -76.581363433027519, 2.368509937618148 ], [ -76.581363433027519, 2.368691189035917 ], [ -76.581453248929662, 2.368691189035917 ] ] ] } },
{ "type": "Feature", "properties": { "value": 1, "State": "Burned", "Class": "Quemado", "IdxName": "NBR", "StartDate": "2025-09-27", "EndDate": "2025-09-28" }, "geometry": { "type": "Polygon", "coordinates": [ [ [ -76.588997784709477, 2.368600563327032 ], [ -76.588997784709477, 2.368419311909263 ], [ -76.588907968807348, 2.368419311909263 ], [ -76.588907968807348, 2.368600563327032 ], [ -76.588997784709477, 2.368600563327032 ] ] ] } },
{ "type": "Feature", "properties": { "value": 1, "State": "Burned", "Class": "Quemado", "IdxName": "NBR", "StartDate": "2025-09-27", "EndDate": "2025-09-28" }, "geometry": { "type": "Polygon", "coordinates": [ [ [ -76.624295434250769, 2.368509937618148 ], [ -76.624295434250769, 2.368328686200378 ], [ -76.624205618348626, 2.368328686200378 ], [ -76.624205618348626, 2.368509937618148 ], [ -76.624295434250769, 2.368509937618148 ] ] ] } },
{ "type": "Feature", "properties": { "value": 1, "State": "Burned", "Class": "Quemado", "IdxName": "NBR", "StartDate": "2025-09-27", "EndDate": "2025-09-28" }, "geometry": { "type": "Polygon", "coordinates": [ [ [ -76.628067702140669, 2.368419311909263 ], [ -76.628067702140669, 2.368328686200378 ], [ -76.62797788623854, 2.368328686200378 ], [ -76.62797788623854, 2.368419311909263 ], [ -76.628067702140669, 2.368419311909263 ] ] ] } },
{ "type": "Feature", "properties": { "value": 1, "State": "Burned", "Class": "Quemado", "IdxName": "NBR", "StartDate": "2025-09-27", "EndDate": "2025-09-28" }, "geometry": { "type": "Polygon", "coordinates": [ [ [ -76.61989445504588, 2.368691189035917 ], [ -76.61989445504588, 2.368509937618148 ], [ -76.619984270948009, 2.368509937618148 ], [ -76.619984270948009, 2.368328686200378 ], [ -76.61989445504588, 2.368328686200378 ], [ -76.61989445504588, 2.368238060491493 ], [ -76.619714823241594, 2.368238060491493 ], [ -76.619714823241594, 2.368328686200378 ], [ -76.619625007339451, 2.368328686200378 ], [ -76.619625007339451, 2.368509937618148 ], [ -76.619804639143737, 2.368509937618148 ], [ -76.619804639143737, 2.368691189035917 ], [ -76.61989445504588, 2.368691189035917 ] ] ] } },
{ "type": "Feature", "properties": { "value": 1, "State": "Burned", "Class": "Quemado", "IdxName": "NBR", "StartDate": "2025-09-27", "EndDate": "2025-09-28" }, "geometry": { "type": "Polygon", "coordinates": [ [ [ -76.602739617737001, 2.368509937618148 ], [ -76.602739617737001, 2.368419311909263 ], [ -76.602829433639144, 2.368419311909263 ], [ -76.602829433639144, 2.368238060491493 ], [ -76.602739617737001, 2.368238060491493 ], [ -76.602739617737001, 2.368328686200378 ], [ -76.602649801834858, 2.368328686200378 ], [ -76.602649801834858, 2.368509937618148 ], [ -76.602739617737001, 2.368509937618148 ] ] ] } },
{ "type": "Feature", "properties": { "value": 1, "State": "Burned", "Class": "Quemado", "IdxName": "NBR", "StartDate": "2025-09-27", "EndDate": "2025-09-28" }, "geometry": { "type": "Polygon", "coordinates": [ [ [ -76.570585524770649, 2.368419311909263 ], [ -76.570585524770649, 2.368238060491493 ], [ -76.570495708868506, 2.368238060491493 ], [ -76.570495708868506, 2.368419311909263 ], [ -76.570585524770649, 2.368419311909263 ] ] ] } },
{ "type": "Feature", "properties": { "value": 1, "State": "Burned", "Class": "Quemado", "IdxName": "NBR", "StartDate": "2025-09-27", "EndDate": "2025-09-28" }, "geometry": { "type": "Polygon", "coordinates": [ [ [ -76.619984270948009, 2.368238060491493 ], [ -76.619984270948009, 2.368147434782609 ], [ -76.61989445504588, 2.368147434782609 ], [ -76.61989445504588, 2.368238060491493 ], [ -76.619984270948009, 2.368238060491493 ] ] ] } },
{ "type": "Feature", "properties": { "value": 1, "State": "Burned", "Class": "Quemado", "IdxName": "NBR", "StartDate": "2025-09-27", "EndDate": "2025-09-28" }, "geometry": { "type": "Polygon", "coordinates": [ [ [ -76.588369073394503, 2.368056809073724 ], [ -76.588369073394503, 2.367966183364839 ], [ -76.58827925749236, 2.367966183364839 ], [ -76.58827925749236, 2.368056809073724 ], [ -76.588369073394503, 2.368056809073724 ] ] ] } },
{ "type": "Feature", "properties": { "value": 1, "State": "Burned", "Class": "Quemado", "IdxName": "NBR", "StartDate": "2025-09-27", "EndDate": "2025-09-28" }, "geometry": { "type": "Polygon", "coordinates": [ [ [ -76.601931274617741, 2.367966183364839 ], [ -76.601931274617741, 2.367875557655955 ], [ -76.601841458715597, 2.367875557655955 ], [ -76.601841458715597, 2.367966183364839 ], [ -76.601931274617741, 2.367966183364839 ] ] ] } },
{ "type": "Feature", "properties": { "value": 1, "State": "Burned", "Class": "Quemado", "IdxName": "NBR", "StartDate": "2025-09-27", "EndDate": "2025-09-28" }, "geometry": { "type": "Polygon", "coordinates": [ [ [ -76.587740362079515, 2.367875557655955 ], [ -76.587740362079515, 2.367694306238185 ], [ -76.587650546177372, 2.367694306238185 ], [ -76.587650546177372, 2.367875557655955 ], [ -76.587740362079515, 2.367875557655955 ] ] ] } },
{ "type": "Feature", "properties": { "value": 1, "State": "Burned", "Class": "Quemado", "IdxName": "NBR", "StartDate": "2025-09-27", "EndDate": "2025-09-28" }, "geometry": { "type": "Polygon", "coordinates": [ [ [ -76.587381098470956, 2.367694306238185 ], [ -76.587381098470956, 2.367603680529301 ], [ -76.587291282568813, 2.367603680529301 ], [ -76.587291282568813, 2.367694306238185 ], [ -76.587381098470956, 2.367694306238185 ] ] ] } },
{ "type": "Feature", "properties": { "value": 1, "State": "Burned", "Class": "Quemado", "IdxName": "NBR", "StartDate": "2025-09-27", "EndDate": "2025-09-28" }, "geometry": { "type": "Polygon", "coordinates": [ [ [ -76.587560730275229, 2.367603680529301 ], [ -76.587560730275229, 2.367513054820416 ], [ -76.587470914373085, 2.367513054820416 ], [ -76.587470914373085, 2.367603680529301 ], [ -76.587560730275229, 2.367603680529301 ] ] ] } },
{ "type": "Feature", "properties": { "value": 1, "State": "Burned", "Class": "Quemado", "IdxName": "NBR", "StartDate": "2025-09-27", "EndDate": "2025-09-28" }, "geometry": { "type": "Polygon", "coordinates": [ [ [ -76.563040988990821, 2.367875557655955 ], [ -76.563040988990821, 2.36778493194707 ], [ -76.563130804892964, 2.36778493194707 ], [ -76.563130804892964, 2.367694306238185 ], [ -76.563220620795107, 2.367694306238185 ], [ -76.563220620795107, 2.367422429111532 ], [ -76.563040988990821, 2.367422429111532 ], [ -76.563040988990821, 2.367603680529301 ], [ -76.562951173088692, 2.367603680529301 ], [ -76.562951173088692, 2.367694306238185 ], [ -76.562861357186549, 2.367694306238185 ], [ -76.562861357186549, 2.36778493194707 ], [ -76.562771541284405, 2.36778493194707 ], [ -76.562771541284405, 2.367875557655955 ], [ -76.563040988990821, 2.367875557655955 ] ] ] } },
{ "type": "Feature", "properties": { "value": 1, "State": "Burned", "Class": "Quemado", "IdxName": "NBR", "StartDate": "2025-09-27", "EndDate": "2025-09-28" }, "geometry": { "type": "Polygon", "coordinates": [ [ [ -76.54346112232416, 2.367603680529301 ], [ -76.54346112232416, 2.367513054820416 ], [ -76.543371306422017, 2.367513054820416 ], [ -76.543371306422017, 2.367422429111532 ], [ -76.543281490519874, 2.367422429111532 ], [ -76.543281490519874, 2.367603680529301 ], [ -76.54346112232416, 2.367603680529301 ] ] ] } },
{ "type": "Feature", "properties": { "value": 1, "State": "Burned", "Class": "Quemado", "IdxName": "NBR", "StartDate": "2025-09-27", "EndDate": "2025-09-28" }, "geometry": { "type": "Polygon", "coordinates": [ [ [ -76.620253718654439, 2.367422429111532 ], [ -76.620253718654439, 2.367331803402647 ], [ -76.620163902752296, 2.367331803402647 ], [ -76.620163902752296, 2.367422429111532 ], [ -76.620253718654439, 2.367422429111532 ] ] ] } },
{ "type": "Feature", "properties": { "value": 1, "State": "Burned", "Class": "Quemado", "IdxName": "NBR", "StartDate": "2025-09-27", "EndDate": "2025-09-28" }, "geometry": { "type": "Polygon", "coordinates": [ [ [ -76.620433350458711, 2.367422429111532 ], [ -76.620433350458711, 2.367331803402647 ], [ -76.620702798165141, 2.367331803402647 ], [ -76.620702798165141, 2.367150551984877 ], [ -76.620792614067284, 2.367150551984877 ], [ -76.620792614067284, 2.367241177693762 ], [ -76.620882429969427, 2.367241177693762 ], [ -76.620882429969427, 2.366969300567108 ], [ -76.620792614067284, 2.366969300567108 ], [ -76.620792614067284, 2.367059926275993 ], [ -76.620612982262998, 2.367059926275993 ], [ -76.620612982262998, 2.367150551984877 ], [ -76.620343534556582, 2.367150551984877 ], [ -76.620343534556582, 2.367241177693762 ], [ -76.620253718654439, 2.367241177693762 ], [ -76.620253718654439, 2.367331803402647 ], [ -76.620343534556582, 2.367331803402647 ], [ -76.620343534556582, 2.367422429111532 ], [ -76.620433350458711, 2.367422429111532 ] ] ] } },
{ "type": "Feature", "properties": { "value": 1, "State": "Burned", "Class": "Quemado", "IdxName": "NBR", "StartDate": "2025-09-27", "EndDate": "2025-09-28" }, "geometry": { "type": "Polygon", "coordinates": [ [ [ -76.628426965749242, 2.366334920604915 ], [ -76.628426965749242, 2.36624429489603 ], [ -76.628337149847098, 2.36624429489603 ], [ -76.628337149847098, 2.366334920604915 ], [ -76.628426965749242, 2.366334920604915 ] ] ] } },
{ "type": "Feature", "properties": { "value": 1, "State": "Burned", "Class": "Quemado", "IdxName": "NBR", "StartDate": "2025-09-27", "EndDate": "2025-09-28" }, "geometry": { "type": "Polygon", "coordinates": [ [ [ -76.578040244648321, 2.366153669187146 ], [ -76.578040244648321, 2.366063043478261 ], [ -76.577950428746178, 2.366063043478261 ], [ -76.577950428746178, 2.366153669187146 ], [ -76.578040244648321, 2.366153669187146 ] ] ] } },
{ "type": "Feature", "properties": { "value": 1, "State": "Burned", "Class": "Quemado", "IdxName": "NBR", "StartDate": "2025-09-27", "EndDate": "2025-09-28" }, "geometry": { "type": "Polygon", "coordinates": [ [ [ -76.611451760244648, 2.366153669187146 ], [ -76.611451760244648, 2.365972417769376 ], [ -76.611361944342505, 2.365972417769376 ], [ -76.611361944342505, 2.366153669187146 ], [ -76.611451760244648, 2.366153669187146 ] ] ] } },
{ "type": "Feature", "properties": { "value": 1, "State": "Burned", "Class": "Quemado", "IdxName": "NBR", "StartDate": "2025-09-27", "EndDate": "2025-09-28" }, "geometry": { "type": "Polygon", "coordinates": [ [ [ -76.611811023853207, 2.366063043478261 ], [ -76.611811023853207, 2.365972417769376 ], [ -76.61190083975535, 2.365972417769376 ], [ -76.61190083975535, 2.365881792060492 ], [ -76.611811023853207, 2.365881792060492 ], [ -76.611811023853207, 2.365791166351607 ], [ -76.611721207951078, 2.365791166351607 ], [ -76.611721207951078, 2.366063043478261 ], [ -76.611811023853207, 2.366063043478261 ] ] ] } },
{ "type": "Feature", "properties": { "value": 1, "State": "Burned", "Class": "Quemado", "IdxName": "NBR", "StartDate": "2025-09-27", "EndDate": "2025-09-28" }, "geometry": { "type": "Polygon", "coordinates": [ [ [ -76.545257440366967, 2.365881792060492 ], [ -76.545257440366967, 2.365791166351607 ], [ -76.545167624464838, 2.365791166351607 ], [ -76.545167624464838, 2.365881792060492 ], [ -76.545257440366967, 2.365881792060492 ] ] ] } },
{ "type": "Feature", "properties": { "value": 1, "State": "Burned", "Class": "Quemado", "IdxName": "NBR", "StartDate": "2025-09-27", "EndDate": "2025-09-28" }, "geometry": { "type": "Polygon", "coordinates": [ [ [ -76.54561670397554, 2.365700540642723 ], [ -76.54561670397554, 2.365609914933838 ], [ -76.545526888073397, 2.365609914933838 ], [ -76.545526888073397, 2.365700540642723 ], [ -76.54561670397554, 2.365700540642723 ] ] ] } },
{ "type": "Feature", "properties": { "value": 1, "State": "Burned", "Class": "Quemado", "IdxName": "NBR", "StartDate": "2025-09-27", "EndDate": "2025-09-28" }, "geometry": { "type": "Polygon", "coordinates": [ [ [ -76.545526888073397, 2.365609914933838 ], [ -76.545526888073397, 2.365519289224953 ], [ -76.545437072171254, 2.365519289224953 ], [ -76.545437072171254, 2.365609914933838 ], [ -76.545526888073397, 2.365609914933838 ] ] ] } },
{ "type": "Feature", "properties": { "value": 1, "State": "Burned", "Class": "Quemado", "IdxName": "NBR", "StartDate": "2025-09-27", "EndDate": "2025-09-28" }, "geometry": { "type": "Polygon", "coordinates": [ [ [ -76.610643417125388, 2.365247412098299 ], [ -76.610643417125388, 2.365066160680529 ], [ -76.610553601223245, 2.365066160680529 ], [ -76.610553601223245, 2.365247412098299 ], [ -76.610643417125388, 2.365247412098299 ] ] ] } },
{ "type": "Feature", "properties": { "value": 1, "State": "Burned", "Class": "Quemado", "IdxName": "NBR", "StartDate": "2025-09-27", "EndDate": "2025-09-28" }, "geometry": { "type": "Polygon", "coordinates": [ [ [ -76.586662571253825, 2.365066160680529 ], [ -76.586662571253825, 2.364975534971645 ], [ -76.586572755351682, 2.364975534971645 ], [ -76.586572755351682, 2.365066160680529 ], [ -76.586662571253825, 2.365066160680529 ] ] ] } },
{ "type": "Feature", "properties": { "value": 1, "State": "Burned", "Class": "Quemado", "IdxName": "NBR", "StartDate": "2025-09-27", "EndDate": "2025-09-28" }, "geometry": { "type": "Polygon", "coordinates": [ [ [ -76.586842203058112, 2.365338037807184 ], [ -76.586842203058112, 2.365247412098299 ], [ -76.587111650764527, 2.365247412098299 ], [ -76.587111650764527, 2.365156786389414 ], [ -76.58720146666667, 2.365156786389414 ], [ -76.58720146666667, 2.365247412098299 ], [ -76.587291282568813, 2.365247412098299 ], [ -76.587291282568813, 2.365156786389414 ], [ -76.587381098470956, 2.365156786389414 ], [ -76.587381098470956, 2.364975534971645 ], [ -76.587111650764527, 2.364975534971645 ], [ -76.587111650764527, 2.36488490926276 ], [ -76.58693201896024, 2.36488490926276 ], [ -76.58693201896024, 2.364975534971645 ], [ -76.586842203058112, 2.364975534971645 ], [ -76.586842203058112, 2.365066160680529 ], [ -76.586752387155968, 2.365066160680529 ], [ -76.586752387155968, 2.365156786389414 ], [ -76.586662571253825, 2.365156786389414 ], [ -76.586662571253825, 2.365247412098299 ], [ -76.586752387155968, 2.365247412098299 ], [ -76.586752387155968, 2.365338037807184 ], [ -76.586842203058112, 2.365338037807184 ] ] ] } },
{ "type": "Feature", "properties": { "value": 1, "State": "Burned", "Class": "Quemado", "IdxName": "NBR", "StartDate": "2025-09-27", "EndDate": "2025-09-28" }, "geometry": { "type": "Polygon", "coordinates": [ [ [ -76.593847843425081, 2.365066160680529 ], [ -76.593847843425081, 2.364794283553875 ], [ -76.593758027522938, 2.364794283553875 ], [ -76.593758027522938, 2.365066160680529 ], [ -76.593847843425081, 2.365066160680529 ] ] ] } },
{ "type": "Feature", "properties": { "value": 1, "State": "Burned", "Class": "Quemado", "IdxName": "NBR", "StartDate": "2025-09-27", "EndDate": "2025-09-28" }, "geometry": { "type": "Polygon", "coordinates": [ [ [ -76.594746002446485, 2.364794283553875 ], [ -76.594746002446485, 2.364703657844991 ], [ -76.594656186544341, 2.364703657844991 ], [ -76.594656186544341, 2.364794283553875 ], [ -76.594746002446485, 2.364794283553875 ] ] ] } },
{ "type": "Feature", "properties": { "value": 1, "State": "Burned", "Class": "Quemado", "IdxName": "NBR", "StartDate": "2025-09-27", "EndDate": "2025-09-28" }, "geometry": { "type": "Polygon", "coordinates": [ [ [ -76.619804639143737, 2.364794283553875 ], [ -76.619804639143737, 2.364522406427221 ], [ -76.619714823241594, 2.364522406427221 ], [ -76.619714823241594, 2.364794283553875 ], [ -76.619804639143737, 2.364794283553875 ] ] ] } },
{ "type": "Feature", "properties": { "value": 1, "State": "Burned", "Class": "Quemado", "IdxName": "NBR", "StartDate": "2025-09-27", "EndDate": "2025-09-28" }, "geometry": { "type": "Polygon", "coordinates": [ [ [ -76.652048548012232, 2.364703657844991 ], [ -76.652048548012232, 2.364613032136106 ], [ -76.651958732110089, 2.364613032136106 ], [ -76.651958732110089, 2.364431780718337 ], [ -76.651689284403673, 2.364431780718337 ], [ -76.651689284403673, 2.364522406427221 ], [ -76.65159946850153, 2.364522406427221 ], [ -76.65159946850153, 2.364613032136106 ], [ -76.651689284403673, 2.364613032136106 ], [ -76.651689284403673, 2.364703657844991 ], [ -76.652048548012232, 2.364703657844991 ] ] ] } },
{ "type": "Feature", "properties": { "value": 1, "State": "Burned", "Class": "Quemado", "IdxName": "NBR", "StartDate": "2025-09-27", "EndDate": "2025-09-28" }, "geometry": { "type": "Polygon", "coordinates": [ [ [ -76.616840714373097, 2.364522406427221 ], [ -76.616840714373097, 2.364431780718337 ], [ -76.616750898470954, 2.364431780718337 ], [ -76.616750898470954, 2.364522406427221 ], [ -76.616840714373097, 2.364522406427221 ] ] ] } },
{ "type": "Feature", "properties": { "value": 1, "State": "Burned", "Class": "Quemado", "IdxName": "NBR", "StartDate": "2025-09-27", "EndDate": "2025-09-28" }, "geometry": { "type": "Polygon", "coordinates": [ [ [ -76.651689284403673, 2.364431780718337 ], [ -76.651689284403673, 2.364341155009452 ], [ -76.65159946850153, 2.364341155009452 ], [ -76.65159946850153, 2.364431780718337 ], [ -76.651689284403673, 2.364431780718337 ] ] ] } },
{ "type": "Feature", "properties": { "value": 1, "State": "Burned", "Class": "Quemado", "IdxName": "NBR", "StartDate": "2025-09-27", "EndDate": "2025-09-28" }, "geometry": { "type": "Polygon", "coordinates": [ [ [ -76.617110162079513, 2.364431780718337 ], [ -76.617110162079513, 2.364341155009452 ], [ -76.617199977981656, 2.364341155009452 ], [ -76.617199977981656, 2.364250529300567 ], [ -76.617289793883799, 2.364250529300567 ], [ -76.617289793883799, 2.364159903591683 ], [ -76.61702034617737, 2.364159903591683 ], [ -76.61702034617737, 2.364341155009452 ], [ -76.616930530275226, 2.364341155009452 ], [ -76.616930530275226, 2.364431780718337 ], [ -76.617110162079513, 2.364431780718337 ] ] ] } },
{ "type": "Feature", "properties": { "value": 1, "State": "Burned", "Class": "Quemado", "IdxName": "NBR", "StartDate": "2025-09-27", "EndDate": "2025-09-28" }, "geometry": { "type": "Polygon", "coordinates": [ [ [ -76.586393123547396, 2.364250529300567 ], [ -76.586393123547396, 2.364159903591683 ], [ -76.586303307645267, 2.364159903591683 ], [ -76.586303307645267, 2.364250529300567 ], [ -76.586393123547396, 2.364250529300567 ] ] ] } },
{ "type": "Feature", "properties": { "value": 1, "State": "Burned", "Class": "Quemado", "IdxName": "NBR", "StartDate": "2025-09-27", "EndDate": "2025-09-28" }, "geometry": { "type": "Polygon", "coordinates": [ [ [ -76.593039500305807, 2.362981769376182 ], [ -76.593039500305807, 2.362891143667297 ], [ -76.592949684403678, 2.362891143667297 ], [ -76.592949684403678, 2.362981769376182 ], [ -76.593039500305807, 2.362981769376182 ] ] ] } },
{ "type": "Feature", "properties": { "value": 1, "State": "Burned", "Class": "Quemado", "IdxName": "NBR", "StartDate": "2025-09-27", "EndDate": "2025-09-28" }, "geometry": { "type": "Polygon", "coordinates": [ [ [ -76.551724185321106, 2.362800517958412 ], [ -76.551724185321106, 2.362709892249528 ], [ -76.551634369418963, 2.362709892249528 ], [ -76.551634369418963, 2.362800517958412 ], [ -76.551724185321106, 2.362800517958412 ] ] ] } },
{ "type": "Feature", "properties": { "value": 1, "State": "Burned", "Class": "Quemado", "IdxName": "NBR", "StartDate": "2025-09-27", "EndDate": "2025-09-28" }, "geometry": { "type": "Polygon", "coordinates": [ [ [ -76.618816664220191, 2.362981769376182 ], [ -76.618816664220191, 2.362800517958412 ], [ -76.61890648012232, 2.362800517958412 ], [ -76.61890648012232, 2.362619266540643 ], [ -76.618816664220191, 2.362619266540643 ], [ -76.618816664220191, 2.362709892249528 ], [ -76.618726848318047, 2.362709892249528 ], [ -76.618726848318047, 2.362891143667297 ], [ -76.618637032415904, 2.362891143667297 ], [ -76.618637032415904, 2.362981769376182 ], [ -76.618816664220191, 2.362981769376182 ] ] ] } },
{ "type": "Feature", "properties": { "value": 1, "State": "Burned", "Class": "Quemado", "IdxName": "NBR", "StartDate": "2025-09-27", "EndDate": "2025-09-28" }, "geometry": { "type": "Polygon", "coordinates": [ [ [ -76.64782720061163, 2.362709892249528 ], [ -76.64782720061163, 2.362528640831758 ], [ -76.647647568807344, 2.362528640831758 ], [ -76.647647568807344, 2.362619266540643 ], [ -76.647737384709487, 2.362619266540643 ], [ -76.647737384709487, 2.362709892249528 ], [ -76.64782720061163, 2.362709892249528 ] ] ] } },
{ "type": "Feature", "properties": { "value": 1, "State": "Burned", "Class": "Quemado", "IdxName": "NBR", "StartDate": "2025-09-27", "EndDate": "2025-09-28" }, "geometry": { "type": "Polygon", "coordinates": [ [ [ -76.64944388685015, 2.362438015122874 ], [ -76.64944388685015, 2.362347389413989 ], [ -76.649354070948021, 2.362347389413989 ], [ -76.649354070948021, 2.362438015122874 ], [ -76.64944388685015, 2.362438015122874 ] ] ] } },
{ "type": "Feature", "properties": { "value": 1, "State": "Burned", "Class": "Quemado", "IdxName": "NBR", "StartDate": "2025-09-27", "EndDate": "2025-09-28" }, "geometry": { "type": "Polygon", "coordinates": [ [ [ -76.649982782262995, 2.362619266540643 ], [ -76.649982782262995, 2.362347389413989 ], [ -76.649892966360852, 2.362347389413989 ], [ -76.649892966360852, 2.362256763705104 ], [ -76.64971333455658, 2.362256763705104 ], [ -76.64971333455658, 2.362528640831758 ], [ -76.649803150458723, 2.362528640831758 ], [ -76.649803150458723, 2.362619266540643 ], [ -76.649982782262995, 2.362619266540643 ] ] ] } },
{ "type": "Feature", "properties": { "value": 1, "State": "Burned", "Class": "Quemado", "IdxName": "NBR", "StartDate": "2025-09-27", "EndDate": "2025-09-28" }, "geometry": { "type": "Polygon", "coordinates": [ [ [ -76.605793358409784, 2.362619266540643 ], [ -76.605793358409784, 2.362528640831758 ], [ -76.605703542507641, 2.362528640831758 ], [ -76.605703542507641, 2.362438015122874 ], [ -76.605883174311927, 2.362438015122874 ], [ -76.605883174311927, 2.362347389413989 ], [ -76.605793358409784, 2.362347389413989 ], [ -76.605793358409784, 2.362256763705104 ], [ -76.605613726605512, 2.362256763705104 ], [ -76.605613726605512, 2.362347389413989 ], [ -76.605523910703369, 2.362347389413989 ], [ -76.605523910703369, 2.362438015122874 ], [ -76.605613726605512, 2.362438015122874 ], [ -76.605613726605512, 2.362619266540643 ], [ -76.605793358409784, 2.362619266540643 ] ] ] } },
{ "type": "Feature", "properties": { "value": 1, "State": "Burned", "Class": "Quemado", "IdxName": "NBR", "StartDate": "2025-09-27", "EndDate": "2025-09-28" }, "geometry": { "type": "Polygon", "coordinates": [ [ [ -76.649623518654437, 2.362347389413989 ], [ -76.649623518654437, 2.362256763705104 ], [ -76.649533702752294, 2.362256763705104 ], [ -76.649533702752294, 2.362347389413989 ], [ -76.649623518654437, 2.362347389413989 ] ] ] } },
{ "type": "Feature", "properties": { "value": 1, "State": "Burned", "Class": "Quemado", "IdxName": "NBR", "StartDate": "2025-09-27", "EndDate": "2025-09-28" }, "geometry": { "type": "Polygon", "coordinates": [ [ [ -76.591153366360857, 2.362528640831758 ], [ -76.591153366360857, 2.362438015122874 ], [ -76.591243182263, 2.362438015122874 ], [ -76.591243182263, 2.36216613799622 ], [ -76.591153366360857, 2.36216613799622 ], [ -76.591153366360857, 2.362256763705104 ], [ -76.591063550458713, 2.362256763705104 ], [ -76.591063550458713, 2.362528640831758 ], [ -76.591153366360857, 2.362528640831758 ] ] ] } },
{ "type": "Feature", "properties": { "value": 1, "State": "Burned", "Class": "Quemado", "IdxName": "NBR", "StartDate": "2025-09-27", "EndDate": "2025-09-28" }, "geometry": { "type": "Polygon", "coordinates": [ [ [ -76.51292371559633, 2.36216613799622 ], [ -76.51292371559633, 2.362075512287335 ], [ -76.513013531498473, 2.362075512287335 ], [ -76.513013531498473, 2.36198488657845 ], [ -76.512744083792043, 2.36198488657845 ], [ -76.512744083792043, 2.362075512287335 ], [ -76.512833899694186, 2.362075512287335 ], [ -76.512833899694186, 2.36216613799622 ], [ -76.51292371559633, 2.36216613799622 ] ] ] } },
{ "type": "Feature", "properties": { "value": 1, "State": "Burned", "Class": "Quemado", "IdxName": "NBR", "StartDate": "2025-09-27", "EndDate": "2025-09-28" }, "geometry": { "type": "Polygon", "coordinates": [ [ [ -76.554598294189603, 2.36198488657845 ], [ -76.554598294189603, 2.361894260869565 ], [ -76.55450847828746, 2.361894260869565 ], [ -76.55450847828746, 2.36198488657845 ], [ -76.554598294189603, 2.36198488657845 ] ] ] } },
{ "type": "Feature", "properties": { "value": 1, "State": "Burned", "Class": "Quemado", "IdxName": "NBR", "StartDate": "2025-09-27", "EndDate": "2025-09-28" }, "geometry": { "type": "Polygon", "coordinates": [ [ [ -76.593398763914379, 2.36198488657845 ], [ -76.593398763914379, 2.361803635160681 ], [ -76.593308948012236, 2.361803635160681 ], [ -76.593308948012236, 2.36198488657845 ], [ -76.593398763914379, 2.36198488657845 ] ] ] } },
{ "type": "Feature", "properties": { "value": 1, "State": "Burned", "Class": "Quemado", "IdxName": "NBR", "StartDate": "2025-09-27", "EndDate": "2025-09-28" }, "geometry": { "type": "Polygon", "coordinates": [ [ [ -76.514091322324163, 2.361531758034026 ], [ -76.514091322324163, 2.361441132325142 ], [ -76.51373205871559, 2.361441132325142 ], [ -76.51373205871559, 2.361531758034026 ], [ -76.514091322324163, 2.361531758034026 ] ] ] } },
{ "type": "Feature", "properties": { "value": 1, "State": "Burned", "Class": "Quemado", "IdxName": "NBR", "StartDate": "2025-09-27", "EndDate": "2025-09-28" }, "geometry": { "type": "Polygon", "coordinates": [ [ [ -76.544718544954122, 2.361350506616257 ], [ -76.544718544954122, 2.361169255198488 ], [ -76.544628729051993, 2.361169255198488 ], [ -76.544628729051993, 2.361350506616257 ], [ -76.544718544954122, 2.361350506616257 ] ] ] } },
{ "type": "Feature", "properties": { "value": 1, "State": "Burned", "Class": "Quemado", "IdxName": "NBR", "StartDate": "2025-09-27", "EndDate": "2025-09-28" }, "geometry": { "type": "Polygon", "coordinates": [ [ [ -76.544628729051993, 2.361169255198488 ], [ -76.544628729051993, 2.361078629489603 ], [ -76.54453891314985, 2.361078629489603 ], [ -76.54453891314985, 2.361169255198488 ], [ -76.544628729051993, 2.361169255198488 ] ] ] } },
{ "type": "Feature", "properties": { "value": 1, "State": "Burned", "Class": "Quemado", "IdxName": "NBR", "StartDate": "2025-09-27", "EndDate": "2025-09-28" }, "geometry": { "type": "Polygon", "coordinates": [ [ [ -76.549568603669726, 2.360988003780719 ], [ -76.549568603669726, 2.360897378071834 ], [ -76.549478787767583, 2.360897378071834 ], [ -76.549478787767583, 2.360988003780719 ], [ -76.549568603669726, 2.360988003780719 ] ] ] } },
{ "type": "Feature", "properties": { "value": 1, "State": "Burned", "Class": "Quemado", "IdxName": "NBR", "StartDate": "2025-09-27", "EndDate": "2025-09-28" }, "geometry": { "type": "Polygon", "coordinates": [ [ [ -76.513821874617733, 2.361259880907372 ], [ -76.513821874617733, 2.361078629489603 ], [ -76.51373205871559, 2.361078629489603 ], [ -76.51373205871559, 2.360988003780719 ], [ -76.513552426911318, 2.360988003780719 ], [ -76.513552426911318, 2.360806752362949 ], [ -76.513462611009174, 2.360806752362949 ], [ -76.513462611009174, 2.360716126654065 ], [ -76.513372795107031, 2.360716126654065 ], [ -76.513372795107031, 2.360806752362949 ], [ -76.513282979204888, 2.360806752362949 ], [ -76.513282979204888, 2.360716126654065 ], [ -76.513013531498473, 2.360716126654065 ], [ -76.513013531498473, 2.360806752362949 ], [ -76.513103347400616, 2.360806752362949 ], [ -76.513103347400616, 2.360897378071834 ], [ -76.513193163302759, 2.360897378071834 ], [ -76.513193163302759, 2.360988003780719 ], [ -76.513462611009174, 2.360988003780719 ], [ -76.513462611009174, 2.361078629489603 ], [ -76.513552426911318, 2.361078629489603 ], [ -76.513552426911318, 2.361169255198488 ], [ -76.51373205871559, 2.361169255198488 ], [ -76.51373205871559, 2.361259880907372 ], [ -76.513821874617733, 2.361259880907372 ] ] ] } },
{ "type": "Feature", "properties": { "value": 1, "State": "Burned", "Class": "Quemado", "IdxName": "NBR", "StartDate": "2025-09-27", "EndDate": "2025-09-28" }, "geometry": { "type": "Polygon", "coordinates": [ [ [ -76.584776437308875, 2.360716126654065 ], [ -76.584776437308875, 2.36062550094518 ], [ -76.584686621406732, 2.36062550094518 ], [ -76.584686621406732, 2.360716126654065 ], [ -76.584776437308875, 2.360716126654065 ] ] ] } },
{ "type": "Feature", "properties": { "value": 1, "State": "Burned", "Class": "Quemado", "IdxName": "NBR", "StartDate": "2025-09-27", "EndDate": "2025-09-28" }, "geometry": { "type": "Polygon", "coordinates": [ [ [ -76.513193163302759, 2.36062550094518 ], [ -76.513193163302759, 2.360534875236295 ], [ -76.513103347400616, 2.360534875236295 ], [ -76.513103347400616, 2.36044424952741 ], [ -76.513013531498473, 2.36044424952741 ], [ -76.513013531498473, 2.36062550094518 ], [ -76.513193163302759, 2.36062550094518 ] ] ] } },
{ "type": "Feature", "properties": { "value": 1, "State": "Burned", "Class": "Quemado", "IdxName": "NBR", "StartDate": "2025-09-27", "EndDate": "2025-09-28" }, "geometry": { "type": "Polygon", "coordinates": [ [ [ -76.553610319266056, 2.360534875236295 ], [ -76.553610319266056, 2.360353623818526 ], [ -76.553520503363913, 2.360353623818526 ], [ -76.553520503363913, 2.360534875236295 ], [ -76.553610319266056, 2.360534875236295 ] ] ] } },
{ "type": "Feature", "properties": { "value": 1, "State": "Burned", "Class": "Quemado", "IdxName": "NBR", "StartDate": "2025-09-27", "EndDate": "2025-09-28" }, "geometry": { "type": "Polygon", "coordinates": [ [ [ -76.635073342507653, 2.360353623818526 ], [ -76.635073342507653, 2.360262998109641 ], [ -76.634983526605509, 2.360262998109641 ], [ -76.634983526605509, 2.360353623818526 ], [ -76.635073342507653, 2.360353623818526 ] ] ] } },
{ "type": "Feature", "properties": { "value": 1, "State": "Burned", "Class": "Quemado", "IdxName": "NBR", "StartDate": "2025-09-27", "EndDate": "2025-09-28" }, "geometry": { "type": "Polygon", "coordinates": [ [ [ -76.593219132110093, 2.360353623818526 ], [ -76.593219132110093, 2.360262998109641 ], [ -76.59312931620795, 2.360262998109641 ], [ -76.59312931620795, 2.360353623818526 ], [ -76.593219132110093, 2.360353623818526 ] ] ] } },
{ "type": "Feature", "properties": { "value": 1, "State": "Burned", "Class": "Quemado", "IdxName": "NBR", "StartDate": "2025-09-27", "EndDate": "2025-09-28" }, "geometry": { "type": "Polygon", "coordinates": [ [ [ -76.555855716819579, 2.360353623818526 ], [ -76.555855716819579, 2.360262998109641 ], [ -76.555765900917436, 2.360262998109641 ], [ -76.555765900917436, 2.360353623818526 ], [ -76.555855716819579, 2.360353623818526 ] ] ] } },
{ "type": "Feature", "properties": { "value": 1, "State": "Burned", "Class": "Quemado", "IdxName": "NBR", "StartDate": "2025-09-27", "EndDate": "2025-09-28" }, "geometry": { "type": "Polygon", "coordinates": [ [ [ -76.553340871559641, 2.360353623818526 ], [ -76.553340871559641, 2.360262998109641 ], [ -76.553251055657498, 2.360262998109641 ], [ -76.553251055657498, 2.360353623818526 ], [ -76.553340871559641, 2.360353623818526 ] ] ] } },
{ "type": "Feature", "properties": { "value": 1, "State": "Burned", "Class": "Quemado", "IdxName": "NBR", "StartDate": "2025-09-27", "EndDate": "2025-09-28" }, "geometry": { "type": "Polygon", "coordinates": [ [ [ -76.553251055657498, 2.360262998109641 ], [ -76.553251055657498, 2.360172372400756 ], [ -76.553161239755354, 2.360172372400756 ], [ -76.553161239755354, 2.360262998109641 ], [ -76.553251055657498, 2.360262998109641 ] ] ] } },
{ "type": "Feature", "properties": { "value": 1, "State": "Burned", "Class": "Quemado", "IdxName": "NBR", "StartDate": "2025-09-27", "EndDate": "2025-09-28" }, "geometry": { "type": "Polygon", "coordinates": [ [ [ -76.514181138226306, 2.360353623818526 ], [ -76.514181138226306, 2.360262998109641 ], [ -76.514270954128435, 2.360262998109641 ], [ -76.514270954128435, 2.360172372400756 ], [ -76.514091322324163, 2.360172372400756 ], [ -76.514091322324163, 2.360262998109641 ], [ -76.514001506422019, 2.360262998109641 ], [ -76.514001506422019, 2.360172372400756 ], [ -76.513821874617733, 2.360172372400756 ], [ -76.513821874617733, 2.360262998109641 ], [ -76.513911690519876, 2.360262998109641 ], [ -76.513911690519876, 2.360353623818526 ], [ -76.514181138226306, 2.360353623818526 ] ] ] } },
{ "type": "Feature", "properties": { "value": 1, "State": "Burned", "Class": "Quemado", "IdxName": "NBR", "StartDate": "2025-09-27", "EndDate": "2025-09-28" }, "geometry": { "type": "Polygon", "coordinates": [ [ [ -76.547233390214075, 2.360172372400756 ], [ -76.547233390214075, 2.360081746691872 ], [ -76.547143574311932, 2.360081746691872 ], [ -76.547143574311932, 2.360172372400756 ], [ -76.547233390214075, 2.360172372400756 ] ] ] } },
{ "type": "Feature", "properties": { "value": 1, "State": "Burned", "Class": "Quemado", "IdxName": "NBR", "StartDate": "2025-09-27", "EndDate": "2025-09-28" }, "geometry": { "type": "Polygon", "coordinates": [ [ [ -76.514360770030578, 2.360172372400756 ], [ -76.514360770030578, 2.360081746691872 ], [ -76.514270954128435, 2.360081746691872 ], [ -76.514270954128435, 2.360172372400756 ], [ -76.514360770030578, 2.360172372400756 ] ] ] } },
{ "type": "Feature", "properties": { "value": 1, "State": "Burned", "Class": "Quemado", "IdxName": "NBR", "StartDate": "2025-09-27", "EndDate": "2025-09-28" }, "geometry": { "type": "Polygon", "coordinates": [ [ [ -76.553161239755354, 2.360081746691872 ], [ -76.553161239755354, 2.359991120982987 ], [ -76.553071423853211, 2.359991120982987 ], [ -76.553071423853211, 2.360081746691872 ], [ -76.553161239755354, 2.360081746691872 ] ] ] } },
{ "type": "Feature", "properties": { "value": 1, "State": "Burned", "Class": "Quemado", "IdxName": "NBR", "StartDate": "2025-09-27", "EndDate": "2025-09-28" }, "geometry": { "type": "Polygon", "coordinates": [ [ [ -76.592949684403678, 2.359991120982987 ], [ -76.592949684403678, 2.359900495274102 ], [ -76.592859868501534, 2.359900495274102 ], [ -76.592859868501534, 2.359991120982987 ], [ -76.592949684403678, 2.359991120982987 ] ] ] } },
{ "type": "Feature", "properties": { "value": 1, "State": "Burned", "Class": "Quemado", "IdxName": "NBR", "StartDate": "2025-09-27", "EndDate": "2025-09-28" }, "geometry": { "type": "Polygon", "coordinates": [ [ [ -76.514630217737007, 2.359991120982987 ], [ -76.514630217737007, 2.359809869565217 ], [ -76.514450585932721, 2.359809869565217 ], [ -76.514450585932721, 2.359991120982987 ], [ -76.514630217737007, 2.359991120982987 ] ] ] } },
{ "type": "Feature", "properties": { "value": 1, "State": "Burned", "Class": "Quemado", "IdxName": "NBR", "StartDate": "2025-09-27", "EndDate": "2025-09-28" }, "geometry": { "type": "Polygon", "coordinates": [ [ [ -76.636510396941901, 2.359900495274102 ], [ -76.636510396941901, 2.359809869565217 ], [ -76.636330765137615, 2.359809869565217 ], [ -76.636330765137615, 2.359900495274102 ], [ -76.636510396941901, 2.359900495274102 ] ] ] } },
{ "type": "Feature", "properties": { "value": 1, "State": "Burned", "Class": "Quemado", "IdxName": "NBR", "StartDate": "2025-09-27", "EndDate": "2025-09-28" }, "geometry": { "type": "Polygon", "coordinates": [ [ [ -76.632378865443428, 2.359900495274102 ], [ -76.632378865443428, 2.359809869565217 ], [ -76.632199233639142, 2.359809869565217 ], [ -76.632199233639142, 2.359900495274102 ], [ -76.632378865443428, 2.359900495274102 ] ] ] } },
{ "type": "Feature", "properties": { "value": 1, "State": "Burned", "Class": "Quemado", "IdxName": "NBR", "StartDate": "2025-09-27", "EndDate": "2025-09-28" }, "geometry": { "type": "Polygon", "coordinates": [ [ [ -76.556214980428138, 2.359900495274102 ], [ -76.556214980428138, 2.359809869565217 ], [ -76.556304796330281, 2.359809869565217 ], [ -76.556304796330281, 2.359719243856333 ], [ -76.55639461223241, 2.359719243856333 ], [ -76.55639461223241, 2.359628618147448 ], [ -76.556125164525994, 2.359628618147448 ], [ -76.556125164525994, 2.359719243856333 ], [ -76.556035348623851, 2.359719243856333 ], [ -76.556035348623851, 2.359900495274102 ], [ -76.556214980428138, 2.359900495274102 ] ] ] } },
{ "type": "Feature", "properties": { "value": 1, "State": "Burned", "Class": "Quemado", "IdxName": "NBR", "StartDate": "2025-09-27", "EndDate": "2025-09-28" }, "geometry": { "type": "Polygon", "coordinates": [ [ [ -76.632199233639142, 2.359719243856333 ], [ -76.632199233639142, 2.359537992438563 ], [ -76.632109417736999, 2.359537992438563 ], [ -76.632109417736999, 2.359719243856333 ], [ -76.632199233639142, 2.359719243856333 ] ] ] } },
{ "type": "Feature", "properties": { "value": 1, "State": "Burned", "Class": "Quemado", "IdxName": "NBR", "StartDate": "2025-09-27", "EndDate": "2025-09-28" }, "geometry": { "type": "Polygon", "coordinates": [ [ [ -76.57732171743119, 2.359537992438563 ], [ -76.57732171743119, 2.359447366729679 ], [ -76.577231901529046, 2.359447366729679 ], [ -76.577231901529046, 2.359537992438563 ], [ -76.57732171743119, 2.359537992438563 ] ] ] } },
{ "type": "Feature", "properties": { "value": 1, "State": "Burned", "Class": "Quemado", "IdxName": "NBR", "StartDate": "2025-09-27", "EndDate": "2025-09-28" }, "geometry": { "type": "Polygon", "coordinates": [ [ [ -76.636510396941901, 2.359447366729679 ], [ -76.636510396941901, 2.359356741020794 ], [ -76.636420581039758, 2.359356741020794 ], [ -76.636420581039758, 2.359447366729679 ], [ -76.636510396941901, 2.359447366729679 ] ] ] } },
{ "type": "Feature", "properties": { "value": 1, "State": "Burned", "Class": "Quemado", "IdxName": "NBR", "StartDate": "2025-09-27", "EndDate": "2025-09-28" }, "geometry": { "type": "Polygon", "coordinates": [ [ [ -76.556214980428138, 2.359266115311909 ], [ -76.556214980428138, 2.359175489603025 ], [ -76.556125164525994, 2.359175489603025 ], [ -76.556125164525994, 2.359266115311909 ], [ -76.556214980428138, 2.359266115311909 ] ] ] } },
{ "type": "Feature", "properties": { "value": 1, "State": "Burned", "Class": "Quemado", "IdxName": "NBR", "StartDate": "2025-09-27", "EndDate": "2025-09-28" }, "geometry": { "type": "Polygon", "coordinates": [ [ [ -76.514181138226306, 2.359266115311909 ], [ -76.514181138226306, 2.359175489603025 ], [ -76.514091322324163, 2.359175489603025 ], [ -76.514091322324163, 2.359266115311909 ], [ -76.514181138226306, 2.359266115311909 ] ] ] } },
{ "type": "Feature", "properties": { "value": 1, "State": "Burned", "Class": "Quemado", "IdxName": "NBR", "StartDate": "2025-09-27", "EndDate": "2025-09-28" }, "geometry": { "type": "Polygon", "coordinates": [ [ [ -76.556574244036696, 2.359447366729679 ], [ -76.556574244036696, 2.359356741020794 ], [ -76.556664059938839, 2.359356741020794 ], [ -76.556664059938839, 2.359175489603025 ], [ -76.556574244036696, 2.359175489603025 ], [ -76.556574244036696, 2.358994238185256 ], [ -76.556484428134553, 2.358994238185256 ], [ -76.556484428134553, 2.35908486389414 ], [ -76.55639461223241, 2.35908486389414 ], [ -76.55639461223241, 2.359175489603025 ], [ -76.556484428134553, 2.359175489603025 ], [ -76.556484428134553, 2.359266115311909 ], [ -76.55639461223241, 2.359266115311909 ], [ -76.55639461223241, 2.359356741020794 ], [ -76.556304796330281, 2.359356741020794 ], [ -76.556304796330281, 2.359447366729679 ], [ -76.556574244036696, 2.359447366729679 ] ] ] } },
{ "type": "Feature", "properties": { "value": 1, "State": "Burned", "Class": "Quemado", "IdxName": "NBR", "StartDate": "2025-09-27", "EndDate": "2025-09-28" }, "geometry": { "type": "Polygon", "coordinates": [ [ [ -76.556125164525994, 2.359175489603025 ], [ -76.556125164525994, 2.35908486389414 ], [ -76.556214980428138, 2.35908486389414 ], [ -76.556214980428138, 2.358994238185256 ], [ -76.556035348623851, 2.358994238185256 ], [ -76.556035348623851, 2.359175489603025 ], [ -76.556125164525994, 2.359175489603025 ] ] ] } },
{ "type": "Feature", "properties": { "value": 1, "State": "Burned", "Class": "Quemado", "IdxName": "NBR", "StartDate": "2025-09-27", "EndDate": "2025-09-28" }, "geometry": { "type": "Polygon", "coordinates": [ [ [ -76.57732171743119, 2.359175489603025 ], [ -76.57732171743119, 2.358903612476371 ], [ -76.577231901529046, 2.358903612476371 ], [ -76.577231901529046, 2.359175489603025 ], [ -76.57732171743119, 2.359175489603025 ] ] ] } },
{ "type": "Feature", "properties": { "value": 1, "State": "Burned", "Class": "Quemado", "IdxName": "NBR", "StartDate": "2025-09-27", "EndDate": "2025-09-28" }, "geometry": { "type": "Polygon", "coordinates": [ [ [ -76.518402485626908, 2.358994238185256 ], [ -76.518402485626908, 2.358903612476371 ], [ -76.518312669724764, 2.358903612476371 ], [ -76.518312669724764, 2.358994238185256 ], [ -76.518402485626908, 2.358994238185256 ] ] ] } },
{ "type": "Feature", "properties": { "value": 1, "State": "Burned", "Class": "Quemado", "IdxName": "NBR", "StartDate": "2025-09-27", "EndDate": "2025-09-28" }, "geometry": { "type": "Polygon", "coordinates": [ [ [ -76.598338638532113, 2.358994238185256 ], [ -76.598338638532113, 2.358812986767486 ], [ -76.598428454434256, 2.358812986767486 ], [ -76.598428454434256, 2.358631735349717 ], [ -76.598338638532113, 2.358631735349717 ], [ -76.598338638532113, 2.358722361058601 ], [ -76.598248822629969, 2.358722361058601 ], [ -76.598248822629969, 2.358994238185256 ], [ -76.598338638532113, 2.358994238185256 ] ] ] } },
{ "type": "Feature", "properties": { "value": 1, "State": "Burned", "Class": "Quemado", "IdxName": "NBR", "StartDate": "2025-09-27", "EndDate": "2025-09-28" }, "geometry": { "type": "Polygon", "coordinates": [ [ [ -76.55639461223241, 2.358722361058601 ], [ -76.55639461223241, 2.358541109640832 ], [ -76.556035348623851, 2.358541109640832 ], [ -76.556035348623851, 2.358722361058601 ], [ -76.556125164525994, 2.358722361058601 ], [ -76.556125164525994, 2.358631735349717 ], [ -76.556304796330281, 2.358631735349717 ], [ -76.556304796330281, 2.358722361058601 ], [ -76.55639461223241, 2.358722361058601 ] ] ] } },
{ "type": "Feature", "properties": { "value": 1, "State": "Burned", "Class": "Quemado", "IdxName": "NBR", "StartDate": "2025-09-27", "EndDate": "2025-09-28" }, "geometry": { "type": "Polygon", "coordinates": [ [ [ -76.598338638532113, 2.358631735349717 ], [ -76.598338638532113, 2.358359858223062 ], [ -76.598248822629969, 2.358359858223062 ], [ -76.598248822629969, 2.358631735349717 ], [ -76.598338638532113, 2.358631735349717 ] ] ] } },
{ "type": "Feature", "properties": { "value": 1, "State": "Burned", "Class": "Quemado", "IdxName": "NBR", "StartDate": "2025-09-27", "EndDate": "2025-09-28" }, "geometry": { "type": "Polygon", "coordinates": [ [ [ -76.514001506422019, 2.358359858223062 ], [ -76.514001506422019, 2.358269232514178 ], [ -76.513911690519876, 2.358269232514178 ], [ -76.513911690519876, 2.358359858223062 ], [ -76.514001506422019, 2.358359858223062 ] ] ] } },
{ "type": "Feature", "properties": { "value": 1, "State": "Burned", "Class": "Quemado", "IdxName": "NBR", "StartDate": "2025-09-27", "EndDate": "2025-09-28" }, "geometry": { "type": "Polygon", "coordinates": [ [ [ -76.549927867278285, 2.358269232514178 ], [ -76.549927867278285, 2.358178606805293 ], [ -76.549568603669726, 2.358178606805293 ], [ -76.549568603669726, 2.358269232514178 ], [ -76.549927867278285, 2.358269232514178 ] ] ] } },
{ "type": "Feature", "properties": { "value": 1, "State": "Burned", "Class": "Quemado", "IdxName": "NBR", "StartDate": "2025-09-27", "EndDate": "2025-09-28" }, "geometry": { "type": "Polygon", "coordinates": [ [ [ -76.513911690519876, 2.358269232514178 ], [ -76.513911690519876, 2.358087981096408 ], [ -76.513642242813461, 2.358087981096408 ], [ -76.513642242813461, 2.358178606805293 ], [ -76.51373205871559, 2.358178606805293 ], [ -76.51373205871559, 2.358269232514178 ], [ -76.513911690519876, 2.358269232514178 ] ] ] } },
{ "type": "Feature", "properties": { "value": 1, "State": "Burned", "Class": "Quemado", "IdxName": "NBR", "StartDate": "2025-09-27", "EndDate": "2025-09-28" }, "geometry": { "type": "Polygon", "coordinates": [ [ [ -76.598248822629969, 2.358178606805293 ], [ -76.598248822629969, 2.358087981096408 ], [ -76.598159006727826, 2.358087981096408 ], [ -76.598159006727826, 2.358178606805293 ], [ -76.598248822629969, 2.358178606805293 ] ] ] } },
{ "type": "Feature", "properties": { "value": 1, "State": "Burned", "Class": "Quemado", "IdxName": "NBR", "StartDate": "2025-09-27", "EndDate": "2025-09-28" }, "geometry": { "type": "Polygon", "coordinates": [ [ [ -76.550017683180428, 2.358178606805293 ], [ -76.550017683180428, 2.358087981096408 ], [ -76.549927867278285, 2.358087981096408 ], [ -76.549927867278285, 2.358178606805293 ], [ -76.550017683180428, 2.358178606805293 ] ] ] } },
{ "type": "Feature", "properties": { "value": 1, "State": "Burned", "Class": "Quemado", "IdxName": "NBR", "StartDate": "2025-09-27", "EndDate": "2025-09-28" }, "geometry": { "type": "Polygon", "coordinates": [ [ [ -76.627438990825695, 2.358178606805293 ], [ -76.627438990825695, 2.357997355387524 ], [ -76.627528806727838, 2.357997355387524 ], [ -76.627528806727838, 2.357906729678639 ], [ -76.627618622629967, 2.357906729678639 ], [ -76.627618622629967, 2.35772547826087 ], [ -76.627438990825695, 2.35772547826087 ], [ -76.627438990825695, 2.357816103969754 ], [ -76.627349174923552, 2.357816103969754 ], [ -76.627349174923552, 2.357906729678639 ], [ -76.627259359021409, 2.357906729678639 ], [ -76.627259359021409, 2.357997355387524 ], [ -76.627169543119265, 2.357997355387524 ], [ -76.627169543119265, 2.358178606805293 ], [ -76.627438990825695, 2.358178606805293 ] ] ] } },
{ "type": "Feature", "properties": { "value": 1, "State": "Burned", "Class": "Quemado", "IdxName": "NBR", "StartDate": "2025-09-27", "EndDate": "2025-09-28" }, "geometry": { "type": "Polygon", "coordinates": [ [ [ -76.556214980428138, 2.357906729678639 ], [ -76.556214980428138, 2.35772547826087 ], [ -76.556125164525994, 2.35772547826087 ], [ -76.556125164525994, 2.357906729678639 ], [ -76.556214980428138, 2.357906729678639 ] ] ] } },
{ "type": "Feature", "properties": { "value": 1, "State": "Burned", "Class": "Quemado", "IdxName": "NBR", "StartDate": "2025-09-27", "EndDate": "2025-09-28" }, "geometry": { "type": "Polygon", "coordinates": [ [ [ -76.553700135168199, 2.357997355387524 ], [ -76.553700135168199, 2.357906729678639 ], [ -76.553789951070343, 2.357906729678639 ], [ -76.553789951070343, 2.35772547826087 ], [ -76.553520503363913, 2.35772547826087 ], [ -76.553520503363913, 2.357634852551985 ], [ -76.55343068746177, 2.357634852551985 ], [ -76.55343068746177, 2.35772547826087 ], [ -76.553340871559641, 2.35772547826087 ], [ -76.553340871559641, 2.357816103969754 ], [ -76.55343068746177, 2.357816103969754 ], [ -76.55343068746177, 2.357906729678639 ], [ -76.553520503363913, 2.357906729678639 ], [ -76.553520503363913, 2.357997355387524 ], [ -76.553700135168199, 2.357997355387524 ] ] ] } },
{ "type": "Feature", "properties": { "value": 1, "State": "Burned", "Class": "Quemado", "IdxName": "NBR", "StartDate": "2025-09-27", "EndDate": "2025-09-28" }, "geometry": { "type": "Polygon", "coordinates": [ [ [ -76.576962453822631, 2.357816103969754 ], [ -76.576962453822631, 2.35772547826087 ], [ -76.577052269724774, 2.35772547826087 ], [ -76.577052269724774, 2.357634852551985 ], [ -76.576872637920488, 2.357634852551985 ], [ -76.576872637920488, 2.3575442268431 ], [ -76.576782822018345, 2.3575442268431 ], [ -76.576782822018345, 2.357816103969754 ], [ -76.576962453822631, 2.357816103969754 ] ] ] } },
{ "type": "Feature", "properties": { "value": 1, "State": "Burned", "Class": "Quemado", "IdxName": "NBR", "StartDate": "2025-09-27", "EndDate": "2025-09-28" }, "geometry": { "type": "Polygon", "coordinates": [ [ [ -76.577231901529046, 2.357634852551985 ], [ -76.577231901529046, 2.3575442268431 ], [ -76.577052269724774, 2.3575442268431 ], [ -76.577052269724774, 2.357634852551985 ], [ -76.577231901529046, 2.357634852551985 ] ] ] } },
{ "type": "Feature", "properties": { "value": 1, "State": "Burned", "Class": "Quemado", "IdxName": "NBR", "StartDate": "2025-09-27", "EndDate": "2025-09-28" }, "geometry": { "type": "Polygon", "coordinates": [ [ [ -76.555945532721708, 2.35772547826087 ], [ -76.555945532721708, 2.357634852551985 ], [ -76.556125164525994, 2.357634852551985 ], [ -76.556125164525994, 2.357453601134216 ], [ -76.555945532721708, 2.357453601134216 ], [ -76.555945532721708, 2.3575442268431 ], [ -76.555855716819579, 2.3575442268431 ], [ -76.555855716819579, 2.35772547826087 ], [ -76.555945532721708, 2.35772547826087 ] ] ] } },
{ "type": "Feature", "properties": { "value": 1, "State": "Burned", "Class": "Quemado", "IdxName": "NBR", "StartDate": "2025-09-27", "EndDate": "2025-09-28" }, "geometry": { "type": "Polygon", "coordinates": [ [ [ -76.513372795107031, 2.357634852551985 ], [ -76.513372795107031, 2.357453601134216 ], [ -76.513013531498473, 2.357453601134216 ], [ -76.513013531498473, 2.3575442268431 ], [ -76.513282979204888, 2.3575442268431 ], [ -76.513282979204888, 2.357634852551985 ], [ -76.513372795107031, 2.357634852551985 ] ] ] } },
{ "type": "Feature", "properties": { "value": 1, "State": "Burned", "Class": "Quemado", "IdxName": "NBR", "StartDate": "2025-09-27", "EndDate": "2025-09-28" }, "geometry": { "type": "Polygon", "coordinates": [ [ [ -76.655012472782872, 2.3575442268431 ], [ -76.655012472782872, 2.357453601134216 ], [ -76.654922656880743, 2.357453601134216 ], [ -76.654922656880743, 2.3575442268431 ], [ -76.655012472782872, 2.3575442268431 ] ] ] } },
{ "type": "Feature", "properties": { "value": 1, "State": "Burned", "Class": "Quemado", "IdxName": "NBR", "StartDate": "2025-09-27", "EndDate": "2025-09-28" }, "geometry": { "type": "Polygon", "coordinates": [ [ [ -76.577680981039762, 2.3575442268431 ], [ -76.577680981039762, 2.357453601134216 ], [ -76.577501349235476, 2.357453601134216 ], [ -76.577501349235476, 2.3575442268431 ], [ -76.577680981039762, 2.3575442268431 ] ] ] } },
{ "type": "Feature", "properties": { "value": 1, "State": "Burned", "Class": "Quemado", "IdxName": "NBR", "StartDate": "2025-09-27", "EndDate": "2025-09-28" }, "geometry": { "type": "Polygon", "coordinates": [ [ [ -76.57732171743119, 2.3575442268431 ], [ -76.57732171743119, 2.357453601134216 ], [ -76.577231901529046, 2.357453601134216 ], [ -76.577231901529046, 2.3575442268431 ], [ -76.57732171743119, 2.3575442268431 ] ] ] } },
{ "type": "Feature", "properties": { "value": 1, "State": "Burned", "Class": "Quemado", "IdxName": "NBR", "StartDate": "2025-09-27", "EndDate": "2025-09-28" }, "geometry": { "type": "Polygon", "coordinates": [ [ [ -76.538611063608556, 2.3575442268431 ], [ -76.538611063608556, 2.357453601134216 ], [ -76.538521247706427, 2.357453601134216 ], [ -76.538521247706427, 2.3575442268431 ], [ -76.538611063608556, 2.3575442268431 ] ] ] } },
{ "type": "Feature", "properties": { "value": 1, "State": "Burned", "Class": "Quemado", "IdxName": "NBR", "StartDate": "2025-09-27", "EndDate": "2025-09-28" }, "geometry": { "type": "Polygon", "coordinates": [ [ [ -76.538431431804284, 2.3575442268431 ], [ -76.538431431804284, 2.357362975425331 ], [ -76.538161984097854, 2.357362975425331 ], [ -76.538161984097854, 2.3575442268431 ], [ -76.538431431804284, 2.3575442268431 ] ] ] } },
{ "type": "Feature", "properties": { "value": 1, "State": "Burned", "Class": "Quemado", "IdxName": "NBR", "StartDate": "2025-09-27", "EndDate": "2025-09-28" }, "geometry": { "type": "Polygon", "coordinates": [ [ [ -76.569058654434258, 2.3575442268431 ], [ -76.569058654434258, 2.357453601134216 ], [ -76.569148470336387, 2.357453601134216 ], [ -76.569148470336387, 2.357362975425331 ], [ -76.568968838532115, 2.357362975425331 ], [ -76.568968838532115, 2.3575442268431 ], [ -76.569058654434258, 2.3575442268431 ] ] ] } },
{ "type": "Feature", "properties": { "value": 1, "State": "Burned", "Class": "Quemado", "IdxName": "NBR", "StartDate": "2025-09-27", "EndDate": "2025-09-28" }, "geometry": { "type": "Polygon", "coordinates": [ [ [ -76.542473147400614, 2.357362975425331 ], [ -76.542473147400614, 2.357272349716447 ], [ -76.542383331498471, 2.357272349716447 ], [ -76.542383331498471, 2.357362975425331 ], [ -76.542473147400614, 2.357362975425331 ] ] ] } },
{ "type": "Feature", "properties": { "value": 1, "State": "Burned", "Class": "Quemado", "IdxName": "NBR", "StartDate": "2025-09-27", "EndDate": "2025-09-28" }, "geometry": { "type": "Polygon", "coordinates": [ [ [ -76.597799743119268, 2.357362975425331 ], [ -76.597799743119268, 2.357181724007562 ], [ -76.597530295412852, 2.357181724007562 ], [ -76.597530295412852, 2.357362975425331 ], [ -76.597799743119268, 2.357362975425331 ] ] ] } },
{ "type": "Feature", "properties": { "value": 1, "State": "Burned", "Class": "Quemado", "IdxName": "NBR", "StartDate": "2025-09-27", "EndDate": "2025-09-28" }, "geometry": { "type": "Polygon", "coordinates": [ [ [ -76.553251055657498, 2.357362975425331 ], [ -76.553251055657498, 2.357181724007562 ], [ -76.553071423853211, 2.357181724007562 ], [ -76.553071423853211, 2.357091098298677 ], [ -76.552891792048925, 2.357091098298677 ], [ -76.552891792048925, 2.357272349716447 ], [ -76.553071423853211, 2.357272349716447 ], [ -76.553071423853211, 2.357362975425331 ], [ -76.553251055657498, 2.357362975425331 ] ] ] } },
{ "type": "Feature", "properties": { "value": 1, "State": "Burned", "Class": "Quemado", "IdxName": "NBR", "StartDate": "2025-09-27", "EndDate": "2025-09-28" }, "geometry": { "type": "Polygon", "coordinates": [ [ [ -76.529180393883792, 2.357453601134216 ], [ -76.529180393883792, 2.357362975425331 ], [ -76.529270209785935, 2.357362975425331 ], [ -76.529270209785935, 2.357272349716447 ], [ -76.529360025688078, 2.357272349716447 ], [ -76.529360025688078, 2.357091098298677 ], [ -76.529270209785935, 2.357091098298677 ], [ -76.529270209785935, 2.357181724007562 ], [ -76.529000762079505, 2.357181724007562 ], [ -76.529000762079505, 2.357362975425331 ], [ -76.529090577981648, 2.357362975425331 ], [ -76.529090577981648, 2.357453601134216 ], [ -76.529180393883792, 2.357453601134216 ] ] ] } },
{ "type": "Feature", "properties": { "value": 1, "State": "Burned", "Class": "Quemado", "IdxName": "NBR", "StartDate": "2025-09-27", "EndDate": "2025-09-28" }, "geometry": { "type": "Polygon", "coordinates": [ [ [ -76.552891792048925, 2.357091098298677 ], [ -76.552891792048925, 2.357000472589792 ], [ -76.552801976146796, 2.357000472589792 ], [ -76.552801976146796, 2.357091098298677 ], [ -76.552891792048925, 2.357091098298677 ] ] ] } },
{ "type": "Feature", "properties": { "value": 1, "State": "Burned", "Class": "Quemado", "IdxName": "NBR", "StartDate": "2025-09-27", "EndDate": "2025-09-28" }, "geometry": { "type": "Polygon", "coordinates": [ [ [ -76.539599038532117, 2.357181724007562 ], [ -76.539599038532117, 2.357000472589792 ], [ -76.539419406727831, 2.357000472589792 ], [ -76.539419406727831, 2.356909846880908 ], [ -76.539239774923544, 2.356909846880908 ], [ -76.539239774923544, 2.357000472589792 ], [ -76.539149959021401, 2.357000472589792 ], [ -76.539149959021401, 2.357091098298677 ], [ -76.539060143119272, 2.357091098298677 ], [ -76.539060143119272, 2.357181724007562 ], [ -76.539329590825687, 2.357181724007562 ], [ -76.539329590825687, 2.357091098298677 ], [ -76.539419406727831, 2.357091098298677 ], [ -76.539419406727831, 2.357181724007562 ], [ -76.539599038532117, 2.357181724007562 ] ] ] } },
{ "type": "Feature", "properties": { "value": 1, "State": "Burned", "Class": "Quemado", "IdxName": "NBR", "StartDate": "2025-09-27", "EndDate": "2025-09-28" }, "geometry": { "type": "Polygon", "coordinates": [ [ [ -76.569148470336387, 2.357000472589792 ], [ -76.569148470336387, 2.356909846880908 ], [ -76.569058654434258, 2.356909846880908 ], [ -76.569058654434258, 2.357000472589792 ], [ -76.569148470336387, 2.357000472589792 ] ] ] } },
{ "type": "Feature", "properties": { "value": 1, "State": "Burned", "Class": "Quemado", "IdxName": "NBR", "StartDate": "2025-09-27", "EndDate": "2025-09-28" }, "geometry": { "type": "Polygon", "coordinates": [ [ [ -76.529449841590221, 2.357000472589792 ], [ -76.529449841590221, 2.356909846880908 ], [ -76.529360025688078, 2.356909846880908 ], [ -76.529360025688078, 2.357000472589792 ], [ -76.529449841590221, 2.357000472589792 ] ] ] } },
{ "type": "Feature", "properties": { "value": 1, "State": "Burned", "Class": "Quemado", "IdxName": "NBR", "StartDate": "2025-09-27", "EndDate": "2025-09-28" }, "geometry": { "type": "Polygon", "coordinates": [ [ [ -76.545437072171254, 2.357000472589792 ], [ -76.545437072171254, 2.356819221172023 ], [ -76.545077808562695, 2.356819221172023 ], [ -76.545077808562695, 2.356909846880908 ], [ -76.545257440366967, 2.356909846880908 ], [ -76.545257440366967, 2.357000472589792 ], [ -76.545437072171254, 2.357000472589792 ] ] ] } },
{ "type": "Feature", "properties": { "value": 1, "State": "Burned", "Class": "Quemado", "IdxName": "NBR", "StartDate": "2025-09-27", "EndDate": "2025-09-28" }, "geometry": { "type": "Polygon", "coordinates": [ [ [ -76.5676216, 2.357091098298677 ], [ -76.5676216, 2.356909846880908 ], [ -76.567711415902139, 2.356909846880908 ], [ -76.567711415902139, 2.356728595463138 ], [ -76.5676216, 2.356728595463138 ], [ -76.5676216, 2.356819221172023 ], [ -76.567441968195723, 2.356819221172023 ], [ -76.567441968195723, 2.357091098298677 ], [ -76.5676216, 2.357091098298677 ] ] ] } },
{ "type": "Feature", "properties": { "value": 1, "State": "Burned", "Class": "Quemado", "IdxName": "NBR", "StartDate": "2025-09-27", "EndDate": "2025-09-28" }, "geometry": { "type": "Polygon", "coordinates": [ [ [ -76.55343068746177, 2.356819221172023 ], [ -76.55343068746177, 2.356728595463138 ], [ -76.553251055657498, 2.356728595463138 ], [ -76.553251055657498, 2.356819221172023 ], [ -76.55343068746177, 2.356819221172023 ] ] ] } },
{ "type": "Feature", "properties": { "value": 1, "State": "Burned", "Class": "Quemado", "IdxName": "NBR", "StartDate": "2025-09-27", "EndDate": "2025-09-28" }, "geometry": { "type": "Polygon", "coordinates": [ [ [ -76.55262234434251, 2.356909846880908 ], [ -76.55262234434251, 2.356819221172023 ], [ -76.552712160244653, 2.356819221172023 ], [ -76.552712160244653, 2.356728595463138 ], [ -76.552442712538223, 2.356728595463138 ], [ -76.552442712538223, 2.356819221172023 ], [ -76.552532528440366, 2.356819221172023 ], [ -76.552532528440366, 2.356909846880908 ], [ -76.55262234434251, 2.356909846880908 ] ] ] } },
{ "type": "Feature", "properties": { "value": 1, "State": "Burned", "Class": "Quemado", "IdxName": "NBR", "StartDate": "2025-09-27", "EndDate": "2025-09-28" }, "geometry": { "type": "Polygon", "coordinates": [ [ [ -76.529360025688078, 2.356819221172023 ], [ -76.529360025688078, 2.356728595463138 ], [ -76.529270209785935, 2.356728595463138 ], [ -76.529270209785935, 2.356819221172023 ], [ -76.529360025688078, 2.356819221172023 ] ] ] } },
{ "type": "Feature", "properties": { "value": 1, "State": "Burned", "Class": "Quemado", "IdxName": "NBR", "StartDate": "2025-09-27", "EndDate": "2025-09-28" }, "geometry": { "type": "Polygon", "coordinates": [ [ [ -76.568699390825685, 2.356819221172023 ], [ -76.568699390825685, 2.356637969754253 ], [ -76.568519759021413, 2.356637969754253 ], [ -76.568519759021413, 2.356819221172023 ], [ -76.568699390825685, 2.356819221172023 ] ] ] } },
{ "type": "Feature", "properties": { "value": 1, "State": "Burned", "Class": "Quemado", "IdxName": "NBR", "StartDate": "2025-09-27", "EndDate": "2025-09-28" }, "geometry": { "type": "Polygon", "coordinates": [ [ [ -76.528372050764531, 2.356819221172023 ], [ -76.528372050764531, 2.356637969754253 ], [ -76.528282234862388, 2.356637969754253 ], [ -76.528282234862388, 2.356819221172023 ], [ -76.528372050764531, 2.356819221172023 ] ] ] } },
{ "type": "Feature", "properties": { "value": 1, "State": "Burned", "Class": "Quemado", "IdxName": "NBR", "StartDate": "2025-09-27", "EndDate": "2025-09-28" }, "geometry": { "type": "Polygon", "coordinates": [ [ [ -76.544987992660552, 2.356728595463138 ], [ -76.544987992660552, 2.356547344045369 ], [ -76.544718544954122, 2.356547344045369 ], [ -76.544718544954122, 2.356637969754253 ], [ -76.544898176758409, 2.356637969754253 ], [ -76.544898176758409, 2.356728595463138 ], [ -76.544987992660552, 2.356728595463138 ] ] ] } },
{ "type": "Feature", "properties": { "value": 1, "State": "Burned", "Class": "Quemado", "IdxName": "NBR", "StartDate": "2025-09-27", "EndDate": "2025-09-28" }, "geometry": { "type": "Polygon", "coordinates": [ [ [ -76.545796335779812, 2.356819221172023 ], [ -76.545796335779812, 2.356728595463138 ], [ -76.546155599388385, 2.356728595463138 ], [ -76.546155599388385, 2.356637969754253 ], [ -76.546065783486242, 2.356637969754253 ], [ -76.546065783486242, 2.356547344045369 ], [ -76.545796335779812, 2.356547344045369 ], [ -76.545796335779812, 2.356637969754253 ], [ -76.545706519877683, 2.356637969754253 ], [ -76.545706519877683, 2.356547344045369 ], [ -76.545526888073397, 2.356547344045369 ], [ -76.545526888073397, 2.356456718336484 ], [ -76.545437072171254, 2.356456718336484 ], [ -76.545437072171254, 2.356637969754253 ], [ -76.545526888073397, 2.356637969754253 ], [ -76.545526888073397, 2.356728595463138 ], [ -76.545706519877683, 2.356728595463138 ], [ -76.545706519877683, 2.356819221172023 ], [ -76.545796335779812, 2.356819221172023 ] ] ] } },
{ "type": "Feature", "properties": { "value": 1, "State": "Burned", "Class": "Quemado", "IdxName": "NBR", "StartDate": "2025-09-27", "EndDate": "2025-09-28" }, "geometry": { "type": "Polygon", "coordinates": [ [ [ -76.529000762079505, 2.356637969754253 ], [ -76.529000762079505, 2.356456718336484 ], [ -76.528910946177376, 2.356456718336484 ], [ -76.528910946177376, 2.356637969754253 ], [ -76.529000762079505, 2.356637969754253 ] ] ] } },
{ "type": "Feature", "properties": { "value": 1, "State": "Burned", "Class": "Quemado", "IdxName": "NBR", "StartDate": "2025-09-27", "EndDate": "2025-09-28" }, "geometry": { "type": "Polygon", "coordinates": [ [ [ -76.546245415290514, 2.356547344045369 ], [ -76.546245415290514, 2.356456718336484 ], [ -76.546155599388385, 2.356456718336484 ], [ -76.546155599388385, 2.356547344045369 ], [ -76.546245415290514, 2.356547344045369 ] ] ] } },
{ "type": "Feature", "properties": { "value": 1, "State": "Burned", "Class": "Quemado", "IdxName": "NBR", "StartDate": "2025-09-27", "EndDate": "2025-09-28" }, "geometry": { "type": "Polygon", "coordinates": [ [ [ -76.539419406727831, 2.356547344045369 ], [ -76.539419406727831, 2.356366092627599 ], [ -76.539329590825687, 2.356366092627599 ], [ -76.539329590825687, 2.356547344045369 ], [ -76.539419406727831, 2.356547344045369 ] ] ] } },
{ "type": "Feature", "properties": { "value": 1, "State": "Burned", "Class": "Quemado", "IdxName": "NBR", "StartDate": "2025-09-27", "EndDate": "2025-09-28" }, "geometry": { "type": "Polygon", "coordinates": [ [ [ -76.528192418960245, 2.356547344045369 ], [ -76.528192418960245, 2.356366092627599 ], [ -76.52792297125383, 2.356366092627599 ], [ -76.52792297125383, 2.356547344045369 ], [ -76.528192418960245, 2.356547344045369 ] ] ] } },
{ "type": "Feature", "properties": { "value": 1, "State": "Burned", "Class": "Quemado", "IdxName": "NBR", "StartDate": "2025-09-27", "EndDate": "2025-09-28" }, "geometry": { "type": "Polygon", "coordinates": [ [ [ -76.579297667278283, 2.356456718336484 ], [ -76.579297667278283, 2.356366092627599 ], [ -76.579028219571867, 2.356366092627599 ], [ -76.579028219571867, 2.356456718336484 ], [ -76.579297667278283, 2.356456718336484 ] ] ] } },
{ "type": "Feature", "properties": { "value": 1, "State": "Burned", "Class": "Quemado", "IdxName": "NBR", "StartDate": "2025-09-27", "EndDate": "2025-09-28" }, "geometry": { "type": "Polygon", "coordinates": [ [ [ -76.579387483180426, 2.356366092627599 ], [ -76.579387483180426, 2.356275466918715 ], [ -76.579297667278283, 2.356275466918715 ], [ -76.579297667278283, 2.356366092627599 ], [ -76.579387483180426, 2.356366092627599 ] ] ] } },
{ "type": "Feature", "properties": { "value": 1, "State": "Burned", "Class": "Quemado", "IdxName": "NBR", "StartDate": "2025-09-27", "EndDate": "2025-09-28" }, "geometry": { "type": "Polygon", "coordinates": [ [ [ -76.540766645259936, 2.356366092627599 ], [ -76.540766645259936, 2.35618484120983 ], [ -76.540587013455664, 2.35618484120983 ], [ -76.540587013455664, 2.356366092627599 ], [ -76.540766645259936, 2.356366092627599 ] ] ] } },
{ "type": "Feature", "properties": { "value": 1, "State": "Burned", "Class": "Quemado", "IdxName": "NBR", "StartDate": "2025-09-27", "EndDate": "2025-09-28" }, "geometry": { "type": "Polygon", "coordinates": [ [ [ -76.567801231804282, 2.356637969754253 ], [ -76.567801231804282, 2.356547344045369 ], [ -76.567891047706425, 2.356547344045369 ], [ -76.567891047706425, 2.356456718336484 ], [ -76.567980863608568, 2.356456718336484 ], [ -76.567980863608568, 2.356094215500945 ], [ -76.567891047706425, 2.356094215500945 ], [ -76.567891047706425, 2.35618484120983 ], [ -76.567801231804282, 2.35618484120983 ], [ -76.567801231804282, 2.356366092627599 ], [ -76.567711415902139, 2.356366092627599 ], [ -76.567711415902139, 2.356456718336484 ], [ -76.5676216, 2.356456718336484 ], [ -76.5676216, 2.356637969754253 ], [ -76.567801231804282, 2.356637969754253 ] ] ] } },
{ "type": "Feature", "properties": { "value": 1, "State": "Burned", "Class": "Quemado", "IdxName": "NBR", "StartDate": "2025-09-27", "EndDate": "2025-09-28" }, "geometry": { "type": "Polygon", "coordinates": [ [ [ -76.553161239755354, 2.356456718336484 ], [ -76.553161239755354, 2.356366092627599 ], [ -76.553251055657498, 2.356366092627599 ], [ -76.553251055657498, 2.356275466918715 ], [ -76.55343068746177, 2.356275466918715 ], [ -76.55343068746177, 2.356094215500945 ], [ -76.553161239755354, 2.356094215500945 ], [ -76.553161239755354, 2.35618484120983 ], [ -76.552801976146796, 2.35618484120983 ], [ -76.552801976146796, 2.356275466918715 ], [ -76.552712160244653, 2.356275466918715 ], [ -76.552712160244653, 2.356456718336484 ], [ -76.553161239755354, 2.356456718336484 ] ] ] } },
{ "type": "Feature", "properties": { "value": 1, "State": "Burned", "Class": "Quemado", "IdxName": "NBR", "StartDate": "2025-09-27", "EndDate": "2025-09-28" }, "geometry": { "type": "Polygon", "coordinates": [ [ [ -76.540587013455664, 2.35618484120983 ], [ -76.540587013455664, 2.356094215500945 ], [ -76.54049719755352, 2.356094215500945 ], [ -76.54049719755352, 2.35618484120983 ], [ -76.540587013455664, 2.35618484120983 ] ] ] } },
{ "type": "Feature", "properties": { "value": 1, "State": "Burned", "Class": "Quemado", "IdxName": "NBR", "StartDate": "2025-09-27", "EndDate": "2025-09-28" }, "geometry": { "type": "Polygon", "coordinates": [ [ [ -76.60920636269114, 2.35618484120983 ], [ -76.60920636269114, 2.356003589792061 ], [ -76.609116546788997, 2.356003589792061 ], [ -76.609116546788997, 2.355912964083176 ], [ -76.609026730886853, 2.355912964083176 ], [ -76.609026730886853, 2.356003589792061 ], [ -76.60893691498471, 2.356003589792061 ], [ -76.60893691498471, 2.356094215500945 ], [ -76.609026730886853, 2.356094215500945 ], [ -76.609026730886853, 2.35618484120983 ], [ -76.60920636269114, 2.35618484120983 ] ] ] } },
{ "type": "Feature", "properties": { "value": 1, "State": "Burned", "Class": "Quemado", "IdxName": "NBR", "StartDate": "2025-09-27", "EndDate": "2025-09-28" }, "geometry": { "type": "Polygon", "coordinates": [ [ [ -76.651509652599387, 2.356003589792061 ], [ -76.651509652599387, 2.355912964083176 ], [ -76.651419836697244, 2.355912964083176 ], [ -76.651419836697244, 2.356003589792061 ], [ -76.651509652599387, 2.356003589792061 ] ] ] } },
{ "type": "Feature", "properties": { "value": 1, "State": "Burned", "Class": "Quemado", "IdxName": "NBR", "StartDate": "2025-09-27", "EndDate": "2025-09-28" }, "geometry": { "type": "Polygon", "coordinates": [ [ [ -76.544359281345564, 2.355912964083176 ], [ -76.544359281345564, 2.355822338374291 ], [ -76.544269465443421, 2.355822338374291 ], [ -76.544269465443421, 2.355912964083176 ], [ -76.544359281345564, 2.355912964083176 ] ] ] } },
{ "type": "Feature", "properties": { "value": 1, "State": "Burned", "Class": "Quemado", "IdxName": "NBR", "StartDate": "2025-09-27", "EndDate": "2025-09-28" }, "geometry": { "type": "Polygon", "coordinates": [ [ [ -76.528551682568803, 2.35618484120983 ], [ -76.528551682568803, 2.356094215500945 ], [ -76.528641498470947, 2.356094215500945 ], [ -76.528641498470947, 2.356003589792061 ], [ -76.528910946177376, 2.356003589792061 ], [ -76.528910946177376, 2.355912964083176 ], [ -76.529000762079505, 2.355912964083176 ], [ -76.529000762079505, 2.355822338374291 ], [ -76.528821130275233, 2.355822338374291 ], [ -76.528821130275233, 2.355731712665407 ], [ -76.52873131437309, 2.355731712665407 ], [ -76.52873131437309, 2.355822338374291 ], [ -76.528551682568803, 2.355822338374291 ], [ -76.528551682568803, 2.355912964083176 ], [ -76.528102603058102, 2.355912964083176 ], [ -76.528102603058102, 2.356094215500945 ], [ -76.528372050764531, 2.356094215500945 ], [ -76.528372050764531, 2.35618484120983 ], [ -76.528551682568803, 2.35618484120983 ] ] ] } },
{ "type": "Feature", "properties": { "value": 1, "State": "Burned", "Class": "Quemado", "IdxName": "NBR", "StartDate": "2025-09-27", "EndDate": "2025-09-28" }, "geometry": { "type": "Polygon", "coordinates": [ [ [ -76.535018427522942, 2.355912964083176 ], [ -76.535018427522942, 2.355822338374291 ], [ -76.535108243425071, 2.355822338374291 ], [ -76.535108243425071, 2.355731712665407 ], [ -76.534928611620799, 2.355731712665407 ], [ -76.534928611620799, 2.355912964083176 ], [ -76.535018427522942, 2.355912964083176 ] ] ] } },
{ "type": "Feature", "properties": { "value": 1, "State": "Burned", "Class": "Quemado", "IdxName": "NBR", "StartDate": "2025-09-27", "EndDate": "2025-09-28" }, "geometry": { "type": "Polygon", "coordinates": [ [ [ -76.528551682568803, 2.355822338374291 ], [ -76.528551682568803, 2.355731712665407 ], [ -76.52846186666666, 2.355731712665407 ], [ -76.52846186666666, 2.355822338374291 ], [ -76.528551682568803, 2.355822338374291 ] ] ] } },
{ "type": "Feature", "properties": { "value": 1, "State": "Burned", "Class": "Quemado", "IdxName": "NBR", "StartDate": "2025-09-27", "EndDate": "2025-09-28" }, "geometry": { "type": "Polygon", "coordinates": [ [ [ -76.597260847706423, 2.355731712665407 ], [ -76.597260847706423, 2.355641086956522 ], [ -76.59717103180428, 2.355641086956522 ], [ -76.59717103180428, 2.355731712665407 ], [ -76.597260847706423, 2.355731712665407 ] ] ] } },
{ "type": "Feature", "properties": { "value": 1, "State": "Burned", "Class": "Quemado", "IdxName": "NBR", "StartDate": "2025-09-27", "EndDate": "2025-09-28" }, "geometry": { "type": "Polygon", "coordinates": [ [ [ -76.553251055657498, 2.355731712665407 ], [ -76.553251055657498, 2.355641086956522 ], [ -76.553161239755354, 2.355641086956522 ], [ -76.553161239755354, 2.355731712665407 ], [ -76.553251055657498, 2.355731712665407 ] ] ] } },
{ "type": "Feature", "properties": { "value": 1, "State": "Burned", "Class": "Quemado", "IdxName": "NBR", "StartDate": "2025-09-27", "EndDate": "2025-09-28" }, "geometry": { "type": "Polygon", "coordinates": [ [ [ -76.551903817125378, 2.355731712665407 ], [ -76.551903817125378, 2.355641086956522 ], [ -76.551814001223249, 2.355641086956522 ], [ -76.551814001223249, 2.355731712665407 ], [ -76.551903817125378, 2.355731712665407 ] ] ] } },
{ "type": "Feature", "properties": { "value": 1, "State": "Burned", "Class": "Quemado", "IdxName": "NBR", "StartDate": "2025-09-27", "EndDate": "2025-09-28" }, "geometry": { "type": "Polygon", "coordinates": [ [ [ -76.63471407889908, 2.355641086956522 ], [ -76.63471407889908, 2.355550461247637 ], [ -76.634624262996951, 2.355550461247637 ], [ -76.634624262996951, 2.355641086956522 ], [ -76.63471407889908, 2.355641086956522 ] ] ] } },
{ "type": "Feature", "properties": { "value": 1, "State": "Burned", "Class": "Quemado", "IdxName": "NBR", "StartDate": "2025-09-27", "EndDate": "2025-09-28" }, "geometry": { "type": "Polygon", "coordinates": [ [ [ -76.597350663608566, 2.355641086956522 ], [ -76.597350663608566, 2.355550461247637 ], [ -76.597260847706423, 2.355550461247637 ], [ -76.597260847706423, 2.355641086956522 ], [ -76.597350663608566, 2.355641086956522 ] ] ] } },
{ "type": "Feature", "properties": { "value": 1, "State": "Burned", "Class": "Quemado", "IdxName": "NBR", "StartDate": "2025-09-27", "EndDate": "2025-09-28" }, "geometry": { "type": "Polygon", "coordinates": [ [ [ -76.556484428134553, 2.355731712665407 ], [ -76.556484428134553, 2.355641086956522 ], [ -76.556574244036696, 2.355641086956522 ], [ -76.556574244036696, 2.355550461247637 ], [ -76.55639461223241, 2.355550461247637 ], [ -76.55639461223241, 2.355731712665407 ], [ -76.556484428134553, 2.355731712665407 ] ] ] } },
{ "type": "Feature", "properties": { "value": 1, "State": "Burned", "Class": "Quemado", "IdxName": "NBR", "StartDate": "2025-09-27", "EndDate": "2025-09-28" }, "geometry": { "type": "Polygon", "coordinates": [ [ [ -76.543550938226304, 2.355641086956522 ], [ -76.543550938226304, 2.355550461247637 ], [ -76.543371306422017, 2.355550461247637 ], [ -76.543371306422017, 2.355641086956522 ], [ -76.543550938226304, 2.355641086956522 ] ] ] } },
{ "type": "Feature", "properties": { "value": 1, "State": "Burned", "Class": "Quemado", "IdxName": "NBR", "StartDate": "2025-09-27", "EndDate": "2025-09-28" }, "geometry": { "type": "Polygon", "coordinates": [ [ [ -76.552712160244653, 2.356275466918715 ], [ -76.552712160244653, 2.356094215500945 ], [ -76.55262234434251, 2.356094215500945 ], [ -76.55262234434251, 2.356003589792061 ], [ -76.552532528440366, 2.356003589792061 ], [ -76.552532528440366, 2.355912964083176 ], [ -76.552442712538223, 2.355912964083176 ], [ -76.552442712538223, 2.355731712665407 ], [ -76.552263080733951, 2.355731712665407 ], [ -76.552263080733951, 2.355459835538753 ], [ -76.552173264831808, 2.355459835538753 ], [ -76.552173264831808, 2.355550461247637 ], [ -76.552083448929665, 2.355550461247637 ], [ -76.552083448929665, 2.355731712665407 ], [ -76.551993633027521, 2.355731712665407 ], [ -76.551993633027521, 2.355822338374291 ], [ -76.551814001223249, 2.355822338374291 ], [ -76.551814001223249, 2.355912964083176 ], [ -76.551903817125378, 2.355912964083176 ], [ -76.551903817125378, 2.356003589792061 ], [ -76.552083448929665, 2.356003589792061 ], [ -76.552083448929665, 2.355912964083176 ], [ -76.55235289663608, 2.355912964083176 ], [ -76.55235289663608, 2.356003589792061 ], [ -76.552442712538223, 2.356003589792061 ], [ -76.552442712538223, 2.356094215500945 ], [ -76.552532528440366, 2.356094215500945 ], [ -76.552532528440366, 2.35618484120983 ], [ -76.55262234434251, 2.35618484120983 ], [ -76.55262234434251, 2.356275466918715 ], [ -76.552712160244653, 2.356275466918715 ] ] ] } },
{ "type": "Feature", "properties": { "value": 1, "State": "Burned", "Class": "Quemado", "IdxName": "NBR", "StartDate": "2025-09-27", "EndDate": "2025-09-28" }, "geometry": { "type": "Polygon", "coordinates": [ [ [ -76.544987992660552, 2.355822338374291 ], [ -76.544987992660552, 2.355641086956522 ], [ -76.544898176758409, 2.355641086956522 ], [ -76.544898176758409, 2.355550461247637 ], [ -76.544718544954122, 2.355550461247637 ], [ -76.544718544954122, 2.355459835538753 ], [ -76.544449097247707, 2.355459835538753 ], [ -76.544449097247707, 2.355731712665407 ], [ -76.544898176758409, 2.355731712665407 ], [ -76.544898176758409, 2.355822338374291 ], [ -76.544987992660552, 2.355822338374291 ] ] ] } },
{ "type": "Feature", "properties": { "value": 1, "State": "Burned", "Class": "Quemado", "IdxName": "NBR", "StartDate": "2025-09-27", "EndDate": "2025-09-28" }, "geometry": { "type": "Polygon", "coordinates": [ [ [ -76.534748979816513, 2.355641086956522 ], [ -76.534748979816513, 2.355550461247637 ], [ -76.534569348012226, 2.355550461247637 ], [ -76.534569348012226, 2.355459835538753 ], [ -76.534479532110097, 2.355459835538753 ], [ -76.534479532110097, 2.355641086956522 ], [ -76.534748979816513, 2.355641086956522 ] ] ] } },
{ "type": "Feature", "properties": { "value": 1, "State": "Burned", "Class": "Quemado", "IdxName": "NBR", "StartDate": "2025-09-27", "EndDate": "2025-09-28" }, "geometry": { "type": "Polygon", "coordinates": [ [ [ -76.644953091743119, 2.355550461247637 ], [ -76.644953091743119, 2.355459835538753 ], [ -76.644863275840976, 2.355459835538753 ], [ -76.644863275840976, 2.355550461247637 ], [ -76.644953091743119, 2.355550461247637 ] ] ] } },
{ "type": "Feature", "properties": { "value": 1, "State": "Burned", "Class": "Quemado", "IdxName": "NBR", "StartDate": "2025-09-27", "EndDate": "2025-09-28" }, "geometry": { "type": "Polygon", "coordinates": [ [ [ -76.597440479510709, 2.355550461247637 ], [ -76.597440479510709, 2.355459835538753 ], [ -76.597350663608566, 2.355459835538753 ], [ -76.597350663608566, 2.355550461247637 ], [ -76.597440479510709, 2.355550461247637 ] ] ] } },
{ "type": "Feature", "properties": { "value": 1, "State": "Burned", "Class": "Quemado", "IdxName": "NBR", "StartDate": "2025-09-27", "EndDate": "2025-09-28" }, "geometry": { "type": "Polygon", "coordinates": [ [ [ -76.567531784097866, 2.355550461247637 ], [ -76.567531784097866, 2.355459835538753 ], [ -76.567441968195723, 2.355459835538753 ], [ -76.567441968195723, 2.355550461247637 ], [ -76.567531784097866, 2.355550461247637 ] ] ] } },
{ "type": "Feature", "properties": { "value": 1, "State": "Burned", "Class": "Quemado", "IdxName": "NBR", "StartDate": "2025-09-27", "EndDate": "2025-09-28" }, "geometry": { "type": "Polygon", "coordinates": [ [ [ -76.553161239755354, 2.355550461247637 ], [ -76.553161239755354, 2.355459835538753 ], [ -76.553071423853211, 2.355459835538753 ], [ -76.553071423853211, 2.355550461247637 ], [ -76.553161239755354, 2.355550461247637 ] ] ] } },
{ "type": "Feature", "properties": { "value": 1, "State": "Burned", "Class": "Quemado", "IdxName": "NBR", "StartDate": "2025-09-27", "EndDate": "2025-09-28" }, "geometry": { "type": "Polygon", "coordinates": [ [ [ -76.543101858715602, 2.355459835538753 ], [ -76.543101858715602, 2.355369209829868 ], [ -76.542832411009172, 2.355369209829868 ], [ -76.542832411009172, 2.355459835538753 ], [ -76.543101858715602, 2.355459835538753 ] ] ] } },
{ "type": "Feature", "properties": { "value": 1, "State": "Burned", "Class": "Quemado", "IdxName": "NBR", "StartDate": "2025-09-27", "EndDate": "2025-09-28" }, "geometry": { "type": "Polygon", "coordinates": [ [ [ -76.534030452599396, 2.355731712665407 ], [ -76.534030452599396, 2.355641086956522 ], [ -76.534210084403668, 2.355641086956522 ], [ -76.534210084403668, 2.355550461247637 ], [ -76.534299900305811, 2.355550461247637 ], [ -76.534299900305811, 2.355459835538753 ], [ -76.534479532110097, 2.355459835538753 ], [ -76.534479532110097, 2.355369209829868 ], [ -76.534120268501525, 2.355369209829868 ], [ -76.534120268501525, 2.355459835538753 ], [ -76.534030452599396, 2.355459835538753 ], [ -76.534030452599396, 2.355550461247637 ], [ -76.533940636697253, 2.355550461247637 ], [ -76.533940636697253, 2.355459835538753 ], [ -76.533761004892966, 2.355459835538753 ], [ -76.533761004892966, 2.355550461247637 ], [ -76.533850820795109, 2.355550461247637 ], [ -76.533850820795109, 2.355641086956522 ], [ -76.533940636697253, 2.355641086956522 ], [ -76.533940636697253, 2.355731712665407 ], [ -76.534030452599396, 2.355731712665407 ] ] ] } },
{ "type": "Feature", "properties": { "value": 1, "State": "Burned", "Class": "Quemado", "IdxName": "NBR", "StartDate": "2025-09-27", "EndDate": "2025-09-28" }, "geometry": { "type": "Polygon", "coordinates": [ [ [ -76.52953965749235, 2.355822338374291 ], [ -76.52953965749235, 2.355731712665407 ], [ -76.529629473394493, 2.355731712665407 ], [ -76.529629473394493, 2.355641086956522 ], [ -76.529719289296636, 2.355641086956522 ], [ -76.529719289296636, 2.355550461247637 ], [ -76.52980910519878, 2.355550461247637 ], [ -76.52980910519878, 2.355278584120983 ], [ -76.529719289296636, 2.355278584120983 ], [ -76.529719289296636, 2.355459835538753 ], [ -76.529270209785935, 2.355459835538753 ], [ -76.529270209785935, 2.355550461247637 ], [ -76.528910946177376, 2.355550461247637 ], [ -76.528910946177376, 2.355641086956522 ], [ -76.529000762079505, 2.355641086956522 ], [ -76.529000762079505, 2.355731712665407 ], [ -76.529360025688078, 2.355731712665407 ], [ -76.529360025688078, 2.355822338374291 ], [ -76.52953965749235, 2.355822338374291 ] ], [ [ -76.529449841590221, 2.355731712665407 ], [ -76.529360025688078, 2.355731712665407 ], [ -76.529360025688078, 2.355641086956522 ], [ -76.529449841590221, 2.355641086956522 ], [ -76.529449841590221, 2.355731712665407 ] ] ] } },
{ "type": "Feature", "properties": { "value": 1, "State": "Burned", "Class": "Quemado", "IdxName": "NBR", "StartDate": "2025-09-27", "EndDate": "2025-09-28" }, "geometry": { "type": "Polygon", "coordinates": [ [ [ -76.567441968195723, 2.355459835538753 ], [ -76.567441968195723, 2.355369209829868 ], [ -76.56735215229358, 2.355369209829868 ], [ -76.56735215229358, 2.355278584120983 ], [ -76.567172520489294, 2.355278584120983 ], [ -76.567172520489294, 2.355369209829868 ], [ -76.567262336391437, 2.355369209829868 ], [ -76.567262336391437, 2.355459835538753 ], [ -76.567441968195723, 2.355459835538753 ] ] ] } },
{ "type": "Feature", "properties": { "value": 1, "State": "Burned", "Class": "Quemado", "IdxName": "NBR", "StartDate": "2025-09-27", "EndDate": "2025-09-28" }, "geometry": { "type": "Polygon", "coordinates": [ [ [ -76.608667467278295, 2.355369209829868 ], [ -76.608667467278295, 2.355278584120983 ], [ -76.608577651376152, 2.355278584120983 ], [ -76.608577651376152, 2.355369209829868 ], [ -76.608667467278295, 2.355369209829868 ] ] ] } },
{ "type": "Feature", "properties": { "value": 1, "State": "Burned", "Class": "Quemado", "IdxName": "NBR", "StartDate": "2025-09-27", "EndDate": "2025-09-28" }, "geometry": { "type": "Polygon", "coordinates": [ [ [ -76.608577651376152, 2.355278584120983 ], [ -76.608577651376152, 2.355187958412098 ], [ -76.608487835474008, 2.355187958412098 ], [ -76.608487835474008, 2.355278584120983 ], [ -76.608577651376152, 2.355278584120983 ] ] ] } },
{ "type": "Feature", "properties": { "value": 1, "State": "Burned", "Class": "Quemado", "IdxName": "NBR", "StartDate": "2025-09-27", "EndDate": "2025-09-28" }, "geometry": { "type": "Polygon", "coordinates": [ [ [ -76.529449841590221, 2.355278584120983 ], [ -76.529449841590221, 2.355187958412098 ], [ -76.529270209785935, 2.355187958412098 ], [ -76.529270209785935, 2.355278584120983 ], [ -76.529449841590221, 2.355278584120983 ] ] ] } },
{ "type": "Feature", "properties": { "value": 1, "State": "Burned", "Class": "Quemado", "IdxName": "NBR", "StartDate": "2025-09-27", "EndDate": "2025-09-28" }, "geometry": { "type": "Polygon", "coordinates": [ [ [ -76.545526888073397, 2.355187958412098 ], [ -76.545526888073397, 2.355097332703214 ], [ -76.545437072171254, 2.355097332703214 ], [ -76.545437072171254, 2.355187958412098 ], [ -76.545526888073397, 2.355187958412098 ] ] ] } },
{ "type": "Feature", "properties": { "value": 1, "State": "Burned", "Class": "Quemado", "IdxName": "NBR", "StartDate": "2025-09-27", "EndDate": "2025-09-28" }, "geometry": { "type": "Polygon", "coordinates": [ [ [ -76.540317565749234, 2.355187958412098 ], [ -76.540317565749234, 2.355097332703214 ], [ -76.540407381651377, 2.355097332703214 ], [ -76.540407381651377, 2.355006706994329 ], [ -76.540137933944948, 2.355006706994329 ], [ -76.540137933944948, 2.355097332703214 ], [ -76.540227749847091, 2.355097332703214 ], [ -76.540227749847091, 2.355187958412098 ], [ -76.540317565749234, 2.355187958412098 ] ] ] } },
{ "type": "Feature", "properties": { "value": 1, "State": "Burned", "Class": "Quemado", "IdxName": "NBR", "StartDate": "2025-09-27", "EndDate": "2025-09-28" }, "geometry": { "type": "Polygon", "coordinates": [ [ [ -76.534479532110097, 2.355097332703214 ], [ -76.534479532110097, 2.355006706994329 ], [ -76.534299900305811, 2.355006706994329 ], [ -76.534299900305811, 2.355097332703214 ], [ -76.534479532110097, 2.355097332703214 ] ] ] } },
{ "type": "Feature", "properties": { "value": 1, "State": "Burned", "Class": "Quemado", "IdxName": "NBR", "StartDate": "2025-09-27", "EndDate": "2025-09-28" }, "geometry": { "type": "Polygon", "coordinates": [ [ [ -76.539239774923544, 2.355097332703214 ], [ -76.539239774923544, 2.354916081285444 ], [ -76.539060143119272, 2.354916081285444 ], [ -76.539060143119272, 2.355097332703214 ], [ -76.539239774923544, 2.355097332703214 ] ] ] } },
{ "type": "Feature", "properties": { "value": 1, "State": "Burned", "Class": "Quemado", "IdxName": "NBR", "StartDate": "2025-09-27", "EndDate": "2025-09-28" }, "geometry": { "type": "Polygon", "coordinates": [ [ [ -76.594296922935783, 2.355006706994329 ], [ -76.594296922935783, 2.354916081285444 ], [ -76.59420710703364, 2.354916081285444 ], [ -76.59420710703364, 2.355006706994329 ], [ -76.594296922935783, 2.355006706994329 ] ] ] } },
{ "type": "Feature", "properties": { "value": 1, "State": "Burned", "Class": "Quemado", "IdxName": "NBR", "StartDate": "2025-09-27", "EndDate": "2025-09-28" }, "geometry": { "type": "Polygon", "coordinates": [ [ [ -76.538970327217129, 2.355097332703214 ], [ -76.538970327217129, 2.354916081285444 ], [ -76.538790695412843, 2.354916081285444 ], [ -76.538790695412843, 2.35482545557656 ], [ -76.538700879510699, 2.35482545557656 ], [ -76.538700879510699, 2.354916081285444 ], [ -76.538611063608556, 2.354916081285444 ], [ -76.538611063608556, 2.355006706994329 ], [ -76.538700879510699, 2.355006706994329 ], [ -76.538700879510699, 2.355097332703214 ], [ -76.538970327217129, 2.355097332703214 ] ] ] } },
{ "type": "Feature", "properties": { "value": 1, "State": "Burned", "Class": "Quemado", "IdxName": "NBR", "StartDate": "2025-09-27", "EndDate": "2025-09-28" }, "geometry": { "type": "Polygon", "coordinates": [ [ [ -76.594386738837926, 2.354916081285444 ], [ -76.594386738837926, 2.35482545557656 ], [ -76.594296922935783, 2.35482545557656 ], [ -76.594296922935783, 2.354916081285444 ], [ -76.594386738837926, 2.354916081285444 ] ] ] } },
{ "type": "Feature", "properties": { "value": 1, "State": "Burned", "Class": "Quemado", "IdxName": "NBR", "StartDate": "2025-09-27", "EndDate": "2025-09-28" }, "geometry": { "type": "Polygon", "coordinates": [ [ [ -76.595105266055043, 2.355006706994329 ], [ -76.595105266055043, 2.35464420415879 ], [ -76.594925634250771, 2.35464420415879 ], [ -76.594925634250771, 2.355006706994329 ], [ -76.595105266055043, 2.355006706994329 ] ] ] } },
{ "type": "Feature", "properties": { "value": 1, "State": "Burned", "Class": "Quemado", "IdxName": "NBR", "StartDate": "2025-09-27", "EndDate": "2025-09-28" }, "geometry": { "type": "Polygon", "coordinates": [ [ [ -76.620163902752296, 2.354734829867675 ], [ -76.620163902752296, 2.35464420415879 ], [ -76.620074086850153, 2.35464420415879 ], [ -76.620074086850153, 2.354734829867675 ], [ -76.620163902752296, 2.354734829867675 ] ] ] } },
{ "type": "Feature", "properties": { "value": 1, "State": "Burned", "Class": "Quemado", "IdxName": "NBR", "StartDate": "2025-09-27", "EndDate": "2025-09-28" }, "geometry": { "type": "Polygon", "coordinates": [ [ [ -76.619984270948009, 2.354734829867675 ], [ -76.619984270948009, 2.35464420415879 ], [ -76.619625007339451, 2.35464420415879 ], [ -76.619625007339451, 2.354734829867675 ], [ -76.619984270948009, 2.354734829867675 ] ] ] } },
{ "type": "Feature", "properties": { "value": 1, "State": "Burned", "Class": "Quemado", "IdxName": "NBR", "StartDate": "2025-09-27", "EndDate": "2025-09-28" }, "geometry": { "type": "Polygon", "coordinates": [ [ [ -76.567441968195723, 2.354734829867675 ], [ -76.567441968195723, 2.35464420415879 ], [ -76.56735215229358, 2.35464420415879 ], [ -76.56735215229358, 2.354734829867675 ], [ -76.567441968195723, 2.354734829867675 ] ] ] } },
{ "type": "Feature", "properties": { "value": 1, "State": "Burned", "Class": "Quemado", "IdxName": "NBR", "StartDate": "2025-09-27", "EndDate": "2025-09-28" }, "geometry": { "type": "Polygon", "coordinates": [ [ [ -76.526485916819567, 2.354734829867675 ], [ -76.526485916819567, 2.354553578449906 ], [ -76.526216469113152, 2.354553578449906 ], [ -76.526216469113152, 2.354734829867675 ], [ -76.526485916819567, 2.354734829867675 ] ] ] } },
{ "type": "Feature", "properties": { "value": 1, "State": "Burned", "Class": "Quemado", "IdxName": "NBR", "StartDate": "2025-09-27", "EndDate": "2025-09-28" }, "geometry": { "type": "Polygon", "coordinates": [ [ [ -76.628247333944955, 2.354734829867675 ], [ -76.628247333944955, 2.354462952741021 ], [ -76.628067702140669, 2.354462952741021 ], [ -76.628067702140669, 2.354553578449906 ], [ -76.62797788623854, 2.354553578449906 ], [ -76.62797788623854, 2.35464420415879 ], [ -76.628067702140669, 2.35464420415879 ], [ -76.628067702140669, 2.354734829867675 ], [ -76.628247333944955, 2.354734829867675 ] ] ] } },
{ "type": "Feature", "properties": { "value": 1, "State": "Burned", "Class": "Quemado", "IdxName": "NBR", "StartDate": "2025-09-27", "EndDate": "2025-09-28" }, "geometry": { "type": "Polygon", "coordinates": [ [ [ -76.541305540672781, 2.35464420415879 ], [ -76.541305540672781, 2.354462952741021 ], [ -76.541215724770638, 2.354462952741021 ], [ -76.541215724770638, 2.35464420415879 ], [ -76.541305540672781, 2.35464420415879 ] ] ] } },
{ "type": "Feature", "properties": { "value": 1, "State": "Burned", "Class": "Quemado", "IdxName": "NBR", "StartDate": "2025-09-27", "EndDate": "2025-09-28" }, "geometry": { "type": "Polygon", "coordinates": [ [ [ -76.534120268501525, 2.354553578449906 ], [ -76.534120268501525, 2.354462952741021 ], [ -76.534030452599396, 2.354462952741021 ], [ -76.534030452599396, 2.354553578449906 ], [ -76.534120268501525, 2.354553578449906 ] ] ] } },
{ "type": "Feature", "properties": { "value": 1, "State": "Burned", "Class": "Quemado", "IdxName": "NBR", "StartDate": "2025-09-27", "EndDate": "2025-09-28" }, "geometry": { "type": "Polygon", "coordinates": [ [ [ -76.574537424464836, 2.355006706994329 ], [ -76.574537424464836, 2.35464420415879 ], [ -76.574627240366979, 2.35464420415879 ], [ -76.574627240366979, 2.354734829867675 ], [ -76.574717056269108, 2.354734829867675 ], [ -76.574717056269108, 2.35464420415879 ], [ -76.574896688073395, 2.35464420415879 ], [ -76.574896688073395, 2.354462952741021 ], [ -76.574986503975538, 2.354462952741021 ], [ -76.574986503975538, 2.35464420415879 ], [ -76.575076319877681, 2.35464420415879 ], [ -76.575076319877681, 2.354372327032136 ], [ -76.574806872171251, 2.354372327032136 ], [ -76.574806872171251, 2.354462952741021 ], [ -76.574627240366979, 2.354462952741021 ], [ -76.574627240366979, 2.354553578449906 ], [ -76.574537424464836, 2.354553578449906 ], [ -76.574537424464836, 2.354462952741021 ], [ -76.574447608562693, 2.354462952741021 ], [ -76.574447608562693, 2.35464420415879 ], [ -76.57435779266055, 2.35464420415879 ], [ -76.57435779266055, 2.354734829867675 ], [ -76.574447608562693, 2.354734829867675 ], [ -76.574447608562693, 2.355006706994329 ], [ -76.574537424464836, 2.355006706994329 ] ] ] } },
{ "type": "Feature", "properties": { "value": 1, "State": "Burned", "Class": "Quemado", "IdxName": "NBR", "StartDate": "2025-09-27", "EndDate": "2025-09-28" }, "geometry": { "type": "Polygon", "coordinates": [ [ [ -76.529180393883792, 2.35464420415879 ], [ -76.529180393883792, 2.354553578449906 ], [ -76.529270209785935, 2.354553578449906 ], [ -76.529270209785935, 2.354372327032136 ], [ -76.529090577981648, 2.354372327032136 ], [ -76.529090577981648, 2.354462952741021 ], [ -76.529000762079505, 2.354462952741021 ], [ -76.529000762079505, 2.354553578449906 ], [ -76.529090577981648, 2.354553578449906 ], [ -76.529090577981648, 2.35464420415879 ], [ -76.529180393883792, 2.35464420415879 ] ] ] } },
{ "type": "Feature", "properties": { "value": 1, "State": "Burned", "Class": "Quemado", "IdxName": "NBR", "StartDate": "2025-09-27", "EndDate": "2025-09-28" }, "geometry": { "type": "Polygon", "coordinates": [ [ [ -76.538880511314986, 2.354462952741021 ], [ -76.538880511314986, 2.354281701323252 ], [ -76.538700879510699, 2.354281701323252 ], [ -76.538700879510699, 2.354372327032136 ], [ -76.538790695412843, 2.354372327032136 ], [ -76.538790695412843, 2.354462952741021 ], [ -76.538880511314986, 2.354462952741021 ] ] ] } },
{ "type": "Feature", "properties": { "value": 1, "State": "Burned", "Class": "Quemado", "IdxName": "NBR", "StartDate": "2025-09-27", "EndDate": "2025-09-28" }, "geometry": { "type": "Polygon", "coordinates": [ [ [ -76.574627240366979, 2.354372327032136 ], [ -76.574627240366979, 2.354281701323252 ], [ -76.574537424464836, 2.354281701323252 ], [ -76.574537424464836, 2.354372327032136 ], [ -76.574627240366979, 2.354372327032136 ] ] ] } },
{ "type": "Feature", "properties": { "value": 1, "State": "Burned", "Class": "Quemado", "IdxName": "NBR", "StartDate": "2025-09-27", "EndDate": "2025-09-28" }, "geometry": { "type": "Polygon", "coordinates": [ [ [ -76.565915097859332, 2.354372327032136 ], [ -76.565915097859332, 2.354281701323252 ], [ -76.565825281957189, 2.354281701323252 ], [ -76.565825281957189, 2.354372327032136 ], [ -76.565915097859332, 2.354372327032136 ] ] ] } },
{ "type": "Feature", "properties": { "value": 1, "State": "Burned", "Class": "Quemado", "IdxName": "NBR", "StartDate": "2025-09-27", "EndDate": "2025-09-28" }, "geometry": { "type": "Polygon", "coordinates": [ [ [ -76.510319054434248, 2.35482545557656 ], [ -76.510319054434248, 2.35464420415879 ], [ -76.510408870336391, 2.35464420415879 ], [ -76.510408870336391, 2.354553578449906 ], [ -76.510498686238535, 2.354553578449906 ], [ -76.510498686238535, 2.354191075614367 ], [ -76.510408870336391, 2.354191075614367 ], [ -76.510408870336391, 2.354100449905482 ], [ -76.510229238532105, 2.354100449905482 ], [ -76.510229238532105, 2.354372327032136 ], [ -76.510139422629976, 2.354372327032136 ], [ -76.510139422629976, 2.35464420415879 ], [ -76.510229238532105, 2.35464420415879 ], [ -76.510229238532105, 2.35482545557656 ], [ -76.510319054434248, 2.35482545557656 ] ] ] } },
{ "type": "Feature", "properties": { "value": 1, "State": "Burned", "Class": "Quemado", "IdxName": "NBR", "StartDate": "2025-09-27", "EndDate": "2025-09-28" }, "geometry": { "type": "Polygon", "coordinates": [ [ [ -76.541664804281339, 2.354372327032136 ], [ -76.541664804281339, 2.354191075614367 ], [ -76.541485172477067, 2.354191075614367 ], [ -76.541485172477067, 2.354100449905482 ], [ -76.541395356574924, 2.354100449905482 ], [ -76.541395356574924, 2.354191075614367 ], [ -76.541305540672781, 2.354191075614367 ], [ -76.541305540672781, 2.354281701323252 ], [ -76.541395356574924, 2.354281701323252 ], [ -76.541395356574924, 2.354372327032136 ], [ -76.541664804281339, 2.354372327032136 ] ] ] } },
{ "type": "Feature", "properties": { "value": 1, "State": "Burned", "Class": "Quemado", "IdxName": "NBR", "StartDate": "2025-09-27", "EndDate": "2025-09-28" }, "geometry": { "type": "Polygon", "coordinates": [ [ [ -76.628516781651385, 2.354281701323252 ], [ -76.628516781651385, 2.354100449905482 ], [ -76.628426965749242, 2.354100449905482 ], [ -76.628426965749242, 2.354281701323252 ], [ -76.628516781651385, 2.354281701323252 ] ] ] } },
{ "type": "Feature", "properties": { "value": 1, "State": "Burned", "Class": "Quemado", "IdxName": "NBR", "StartDate": "2025-09-27", "EndDate": "2025-09-28" }, "geometry": { "type": "Polygon", "coordinates": [ [ [ -76.565825281957189, 2.354281701323252 ], [ -76.565825281957189, 2.354191075614367 ], [ -76.565915097859332, 2.354191075614367 ], [ -76.565915097859332, 2.354100449905482 ], [ -76.565735466055045, 2.354100449905482 ], [ -76.565735466055045, 2.354281701323252 ], [ -76.565825281957189, 2.354281701323252 ] ] ] } },
{ "type": "Feature", "properties": { "value": 1, "State": "Burned", "Class": "Quemado", "IdxName": "NBR", "StartDate": "2025-09-27", "EndDate": "2025-09-28" }, "geometry": { "type": "Polygon", "coordinates": [ [ [ -76.534389716207954, 2.354191075614367 ], [ -76.534389716207954, 2.354100449905482 ], [ -76.534299900305811, 2.354100449905482 ], [ -76.534299900305811, 2.354191075614367 ], [ -76.534389716207954, 2.354191075614367 ] ] ] } },
{ "type": "Feature", "properties": { "value": 1, "State": "Burned", "Class": "Quemado", "IdxName": "NBR", "StartDate": "2025-09-27", "EndDate": "2025-09-28" }, "geometry": { "type": "Polygon", "coordinates": [ [ [ -76.534299900305811, 2.354009824196598 ], [ -76.534299900305811, 2.353919198487713 ], [ -76.534210084403668, 2.353919198487713 ], [ -76.534210084403668, 2.354009824196598 ], [ -76.534299900305811, 2.354009824196598 ] ] ] } },
{ "type": "Feature", "properties": { "value": 1, "State": "Burned", "Class": "Quemado", "IdxName": "NBR", "StartDate": "2025-09-27", "EndDate": "2025-09-28" }, "geometry": { "type": "Polygon", "coordinates": [ [ [ -76.641270639755348, 2.354009824196598 ], [ -76.641270639755348, 2.353828572778828 ], [ -76.641091007951076, 2.353828572778828 ], [ -76.641091007951076, 2.353919198487713 ], [ -76.641180823853219, 2.353919198487713 ], [ -76.641180823853219, 2.354009824196598 ], [ -76.641270639755348, 2.354009824196598 ] ] ] } },
{ "type": "Feature", "properties": { "value": 1, "State": "Burned", "Class": "Quemado", "IdxName": "NBR", "StartDate": "2025-09-27", "EndDate": "2025-09-28" }, "geometry": { "type": "Polygon", "coordinates": [ [ [ -76.539778670336389, 2.353919198487713 ], [ -76.539778670336389, 2.353737947069944 ], [ -76.539688854434246, 2.353737947069944 ], [ -76.539688854434246, 2.353919198487713 ], [ -76.539778670336389, 2.353919198487713 ] ] ] } },
{ "type": "Feature", "properties": { "value": 1, "State": "Burned", "Class": "Quemado", "IdxName": "NBR", "StartDate": "2025-09-27", "EndDate": "2025-09-28" }, "geometry": { "type": "Polygon", "coordinates": [ [ [ -76.539599038532117, 2.353919198487713 ], [ -76.539599038532117, 2.353828572778828 ], [ -76.539509222629974, 2.353828572778828 ], [ -76.539509222629974, 2.353737947069944 ], [ -76.539419406727831, 2.353737947069944 ], [ -76.539419406727831, 2.353919198487713 ], [ -76.539599038532117, 2.353919198487713 ] ] ] } },
{ "type": "Feature", "properties": { "value": 1, "State": "Burned", "Class": "Quemado", "IdxName": "NBR", "StartDate": "2025-09-27", "EndDate": "2025-09-28" }, "geometry": { "type": "Polygon", "coordinates": [ [ [ -76.567441968195723, 2.353828572778828 ], [ -76.567441968195723, 2.353737947069944 ], [ -76.56735215229358, 2.353737947069944 ], [ -76.56735215229358, 2.353828572778828 ], [ -76.567441968195723, 2.353828572778828 ] ] ] } },
{ "type": "Feature", "properties": { "value": 1, "State": "Burned", "Class": "Quemado", "IdxName": "NBR", "StartDate": "2025-09-27", "EndDate": "2025-09-28" }, "geometry": { "type": "Polygon", "coordinates": [ [ [ -76.602380354128442, 2.354281701323252 ], [ -76.602380354128442, 2.354009824196598 ], [ -76.602290538226299, 2.354009824196598 ], [ -76.602290538226299, 2.353737947069944 ], [ -76.602021090519884, 2.353737947069944 ], [ -76.602021090519884, 2.353647321361059 ], [ -76.601841458715597, 2.353647321361059 ], [ -76.601841458715597, 2.353828572778828 ], [ -76.601931274617741, 2.353828572778828 ], [ -76.601931274617741, 2.354100449905482 ], [ -76.602021090519884, 2.354100449905482 ], [ -76.602021090519884, 2.354191075614367 ], [ -76.602110906422027, 2.354191075614367 ], [ -76.602110906422027, 2.354281701323252 ], [ -76.602380354128442, 2.354281701323252 ] ] ] } },
{ "type": "Feature", "properties": { "value": 1, "State": "Burned", "Class": "Quemado", "IdxName": "NBR", "StartDate": "2025-09-27", "EndDate": "2025-09-28" }, "geometry": { "type": "Polygon", "coordinates": [ [ [ -76.541125908868509, 2.354009824196598 ], [ -76.541125908868509, 2.353737947069944 ], [ -76.541036092966365, 2.353737947069944 ], [ -76.541036092966365, 2.353647321361059 ], [ -76.540946277064222, 2.353647321361059 ], [ -76.540946277064222, 2.353828572778828 ], [ -76.541036092966365, 2.353828572778828 ], [ -76.541036092966365, 2.354009824196598 ], [ -76.541125908868509, 2.354009824196598 ] ] ] } },
{ "type": "Feature", "properties": { "value": 1, "State": "Burned", "Class": "Quemado", "IdxName": "NBR", "StartDate": "2025-09-27", "EndDate": "2025-09-28" }, "geometry": { "type": "Polygon", "coordinates": [ [ [ -76.557652034862386, 2.353828572778828 ], [ -76.557652034862386, 2.353737947069944 ], [ -76.5574724030581, 2.353737947069944 ], [ -76.5574724030581, 2.353647321361059 ], [ -76.557382587155971, 2.353647321361059 ], [ -76.557382587155971, 2.353828572778828 ], [ -76.557652034862386, 2.353828572778828 ] ] ] } },
{ "type": "Feature", "properties": { "value": 1, "State": "Burned", "Class": "Quemado", "IdxName": "NBR", "StartDate": "2025-09-27", "EndDate": "2025-09-28" }, "geometry": { "type": "Polygon", "coordinates": [ [ [ -76.641091007951076, 2.353737947069944 ], [ -76.641091007951076, 2.353647321361059 ], [ -76.641001192048932, 2.353647321361059 ], [ -76.641001192048932, 2.353737947069944 ], [ -76.641091007951076, 2.353737947069944 ] ] ] } },
{ "type": "Feature", "properties": { "value": 1, "State": "Burned", "Class": "Quemado", "IdxName": "NBR", "StartDate": "2025-09-27", "EndDate": "2025-09-28" }, "geometry": { "type": "Polygon", "coordinates": [ [ [ -76.539958302140676, 2.353737947069944 ], [ -76.539958302140676, 2.353647321361059 ], [ -76.539868486238532, 2.353647321361059 ], [ -76.539868486238532, 2.353737947069944 ], [ -76.539958302140676, 2.353737947069944 ] ] ] } },
{ "type": "Feature", "properties": { "value": 1, "State": "Burned", "Class": "Quemado", "IdxName": "NBR", "StartDate": "2025-09-27", "EndDate": "2025-09-28" }, "geometry": { "type": "Polygon", "coordinates": [ [ [ -76.5676216, 2.354100449905482 ], [ -76.5676216, 2.353737947069944 ], [ -76.567801231804282, 2.353737947069944 ], [ -76.567801231804282, 2.353556695652174 ], [ -76.5676216, 2.353556695652174 ], [ -76.5676216, 2.353647321361059 ], [ -76.567531784097866, 2.353647321361059 ], [ -76.567531784097866, 2.353828572778828 ], [ -76.567441968195723, 2.353828572778828 ], [ -76.567441968195723, 2.354009824196598 ], [ -76.567531784097866, 2.354009824196598 ], [ -76.567531784097866, 2.354100449905482 ], [ -76.5676216, 2.354100449905482 ] ] ] } },
{ "type": "Feature", "properties": { "value": 1, "State": "Burned", "Class": "Quemado", "IdxName": "NBR", "StartDate": "2025-09-27", "EndDate": "2025-09-28" }, "geometry": { "type": "Polygon", "coordinates": [ [ [ -76.540048118042819, 2.353647321361059 ], [ -76.540048118042819, 2.353556695652174 ], [ -76.539958302140676, 2.353556695652174 ], [ -76.539958302140676, 2.353647321361059 ], [ -76.540048118042819, 2.353647321361059 ] ] ] } },
{ "type": "Feature", "properties": { "value": 1, "State": "Burned", "Class": "Quemado", "IdxName": "NBR", "StartDate": "2025-09-27", "EndDate": "2025-09-28" }, "geometry": { "type": "Polygon", "coordinates": [ [ [ -76.533491557186551, 2.354191075614367 ], [ -76.533491557186551, 2.354100449905482 ], [ -76.533671188990823, 2.354100449905482 ], [ -76.533671188990823, 2.354009824196598 ], [ -76.533850820795109, 2.354009824196598 ], [ -76.533850820795109, 2.353919198487713 ], [ -76.533940636697253, 2.353919198487713 ], [ -76.533940636697253, 2.353737947069944 ], [ -76.534030452599396, 2.353737947069944 ], [ -76.534030452599396, 2.353647321361059 ], [ -76.533491557186551, 2.353647321361059 ], [ -76.533491557186551, 2.353556695652174 ], [ -76.533401741284408, 2.353556695652174 ], [ -76.533401741284408, 2.353466069943289 ], [ -76.533311925382264, 2.353466069943289 ], [ -76.533311925382264, 2.353647321361059 ], [ -76.533401741284408, 2.353647321361059 ], [ -76.533401741284408, 2.353737947069944 ], [ -76.533491557186551, 2.353737947069944 ], [ -76.533491557186551, 2.353828572778828 ], [ -76.53358137308868, 2.353828572778828 ], [ -76.53358137308868, 2.354009824196598 ], [ -76.533401741284408, 2.354009824196598 ], [ -76.533401741284408, 2.353919198487713 ], [ -76.533311925382264, 2.353919198487713 ], [ -76.533311925382264, 2.354100449905482 ], [ -76.533401741284408, 2.354100449905482 ], [ -76.533401741284408, 2.354191075614367 ], [ -76.533491557186551, 2.354191075614367 ] ] ] } },
{ "type": "Feature", "properties": { "value": 1, "State": "Burned", "Class": "Quemado", "IdxName": "NBR", "StartDate": "2025-09-27", "EndDate": "2025-09-28" }, "geometry": { "type": "Polygon", "coordinates": [ [ [ -76.617379609785928, 2.353556695652174 ], [ -76.617379609785928, 2.353466069943289 ], [ -76.617289793883799, 2.353466069943289 ], [ -76.617289793883799, 2.353556695652174 ], [ -76.617379609785928, 2.353556695652174 ] ] ] } },
{ "type": "Feature", "properties": { "value": 1, "State": "Burned", "Class": "Quemado", "IdxName": "NBR", "StartDate": "2025-09-27", "EndDate": "2025-09-28" }, "geometry": { "type": "Polygon", "coordinates": [ [ [ -76.607769308256877, 2.353556695652174 ], [ -76.607769308256877, 2.353466069943289 ], [ -76.607679492354748, 2.353466069943289 ], [ -76.607679492354748, 2.353556695652174 ], [ -76.607769308256877, 2.353556695652174 ] ] ] } },
{ "type": "Feature", "properties": { "value": 1, "State": "Burned", "Class": "Quemado", "IdxName": "NBR", "StartDate": "2025-09-27", "EndDate": "2025-09-28" }, "geometry": { "type": "Polygon", "coordinates": [ [ [ -76.542024067889912, 2.353828572778828 ], [ -76.542024067889912, 2.353737947069944 ], [ -76.542203699694184, 2.353737947069944 ], [ -76.542203699694184, 2.353647321361059 ], [ -76.542293515596327, 2.353647321361059 ], [ -76.542293515596327, 2.353556695652174 ], [ -76.542383331498471, 2.353556695652174 ], [ -76.542383331498471, 2.353466069943289 ], [ -76.542203699694184, 2.353466069943289 ], [ -76.542203699694184, 2.353556695652174 ], [ -76.542113883792055, 2.353556695652174 ], [ -76.542113883792055, 2.353647321361059 ], [ -76.541844436085626, 2.353647321361059 ], [ -76.541844436085626, 2.353828572778828 ], [ -76.542024067889912, 2.353828572778828 ] ] ] } },
{ "type": "Feature", "properties": { "value": 1, "State": "Burned", "Class": "Quemado", "IdxName": "NBR", "StartDate": "2025-09-27", "EndDate": "2025-09-28" }, "geometry": { "type": "Polygon", "coordinates": [ [ [ -76.534120268501525, 2.353556695652174 ], [ -76.534120268501525, 2.353466069943289 ], [ -76.534030452599396, 2.353466069943289 ], [ -76.534030452599396, 2.353556695652174 ], [ -76.534120268501525, 2.353556695652174 ] ] ] } },
{ "type": "Feature", "properties": { "value": 1, "State": "Burned", "Class": "Quemado", "IdxName": "NBR", "StartDate": "2025-09-27", "EndDate": "2025-09-28" }, "geometry": { "type": "Polygon", "coordinates": [ [ [ -76.559807616513766, 2.353556695652174 ], [ -76.559807616513766, 2.353375444234405 ], [ -76.559627984709479, 2.353375444234405 ], [ -76.559627984709479, 2.353466069943289 ], [ -76.559717800611622, 2.353466069943289 ], [ -76.559717800611622, 2.353556695652174 ], [ -76.559807616513766, 2.353556695652174 ] ] ] } },
{ "type": "Feature", "properties": { "value": 1, "State": "Burned", "Class": "Quemado", "IdxName": "NBR", "StartDate": "2025-09-27", "EndDate": "2025-09-28" }, "geometry": { "type": "Polygon", "coordinates": [ [ [ -76.558101114373088, 2.353647321361059 ], [ -76.558101114373088, 2.353556695652174 ], [ -76.558190930275231, 2.353556695652174 ], [ -76.558190930275231, 2.353375444234405 ], [ -76.557921482568801, 2.353375444234405 ], [ -76.557921482568801, 2.353466069943289 ], [ -76.557831666666672, 2.353466069943289 ], [ -76.557831666666672, 2.353556695652174 ], [ -76.557741850764529, 2.353556695652174 ], [ -76.557741850764529, 2.353647321361059 ], [ -76.558101114373088, 2.353647321361059 ] ] ] } },
{ "type": "Feature", "properties": { "value": 1, "State": "Burned", "Class": "Quemado", "IdxName": "NBR", "StartDate": "2025-09-27", "EndDate": "2025-09-28" }, "geometry": { "type": "Polygon", "coordinates": [ [ [ -76.641270639755348, 2.353466069943289 ], [ -76.641270639755348, 2.353375444234405 ], [ -76.641180823853219, 2.353375444234405 ], [ -76.641180823853219, 2.353466069943289 ], [ -76.641270639755348, 2.353466069943289 ] ] ] } },
{ "type": "Feature", "properties": { "value": 1, "State": "Burned", "Class": "Quemado", "IdxName": "NBR", "StartDate": "2025-09-27", "EndDate": "2025-09-28" }, "geometry": { "type": "Polygon", "coordinates": [ [ [ -76.617559241590214, 2.353466069943289 ], [ -76.617559241590214, 2.353375444234405 ], [ -76.617379609785928, 2.353375444234405 ], [ -76.617379609785928, 2.353466069943289 ], [ -76.617559241590214, 2.353466069943289 ] ] ] } },
{ "type": "Feature", "properties": { "value": 1, "State": "Burned", "Class": "Quemado", "IdxName": "NBR", "StartDate": "2025-09-27", "EndDate": "2025-09-28" }, "geometry": { "type": "Polygon", "coordinates": [ [ [ -76.537533272782881, 2.353828572778828 ], [ -76.537533272782881, 2.353737947069944 ], [ -76.537802720489296, 2.353737947069944 ], [ -76.537802720489296, 2.353647321361059 ], [ -76.537892536391439, 2.353647321361059 ], [ -76.537892536391439, 2.353556695652174 ], [ -76.538072168195725, 2.353556695652174 ], [ -76.538072168195725, 2.353466069943289 ], [ -76.538161984097854, 2.353466069943289 ], [ -76.538161984097854, 2.353375444234405 ], [ -76.537892536391439, 2.353375444234405 ], [ -76.537892536391439, 2.353466069943289 ], [ -76.537802720489296, 2.353466069943289 ], [ -76.537802720489296, 2.353556695652174 ], [ -76.537533272782881, 2.353556695652174 ], [ -76.537533272782881, 2.353647321361059 ], [ -76.537443456880737, 2.353647321361059 ], [ -76.537443456880737, 2.353828572778828 ], [ -76.537533272782881, 2.353828572778828 ] ] ] } },
{ "type": "Feature", "properties": { "value": 1, "State": "Burned", "Class": "Quemado", "IdxName": "NBR", "StartDate": "2025-09-27", "EndDate": "2025-09-28" }, "geometry": { "type": "Polygon", "coordinates": [ [ [ -76.541844436085626, 2.353466069943289 ], [ -76.541844436085626, 2.353375444234405 ], [ -76.541754620183482, 2.353375444234405 ], [ -76.541754620183482, 2.35328481852552 ], [ -76.541664804281339, 2.35328481852552 ], [ -76.541664804281339, 2.353466069943289 ], [ -76.541844436085626, 2.353466069943289 ] ] ] } },
{ "type": "Feature", "properties": { "value": 1, "State": "Burned", "Class": "Quemado", "IdxName": "NBR", "StartDate": "2025-09-27", "EndDate": "2025-09-28" }, "geometry": { "type": "Polygon", "coordinates": [ [ [ -76.617649057492358, 2.353375444234405 ], [ -76.617649057492358, 2.35328481852552 ], [ -76.617559241590214, 2.35328481852552 ], [ -76.617559241590214, 2.353375444234405 ], [ -76.617649057492358, 2.353375444234405 ] ] ] } },
{ "type": "Feature", "properties": { "value": 1, "State": "Burned", "Class": "Quemado", "IdxName": "NBR", "StartDate": "2025-09-27", "EndDate": "2025-09-28" }, "geometry": { "type": "Polygon", "coordinates": [ [ [ -76.542473147400614, 2.353466069943289 ], [ -76.542473147400614, 2.353375444234405 ], [ -76.5426527792049, 2.353375444234405 ], [ -76.5426527792049, 2.35328481852552 ], [ -76.542383331498471, 2.35328481852552 ], [ -76.542383331498471, 2.353466069943289 ], [ -76.542473147400614, 2.353466069943289 ] ] ] } },
{ "type": "Feature", "properties": { "value": 1, "State": "Burned", "Class": "Quemado", "IdxName": "NBR", "StartDate": "2025-09-27", "EndDate": "2025-09-28" }, "geometry": { "type": "Polygon", "coordinates": [ [ [ -76.530168368807338, 2.353556695652174 ], [ -76.530168368807338, 2.353466069943289 ], [ -76.530258184709481, 2.353466069943289 ], [ -76.530258184709481, 2.353375444234405 ], [ -76.530348000611625, 2.353375444234405 ], [ -76.530348000611625, 2.35328481852552 ], [ -76.529898921100923, 2.35328481852552 ], [ -76.529898921100923, 2.353194192816635 ], [ -76.529719289296636, 2.353194192816635 ], [ -76.529719289296636, 2.353466069943289 ], [ -76.529988737003052, 2.353466069943289 ], [ -76.529988737003052, 2.353556695652174 ], [ -76.530168368807338, 2.353556695652174 ] ] ] } },
{ "type": "Feature", "properties": { "value": 1, "State": "Burned", "Class": "Quemado", "IdxName": "NBR", "StartDate": "2025-09-27", "EndDate": "2025-09-28" }, "geometry": { "type": "Polygon", "coordinates": [ [ [ -76.534299900305811, 2.353466069943289 ], [ -76.534299900305811, 2.353375444234405 ], [ -76.534389716207954, 2.353375444234405 ], [ -76.534389716207954, 2.353194192816635 ], [ -76.534299900305811, 2.353194192816635 ], [ -76.534299900305811, 2.35328481852552 ], [ -76.534210084403668, 2.35328481852552 ], [ -76.534210084403668, 2.353194192816635 ], [ -76.534120268501525, 2.353194192816635 ], [ -76.534120268501525, 2.35310356710775 ], [ -76.534030452599396, 2.35310356710775 ], [ -76.534030452599396, 2.35328481852552 ], [ -76.534120268501525, 2.35328481852552 ], [ -76.534120268501525, 2.353466069943289 ], [ -76.534299900305811, 2.353466069943289 ] ] ] } },
{ "type": "Feature", "properties": { "value": 1, "State": "Burned", "Class": "Quemado", "IdxName": "NBR", "StartDate": "2025-09-27", "EndDate": "2025-09-28" }, "geometry": { "type": "Polygon", "coordinates": [ [ [ -76.559538168807336, 2.353466069943289 ], [ -76.559538168807336, 2.353375444234405 ], [ -76.559627984709479, 2.353375444234405 ], [ -76.559627984709479, 2.35328481852552 ], [ -76.559717800611622, 2.35328481852552 ], [ -76.559717800611622, 2.353194192816635 ], [ -76.559627984709479, 2.353194192816635 ], [ -76.559627984709479, 2.35310356710775 ], [ -76.559448352905193, 2.35310356710775 ], [ -76.559448352905193, 2.353194192816635 ], [ -76.559268721100921, 2.353194192816635 ], [ -76.559268721100921, 2.353466069943289 ], [ -76.559538168807336, 2.353466069943289 ] ] ] } },
{ "type": "Feature", "properties": { "value": 1, "State": "Burned", "Class": "Quemado", "IdxName": "NBR", "StartDate": "2025-09-27", "EndDate": "2025-09-28" }, "geometry": { "type": "Polygon", "coordinates": [ [ [ -76.557831666666672, 2.35328481852552 ], [ -76.557831666666672, 2.353194192816635 ], [ -76.557741850764529, 2.353194192816635 ], [ -76.557741850764529, 2.35310356710775 ], [ -76.557652034862386, 2.35310356710775 ], [ -76.557652034862386, 2.35328481852552 ], [ -76.557831666666672, 2.35328481852552 ] ] ] } },
{ "type": "Feature", "properties": { "value": 1, "State": "Burned", "Class": "Quemado", "IdxName": "NBR", "StartDate": "2025-09-27", "EndDate": "2025-09-28" }, "geometry": { "type": "Polygon", "coordinates": [ [ [ -76.543910201834862, 2.35328481852552 ], [ -76.543910201834862, 2.353194192816635 ], [ -76.544089833639148, 2.353194192816635 ], [ -76.544089833639148, 2.35310356710775 ], [ -76.543820385932719, 2.35310356710775 ], [ -76.543820385932719, 2.353194192816635 ], [ -76.543640754128447, 2.353194192816635 ], [ -76.543640754128447, 2.35328481852552 ], [ -76.543910201834862, 2.35328481852552 ] ] ] } },
{ "type": "Feature", "properties": { "value": 1, "State": "Burned", "Class": "Quemado", "IdxName": "NBR", "StartDate": "2025-09-27", "EndDate": "2025-09-28" }, "geometry": { "type": "Polygon", "coordinates": [ [ [ -76.540766645259936, 2.35328481852552 ], [ -76.540766645259936, 2.353194192816635 ], [ -76.540856461162079, 2.353194192816635 ], [ -76.540856461162079, 2.35310356710775 ], [ -76.540587013455664, 2.35310356710775 ], [ -76.540587013455664, 2.353194192816635 ], [ -76.540676829357793, 2.353194192816635 ], [ -76.540676829357793, 2.35328481852552 ], [ -76.540766645259936, 2.35328481852552 ] ] ] } },
{ "type": "Feature", "properties": { "value": 1, "State": "Burned", "Class": "Quemado", "IdxName": "NBR", "StartDate": "2025-09-27", "EndDate": "2025-09-28" }, "geometry": { "type": "Polygon", "coordinates": [ [ [ -76.533671188990823, 2.353194192816635 ], [ -76.533671188990823, 2.35310356710775 ], [ -76.53358137308868, 2.35310356710775 ], [ -76.53358137308868, 2.353194192816635 ], [ -76.533671188990823, 2.353194192816635 ] ] ] } },
{ "type": "Feature", "properties": { "value": 1, "State": "Burned", "Class": "Quemado", "IdxName": "NBR", "StartDate": "2025-09-27", "EndDate": "2025-09-28" }, "geometry": { "type": "Polygon", "coordinates": [ [ [ -76.544808360856265, 2.35310356710775 ], [ -76.544808360856265, 2.353012941398866 ], [ -76.544628729051993, 2.353012941398866 ], [ -76.544628729051993, 2.35310356710775 ], [ -76.544808360856265, 2.35310356710775 ] ] ] } },
{ "type": "Feature", "properties": { "value": 1, "State": "Burned", "Class": "Quemado", "IdxName": "NBR", "StartDate": "2025-09-27", "EndDate": "2025-09-28" }, "geometry": { "type": "Polygon", "coordinates": [ [ [ -76.533401741284408, 2.35310356710775 ], [ -76.533401741284408, 2.353012941398866 ], [ -76.533311925382264, 2.353012941398866 ], [ -76.533311925382264, 2.35310356710775 ], [ -76.533401741284408, 2.35310356710775 ] ] ] } },
{ "type": "Feature", "properties": { "value": 1, "State": "Burned", "Class": "Quemado", "IdxName": "NBR", "StartDate": "2025-09-27", "EndDate": "2025-09-28" }, "geometry": { "type": "Polygon", "coordinates": [ [ [ -76.530168368807338, 2.353194192816635 ], [ -76.530168368807338, 2.352922315689981 ], [ -76.529898921100923, 2.352922315689981 ], [ -76.529898921100923, 2.35310356710775 ], [ -76.530078552905195, 2.35310356710775 ], [ -76.530078552905195, 2.353194192816635 ], [ -76.530168368807338, 2.353194192816635 ] ] ] } },
{ "type": "Feature", "properties": { "value": 1, "State": "Burned", "Class": "Quemado", "IdxName": "NBR", "StartDate": "2025-09-27", "EndDate": "2025-09-28" }, "geometry": { "type": "Polygon", "coordinates": [ [ [ -76.543191674617731, 2.353194192816635 ], [ -76.543191674617731, 2.35310356710775 ], [ -76.543281490519874, 2.35310356710775 ], [ -76.543281490519874, 2.352922315689981 ], [ -76.543191674617731, 2.352922315689981 ], [ -76.543191674617731, 2.353012941398866 ], [ -76.5426527792049, 2.353012941398866 ], [ -76.5426527792049, 2.35310356710775 ], [ -76.542742595107029, 2.35310356710775 ], [ -76.542742595107029, 2.353194192816635 ], [ -76.543191674617731, 2.353194192816635 ] ] ] } },
{ "type": "Feature", "properties": { "value": 1, "State": "Burned", "Class": "Quemado", "IdxName": "NBR", "StartDate": "2025-09-27", "EndDate": "2025-09-28" }, "geometry": { "type": "Polygon", "coordinates": [ [ [ -76.544987992660552, 2.353012941398866 ], [ -76.544987992660552, 2.352831689981096 ], [ -76.544898176758409, 2.352831689981096 ], [ -76.544898176758409, 2.352922315689981 ], [ -76.544808360856265, 2.352922315689981 ], [ -76.544808360856265, 2.353012941398866 ], [ -76.544987992660552, 2.353012941398866 ] ] ] } },
{ "type": "Feature", "properties": { "value": 1, "State": "Burned", "Class": "Quemado", "IdxName": "NBR", "StartDate": "2025-09-27", "EndDate": "2025-09-28" }, "geometry": { "type": "Polygon", "coordinates": [ [ [ -76.544359281345564, 2.35310356710775 ], [ -76.544359281345564, 2.353012941398866 ], [ -76.544628729051993, 2.353012941398866 ], [ -76.544628729051993, 2.352831689981096 ], [ -76.544449097247707, 2.352831689981096 ], [ -76.544449097247707, 2.352922315689981 ], [ -76.544269465443421, 2.352922315689981 ], [ -76.544269465443421, 2.353012941398866 ], [ -76.544089833639148, 2.353012941398866 ], [ -76.544089833639148, 2.35310356710775 ], [ -76.544359281345564, 2.35310356710775 ] ] ] } },
{ "type": "Feature", "properties": { "value": 1, "State": "Burned", "Class": "Quemado", "IdxName": "NBR", "StartDate": "2025-09-27", "EndDate": "2025-09-28" }, "geometry": { "type": "Polygon", "coordinates": [ [ [ -76.628516781651385, 2.353194192816635 ], [ -76.628516781651385, 2.352922315689981 ], [ -76.628426965749242, 2.352922315689981 ], [ -76.628426965749242, 2.352650438563327 ], [ -76.628337149847098, 2.352650438563327 ], [ -76.628337149847098, 2.352741064272212 ], [ -76.628247333944955, 2.352741064272212 ], [ -76.628247333944955, 2.352831689981096 ], [ -76.628337149847098, 2.352831689981096 ], [ -76.628337149847098, 2.353012941398866 ], [ -76.628426965749242, 2.353012941398866 ], [ -76.628426965749242, 2.353194192816635 ], [ -76.628516781651385, 2.353194192816635 ] ] ] } },
{ "type": "Feature", "properties": { "value": 1, "State": "Burned", "Class": "Quemado", "IdxName": "NBR", "StartDate": "2025-09-27", "EndDate": "2025-09-28" }, "geometry": { "type": "Polygon", "coordinates": [ [ [ -76.537443456880737, 2.352741064272212 ], [ -76.537443456880737, 2.352650438563327 ], [ -76.537353640978594, 2.352650438563327 ], [ -76.537353640978594, 2.352741064272212 ], [ -76.537443456880737, 2.352741064272212 ] ] ] } },
{ "type": "Feature", "properties": { "value": 1, "State": "Burned", "Class": "Quemado", "IdxName": "NBR", "StartDate": "2025-09-27", "EndDate": "2025-09-28" }, "geometry": { "type": "Polygon", "coordinates": [ [ [ -76.512833899694186, 2.353012941398866 ], [ -76.512833899694186, 2.352922315689981 ], [ -76.51292371559633, 2.352922315689981 ], [ -76.51292371559633, 2.352831689981096 ], [ -76.513103347400616, 2.352831689981096 ], [ -76.513103347400616, 2.352741064272212 ], [ -76.513193163302759, 2.352741064272212 ], [ -76.513193163302759, 2.352559812854443 ], [ -76.512654267889914, 2.352559812854443 ], [ -76.512654267889914, 2.352650438563327 ], [ -76.512564451987771, 2.352650438563327 ], [ -76.512564451987771, 2.352741064272212 ], [ -76.512474636085628, 2.352741064272212 ], [ -76.512474636085628, 2.352831689981096 ], [ -76.512384820183485, 2.352831689981096 ], [ -76.512384820183485, 2.352922315689981 ], [ -76.512295004281341, 2.352922315689981 ], [ -76.512295004281341, 2.353012941398866 ], [ -76.512833899694186, 2.353012941398866 ] ] ] } },
{ "type": "Feature", "properties": { "value": 1, "State": "Burned", "Class": "Quemado", "IdxName": "NBR", "StartDate": "2025-09-27", "EndDate": "2025-09-28" }, "geometry": { "type": "Polygon", "coordinates": [ [ [ -76.536904561467892, 2.352650438563327 ], [ -76.536904561467892, 2.352559812854443 ], [ -76.536814745565749, 2.352559812854443 ], [ -76.536814745565749, 2.352650438563327 ], [ -76.536904561467892, 2.352650438563327 ] ] ] } },
{ "type": "Feature", "properties": { "value": 1, "State": "Burned", "Class": "Quemado", "IdxName": "NBR", "StartDate": "2025-09-27", "EndDate": "2025-09-28" }, "geometry": { "type": "Polygon", "coordinates": [ [ [ -76.530437816513768, 2.353012941398866 ], [ -76.530437816513768, 2.352650438563327 ], [ -76.530258184709481, 2.352650438563327 ], [ -76.530258184709481, 2.352469187145558 ], [ -76.530078552905195, 2.352469187145558 ], [ -76.530078552905195, 2.352741064272212 ], [ -76.530258184709481, 2.352741064272212 ], [ -76.530258184709481, 2.352922315689981 ], [ -76.530348000611625, 2.352922315689981 ], [ -76.530348000611625, 2.353012941398866 ], [ -76.530437816513768, 2.353012941398866 ] ] ] } },
{ "type": "Feature", "properties": { "value": 1, "State": "Burned", "Class": "Quemado", "IdxName": "NBR", "StartDate": "2025-09-27", "EndDate": "2025-09-28" }, "geometry": { "type": "Polygon", "coordinates": [ [ [ -76.628067702140669, 2.353375444234405 ], [ -76.628067702140669, 2.35328481852552 ], [ -76.628157518042812, 2.35328481852552 ], [ -76.628157518042812, 2.353194192816635 ], [ -76.628337149847098, 2.353194192816635 ], [ -76.628337149847098, 2.353012941398866 ], [ -76.628067702140669, 2.353012941398866 ], [ -76.628067702140669, 2.352922315689981 ], [ -76.628157518042812, 2.352922315689981 ], [ -76.628157518042812, 2.352741064272212 ], [ -76.627888070336397, 2.352741064272212 ], [ -76.627888070336397, 2.352831689981096 ], [ -76.627618622629967, 2.352831689981096 ], [ -76.627618622629967, 2.352741064272212 ], [ -76.627528806727838, 2.352741064272212 ], [ -76.627528806727838, 2.352559812854443 ], [ -76.627438990825695, 2.352559812854443 ], [ -76.627438990825695, 2.352469187145558 ], [ -76.627259359021409, 2.352469187145558 ], [ -76.627259359021409, 2.352650438563327 ], [ -76.627349174923552, 2.352650438563327 ], [ -76.627349174923552, 2.352922315689981 ], [ -76.627438990825695, 2.352922315689981 ], [ -76.627438990825695, 2.353012941398866 ], [ -76.627528806727838, 2.353012941398866 ], [ -76.627528806727838, 2.35310356710775 ], [ -76.627618622629967, 2.35310356710775 ], [ -76.627618622629967, 2.353194192816635 ], [ -76.62770843853211, 2.353194192816635 ], [ -76.62770843853211, 2.353375444234405 ], [ -76.628067702140669, 2.353375444234405 ] ] ] } },
{ "type": "Feature", "properties": { "value": 1, "State": "Burned", "Class": "Quemado", "IdxName": "NBR", "StartDate": "2025-09-27", "EndDate": "2025-09-28" }, "geometry": { "type": "Polygon", "coordinates": [ [ [ -76.538341615902141, 2.352741064272212 ], [ -76.538341615902141, 2.352650438563327 ], [ -76.538431431804284, 2.352650438563327 ], [ -76.538431431804284, 2.352469187145558 ], [ -76.538341615902141, 2.352469187145558 ], [ -76.538341615902141, 2.352559812854443 ], [ -76.537892536391439, 2.352559812854443 ], [ -76.537892536391439, 2.352741064272212 ], [ -76.538341615902141, 2.352741064272212 ] ] ] } },
{ "type": "Feature", "properties": { "value": 1, "State": "Burned", "Class": "Quemado", "IdxName": "NBR", "StartDate": "2025-09-27", "EndDate": "2025-09-28" }, "geometry": { "type": "Polygon", "coordinates": [ [ [ -76.601661826911311, 2.353012941398866 ], [ -76.601661826911311, 2.352922315689981 ], [ -76.601751642813454, 2.352922315689981 ], [ -76.601751642813454, 2.352741064272212 ], [ -76.601841458715597, 2.352741064272212 ], [ -76.601841458715597, 2.352922315689981 ], [ -76.601931274617741, 2.352922315689981 ], [ -76.601931274617741, 2.352831689981096 ], [ -76.602021090519884, 2.352831689981096 ], [ -76.602021090519884, 2.352922315689981 ], [ -76.602110906422027, 2.352922315689981 ], [ -76.602110906422027, 2.352831689981096 ], [ -76.602470170030585, 2.352831689981096 ], [ -76.602470170030585, 2.352741064272212 ], [ -76.602559985932729, 2.352741064272212 ], [ -76.602559985932729, 2.352559812854443 ], [ -76.602470170030585, 2.352559812854443 ], [ -76.602470170030585, 2.352469187145558 ], [ -76.601841458715597, 2.352469187145558 ], [ -76.601841458715597, 2.352378561436673 ], [ -76.601751642813454, 2.352378561436673 ], [ -76.601751642813454, 2.352469187145558 ], [ -76.601661826911311, 2.352469187145558 ], [ -76.601661826911311, 2.352559812854443 ], [ -76.601572011009182, 2.352559812854443 ], [ -76.601572011009182, 2.352650438563327 ], [ -76.601482195107039, 2.352650438563327 ], [ -76.601482195107039, 2.352831689981096 ], [ -76.601392379204896, 2.352831689981096 ], [ -76.601392379204896, 2.352922315689981 ], [ -76.601212747400609, 2.352922315689981 ], [ -76.601212747400609, 2.353012941398866 ], [ -76.601661826911311, 2.353012941398866 ] ] ] } },
{ "type": "Feature", "properties": { "value": 1, "State": "Burned", "Class": "Quemado", "IdxName": "NBR", "StartDate": "2025-09-27", "EndDate": "2025-09-28" }, "geometry": { "type": "Polygon", "coordinates": [ [ [ -76.529629473394493, 2.352650438563327 ], [ -76.529629473394493, 2.352469187145558 ], [ -76.52953965749235, 2.352469187145558 ], [ -76.52953965749235, 2.352378561436673 ], [ -76.529449841590221, 2.352378561436673 ], [ -76.529449841590221, 2.352559812854443 ], [ -76.52953965749235, 2.352559812854443 ], [ -76.52953965749235, 2.352650438563327 ], [ -76.529629473394493, 2.352650438563327 ] ] ] } },
{ "type": "Feature", "properties": { "value": 1, "State": "Burned", "Class": "Quemado", "IdxName": "NBR", "StartDate": "2025-09-27", "EndDate": "2025-09-28" }, "geometry": { "type": "Polygon", "coordinates": [ [ [ -76.567262336391437, 2.352922315689981 ], [ -76.567262336391437, 2.352741064272212 ], [ -76.56735215229358, 2.352741064272212 ], [ -76.56735215229358, 2.352650438563327 ], [ -76.567441968195723, 2.352650438563327 ], [ -76.567441968195723, 2.352559812854443 ], [ -76.5676216, 2.352559812854443 ], [ -76.5676216, 2.352378561436673 ], [ -76.567531784097866, 2.352378561436673 ], [ -76.567531784097866, 2.352469187145558 ], [ -76.567441968195723, 2.352469187145558 ], [ -76.567441968195723, 2.352378561436673 ], [ -76.56735215229358, 2.352378561436673 ], [ -76.56735215229358, 2.352559812854443 ], [ -76.56708270458715, 2.352559812854443 ], [ -76.56708270458715, 2.352650438563327 ], [ -76.567172520489294, 2.352650438563327 ], [ -76.567172520489294, 2.352922315689981 ], [ -76.567262336391437, 2.352922315689981 ] ] ] } },
{ "type": "Feature", "properties": { "value": 1, "State": "Burned", "Class": "Quemado", "IdxName": "NBR", "StartDate": "2025-09-27", "EndDate": "2025-09-28" }, "geometry": { "type": "Polygon", "coordinates": [ [ [ -76.545167624464838, 2.352469187145558 ], [ -76.545167624464838, 2.352378561436673 ], [ -76.544987992660552, 2.352378561436673 ], [ -76.544987992660552, 2.352469187145558 ], [ -76.545167624464838, 2.352469187145558 ] ] ] } },
{ "type": "Feature", "properties": { "value": 1, "State": "Burned", "Class": "Quemado", "IdxName": "NBR", "StartDate": "2025-09-27", "EndDate": "2025-09-28" }, "geometry": { "type": "Polygon", "coordinates": [ [ [ -76.52980910519878, 2.352469187145558 ], [ -76.52980910519878, 2.352378561436673 ], [ -76.529629473394493, 2.352378561436673 ], [ -76.529629473394493, 2.352469187145558 ], [ -76.52980910519878, 2.352469187145558 ] ] ] } },
{ "type": "Feature", "properties": { "value": 1, "State": "Burned", "Class": "Quemado", "IdxName": "NBR", "StartDate": "2025-09-27", "EndDate": "2025-09-28" }, "geometry": { "type": "Polygon", "coordinates": [ [ [ -76.540137933944948, 2.352469187145558 ], [ -76.540137933944948, 2.352378561436673 ], [ -76.540048118042819, 2.352378561436673 ], [ -76.540048118042819, 2.352287935727789 ], [ -76.539868486238532, 2.352287935727789 ], [ -76.539868486238532, 2.352469187145558 ], [ -76.540137933944948, 2.352469187145558 ] ] ] } },
{ "type": "Feature", "properties": { "value": 1, "State": "Burned", "Class": "Quemado", "IdxName": "NBR", "StartDate": "2025-09-27", "EndDate": "2025-09-28" }, "geometry": { "type": "Polygon", "coordinates": [ [ [ -76.567531784097866, 2.352378561436673 ], [ -76.567531784097866, 2.352287935727789 ], [ -76.567441968195723, 2.352287935727789 ], [ -76.567441968195723, 2.352378561436673 ], [ -76.567531784097866, 2.352378561436673 ] ] ] } },
{ "type": "Feature", "properties": { "value": 1, "State": "Burned", "Class": "Quemado", "IdxName": "NBR", "StartDate": "2025-09-27", "EndDate": "2025-09-28" }, "geometry": { "type": "Polygon", "coordinates": [ [ [ -76.542562963302757, 2.352378561436673 ], [ -76.542562963302757, 2.352287935727789 ], [ -76.542473147400614, 2.352287935727789 ], [ -76.542473147400614, 2.352378561436673 ], [ -76.542562963302757, 2.352378561436673 ] ] ] } },
{ "type": "Feature", "properties": { "value": 1, "State": "Burned", "Class": "Quemado", "IdxName": "NBR", "StartDate": "2025-09-27", "EndDate": "2025-09-28" }, "geometry": { "type": "Polygon", "coordinates": [ [ [ -76.540137933944948, 2.352287935727789 ], [ -76.540137933944948, 2.352197310018904 ], [ -76.540048118042819, 2.352197310018904 ], [ -76.540048118042819, 2.352287935727789 ], [ -76.540137933944948, 2.352287935727789 ] ] ] } },
{ "type": "Feature", "properties": { "value": 1, "State": "Burned", "Class": "Quemado", "IdxName": "NBR", "StartDate": "2025-09-27", "EndDate": "2025-09-28" }, "geometry": { "type": "Polygon", "coordinates": [ [ [ -76.529449841590221, 2.352378561436673 ], [ -76.529449841590221, 2.352287935727789 ], [ -76.52953965749235, 2.352287935727789 ], [ -76.52953965749235, 2.352197310018904 ], [ -76.529360025688078, 2.352197310018904 ], [ -76.529360025688078, 2.352378561436673 ], [ -76.529449841590221, 2.352378561436673 ] ] ] } },
{ "type": "Feature", "properties": { "value": 1, "State": "Burned", "Class": "Quemado", "IdxName": "NBR", "StartDate": "2025-09-27", "EndDate": "2025-09-28" }, "geometry": { "type": "Polygon", "coordinates": [ [ [ -76.542742595107029, 2.352287935727789 ], [ -76.542742595107029, 2.352106684310019 ], [ -76.542562963302757, 2.352106684310019 ], [ -76.542562963302757, 2.352287935727789 ], [ -76.542742595107029, 2.352287935727789 ] ] ] } },
{ "type": "Feature", "properties": { "value": 1, "State": "Burned", "Class": "Quemado", "IdxName": "NBR", "StartDate": "2025-09-27", "EndDate": "2025-09-28" }, "geometry": { "type": "Polygon", "coordinates": [ [ [ -76.537802720489296, 2.352287935727789 ], [ -76.537802720489296, 2.352106684310019 ], [ -76.537712904587153, 2.352106684310019 ], [ -76.537712904587153, 2.352287935727789 ], [ -76.537802720489296, 2.352287935727789 ] ] ] } },
{ "type": "Feature", "properties": { "value": 1, "State": "Burned", "Class": "Quemado", "IdxName": "NBR", "StartDate": "2025-09-27", "EndDate": "2025-09-28" }, "geometry": { "type": "Polygon", "coordinates": [ [ [ -76.529898921100923, 2.352197310018904 ], [ -76.529898921100923, 2.352016058601134 ], [ -76.52980910519878, 2.352016058601134 ], [ -76.52980910519878, 2.352197310018904 ], [ -76.529898921100923, 2.352197310018904 ] ] ] } },
{ "type": "Feature", "properties": { "value": 1, "State": "Burned", "Class": "Quemado", "IdxName": "NBR", "StartDate": "2025-09-27", "EndDate": "2025-09-28" }, "geometry": { "type": "Polygon", "coordinates": [ [ [ -76.541125908868509, 2.352831689981096 ], [ -76.541125908868509, 2.352741064272212 ], [ -76.541215724770638, 2.352741064272212 ], [ -76.541215724770638, 2.352650438563327 ], [ -76.541125908868509, 2.352650438563327 ], [ -76.541125908868509, 2.352469187145558 ], [ -76.541036092966365, 2.352469187145558 ], [ -76.541036092966365, 2.352197310018904 ], [ -76.540856461162079, 2.352197310018904 ], [ -76.540856461162079, 2.352106684310019 ], [ -76.540766645259936, 2.352106684310019 ], [ -76.540766645259936, 2.35192543289225 ], [ -76.540407381651377, 2.35192543289225 ], [ -76.540407381651377, 2.352016058601134 ], [ -76.540227749847091, 2.352016058601134 ], [ -76.540227749847091, 2.352197310018904 ], [ -76.540407381651377, 2.352197310018904 ], [ -76.540407381651377, 2.352106684310019 ], [ -76.540676829357793, 2.352106684310019 ], [ -76.540676829357793, 2.352287935727789 ], [ -76.540856461162079, 2.352287935727789 ], [ -76.540856461162079, 2.352378561436673 ], [ -76.540946277064222, 2.352378561436673 ], [ -76.540946277064222, 2.352650438563327 ], [ -76.541036092966365, 2.352650438563327 ], [ -76.541036092966365, 2.352831689981096 ], [ -76.541125908868509, 2.352831689981096 ] ] ] } },
{ "type": "Feature", "properties": { "value": 1, "State": "Burned", "Class": "Quemado", "IdxName": "NBR", "StartDate": "2025-09-27", "EndDate": "2025-09-28" }, "geometry": { "type": "Polygon", "coordinates": [ [ [ -76.65564118409786, 2.352016058601134 ], [ -76.65564118409786, 2.35192543289225 ], [ -76.655551368195717, 2.35192543289225 ], [ -76.655551368195717, 2.352016058601134 ], [ -76.65564118409786, 2.352016058601134 ] ] ] } },
{ "type": "Feature", "properties": { "value": 1, "State": "Burned", "Class": "Quemado", "IdxName": "NBR", "StartDate": "2025-09-27", "EndDate": "2025-09-28" }, "geometry": { "type": "Polygon", "coordinates": [ [ [ -76.541934251987769, 2.352016058601134 ], [ -76.541934251987769, 2.35192543289225 ], [ -76.541844436085626, 2.35192543289225 ], [ -76.541844436085626, 2.352016058601134 ], [ -76.541934251987769, 2.352016058601134 ] ] ] } },
{ "type": "Feature", "properties": { "value": 1, "State": "Burned", "Class": "Quemado", "IdxName": "NBR", "StartDate": "2025-09-27", "EndDate": "2025-09-28" }, "geometry": { "type": "Polygon", "coordinates": [ [ [ -76.539868486238532, 2.352287935727789 ], [ -76.539868486238532, 2.352106684310019 ], [ -76.539688854434246, 2.352106684310019 ], [ -76.539688854434246, 2.35192543289225 ], [ -76.539060143119272, 2.35192543289225 ], [ -76.539060143119272, 2.352016058601134 ], [ -76.538970327217129, 2.352016058601134 ], [ -76.538970327217129, 2.35192543289225 ], [ -76.538700879510699, 2.35192543289225 ], [ -76.538700879510699, 2.351834807183365 ], [ -76.538611063608556, 2.351834807183365 ], [ -76.538611063608556, 2.352016058601134 ], [ -76.538521247706427, 2.352016058601134 ], [ -76.538521247706427, 2.352197310018904 ], [ -76.538611063608556, 2.352197310018904 ], [ -76.538611063608556, 2.352106684310019 ], [ -76.538790695412843, 2.352106684310019 ], [ -76.538790695412843, 2.352197310018904 ], [ -76.539149959021401, 2.352197310018904 ], [ -76.539149959021401, 2.352106684310019 ], [ -76.539239774923544, 2.352106684310019 ], [ -76.539239774923544, 2.352197310018904 ], [ -76.539688854434246, 2.352197310018904 ], [ -76.539688854434246, 2.352287935727789 ], [ -76.539868486238532, 2.352287935727789 ] ] ] } },
{ "type": "Feature", "properties": { "value": 1, "State": "Burned", "Class": "Quemado", "IdxName": "NBR", "StartDate": "2025-09-27", "EndDate": "2025-09-28" }, "geometry": { "type": "Polygon", "coordinates": [ [ [ -76.561334486850157, 2.35192543289225 ], [ -76.561334486850157, 2.351834807183365 ], [ -76.561154855045871, 2.351834807183365 ], [ -76.561154855045871, 2.35192543289225 ], [ -76.561334486850157, 2.35192543289225 ] ] ] } },
{ "type": "Feature", "properties": { "value": 1, "State": "Burned", "Class": "Quemado", "IdxName": "NBR", "StartDate": "2025-09-27", "EndDate": "2025-09-28" }, "geometry": { "type": "Polygon", "coordinates": [ [ [ -76.545257440366967, 2.35192543289225 ], [ -76.545257440366967, 2.351834807183365 ], [ -76.545167624464838, 2.351834807183365 ], [ -76.545167624464838, 2.35192543289225 ], [ -76.545257440366967, 2.35192543289225 ] ] ] } },
{ "type": "Feature", "properties": { "value": 1, "State": "Burned", "Class": "Quemado", "IdxName": "NBR", "StartDate": "2025-09-27", "EndDate": "2025-09-28" }, "geometry": { "type": "Polygon", "coordinates": [ [ [ -76.544898176758409, 2.35192543289225 ], [ -76.544898176758409, 2.351834807183365 ], [ -76.544718544954122, 2.351834807183365 ], [ -76.544718544954122, 2.35192543289225 ], [ -76.544898176758409, 2.35192543289225 ] ] ] } },
{ "type": "Feature", "properties": { "value": 1, "State": "Burned", "Class": "Quemado", "IdxName": "NBR", "StartDate": "2025-09-27", "EndDate": "2025-09-28" }, "geometry": { "type": "Polygon", "coordinates": [ [ [ -76.567172520489294, 2.352016058601134 ], [ -76.567172520489294, 2.35192543289225 ], [ -76.567262336391437, 2.35192543289225 ], [ -76.567262336391437, 2.35174418147448 ], [ -76.566992888685022, 2.35174418147448 ], [ -76.566992888685022, 2.35192543289225 ], [ -76.566903072782878, 2.35192543289225 ], [ -76.566903072782878, 2.352016058601134 ], [ -76.567172520489294, 2.352016058601134 ] ] ] } },
{ "type": "Feature", "properties": { "value": 1, "State": "Burned", "Class": "Quemado", "IdxName": "NBR", "StartDate": "2025-09-27", "EndDate": "2025-09-28" }, "geometry": { "type": "Polygon", "coordinates": [ [ [ -76.558819641590219, 2.351834807183365 ], [ -76.558819641590219, 2.35174418147448 ], [ -76.558640009785933, 2.35174418147448 ], [ -76.558640009785933, 2.351834807183365 ], [ -76.558819641590219, 2.351834807183365 ] ] ] } },
{ "type": "Feature", "properties": { "value": 1, "State": "Burned", "Class": "Quemado", "IdxName": "NBR", "StartDate": "2025-09-27", "EndDate": "2025-09-28" }, "geometry": { "type": "Polygon", "coordinates": [ [ [ -76.5382518, 2.351834807183365 ], [ -76.5382518, 2.35174418147448 ], [ -76.538072168195725, 2.35174418147448 ], [ -76.538072168195725, 2.351834807183365 ], [ -76.5382518, 2.351834807183365 ] ] ] } },
{ "type": "Feature", "properties": { "value": 1, "State": "Burned", "Class": "Quemado", "IdxName": "NBR", "StartDate": "2025-09-27", "EndDate": "2025-09-28" }, "geometry": { "type": "Polygon", "coordinates": [ [ [ -76.545077808562695, 2.35174418147448 ], [ -76.545077808562695, 2.351653555765596 ], [ -76.544987992660552, 2.351653555765596 ], [ -76.544987992660552, 2.35174418147448 ], [ -76.545077808562695, 2.35174418147448 ] ] ] } },
{ "type": "Feature", "properties": { "value": 1, "State": "Burned", "Class": "Quemado", "IdxName": "NBR", "StartDate": "2025-09-27", "EndDate": "2025-09-28" }, "geometry": { "type": "Polygon", "coordinates": [ [ [ -76.606601701529058, 2.351834807183365 ], [ -76.606601701529058, 2.351562930056711 ], [ -76.606511885626915, 2.351562930056711 ], [ -76.606511885626915, 2.351834807183365 ], [ -76.606601701529058, 2.351834807183365 ] ] ] } },
{ "type": "Feature", "properties": { "value": 1, "State": "Burned", "Class": "Quemado", "IdxName": "NBR", "StartDate": "2025-09-27", "EndDate": "2025-09-28" }, "geometry": { "type": "Polygon", "coordinates": [ [ [ -76.559358537003064, 2.35174418147448 ], [ -76.559358537003064, 2.351653555765596 ], [ -76.559448352905193, 2.351653555765596 ], [ -76.559448352905193, 2.351562930056711 ], [ -76.559089089296634, 2.351562930056711 ], [ -76.559089089296634, 2.35174418147448 ], [ -76.559358537003064, 2.35174418147448 ] ] ] } },
{ "type": "Feature", "properties": { "value": 1, "State": "Burned", "Class": "Quemado", "IdxName": "NBR", "StartDate": "2025-09-27", "EndDate": "2025-09-28" }, "geometry": { "type": "Polygon", "coordinates": [ [ [ -76.606511885626915, 2.351562930056711 ], [ -76.606511885626915, 2.351472304347826 ], [ -76.606422069724772, 2.351472304347826 ], [ -76.606422069724772, 2.351562930056711 ], [ -76.606511885626915, 2.351562930056711 ] ] ] } },
{ "type": "Feature", "properties": { "value": 1, "State": "Burned", "Class": "Quemado", "IdxName": "NBR", "StartDate": "2025-09-27", "EndDate": "2025-09-28" }, "geometry": { "type": "Polygon", "coordinates": [ [ [ -76.530258184709481, 2.352016058601134 ], [ -76.530258184709481, 2.351834807183365 ], [ -76.530168368807338, 2.351834807183365 ], [ -76.530168368807338, 2.35174418147448 ], [ -76.529988737003052, 2.35174418147448 ], [ -76.529988737003052, 2.351653555765596 ], [ -76.530078552905195, 2.351653555765596 ], [ -76.530078552905195, 2.351562930056711 ], [ -76.529898921100923, 2.351562930056711 ], [ -76.529898921100923, 2.351653555765596 ], [ -76.52980910519878, 2.351653555765596 ], [ -76.52980910519878, 2.351562930056711 ], [ -76.52953965749235, 2.351562930056711 ], [ -76.52953965749235, 2.351381678638941 ], [ -76.529449841590221, 2.351381678638941 ], [ -76.529449841590221, 2.351653555765596 ], [ -76.52953965749235, 2.351653555765596 ], [ -76.52953965749235, 2.351834807183365 ], [ -76.529629473394493, 2.351834807183365 ], [ -76.529629473394493, 2.35174418147448 ], [ -76.52980910519878, 2.35174418147448 ], [ -76.52980910519878, 2.351834807183365 ], [ -76.529898921100923, 2.351834807183365 ], [ -76.529898921100923, 2.35192543289225 ], [ -76.529988737003052, 2.35192543289225 ], [ -76.529988737003052, 2.352016058601134 ], [ -76.530258184709481, 2.352016058601134 ] ] ] } },
{ "type": "Feature", "properties": { "value": 1, "State": "Burned", "Class": "Quemado", "IdxName": "NBR", "StartDate": "2025-09-27", "EndDate": "2025-09-28" }, "geometry": { "type": "Polygon", "coordinates": [ [ [ -76.645132723547405, 2.351562930056711 ], [ -76.645132723547405, 2.351381678638941 ], [ -76.645042907645262, 2.351381678638941 ], [ -76.645042907645262, 2.351562930056711 ], [ -76.645132723547405, 2.351562930056711 ] ] ] } },
{ "type": "Feature", "properties": { "value": 1, "State": "Burned", "Class": "Quemado", "IdxName": "NBR", "StartDate": "2025-09-27", "EndDate": "2025-09-28" }, "geometry": { "type": "Polygon", "coordinates": [ [ [ -76.5676216, 2.351834807183365 ], [ -76.5676216, 2.35174418147448 ], [ -76.567711415902139, 2.35174418147448 ], [ -76.567711415902139, 2.351562930056711 ], [ -76.567801231804282, 2.351562930056711 ], [ -76.567801231804282, 2.351472304347826 ], [ -76.567711415902139, 2.351472304347826 ], [ -76.567711415902139, 2.351381678638941 ], [ -76.56735215229358, 2.351381678638941 ], [ -76.56735215229358, 2.351653555765596 ], [ -76.567441968195723, 2.351653555765596 ], [ -76.567441968195723, 2.35174418147448 ], [ -76.567531784097866, 2.35174418147448 ], [ -76.567531784097866, 2.351834807183365 ], [ -76.5676216, 2.351834807183365 ] ] ] } },
{ "type": "Feature", "properties": { "value": 1, "State": "Burned", "Class": "Quemado", "IdxName": "NBR", "StartDate": "2025-09-27", "EndDate": "2025-09-28" }, "geometry": { "type": "Polygon", "coordinates": [ [ [ -76.602829433639144, 2.351562930056711 ], [ -76.602829433639144, 2.351472304347826 ], [ -76.602919249541287, 2.351472304347826 ], [ -76.602919249541287, 2.351291052930057 ], [ -76.602739617737001, 2.351291052930057 ], [ -76.602739617737001, 2.351381678638941 ], [ -76.602649801834858, 2.351381678638941 ], [ -76.602649801834858, 2.351472304347826 ], [ -76.602739617737001, 2.351472304347826 ], [ -76.602739617737001, 2.351562930056711 ], [ -76.602829433639144, 2.351562930056711 ] ] ] } },
{ "type": "Feature", "properties": { "value": 1, "State": "Burned", "Class": "Quemado", "IdxName": "NBR", "StartDate": "2025-09-27", "EndDate": "2025-09-28" }, "geometry": { "type": "Polygon", "coordinates": [ [ [ -76.512654267889914, 2.351472304347826 ], [ -76.512654267889914, 2.351291052930057 ], [ -76.512295004281341, 2.351291052930057 ], [ -76.512295004281341, 2.351381678638941 ], [ -76.512384820183485, 2.351381678638941 ], [ -76.512384820183485, 2.351472304347826 ], [ -76.512654267889914, 2.351472304347826 ] ] ] } },
{ "type": "Feature", "properties": { "value": 1, "State": "Burned", "Class": "Quemado", "IdxName": "NBR", "StartDate": "2025-09-27", "EndDate": "2025-09-28" }, "geometry": { "type": "Polygon", "coordinates": [ [ [ -76.529449841590221, 2.351381678638941 ], [ -76.529449841590221, 2.351109801512287 ], [ -76.529360025688078, 2.351109801512287 ], [ -76.529360025688078, 2.351381678638941 ], [ -76.529449841590221, 2.351381678638941 ] ] ] } },
{ "type": "Feature", "properties": { "value": 1, "State": "Burned", "Class": "Quemado", "IdxName": "NBR", "StartDate": "2025-09-27", "EndDate": "2025-09-28" }, "geometry": { "type": "Polygon", "coordinates": [ [ [ -76.628696413455657, 2.351200427221172 ], [ -76.628696413455657, 2.351109801512287 ], [ -76.628606597553514, 2.351109801512287 ], [ -76.628606597553514, 2.351200427221172 ], [ -76.628696413455657, 2.351200427221172 ] ] ] } },
{ "type": "Feature", "properties": { "value": 1, "State": "Burned", "Class": "Quemado", "IdxName": "NBR", "StartDate": "2025-09-27", "EndDate": "2025-09-28" }, "geometry": { "type": "Polygon", "coordinates": [ [ [ -76.56708270458715, 2.351200427221172 ], [ -76.56708270458715, 2.351109801512287 ], [ -76.566992888685022, 2.351109801512287 ], [ -76.566992888685022, 2.351200427221172 ], [ -76.56708270458715, 2.351200427221172 ] ] ] } },
{ "type": "Feature", "properties": { "value": 1, "State": "Burned", "Class": "Quemado", "IdxName": "NBR", "StartDate": "2025-09-27", "EndDate": "2025-09-28" }, "geometry": { "type": "Polygon", "coordinates": [ [ [ -76.530168368807338, 2.351291052930057 ], [ -76.530168368807338, 2.351200427221172 ], [ -76.530258184709481, 2.351200427221172 ], [ -76.530258184709481, 2.351109801512287 ], [ -76.529898921100923, 2.351109801512287 ], [ -76.529898921100923, 2.351200427221172 ], [ -76.530078552905195, 2.351200427221172 ], [ -76.530078552905195, 2.351291052930057 ], [ -76.530168368807338, 2.351291052930057 ] ] ] } },
{ "type": "Feature", "properties": { "value": 1, "State": "Burned", "Class": "Quemado", "IdxName": "NBR", "StartDate": "2025-09-27", "EndDate": "2025-09-28" }, "geometry": { "type": "Polygon", "coordinates": [ [ [ -76.539599038532117, 2.351109801512287 ], [ -76.539599038532117, 2.351019175803403 ], [ -76.539509222629974, 2.351019175803403 ], [ -76.539509222629974, 2.351109801512287 ], [ -76.539599038532117, 2.351109801512287 ] ] ] } },
{ "type": "Feature", "properties": { "value": 1, "State": "Burned", "Class": "Quemado", "IdxName": "NBR", "StartDate": "2025-09-27", "EndDate": "2025-09-28" }, "geometry": { "type": "Polygon", "coordinates": [ [ [ -76.538611063608556, 2.351109801512287 ], [ -76.538611063608556, 2.351019175803403 ], [ -76.538521247706427, 2.351019175803403 ], [ -76.538521247706427, 2.351109801512287 ], [ -76.538611063608556, 2.351109801512287 ] ] ] } },
{ "type": "Feature", "properties": { "value": 1, "State": "Burned", "Class": "Quemado", "IdxName": "NBR", "StartDate": "2025-09-27", "EndDate": "2025-09-28" }, "geometry": { "type": "Polygon", "coordinates": [ [ [ -76.586033859938837, 2.351109801512287 ], [ -76.586033859938837, 2.350928550094518 ], [ -76.585854228134565, 2.350928550094518 ], [ -76.585854228134565, 2.351109801512287 ], [ -76.586033859938837, 2.351109801512287 ] ] ] } },
{ "type": "Feature", "properties": { "value": 1, "State": "Burned", "Class": "Quemado", "IdxName": "NBR", "StartDate": "2025-09-27", "EndDate": "2025-09-28" }, "geometry": { "type": "Polygon", "coordinates": [ [ [ -76.5676216, 2.351019175803403 ], [ -76.5676216, 2.350928550094518 ], [ -76.567531784097866, 2.350928550094518 ], [ -76.567531784097866, 2.351019175803403 ], [ -76.5676216, 2.351019175803403 ] ] ] } },
{ "type": "Feature", "properties": { "value": 1, "State": "Burned", "Class": "Quemado", "IdxName": "NBR", "StartDate": "2025-09-27", "EndDate": "2025-09-28" }, "geometry": { "type": "Polygon", "coordinates": [ [ [ -76.558640009785933, 2.351653555765596 ], [ -76.558640009785933, 2.351472304347826 ], [ -76.558729825688076, 2.351472304347826 ], [ -76.558729825688076, 2.351291052930057 ], [ -76.558550193883789, 2.351291052930057 ], [ -76.558550193883789, 2.351200427221172 ], [ -76.558190930275231, 2.351200427221172 ], [ -76.558190930275231, 2.351291052930057 ], [ -76.558011298470944, 2.351291052930057 ], [ -76.558011298470944, 2.351200427221172 ], [ -76.557921482568801, 2.351200427221172 ], [ -76.557921482568801, 2.351019175803403 ], [ -76.557831666666672, 2.351019175803403 ], [ -76.557831666666672, 2.350837924385634 ], [ -76.557741850764529, 2.350837924385634 ], [ -76.557741850764529, 2.351109801512287 ], [ -76.557831666666672, 2.351109801512287 ], [ -76.557831666666672, 2.351291052930057 ], [ -76.557921482568801, 2.351291052930057 ], [ -76.557921482568801, 2.351472304347826 ], [ -76.558011298470944, 2.351472304347826 ], [ -76.558011298470944, 2.351562930056711 ], [ -76.558190930275231, 2.351562930056711 ], [ -76.558190930275231, 2.351653555765596 ], [ -76.558460377981646, 2.351653555765596 ], [ -76.558460377981646, 2.351562930056711 ], [ -76.558550193883789, 2.351562930056711 ], [ -76.558550193883789, 2.351653555765596 ], [ -76.558640009785933, 2.351653555765596 ] ] ] } },
{ "type": "Feature", "properties": { "value": 1, "State": "Burned", "Class": "Quemado", "IdxName": "NBR", "StartDate": "2025-09-27", "EndDate": "2025-09-28" }, "geometry": { "type": "Polygon", "coordinates": [ [ [ -76.538341615902141, 2.351019175803403 ], [ -76.538341615902141, 2.350837924385634 ], [ -76.538161984097854, 2.350837924385634 ], [ -76.538161984097854, 2.350928550094518 ], [ -76.5382518, 2.350928550094518 ], [ -76.5382518, 2.351019175803403 ], [ -76.538341615902141, 2.351019175803403 ] ] ] } },
{ "type": "Feature", "properties": { "value": 1, "State": "Burned", "Class": "Quemado", "IdxName": "NBR", "StartDate": "2025-09-27", "EndDate": "2025-09-28" }, "geometry": { "type": "Polygon", "coordinates": [ [ [ -76.566723440978592, 2.350837924385634 ], [ -76.566723440978592, 2.350656672967864 ], [ -76.566633625076449, 2.350656672967864 ], [ -76.566633625076449, 2.350837924385634 ], [ -76.566723440978592, 2.350837924385634 ] ] ] } },
{ "type": "Feature", "properties": { "value": 1, "State": "Burned", "Class": "Quemado", "IdxName": "NBR", "StartDate": "2025-09-27", "EndDate": "2025-09-28" }, "geometry": { "type": "Polygon", "coordinates": [ [ [ -76.530168368807338, 2.350656672967864 ], [ -76.530168368807338, 2.35056604725898 ], [ -76.529988737003052, 2.35056604725898 ], [ -76.529988737003052, 2.350656672967864 ], [ -76.530168368807338, 2.350656672967864 ] ] ] } },
{ "type": "Feature", "properties": { "value": 1, "State": "Burned", "Class": "Quemado", "IdxName": "NBR", "StartDate": "2025-09-27", "EndDate": "2025-09-28" }, "geometry": { "type": "Polygon", "coordinates": [ [ [ -76.557741850764529, 2.350837924385634 ], [ -76.557741850764529, 2.350747298676749 ], [ -76.557831666666672, 2.350747298676749 ], [ -76.557831666666672, 2.350656672967864 ], [ -76.557652034862386, 2.350656672967864 ], [ -76.557652034862386, 2.35056604725898 ], [ -76.557382587155971, 2.35056604725898 ], [ -76.557382587155971, 2.350475421550095 ], [ -76.557202955351684, 2.350475421550095 ], [ -76.557202955351684, 2.350656672967864 ], [ -76.557292771253827, 2.350656672967864 ], [ -76.557292771253827, 2.350747298676749 ], [ -76.557562218960243, 2.350747298676749 ], [ -76.557562218960243, 2.350837924385634 ], [ -76.557741850764529, 2.350837924385634 ] ] ] } },
{ "type": "Feature", "properties": { "value": 1, "State": "Burned", "Class": "Quemado", "IdxName": "NBR", "StartDate": "2025-09-27", "EndDate": "2025-09-28" }, "geometry": { "type": "Polygon", "coordinates": [ [ [ -76.558370562079517, 2.350656672967864 ], [ -76.558370562079517, 2.350475421550095 ], [ -76.558190930275231, 2.350475421550095 ], [ -76.558190930275231, 2.350656672967864 ], [ -76.558370562079517, 2.350656672967864 ] ] ] } },
{ "type": "Feature", "properties": { "value": 1, "State": "Burned", "Class": "Quemado", "IdxName": "NBR", "StartDate": "2025-09-27", "EndDate": "2025-09-28" }, "geometry": { "type": "Polygon", "coordinates": [ [ [ -76.529360025688078, 2.35038479584121 ], [ -76.529360025688078, 2.350294170132325 ], [ -76.529270209785935, 2.350294170132325 ], [ -76.529270209785935, 2.35038479584121 ], [ -76.529360025688078, 2.35038479584121 ] ] ] } },
{ "type": "Feature", "properties": { "value": 1, "State": "Burned", "Class": "Quemado", "IdxName": "NBR", "StartDate": "2025-09-27", "EndDate": "2025-09-28" }, "geometry": { "type": "Polygon", "coordinates": [ [ [ -76.557202955351684, 2.350475421550095 ], [ -76.557202955351684, 2.35038479584121 ], [ -76.557292771253827, 2.35038479584121 ], [ -76.557292771253827, 2.350294170132325 ], [ -76.557202955351684, 2.350294170132325 ], [ -76.557202955351684, 2.350203544423441 ], [ -76.557023323547398, 2.350203544423441 ], [ -76.557023323547398, 2.350112918714556 ], [ -76.556843691743126, 2.350112918714556 ], [ -76.556843691743126, 2.350203544423441 ], [ -76.556933507645255, 2.350203544423441 ], [ -76.556933507645255, 2.35038479584121 ], [ -76.557023323547398, 2.35038479584121 ], [ -76.557023323547398, 2.350475421550095 ], [ -76.557202955351684, 2.350475421550095 ] ] ] } },
{ "type": "Feature", "properties": { "value": 1, "State": "Burned", "Class": "Quemado", "IdxName": "NBR", "StartDate": "2025-09-27", "EndDate": "2025-09-28" }, "geometry": { "type": "Polygon", "coordinates": [ [ [ -76.541215724770638, 2.350294170132325 ], [ -76.541215724770638, 2.350112918714556 ], [ -76.540946277064222, 2.350112918714556 ], [ -76.540946277064222, 2.350203544423441 ], [ -76.540856461162079, 2.350203544423441 ], [ -76.540856461162079, 2.350294170132325 ], [ -76.541215724770638, 2.350294170132325 ] ] ] } },
{ "type": "Feature", "properties": { "value": 1, "State": "Burned", "Class": "Quemado", "IdxName": "NBR", "StartDate": "2025-09-27", "EndDate": "2025-09-28" }, "geometry": { "type": "Polygon", "coordinates": [ [ [ -76.566992888685022, 2.35056604725898 ], [ -76.566992888685022, 2.350475421550095 ], [ -76.56708270458715, 2.350475421550095 ], [ -76.56708270458715, 2.35038479584121 ], [ -76.567172520489294, 2.35038479584121 ], [ -76.567172520489294, 2.350294170132325 ], [ -76.56708270458715, 2.350294170132325 ], [ -76.56708270458715, 2.350112918714556 ], [ -76.566992888685022, 2.350112918714556 ], [ -76.566992888685022, 2.350022293005671 ], [ -76.566903072782878, 2.350022293005671 ], [ -76.566903072782878, 2.350112918714556 ], [ -76.566813256880735, 2.350112918714556 ], [ -76.566813256880735, 2.350022293005671 ], [ -76.566633625076449, 2.350022293005671 ], [ -76.566633625076449, 2.350203544423441 ], [ -76.566813256880735, 2.350203544423441 ], [ -76.566813256880735, 2.350475421550095 ], [ -76.566903072782878, 2.350475421550095 ], [ -76.566903072782878, 2.35056604725898 ], [ -76.566992888685022, 2.35056604725898 ] ] ] } },
{ "type": "Feature", "properties": { "value": 1, "State": "Burned", "Class": "Quemado", "IdxName": "NBR", "StartDate": "2025-09-27", "EndDate": "2025-09-28" }, "geometry": { "type": "Polygon", "coordinates": [ [ [ -76.557292771253827, 2.350112918714556 ], [ -76.557292771253827, 2.349931667296786 ], [ -76.557113139449541, 2.349931667296786 ], [ -76.557113139449541, 2.350112918714556 ], [ -76.557292771253827, 2.350112918714556 ] ] ] } },
{ "type": "Feature", "properties": { "value": 1, "State": "Burned", "Class": "Quemado", "IdxName": "NBR", "StartDate": "2025-09-27", "EndDate": "2025-09-28" }, "geometry": { "type": "Polygon", "coordinates": [ [ [ -76.529270209785935, 2.350022293005671 ], [ -76.529270209785935, 2.349931667296786 ], [ -76.529180393883792, 2.349931667296786 ], [ -76.529180393883792, 2.350022293005671 ], [ -76.529270209785935, 2.350022293005671 ] ] ] } },
{ "type": "Feature", "properties": { "value": 1, "State": "Burned", "Class": "Quemado", "IdxName": "NBR", "StartDate": "2025-09-27", "EndDate": "2025-09-28" }, "geometry": { "type": "Polygon", "coordinates": [ [ [ -76.566723440978592, 2.349931667296786 ], [ -76.566723440978592, 2.349841041587902 ], [ -76.566633625076449, 2.349841041587902 ], [ -76.566633625076449, 2.349931667296786 ], [ -76.566723440978592, 2.349931667296786 ] ] ] } },
{ "type": "Feature", "properties": { "value": 1, "State": "Burned", "Class": "Quemado", "IdxName": "NBR", "StartDate": "2025-09-27", "EndDate": "2025-09-28" }, "geometry": { "type": "Polygon", "coordinates": [ [ [ -76.543371306422017, 2.349931667296786 ], [ -76.543371306422017, 2.349841041587902 ], [ -76.543281490519874, 2.349841041587902 ], [ -76.543281490519874, 2.349931667296786 ], [ -76.543371306422017, 2.349931667296786 ] ] ] } },
{ "type": "Feature", "properties": { "value": 1, "State": "Burned", "Class": "Quemado", "IdxName": "NBR", "StartDate": "2025-09-27", "EndDate": "2025-09-28" }, "geometry": { "type": "Polygon", "coordinates": [ [ [ -76.538161984097854, 2.350112918714556 ], [ -76.538161984097854, 2.349931667296786 ], [ -76.5382518, 2.349931667296786 ], [ -76.5382518, 2.349841041587902 ], [ -76.537982352293582, 2.349841041587902 ], [ -76.537982352293582, 2.349931667296786 ], [ -76.538072168195725, 2.349931667296786 ], [ -76.538072168195725, 2.350112918714556 ], [ -76.538161984097854, 2.350112918714556 ] ] ] } },
{ "type": "Feature", "properties": { "value": 1, "State": "Burned", "Class": "Quemado", "IdxName": "NBR", "StartDate": "2025-09-27", "EndDate": "2025-09-28" }, "geometry": { "type": "Polygon", "coordinates": [ [ [ -76.529180393883792, 2.349931667296786 ], [ -76.529180393883792, 2.349750415879017 ], [ -76.529090577981648, 2.349750415879017 ], [ -76.529090577981648, 2.349931667296786 ], [ -76.529180393883792, 2.349931667296786 ] ] ] } },
{ "type": "Feature", "properties": { "value": 1, "State": "Burned", "Class": "Quemado", "IdxName": "NBR", "StartDate": "2025-09-27", "EndDate": "2025-09-28" }, "geometry": { "type": "Polygon", "coordinates": [ [ [ -76.537982352293582, 2.349841041587902 ], [ -76.537982352293582, 2.349750415879017 ], [ -76.537892536391439, 2.349750415879017 ], [ -76.537892536391439, 2.349841041587902 ], [ -76.537982352293582, 2.349841041587902 ] ] ] } },
{ "type": "Feature", "properties": { "value": 1, "State": "Burned", "Class": "Quemado", "IdxName": "NBR", "StartDate": "2025-09-27", "EndDate": "2025-09-28" }, "geometry": { "type": "Polygon", "coordinates": [ [ [ -76.584147725993887, 2.349750415879017 ], [ -76.584147725993887, 2.349659790170132 ], [ -76.583968094189601, 2.349659790170132 ], [ -76.583968094189601, 2.349750415879017 ], [ -76.584147725993887, 2.349750415879017 ] ] ] } },
{ "type": "Feature", "properties": { "value": 1, "State": "Burned", "Class": "Quemado", "IdxName": "NBR", "StartDate": "2025-09-27", "EndDate": "2025-09-28" }, "geometry": { "type": "Polygon", "coordinates": [ [ [ -76.566184545565747, 2.349841041587902 ], [ -76.566184545565747, 2.349750415879017 ], [ -76.56627436146789, 2.349750415879017 ], [ -76.56627436146789, 2.349569164461248 ], [ -76.566094729663604, 2.349569164461248 ], [ -76.566094729663604, 2.349659790170132 ], [ -76.566004913761475, 2.349659790170132 ], [ -76.566004913761475, 2.349750415879017 ], [ -76.566094729663604, 2.349750415879017 ], [ -76.566094729663604, 2.349841041587902 ], [ -76.566184545565747, 2.349841041587902 ] ] ] } },
{ "type": "Feature", "properties": { "value": 1, "State": "Burned", "Class": "Quemado", "IdxName": "NBR", "StartDate": "2025-09-27", "EndDate": "2025-09-28" }, "geometry": { "type": "Polygon", "coordinates": [ [ [ -76.522983096636082, 2.349750415879017 ], [ -76.522983096636082, 2.349659790170132 ], [ -76.522893280733939, 2.349659790170132 ], [ -76.522893280733939, 2.349569164461248 ], [ -76.52280346483181, 2.349569164461248 ], [ -76.52280346483181, 2.349750415879017 ], [ -76.522983096636082, 2.349750415879017 ] ] ] } },
{ "type": "Feature", "properties": { "value": 1, "State": "Burned", "Class": "Quemado", "IdxName": "NBR", "StartDate": "2025-09-27", "EndDate": "2025-09-28" }, "geometry": { "type": "Polygon", "coordinates": [ [ [ -76.612349919266052, 2.349387913043478 ], [ -76.612349919266052, 2.349297287334594 ], [ -76.612260103363923, 2.349297287334594 ], [ -76.612260103363923, 2.349387913043478 ], [ -76.612349919266052, 2.349387913043478 ] ] ] } },
{ "type": "Feature", "properties": { "value": 1, "State": "Burned", "Class": "Quemado", "IdxName": "NBR", "StartDate": "2025-09-27", "EndDate": "2025-09-28" }, "geometry": { "type": "Polygon", "coordinates": [ [ [ -76.556304796330281, 2.350022293005671 ], [ -76.556304796330281, 2.349931667296786 ], [ -76.556574244036696, 2.349931667296786 ], [ -76.556574244036696, 2.349750415879017 ], [ -76.556753875840982, 2.349750415879017 ], [ -76.556753875840982, 2.349659790170132 ], [ -76.556843691743126, 2.349659790170132 ], [ -76.556843691743126, 2.349750415879017 ], [ -76.557023323547398, 2.349750415879017 ], [ -76.557023323547398, 2.349659790170132 ], [ -76.556933507645255, 2.349659790170132 ], [ -76.556933507645255, 2.349478538752363 ], [ -76.557292771253827, 2.349478538752363 ], [ -76.557292771253827, 2.349297287334594 ], [ -76.557202955351684, 2.349297287334594 ], [ -76.557202955351684, 2.349206661625709 ], [ -76.556933507645255, 2.349206661625709 ], [ -76.556933507645255, 2.349297287334594 ], [ -76.556843691743126, 2.349297287334594 ], [ -76.556843691743126, 2.349387913043478 ], [ -76.556753875840982, 2.349387913043478 ], [ -76.556753875840982, 2.349478538752363 ], [ -76.556574244036696, 2.349478538752363 ], [ -76.556574244036696, 2.349569164461248 ], [ -76.55639461223241, 2.349569164461248 ], [ -76.55639461223241, 2.349659790170132 ], [ -76.556304796330281, 2.349659790170132 ], [ -76.556304796330281, 2.349750415879017 ], [ -76.555945532721708, 2.349750415879017 ], [ -76.555945532721708, 2.349659790170132 ], [ -76.555855716819579, 2.349659790170132 ], [ -76.555855716819579, 2.349569164461248 ], [ -76.555765900917436, 2.349569164461248 ], [ -76.555765900917436, 2.349387913043478 ], [ -76.555676085015293, 2.349387913043478 ], [ -76.555676085015293, 2.349297287334594 ], [ -76.555586269113149, 2.349297287334594 ], [ -76.555586269113149, 2.349206661625709 ], [ -76.555227005504591, 2.349206661625709 ], [ -76.555227005504591, 2.349478538752363 ], [ -76.555406637308863, 2.349478538752363 ], [ -76.555406637308863, 2.349387913043478 ], [ -76.555586269113149, 2.349387913043478 ], [ -76.555586269113149, 2.349569164461248 ], [ -76.555676085015293, 2.349569164461248 ], [ -76.555676085015293, 2.349659790170132 ], [ -76.555765900917436, 2.349659790170132 ], [ -76.555765900917436, 2.349841041587902 ], [ -76.555855716819579, 2.349841041587902 ], [ -76.555855716819579, 2.349931667296786 ], [ -76.556035348623851, 2.349931667296786 ], [ -76.556035348623851, 2.350022293005671 ], [ -76.556304796330281, 2.350022293005671 ] ] ] } },
{ "type": "Feature", "properties": { "value": 1, "State": "Burned", "Class": "Quemado", "IdxName": "NBR", "StartDate": "2025-09-27", "EndDate": "2025-09-28" }, "geometry": { "type": "Polygon", "coordinates": [ [ [ -76.612260103363923, 2.349297287334594 ], [ -76.612260103363923, 2.349206661625709 ], [ -76.612080471559636, 2.349206661625709 ], [ -76.612080471559636, 2.349297287334594 ], [ -76.612260103363923, 2.349297287334594 ] ] ] } },
{ "type": "Feature", "properties": { "value": 1, "State": "Burned", "Class": "Quemado", "IdxName": "NBR", "StartDate": "2025-09-27", "EndDate": "2025-09-28" }, "geometry": { "type": "Polygon", "coordinates": [ [ [ -76.554957557798161, 2.349297287334594 ], [ -76.554957557798161, 2.349206661625709 ], [ -76.554867741896032, 2.349206661625709 ], [ -76.554867741896032, 2.349297287334594 ], [ -76.554957557798161, 2.349297287334594 ] ] ] } },
{ "type": "Feature", "properties": { "value": 1, "State": "Burned", "Class": "Quemado", "IdxName": "NBR", "StartDate": "2025-09-27", "EndDate": "2025-09-28" }, "geometry": { "type": "Polygon", "coordinates": [ [ [ -76.584417173700302, 2.349659790170132 ], [ -76.584417173700302, 2.349569164461248 ], [ -76.584596805504589, 2.349569164461248 ], [ -76.584596805504589, 2.349478538752363 ], [ -76.584776437308875, 2.349478538752363 ], [ -76.584776437308875, 2.349387913043478 ], [ -76.584956069113147, 2.349387913043478 ], [ -76.584956069113147, 2.349297287334594 ], [ -76.584686621406732, 2.349297287334594 ], [ -76.584686621406732, 2.349387913043478 ], [ -76.584506989602446, 2.349387913043478 ], [ -76.584506989602446, 2.349206661625709 ], [ -76.584327357798173, 2.349206661625709 ], [ -76.584327357798173, 2.349116035916824 ], [ -76.58423754189603, 2.349116035916824 ], [ -76.58423754189603, 2.349297287334594 ], [ -76.584417173700302, 2.349297287334594 ], [ -76.584417173700302, 2.349478538752363 ], [ -76.584327357798173, 2.349478538752363 ], [ -76.584327357798173, 2.349569164461248 ], [ -76.58423754189603, 2.349569164461248 ], [ -76.58423754189603, 2.349659790170132 ], [ -76.584417173700302, 2.349659790170132 ] ] ] } },
{ "type": "Feature", "properties": { "value": 1, "State": "Burned", "Class": "Quemado", "IdxName": "NBR", "StartDate": "2025-09-27", "EndDate": "2025-09-28" }, "geometry": { "type": "Polygon", "coordinates": [ [ [ -76.541664804281339, 2.349297287334594 ], [ -76.541664804281339, 2.349116035916824 ], [ -76.541485172477067, 2.349116035916824 ], [ -76.541485172477067, 2.349297287334594 ], [ -76.541664804281339, 2.349297287334594 ] ] ] } },
{ "type": "Feature", "properties": { "value": 1, "State": "Burned", "Class": "Quemado", "IdxName": "NBR", "StartDate": "2025-09-27", "EndDate": "2025-09-28" }, "geometry": { "type": "Polygon", "coordinates": [ [ [ -76.555227005504591, 2.349206661625709 ], [ -76.555227005504591, 2.349116035916824 ], [ -76.555137189602448, 2.349116035916824 ], [ -76.555137189602448, 2.349206661625709 ], [ -76.555227005504591, 2.349206661625709 ] ] ] } },
{ "type": "Feature", "properties": { "value": 1, "State": "Burned", "Class": "Quemado", "IdxName": "NBR", "StartDate": "2025-09-27", "EndDate": "2025-09-28" }, "geometry": { "type": "Polygon", "coordinates": [ [ [ -76.541934251987769, 2.349206661625709 ], [ -76.541934251987769, 2.349116035916824 ], [ -76.541844436085626, 2.349116035916824 ], [ -76.541844436085626, 2.349206661625709 ], [ -76.541934251987769, 2.349206661625709 ] ] ] } },
{ "type": "Feature", "properties": { "value": 1, "State": "Burned", "Class": "Quemado", "IdxName": "NBR", "StartDate": "2025-09-27", "EndDate": "2025-09-28" }, "geometry": { "type": "Polygon", "coordinates": [ [ [ -76.529270209785935, 2.349116035916824 ], [ -76.529270209785935, 2.34902541020794 ], [ -76.529180393883792, 2.34902541020794 ], [ -76.529180393883792, 2.349116035916824 ], [ -76.529270209785935, 2.349116035916824 ] ] ] } },
{ "type": "Feature", "properties": { "value": 1, "State": "Burned", "Class": "Quemado", "IdxName": "NBR", "StartDate": "2025-09-27", "EndDate": "2025-09-28" }, "geometry": { "type": "Polygon", "coordinates": [ [ [ -76.529180393883792, 2.34902541020794 ], [ -76.529180393883792, 2.348934784499055 ], [ -76.529090577981648, 2.348934784499055 ], [ -76.529090577981648, 2.34902541020794 ], [ -76.529180393883792, 2.34902541020794 ] ] ] } },
{ "type": "Feature", "properties": { "value": 1, "State": "Burned", "Class": "Quemado", "IdxName": "NBR", "StartDate": "2025-09-27", "EndDate": "2025-09-28" }, "geometry": { "type": "Polygon", "coordinates": [ [ [ -76.585405148623849, 2.34902541020794 ], [ -76.585405148623849, 2.348934784499055 ], [ -76.58531533272172, 2.348934784499055 ], [ -76.58531533272172, 2.34884415879017 ], [ -76.58504588501529, 2.34884415879017 ], [ -76.58504588501529, 2.34902541020794 ], [ -76.585405148623849, 2.34902541020794 ] ] ] } },
{ "type": "Feature", "properties": { "value": 1, "State": "Burned", "Class": "Quemado", "IdxName": "NBR", "StartDate": "2025-09-27", "EndDate": "2025-09-28" }, "geometry": { "type": "Polygon", "coordinates": [ [ [ -76.542742595107029, 2.348934784499055 ], [ -76.542742595107029, 2.34884415879017 ], [ -76.5426527792049, 2.34884415879017 ], [ -76.5426527792049, 2.348934784499055 ], [ -76.542742595107029, 2.348934784499055 ] ] ] } },
{ "type": "Feature", "properties": { "value": 1, "State": "Burned", "Class": "Quemado", "IdxName": "NBR", "StartDate": "2025-09-27", "EndDate": "2025-09-28" }, "geometry": { "type": "Polygon", "coordinates": [ [ [ -76.586482939449539, 2.34884415879017 ], [ -76.586482939449539, 2.348753533081286 ], [ -76.586393123547396, 2.348753533081286 ], [ -76.586393123547396, 2.34884415879017 ], [ -76.586482939449539, 2.34884415879017 ] ] ] } },
{ "type": "Feature", "properties": { "value": 1, "State": "Burned", "Class": "Quemado", "IdxName": "NBR", "StartDate": "2025-09-27", "EndDate": "2025-09-28" }, "geometry": { "type": "Polygon", "coordinates": [ [ [ -76.555227005504591, 2.348934784499055 ], [ -76.555227005504591, 2.34884415879017 ], [ -76.555316821406734, 2.34884415879017 ], [ -76.555316821406734, 2.348753533081286 ], [ -76.555047373700305, 2.348753533081286 ], [ -76.555047373700305, 2.348934784499055 ], [ -76.555227005504591, 2.348934784499055 ] ] ] } },
{ "type": "Feature", "properties": { "value": 1, "State": "Burned", "Class": "Quemado", "IdxName": "NBR", "StartDate": "2025-09-27", "EndDate": "2025-09-28" }, "geometry": { "type": "Polygon", "coordinates": [ [ [ -76.55450847828746, 2.34884415879017 ], [ -76.55450847828746, 2.348753533081286 ], [ -76.554418662385316, 2.348753533081286 ], [ -76.554418662385316, 2.34884415879017 ], [ -76.55450847828746, 2.34884415879017 ] ] ] } },
{ "type": "Feature", "properties": { "value": 1, "State": "Burned", "Class": "Quemado", "IdxName": "NBR", "StartDate": "2025-09-27", "EndDate": "2025-09-28" }, "geometry": { "type": "Polygon", "coordinates": [ [ [ -76.611990655657493, 2.348934784499055 ], [ -76.611990655657493, 2.34884415879017 ], [ -76.612080471559636, 2.34884415879017 ], [ -76.612080471559636, 2.348753533081286 ], [ -76.61217028746178, 2.348753533081286 ], [ -76.61217028746178, 2.348662907372401 ], [ -76.611990655657493, 2.348662907372401 ], [ -76.611990655657493, 2.348753533081286 ], [ -76.61190083975535, 2.348753533081286 ], [ -76.61190083975535, 2.34884415879017 ], [ -76.611811023853207, 2.34884415879017 ], [ -76.611811023853207, 2.348934784499055 ], [ -76.611990655657493, 2.348934784499055 ] ] ] } },
{ "type": "Feature", "properties": { "value": 1, "State": "Burned", "Class": "Quemado", "IdxName": "NBR", "StartDate": "2025-09-27", "EndDate": "2025-09-28" }, "geometry": { "type": "Polygon", "coordinates": [ [ [ -76.611182312538233, 2.348753533081286 ], [ -76.611182312538233, 2.348662907372401 ], [ -76.61109249663609, 2.348662907372401 ], [ -76.61109249663609, 2.348753533081286 ], [ -76.611182312538233, 2.348753533081286 ] ] ] } },
{ "type": "Feature", "properties": { "value": 1, "State": "Burned", "Class": "Quemado", "IdxName": "NBR", "StartDate": "2025-09-27", "EndDate": "2025-09-28" }, "geometry": { "type": "Polygon", "coordinates": [ [ [ -76.555855716819579, 2.348753533081286 ], [ -76.555855716819579, 2.348662907372401 ], [ -76.555316821406734, 2.348662907372401 ], [ -76.555316821406734, 2.348753533081286 ], [ -76.555855716819579, 2.348753533081286 ] ] ] } },
{ "type": "Feature", "properties": { "value": 1, "State": "Burned", "Class": "Quemado", "IdxName": "NBR", "StartDate": "2025-09-27", "EndDate": "2025-09-28" }, "geometry": { "type": "Polygon", "coordinates": [ [ [ -76.555047373700305, 2.348662907372401 ], [ -76.555047373700305, 2.348572281663516 ], [ -76.554957557798161, 2.348572281663516 ], [ -76.554957557798161, 2.348662907372401 ], [ -76.555047373700305, 2.348662907372401 ] ] ] } },
{ "type": "Feature", "properties": { "value": 1, "State": "Burned", "Class": "Quemado", "IdxName": "NBR", "StartDate": "2025-09-27", "EndDate": "2025-09-28" }, "geometry": { "type": "Polygon", "coordinates": [ [ [ -76.524240519266058, 2.348662907372401 ], [ -76.524240519266058, 2.348572281663516 ], [ -76.524060887461772, 2.348572281663516 ], [ -76.524060887461772, 2.348662907372401 ], [ -76.524240519266058, 2.348662907372401 ] ] ] } },
{ "type": "Feature", "properties": { "value": 1, "State": "Burned", "Class": "Quemado", "IdxName": "NBR", "StartDate": "2025-09-27", "EndDate": "2025-09-28" }, "geometry": { "type": "Polygon", "coordinates": [ [ [ -76.557562218960243, 2.348662907372401 ], [ -76.557562218960243, 2.348572281663516 ], [ -76.557652034862386, 2.348572281663516 ], [ -76.557652034862386, 2.348481655954632 ], [ -76.557292771253827, 2.348481655954632 ], [ -76.557292771253827, 2.348572281663516 ], [ -76.5574724030581, 2.348572281663516 ], [ -76.5574724030581, 2.348662907372401 ], [ -76.557562218960243, 2.348662907372401 ] ] ] } },
{ "type": "Feature", "properties": { "value": 1, "State": "Burned", "Class": "Quemado", "IdxName": "NBR", "StartDate": "2025-09-27", "EndDate": "2025-09-28" }, "geometry": { "type": "Polygon", "coordinates": [ [ [ -76.524420151070331, 2.348572281663516 ], [ -76.524420151070331, 2.348481655954632 ], [ -76.524330335168202, 2.348481655954632 ], [ -76.524330335168202, 2.348572281663516 ], [ -76.524420151070331, 2.348572281663516 ] ] ] } },
{ "type": "Feature", "properties": { "value": 1, "State": "Burned", "Class": "Quemado", "IdxName": "NBR", "StartDate": "2025-09-27", "EndDate": "2025-09-28" }, "geometry": { "type": "Polygon", "coordinates": [ [ [ -76.554328846483187, 2.348572281663516 ], [ -76.554328846483187, 2.348391030245747 ], [ -76.554059398776758, 2.348391030245747 ], [ -76.554059398776758, 2.348481655954632 ], [ -76.554149214678901, 2.348481655954632 ], [ -76.554149214678901, 2.348572281663516 ], [ -76.554328846483187, 2.348572281663516 ] ] ] } },
{ "type": "Feature", "properties": { "value": 1, "State": "Burned", "Class": "Quemado", "IdxName": "NBR", "StartDate": "2025-09-27", "EndDate": "2025-09-28" }, "geometry": { "type": "Polygon", "coordinates": [ [ [ -76.524599782874617, 2.348481655954632 ], [ -76.524599782874617, 2.348391030245747 ], [ -76.524420151070331, 2.348391030245747 ], [ -76.524420151070331, 2.348481655954632 ], [ -76.524599782874617, 2.348481655954632 ] ] ] } },
{ "type": "Feature", "properties": { "value": 1, "State": "Burned", "Class": "Quemado", "IdxName": "NBR", "StartDate": "2025-09-27", "EndDate": "2025-09-28" }, "geometry": { "type": "Polygon", "coordinates": [ [ [ -76.554418662385316, 2.348391030245747 ], [ -76.554418662385316, 2.348300404536862 ], [ -76.554328846483187, 2.348300404536862 ], [ -76.554328846483187, 2.348391030245747 ], [ -76.554418662385316, 2.348391030245747 ] ] ] } },
{ "type": "Feature", "properties": { "value": 1, "State": "Burned", "Class": "Quemado", "IdxName": "NBR", "StartDate": "2025-09-27", "EndDate": "2025-09-28" }, "geometry": { "type": "Polygon", "coordinates": [ [ [ -76.508971815902143, 2.348391030245747 ], [ -76.508971815902143, 2.348119153119093 ], [ -76.508882, 2.348119153119093 ], [ -76.508882, 2.348391030245747 ], [ -76.508971815902143, 2.348391030245747 ] ] ] } },
{ "type": "Feature", "properties": { "value": 1, "State": "Burned", "Class": "Quemado", "IdxName": "NBR", "StartDate": "2025-09-27", "EndDate": "2025-09-28" }, "geometry": { "type": "Polygon", "coordinates": [ [ [ -76.612709182874625, 2.348209778827977 ], [ -76.612709182874625, 2.348119153119093 ], [ -76.612619366972481, 2.348119153119093 ], [ -76.612619366972481, 2.348209778827977 ], [ -76.612709182874625, 2.348209778827977 ] ] ] } },
{ "type": "Feature", "properties": { "value": 1, "State": "Burned", "Class": "Quemado", "IdxName": "NBR", "StartDate": "2025-09-27", "EndDate": "2025-09-28" }, "geometry": { "type": "Polygon", "coordinates": [ [ [ -76.537982352293582, 2.348209778827977 ], [ -76.537982352293582, 2.348119153119093 ], [ -76.537802720489296, 2.348119153119093 ], [ -76.537802720489296, 2.348209778827977 ], [ -76.537982352293582, 2.348209778827977 ] ] ] } },
{ "type": "Feature", "properties": { "value": 1, "State": "Burned", "Class": "Quemado", "IdxName": "NBR", "StartDate": "2025-09-27", "EndDate": "2025-09-28" }, "geometry": { "type": "Polygon", "coordinates": [ [ [ -76.519300644648311, 2.348209778827977 ], [ -76.519300644648311, 2.348119153119093 ], [ -76.518941381039753, 2.348119153119093 ], [ -76.518941381039753, 2.348209778827977 ], [ -76.519300644648311, 2.348209778827977 ] ] ] } },
{ "type": "Feature", "properties": { "value": 1, "State": "Burned", "Class": "Quemado", "IdxName": "NBR", "StartDate": "2025-09-27", "EndDate": "2025-09-28" }, "geometry": { "type": "Polygon", "coordinates": [ [ [ -76.519390460550454, 2.348119153119093 ], [ -76.519390460550454, 2.348028527410208 ], [ -76.519300644648311, 2.348028527410208 ], [ -76.519300644648311, 2.348119153119093 ], [ -76.519390460550454, 2.348119153119093 ] ] ] } },
{ "type": "Feature", "properties": { "value": 1, "State": "Burned", "Class": "Quemado", "IdxName": "NBR", "StartDate": "2025-09-27", "EndDate": "2025-09-28" }, "geometry": { "type": "Polygon", "coordinates": [ [ [ -76.565376202446487, 2.347937901701323 ], [ -76.565376202446487, 2.347847275992439 ], [ -76.565286386544344, 2.347847275992439 ], [ -76.565286386544344, 2.347937901701323 ], [ -76.565376202446487, 2.347937901701323 ] ] ] } },
{ "type": "Feature", "properties": { "value": 1, "State": "Burned", "Class": "Quemado", "IdxName": "NBR", "StartDate": "2025-09-27", "EndDate": "2025-09-28" }, "geometry": { "type": "Polygon", "coordinates": [ [ [ -76.525318310091748, 2.347937901701323 ], [ -76.525318310091748, 2.347847275992439 ], [ -76.52468959877676, 2.347847275992439 ], [ -76.52468959877676, 2.347937901701323 ], [ -76.525318310091748, 2.347937901701323 ] ] ] } },
{ "type": "Feature", "properties": { "value": 1, "State": "Burned", "Class": "Quemado", "IdxName": "NBR", "StartDate": "2025-09-27", "EndDate": "2025-09-28" }, "geometry": { "type": "Polygon", "coordinates": [ [ [ -76.515079297247709, 2.347937901701323 ], [ -76.515079297247709, 2.347847275992439 ], [ -76.514989481345566, 2.347847275992439 ], [ -76.514989481345566, 2.347937901701323 ], [ -76.515079297247709, 2.347937901701323 ] ] ] } },
{ "type": "Feature", "properties": { "value": 1, "State": "Burned", "Class": "Quemado", "IdxName": "NBR", "StartDate": "2025-09-27", "EndDate": "2025-09-28" }, "geometry": { "type": "Polygon", "coordinates": [ [ [ -76.55450847828746, 2.348300404536862 ], [ -76.55450847828746, 2.348209778827977 ], [ -76.554688110091746, 2.348209778827977 ], [ -76.554688110091746, 2.348028527410208 ], [ -76.554777925993889, 2.348028527410208 ], [ -76.554777925993889, 2.347756650283554 ], [ -76.554688110091746, 2.347756650283554 ], [ -76.554688110091746, 2.347847275992439 ], [ -76.554598294189603, 2.347847275992439 ], [ -76.554598294189603, 2.347937901701323 ], [ -76.55450847828746, 2.347937901701323 ], [ -76.55450847828746, 2.348028527410208 ], [ -76.554418662385316, 2.348028527410208 ], [ -76.554418662385316, 2.348300404536862 ], [ -76.55450847828746, 2.348300404536862 ] ] ] } },
{ "type": "Feature", "properties": { "value": 1, "State": "Burned", "Class": "Quemado", "IdxName": "NBR", "StartDate": "2025-09-27", "EndDate": "2025-09-28" }, "geometry": { "type": "Polygon", "coordinates": [ [ [ -76.524420151070331, 2.348028527410208 ], [ -76.524420151070331, 2.347847275992439 ], [ -76.524240519266058, 2.347847275992439 ], [ -76.524240519266058, 2.347756650283554 ], [ -76.524150703363915, 2.347756650283554 ], [ -76.524150703363915, 2.347937901701323 ], [ -76.524330335168202, 2.347937901701323 ], [ -76.524330335168202, 2.348028527410208 ], [ -76.524420151070331, 2.348028527410208 ] ] ] } },
{ "type": "Feature", "properties": { "value": 1, "State": "Burned", "Class": "Quemado", "IdxName": "NBR", "StartDate": "2025-09-27", "EndDate": "2025-09-28" }, "geometry": { "type": "Polygon", "coordinates": [ [ [ -76.5426527792049, 2.347937901701323 ], [ -76.5426527792049, 2.347756650283554 ], [ -76.542473147400614, 2.347756650283554 ], [ -76.542473147400614, 2.347847275992439 ], [ -76.542562963302757, 2.347847275992439 ], [ -76.542562963302757, 2.347937901701323 ], [ -76.5426527792049, 2.347937901701323 ] ] ] } },
{ "type": "Feature", "properties": { "value": 1, "State": "Burned", "Class": "Quemado", "IdxName": "NBR", "StartDate": "2025-09-27", "EndDate": "2025-09-28" }, "geometry": { "type": "Polygon", "coordinates": [ [ [ -76.604446119877679, 2.347847275992439 ], [ -76.604446119877679, 2.347756650283554 ], [ -76.604356303975536, 2.347756650283554 ], [ -76.604356303975536, 2.347847275992439 ], [ -76.604446119877679, 2.347847275992439 ] ] ] } },
{ "type": "Feature", "properties": { "value": 1, "State": "Burned", "Class": "Quemado", "IdxName": "NBR", "StartDate": "2025-09-27", "EndDate": "2025-09-28" }, "geometry": { "type": "Polygon", "coordinates": [ [ [ -76.576154110703371, 2.347847275992439 ], [ -76.576154110703371, 2.347756650283554 ], [ -76.576064294801228, 2.347756650283554 ], [ -76.576064294801228, 2.347847275992439 ], [ -76.576154110703371, 2.347847275992439 ] ] ] } },
{ "type": "Feature", "properties": { "value": 1, "State": "Burned", "Class": "Quemado", "IdxName": "NBR", "StartDate": "2025-09-27", "EndDate": "2025-09-28" }, "geometry": { "type": "Polygon", "coordinates": [ [ [ -76.65456339327217, 2.347847275992439 ], [ -76.65456339327217, 2.347666024574669 ], [ -76.654293945565755, 2.347666024574669 ], [ -76.654293945565755, 2.347756650283554 ], [ -76.654473577370027, 2.347756650283554 ], [ -76.654473577370027, 2.347847275992439 ], [ -76.65456339327217, 2.347847275992439 ] ] ] } },
{ "type": "Feature", "properties": { "value": 1, "State": "Burned", "Class": "Quemado", "IdxName": "NBR", "StartDate": "2025-09-27", "EndDate": "2025-09-28" }, "geometry": { "type": "Polygon", "coordinates": [ [ [ -76.555137189602448, 2.348028527410208 ], [ -76.555137189602448, 2.347847275992439 ], [ -76.555227005504591, 2.347847275992439 ], [ -76.555227005504591, 2.347756650283554 ], [ -76.555316821406734, 2.347756650283554 ], [ -76.555316821406734, 2.347666024574669 ], [ -76.555047373700305, 2.347666024574669 ], [ -76.555047373700305, 2.348028527410208 ], [ -76.555137189602448, 2.348028527410208 ] ] ] } },
{ "type": "Feature", "properties": { "value": 1, "State": "Burned", "Class": "Quemado", "IdxName": "NBR", "StartDate": "2025-09-27", "EndDate": "2025-09-28" }, "geometry": { "type": "Polygon", "coordinates": [ [ [ -76.525587757798164, 2.347937901701323 ], [ -76.525587757798164, 2.347847275992439 ], [ -76.525677573700307, 2.347847275992439 ], [ -76.525677573700307, 2.347756650283554 ], [ -76.52576738960245, 2.347756650283554 ], [ -76.52576738960245, 2.347575398865785 ], [ -76.525677573700307, 2.347575398865785 ], [ -76.525677573700307, 2.347666024574669 ], [ -76.525587757798164, 2.347666024574669 ], [ -76.525587757798164, 2.347756650283554 ], [ -76.525318310091748, 2.347756650283554 ], [ -76.525318310091748, 2.347847275992439 ], [ -76.52549794189602, 2.347847275992439 ], [ -76.52549794189602, 2.347937901701323 ], [ -76.525587757798164, 2.347937901701323 ] ] ] } },
{ "type": "Feature", "properties": { "value": 1, "State": "Burned", "Class": "Quemado", "IdxName": "NBR", "StartDate": "2025-09-27", "EndDate": "2025-09-28" }, "geometry": { "type": "Polygon", "coordinates": [ [ [ -76.524150703363915, 2.347756650283554 ], [ -76.524150703363915, 2.347666024574669 ], [ -76.523971071559629, 2.347666024574669 ], [ -76.523971071559629, 2.347575398865785 ], [ -76.523881255657486, 2.347575398865785 ], [ -76.523881255657486, 2.347756650283554 ], [ -76.524150703363915, 2.347756650283554 ] ] ] } },
{ "type": "Feature", "properties": { "value": 1, "State": "Burned", "Class": "Quemado", "IdxName": "NBR", "StartDate": "2025-09-27", "EndDate": "2025-09-28" }, "geometry": { "type": "Polygon", "coordinates": [ [ [ -76.604356303975536, 2.347666024574669 ], [ -76.604356303975536, 2.347575398865785 ], [ -76.604266488073392, 2.347575398865785 ], [ -76.604266488073392, 2.347666024574669 ], [ -76.604356303975536, 2.347666024574669 ] ] ] } },
{ "type": "Feature", "properties": { "value": 1, "State": "Burned", "Class": "Quemado", "IdxName": "NBR", "StartDate": "2025-09-27", "EndDate": "2025-09-28" }, "geometry": { "type": "Polygon", "coordinates": [ [ [ -76.519659908256884, 2.347666024574669 ], [ -76.519659908256884, 2.347575398865785 ], [ -76.519570092354741, 2.347575398865785 ], [ -76.519570092354741, 2.347666024574669 ], [ -76.519659908256884, 2.347666024574669 ] ] ] } },
{ "type": "Feature", "properties": { "value": 1, "State": "Burned", "Class": "Quemado", "IdxName": "NBR", "StartDate": "2025-09-27", "EndDate": "2025-09-28" }, "geometry": { "type": "Polygon", "coordinates": [ [ [ -76.524330335168202, 2.347575398865785 ], [ -76.524330335168202, 2.3474847731569 ], [ -76.524150703363915, 2.3474847731569 ], [ -76.524150703363915, 2.347575398865785 ], [ -76.524330335168202, 2.347575398865785 ] ] ] } },
{ "type": "Feature", "properties": { "value": 1, "State": "Burned", "Class": "Quemado", "IdxName": "NBR", "StartDate": "2025-09-27", "EndDate": "2025-09-28" }, "geometry": { "type": "Polygon", "coordinates": [ [ [ -76.520108987767586, 2.347575398865785 ], [ -76.520108987767586, 2.3474847731569 ], [ -76.520019171865442, 2.3474847731569 ], [ -76.520019171865442, 2.347575398865785 ], [ -76.520108987767586, 2.347575398865785 ] ] ] } },
{ "type": "Feature", "properties": { "value": 1, "State": "Burned", "Class": "Quemado", "IdxName": "NBR", "StartDate": "2025-09-27", "EndDate": "2025-09-28" }, "geometry": { "type": "Polygon", "coordinates": [ [ [ -76.523881255657486, 2.3474847731569 ], [ -76.523881255657486, 2.347303521739131 ], [ -76.523791439755357, 2.347303521739131 ], [ -76.523791439755357, 2.3474847731569 ], [ -76.523881255657486, 2.3474847731569 ] ] ] } },
{ "type": "Feature", "properties": { "value": 1, "State": "Burned", "Class": "Quemado", "IdxName": "NBR", "StartDate": "2025-09-27", "EndDate": "2025-09-28" }, "geometry": { "type": "Polygon", "coordinates": [ [ [ -76.525857205504593, 2.347394147448015 ], [ -76.525857205504593, 2.347303521739131 ], [ -76.52576738960245, 2.347303521739131 ], [ -76.52576738960245, 2.347394147448015 ], [ -76.525857205504593, 2.347394147448015 ] ] ] } },
{ "type": "Feature", "properties": { "value": 1, "State": "Burned", "Class": "Quemado", "IdxName": "NBR", "StartDate": "2025-09-27", "EndDate": "2025-09-28" }, "geometry": { "type": "Polygon", "coordinates": [ [ [ -76.52576738960245, 2.347303521739131 ], [ -76.52576738960245, 2.347212896030246 ], [ -76.525857205504593, 2.347212896030246 ], [ -76.525857205504593, 2.347122270321361 ], [ -76.525677573700307, 2.347122270321361 ], [ -76.525677573700307, 2.347303521739131 ], [ -76.52576738960245, 2.347303521739131 ] ] ] } },
{ "type": "Feature", "properties": { "value": 1, "State": "Burned", "Class": "Quemado", "IdxName": "NBR", "StartDate": "2025-09-27", "EndDate": "2025-09-28" }, "geometry": { "type": "Polygon", "coordinates": [ [ [ -76.56438822752294, 2.347122270321361 ], [ -76.56438822752294, 2.347031644612477 ], [ -76.564208595718654, 2.347031644612477 ], [ -76.564208595718654, 2.347122270321361 ], [ -76.56438822752294, 2.347122270321361 ] ] ] } },
{ "type": "Feature", "properties": { "value": 1, "State": "Burned", "Class": "Quemado", "IdxName": "NBR", "StartDate": "2025-09-27", "EndDate": "2025-09-28" }, "geometry": { "type": "Polygon", "coordinates": [ [ [ -76.655731, 2.347031644612477 ], [ -76.655731, 2.346941018903592 ], [ -76.655551368195717, 2.346941018903592 ], [ -76.655551368195717, 2.347031644612477 ], [ -76.655731, 2.347031644612477 ] ] ] } },
{ "type": "Feature", "properties": { "value": 1, "State": "Burned", "Class": "Quemado", "IdxName": "NBR", "StartDate": "2025-09-27", "EndDate": "2025-09-28" }, "geometry": { "type": "Polygon", "coordinates": [ [ [ -76.655551368195717, 2.346941018903592 ], [ -76.655551368195717, 2.346850393194707 ], [ -76.655461552293588, 2.346850393194707 ], [ -76.655461552293588, 2.346941018903592 ], [ -76.655551368195717, 2.346941018903592 ] ] ] } },
{ "type": "Feature", "properties": { "value": 1, "State": "Burned", "Class": "Quemado", "IdxName": "NBR", "StartDate": "2025-09-27", "EndDate": "2025-09-28" }, "geometry": { "type": "Polygon", "coordinates": [ [ [ -76.523881255657486, 2.346941018903592 ], [ -76.523881255657486, 2.346850393194707 ], [ -76.523701623853214, 2.346850393194707 ], [ -76.523701623853214, 2.346941018903592 ], [ -76.523881255657486, 2.346941018903592 ] ] ] } },
{ "type": "Feature", "properties": { "value": 1, "State": "Burned", "Class": "Quemado", "IdxName": "NBR", "StartDate": "2025-09-27", "EndDate": "2025-09-28" }, "geometry": { "type": "Polygon", "coordinates": [ [ [ -76.509061631804286, 2.346759767485822 ], [ -76.509061631804286, 2.346669141776938 ], [ -76.509151447706415, 2.346669141776938 ], [ -76.509151447706415, 2.346487890359168 ], [ -76.509061631804286, 2.346487890359168 ], [ -76.509061631804286, 2.346578516068053 ], [ -76.508971815902143, 2.346578516068053 ], [ -76.508971815902143, 2.346759767485822 ], [ -76.509061631804286, 2.346759767485822 ] ] ] } },
{ "type": "Feature", "properties": { "value": 1, "State": "Burned", "Class": "Quemado", "IdxName": "NBR", "StartDate": "2025-09-27", "EndDate": "2025-09-28" }, "geometry": { "type": "Polygon", "coordinates": [ [ [ -76.655281920489301, 2.346578516068053 ], [ -76.655281920489301, 2.346487890359168 ], [ -76.655192104587158, 2.346487890359168 ], [ -76.655192104587158, 2.346578516068053 ], [ -76.655281920489301, 2.346578516068053 ] ] ] } },
{ "type": "Feature", "properties": { "value": 1, "State": "Burned", "Class": "Quemado", "IdxName": "NBR", "StartDate": "2025-09-27", "EndDate": "2025-09-28" }, "geometry": { "type": "Polygon", "coordinates": [ [ [ -76.555137189602448, 2.346759767485822 ], [ -76.555137189602448, 2.346669141776938 ], [ -76.555406637308863, 2.346669141776938 ], [ -76.555406637308863, 2.346487890359168 ], [ -76.555316821406734, 2.346487890359168 ], [ -76.555316821406734, 2.346397264650284 ], [ -76.555137189602448, 2.346397264650284 ], [ -76.555137189602448, 2.346578516068053 ], [ -76.554867741896032, 2.346578516068053 ], [ -76.554867741896032, 2.346669141776938 ], [ -76.554957557798161, 2.346669141776938 ], [ -76.554957557798161, 2.346759767485822 ], [ -76.555137189602448, 2.346759767485822 ] ] ] } },
{ "type": "Feature", "properties": { "value": 1, "State": "Burned", "Class": "Quemado", "IdxName": "NBR", "StartDate": "2025-09-27", "EndDate": "2025-09-28" }, "geometry": { "type": "Polygon", "coordinates": [ [ [ -76.525857205504593, 2.346669141776938 ], [ -76.525857205504593, 2.346578516068053 ], [ -76.526396100917438, 2.346578516068053 ], [ -76.526396100917438, 2.346397264650284 ], [ -76.525857205504593, 2.346397264650284 ], [ -76.525857205504593, 2.346487890359168 ], [ -76.52576738960245, 2.346487890359168 ], [ -76.52576738960245, 2.346669141776938 ], [ -76.525857205504593, 2.346669141776938 ] ] ] } },
{ "type": "Feature", "properties": { "value": 1, "State": "Burned", "Class": "Quemado", "IdxName": "NBR", "StartDate": "2025-09-27", "EndDate": "2025-09-28" }, "geometry": { "type": "Polygon", "coordinates": [ [ [ -76.509061631804286, 2.346487890359168 ], [ -76.509061631804286, 2.346397264650284 ], [ -76.508971815902143, 2.346397264650284 ], [ -76.508971815902143, 2.346487890359168 ], [ -76.509061631804286, 2.346487890359168 ] ] ] } },
{ "type": "Feature", "properties": { "value": 1, "State": "Burned", "Class": "Quemado", "IdxName": "NBR", "StartDate": "2025-09-27", "EndDate": "2025-09-28" }, "geometry": { "type": "Polygon", "coordinates": [ [ [ -76.554777925993889, 2.346578516068053 ], [ -76.554777925993889, 2.346487890359168 ], [ -76.554688110091746, 2.346487890359168 ], [ -76.554688110091746, 2.346397264650284 ], [ -76.55450847828746, 2.346397264650284 ], [ -76.55450847828746, 2.346306638941399 ], [ -76.554418662385316, 2.346306638941399 ], [ -76.554418662385316, 2.346487890359168 ], [ -76.554598294189603, 2.346487890359168 ], [ -76.554598294189603, 2.346578516068053 ], [ -76.554777925993889, 2.346578516068053 ] ] ] } },
{ "type": "Feature", "properties": { "value": 1, "State": "Burned", "Class": "Quemado", "IdxName": "NBR", "StartDate": "2025-09-27", "EndDate": "2025-09-28" }, "geometry": { "type": "Polygon", "coordinates": [ [ [ -76.522983096636082, 2.346759767485822 ], [ -76.522983096636082, 2.346669141776938 ], [ -76.523072912538225, 2.346669141776938 ], [ -76.523072912538225, 2.346578516068053 ], [ -76.523162728440369, 2.346578516068053 ], [ -76.523162728440369, 2.346487890359168 ], [ -76.523342360244655, 2.346487890359168 ], [ -76.523342360244655, 2.346578516068053 ], [ -76.523881255657486, 2.346578516068053 ], [ -76.523881255657486, 2.346487890359168 ], [ -76.523791439755357, 2.346487890359168 ], [ -76.523791439755357, 2.346397264650284 ], [ -76.523342360244655, 2.346397264650284 ], [ -76.523342360244655, 2.346306638941399 ], [ -76.523252544342512, 2.346306638941399 ], [ -76.523252544342512, 2.346397264650284 ], [ -76.523072912538225, 2.346397264650284 ], [ -76.523072912538225, 2.346487890359168 ], [ -76.522983096636082, 2.346487890359168 ], [ -76.522983096636082, 2.346578516068053 ], [ -76.522623833027524, 2.346578516068053 ], [ -76.522623833027524, 2.346669141776938 ], [ -76.522713648929667, 2.346669141776938 ], [ -76.522713648929667, 2.346759767485822 ], [ -76.522983096636082, 2.346759767485822 ] ] ] } },
{ "type": "Feature", "properties": { "value": 1, "State": "Burned", "Class": "Quemado", "IdxName": "NBR", "StartDate": "2025-09-27", "EndDate": "2025-09-28" }, "geometry": { "type": "Polygon", "coordinates": [ [ [ -76.509241263608558, 2.346487890359168 ], [ -76.509241263608558, 2.346306638941399 ], [ -76.509061631804286, 2.346306638941399 ], [ -76.509061631804286, 2.346397264650284 ], [ -76.509151447706415, 2.346397264650284 ], [ -76.509151447706415, 2.346487890359168 ], [ -76.509241263608558, 2.346487890359168 ] ] ] } },
{ "type": "Feature", "properties": { "value": 1, "State": "Burned", "Class": "Quemado", "IdxName": "NBR", "StartDate": "2025-09-27", "EndDate": "2025-09-28" }, "geometry": { "type": "Polygon", "coordinates": [ [ [ -76.51292371559633, 2.346397264650284 ], [ -76.51292371559633, 2.346306638941399 ], [ -76.512833899694186, 2.346306638941399 ], [ -76.512833899694186, 2.346397264650284 ], [ -76.51292371559633, 2.346397264650284 ] ] ] } },
{ "type": "Feature", "properties": { "value": 1, "State": "Burned", "Class": "Quemado", "IdxName": "NBR", "StartDate": "2025-09-27", "EndDate": "2025-09-28" }, "geometry": { "type": "Polygon", "coordinates": [ [ [ -76.527114628134555, 2.346487890359168 ], [ -76.527114628134555, 2.346397264650284 ], [ -76.527294259938841, 2.346397264650284 ], [ -76.527294259938841, 2.346216013232514 ], [ -76.527114628134555, 2.346216013232514 ], [ -76.527114628134555, 2.346306638941399 ], [ -76.526934996330269, 2.346306638941399 ], [ -76.526934996330269, 2.346487890359168 ], [ -76.527114628134555, 2.346487890359168 ] ] ] } },
{ "type": "Feature", "properties": { "value": 1, "State": "Burned", "Class": "Quemado", "IdxName": "NBR", "StartDate": "2025-09-27", "EndDate": "2025-09-28" }, "geometry": { "type": "Polygon", "coordinates": [ [ [ -76.526934996330269, 2.346759767485822 ], [ -76.526934996330269, 2.346669141776938 ], [ -76.527024812232412, 2.346669141776938 ], [ -76.527024812232412, 2.346578516068053 ], [ -76.52684518042814, 2.346578516068053 ], [ -76.52684518042814, 2.346487890359168 ], [ -76.526755364525997, 2.346487890359168 ], [ -76.526755364525997, 2.346397264650284 ], [ -76.52684518042814, 2.346397264650284 ], [ -76.52684518042814, 2.346306638941399 ], [ -76.526755364525997, 2.346306638941399 ], [ -76.526755364525997, 2.346216013232514 ], [ -76.526396100917438, 2.346216013232514 ], [ -76.526396100917438, 2.346397264650284 ], [ -76.526665548623853, 2.346397264650284 ], [ -76.526665548623853, 2.346669141776938 ], [ -76.526755364525997, 2.346669141776938 ], [ -76.526755364525997, 2.346759767485822 ], [ -76.526934996330269, 2.346759767485822 ] ] ] } },
{ "type": "Feature", "properties": { "value": 1, "State": "Burned", "Class": "Quemado", "IdxName": "NBR", "StartDate": "2025-09-27", "EndDate": "2025-09-28" }, "geometry": { "type": "Polygon", "coordinates": [ [ [ -76.512744083792043, 2.346306638941399 ], [ -76.512744083792043, 2.346216013232514 ], [ -76.512474636085628, 2.346216013232514 ], [ -76.512474636085628, 2.346306638941399 ], [ -76.512744083792043, 2.346306638941399 ] ] ] } },
{ "type": "Feature", "properties": { "value": 1, "State": "Burned", "Class": "Quemado", "IdxName": "NBR", "StartDate": "2025-09-27", "EndDate": "2025-09-28" }, "geometry": { "type": "Polygon", "coordinates": [ [ [ -76.522713648929667, 2.346397264650284 ], [ -76.522713648929667, 2.346306638941399 ], [ -76.522623833027524, 2.346306638941399 ], [ -76.522623833027524, 2.346216013232514 ], [ -76.522354385321094, 2.346216013232514 ], [ -76.522354385321094, 2.346306638941399 ], [ -76.522174753516822, 2.346306638941399 ], [ -76.522174753516822, 2.34612538752363 ], [ -76.52172567400612, 2.34612538752363 ], [ -76.52172567400612, 2.346216013232514 ], [ -76.521815489908263, 2.346216013232514 ], [ -76.521815489908263, 2.346306638941399 ], [ -76.522084937614679, 2.346306638941399 ], [ -76.522084937614679, 2.346397264650284 ], [ -76.522713648929667, 2.346397264650284 ] ] ] } },
{ "type": "Feature", "properties": { "value": 1, "State": "Burned", "Class": "Quemado", "IdxName": "NBR", "StartDate": "2025-09-27", "EndDate": "2025-09-28" }, "geometry": { "type": "Polygon", "coordinates": [ [ [ -76.605883174311927, 2.346306638941399 ], [ -76.605883174311927, 2.34612538752363 ], [ -76.605793358409784, 2.34612538752363 ], [ -76.605793358409784, 2.346216013232514 ], [ -76.605703542507641, 2.346216013232514 ], [ -76.605703542507641, 2.346306638941399 ], [ -76.605883174311927, 2.346306638941399 ] ] ] } },
{ "type": "Feature", "properties": { "value": 1, "State": "Burned", "Class": "Quemado", "IdxName": "NBR", "StartDate": "2025-09-27", "EndDate": "2025-09-28" }, "geometry": { "type": "Polygon", "coordinates": [ [ [ -76.65564118409786, 2.346034761814745 ], [ -76.65564118409786, 2.34594413610586 ], [ -76.655551368195717, 2.34594413610586 ], [ -76.655551368195717, 2.346034761814745 ], [ -76.65564118409786, 2.346034761814745 ] ] ] } },
{ "type": "Feature", "properties": { "value": 1, "State": "Burned", "Class": "Quemado", "IdxName": "NBR", "StartDate": "2025-09-27", "EndDate": "2025-09-28" }, "geometry": { "type": "Polygon", "coordinates": [ [ [ -76.513372795107031, 2.346034761814745 ], [ -76.513372795107031, 2.34594413610586 ], [ -76.513282979204888, 2.34594413610586 ], [ -76.513282979204888, 2.346034761814745 ], [ -76.513372795107031, 2.346034761814745 ] ] ] } },
{ "type": "Feature", "properties": { "value": 1, "State": "Burned", "Class": "Quemado", "IdxName": "NBR", "StartDate": "2025-09-27", "EndDate": "2025-09-28" }, "geometry": { "type": "Polygon", "coordinates": [ [ [ -76.652856891131506, 2.34594413610586 ], [ -76.652856891131506, 2.345853510396976 ], [ -76.652946707033635, 2.345853510396976 ], [ -76.652946707033635, 2.345762884688091 ], [ -76.652767075229363, 2.345762884688091 ], [ -76.652767075229363, 2.34594413610586 ], [ -76.652856891131506, 2.34594413610586 ] ] ] } },
{ "type": "Feature", "properties": { "value": 1, "State": "Burned", "Class": "Quemado", "IdxName": "NBR", "StartDate": "2025-09-27", "EndDate": "2025-09-28" }, "geometry": { "type": "Polygon", "coordinates": [ [ [ -76.527384075840985, 2.345853510396976 ], [ -76.527384075840985, 2.345672258979206 ], [ -76.527294259938841, 2.345672258979206 ], [ -76.527294259938841, 2.345853510396976 ], [ -76.527384075840985, 2.345853510396976 ] ] ] } },
{ "type": "Feature", "properties": { "value": 1, "State": "Burned", "Class": "Quemado", "IdxName": "NBR", "StartDate": "2025-09-27", "EndDate": "2025-09-28" }, "geometry": { "type": "Polygon", "coordinates": [ [ [ -76.50969034311926, 2.34612538752363 ], [ -76.50969034311926, 2.346034761814745 ], [ -76.509600527217131, 2.346034761814745 ], [ -76.509600527217131, 2.345853510396976 ], [ -76.50969034311926, 2.345853510396976 ], [ -76.50969034311926, 2.345762884688091 ], [ -76.509600527217131, 2.345762884688091 ], [ -76.509600527217131, 2.345672258979206 ], [ -76.509510711314988, 2.345672258979206 ], [ -76.509510711314988, 2.34612538752363 ], [ -76.50969034311926, 2.34612538752363 ] ] ] } },
{ "type": "Feature", "properties": { "value": 1, "State": "Burned", "Class": "Quemado", "IdxName": "NBR", "StartDate": "2025-09-27", "EndDate": "2025-09-28" }, "geometry": { "type": "Polygon", "coordinates": [ [ [ -76.537712904587153, 2.345672258979206 ], [ -76.537712904587153, 2.345581633270322 ], [ -76.53762308868501, 2.345581633270322 ], [ -76.53762308868501, 2.345672258979206 ], [ -76.537712904587153, 2.345672258979206 ] ] ] } },
{ "type": "Feature", "properties": { "value": 1, "State": "Burned", "Class": "Quemado", "IdxName": "NBR", "StartDate": "2025-09-27", "EndDate": "2025-09-28" }, "geometry": { "type": "Polygon", "coordinates": [ [ [ -76.555945532721708, 2.345581633270322 ], [ -76.555945532721708, 2.345491007561437 ], [ -76.555765900917436, 2.345491007561437 ], [ -76.555765900917436, 2.345581633270322 ], [ -76.555945532721708, 2.345581633270322 ] ] ] } },
{ "type": "Feature", "properties": { "value": 1, "State": "Burned", "Class": "Quemado", "IdxName": "NBR", "StartDate": "2025-09-27", "EndDate": "2025-09-28" }, "geometry": { "type": "Polygon", "coordinates": [ [ [ -76.537802720489296, 2.345581633270322 ], [ -76.537802720489296, 2.345491007561437 ], [ -76.537712904587153, 2.345491007561437 ], [ -76.537712904587153, 2.345581633270322 ], [ -76.537802720489296, 2.345581633270322 ] ] ] } },
{ "type": "Feature", "properties": { "value": 1, "State": "Burned", "Class": "Quemado", "IdxName": "NBR", "StartDate": "2025-09-27", "EndDate": "2025-09-28" }, "geometry": { "type": "Polygon", "coordinates": [ [ [ -76.58315975107034, 2.345491007561437 ], [ -76.58315975107034, 2.345400381852552 ], [ -76.582890303363911, 2.345400381852552 ], [ -76.582890303363911, 2.345491007561437 ], [ -76.58315975107034, 2.345491007561437 ] ] ] } },
{ "type": "Feature", "properties": { "value": 1, "State": "Burned", "Class": "Quemado", "IdxName": "NBR", "StartDate": "2025-09-27", "EndDate": "2025-09-28" }, "geometry": { "type": "Polygon", "coordinates": [ [ [ -76.572741106422015, 2.345400381852552 ], [ -76.572741106422015, 2.345309756143668 ], [ -76.572561474617743, 2.345309756143668 ], [ -76.572561474617743, 2.345400381852552 ], [ -76.572741106422015, 2.345400381852552 ] ] ] } },
{ "type": "Feature", "properties": { "value": 1, "State": "Burned", "Class": "Quemado", "IdxName": "NBR", "StartDate": "2025-09-27", "EndDate": "2025-09-28" }, "geometry": { "type": "Polygon", "coordinates": [ [ [ -76.555945532721708, 2.345400381852552 ], [ -76.555945532721708, 2.345219130434783 ], [ -76.555855716819579, 2.345219130434783 ], [ -76.555855716819579, 2.345400381852552 ], [ -76.555945532721708, 2.345400381852552 ] ] ] } },
{ "type": "Feature", "properties": { "value": 1, "State": "Burned", "Class": "Quemado", "IdxName": "NBR", "StartDate": "2025-09-27", "EndDate": "2025-09-28" }, "geometry": { "type": "Polygon", "coordinates": [ [ [ -76.527473891743114, 2.345491007561437 ], [ -76.527473891743114, 2.345400381852552 ], [ -76.527563707645257, 2.345400381852552 ], [ -76.527563707645257, 2.345219130434783 ], [ -76.527473891743114, 2.345219130434783 ], [ -76.527473891743114, 2.345309756143668 ], [ -76.527384075840985, 2.345309756143668 ], [ -76.527384075840985, 2.345491007561437 ], [ -76.527473891743114, 2.345491007561437 ] ] ] } },
{ "type": "Feature", "properties": { "value": 1, "State": "Burned", "Class": "Quemado", "IdxName": "NBR", "StartDate": "2025-09-27", "EndDate": "2025-09-28" }, "geometry": { "type": "Polygon", "coordinates": [ [ [ -76.525857205504593, 2.345309756143668 ], [ -76.525857205504593, 2.345219130434783 ], [ -76.525587757798164, 2.345219130434783 ], [ -76.525587757798164, 2.345309756143668 ], [ -76.525857205504593, 2.345309756143668 ] ] ] } },
{ "type": "Feature", "properties": { "value": 1, "State": "Burned", "Class": "Quemado", "IdxName": "NBR", "StartDate": "2025-09-27", "EndDate": "2025-09-28" }, "geometry": { "type": "Polygon", "coordinates": [ [ [ -76.510139422629976, 2.345309756143668 ], [ -76.510139422629976, 2.345219130434783 ], [ -76.510049606727833, 2.345219130434783 ], [ -76.510049606727833, 2.345309756143668 ], [ -76.510139422629976, 2.345309756143668 ] ] ] } },
{ "type": "Feature", "properties": { "value": 1, "State": "Burned", "Class": "Quemado", "IdxName": "NBR", "StartDate": "2025-09-27", "EndDate": "2025-09-28" }, "geometry": { "type": "Polygon", "coordinates": [ [ [ -76.5276535235474, 2.345219130434783 ], [ -76.5276535235474, 2.345128504725898 ], [ -76.527563707645257, 2.345128504725898 ], [ -76.527563707645257, 2.345219130434783 ], [ -76.5276535235474, 2.345219130434783 ] ] ] } },
{ "type": "Feature", "properties": { "value": 1, "State": "Burned", "Class": "Quemado", "IdxName": "NBR", "StartDate": "2025-09-27", "EndDate": "2025-09-28" }, "geometry": { "type": "Polygon", "coordinates": [ [ [ -76.523072912538225, 2.345219130434783 ], [ -76.523072912538225, 2.345037879017013 ], [ -76.522983096636082, 2.345037879017013 ], [ -76.522983096636082, 2.345219130434783 ], [ -76.523072912538225, 2.345219130434783 ] ] ] } },
{ "type": "Feature", "properties": { "value": 1, "State": "Burned", "Class": "Quemado", "IdxName": "NBR", "StartDate": "2025-09-27", "EndDate": "2025-09-28" }, "geometry": { "type": "Polygon", "coordinates": [ [ [ -76.551993633027521, 2.345128504725898 ], [ -76.551993633027521, 2.345037879017013 ], [ -76.551903817125378, 2.345037879017013 ], [ -76.551903817125378, 2.345128504725898 ], [ -76.551993633027521, 2.345128504725898 ] ] ] } },
{ "type": "Feature", "properties": { "value": 1, "State": "Burned", "Class": "Quemado", "IdxName": "NBR", "StartDate": "2025-09-27", "EndDate": "2025-09-28" }, "geometry": { "type": "Polygon", "coordinates": [ [ [ -76.529090577981648, 2.345128504725898 ], [ -76.529090577981648, 2.345037879017013 ], [ -76.529000762079505, 2.345037879017013 ], [ -76.529000762079505, 2.344947253308129 ], [ -76.528910946177376, 2.344947253308129 ], [ -76.528910946177376, 2.345128504725898 ], [ -76.529090577981648, 2.345128504725898 ] ] ] } },
{ "type": "Feature", "properties": { "value": 1, "State": "Burned", "Class": "Quemado", "IdxName": "NBR", "StartDate": "2025-09-27", "EndDate": "2025-09-28" }, "geometry": { "type": "Polygon", "coordinates": [ [ [ -76.655551368195717, 2.345037879017013 ], [ -76.655551368195717, 2.344947253308129 ], [ -76.655461552293588, 2.344947253308129 ], [ -76.655461552293588, 2.345037879017013 ], [ -76.655551368195717, 2.345037879017013 ] ] ] } },
{ "type": "Feature", "properties": { "value": 1, "State": "Burned", "Class": "Quemado", "IdxName": "NBR", "StartDate": "2025-09-27", "EndDate": "2025-09-28" }, "geometry": { "type": "Polygon", "coordinates": [ [ [ -76.527833155351686, 2.345128504725898 ], [ -76.527833155351686, 2.345037879017013 ], [ -76.528012787155959, 2.345037879017013 ], [ -76.528012787155959, 2.344856627599244 ], [ -76.52792297125383, 2.344856627599244 ], [ -76.52792297125383, 2.344947253308129 ], [ -76.5276535235474, 2.344947253308129 ], [ -76.5276535235474, 2.345128504725898 ], [ -76.527833155351686, 2.345128504725898 ] ] ] } },
{ "type": "Feature", "properties": { "value": 1, "State": "Burned", "Class": "Quemado", "IdxName": "NBR", "StartDate": "2025-09-27", "EndDate": "2025-09-28" }, "geometry": { "type": "Polygon", "coordinates": [ [ [ -76.523162728440369, 2.344947253308129 ], [ -76.523162728440369, 2.344856627599244 ], [ -76.522983096636082, 2.344856627599244 ], [ -76.522983096636082, 2.344766001890359 ], [ -76.522893280733939, 2.344766001890359 ], [ -76.522893280733939, 2.344947253308129 ], [ -76.523162728440369, 2.344947253308129 ] ] ] } },
{ "type": "Feature", "properties": { "value": 1, "State": "Burned", "Class": "Quemado", "IdxName": "NBR", "StartDate": "2025-09-27", "EndDate": "2025-09-28" }, "geometry": { "type": "Polygon", "coordinates": [ [ [ -76.52953965749235, 2.344856627599244 ], [ -76.52953965749235, 2.344766001890359 ], [ -76.529449841590221, 2.344766001890359 ], [ -76.529449841590221, 2.344856627599244 ], [ -76.52953965749235, 2.344856627599244 ] ] ] } },
{ "type": "Feature", "properties": { "value": 1, "State": "Burned", "Class": "Quemado", "IdxName": "NBR", "StartDate": "2025-09-27", "EndDate": "2025-09-28" }, "geometry": { "type": "Polygon", "coordinates": [ [ [ -76.556933507645255, 2.344856627599244 ], [ -76.556933507645255, 2.344766001890359 ], [ -76.556753875840982, 2.344766001890359 ], [ -76.556753875840982, 2.344675376181474 ], [ -76.556574244036696, 2.344675376181474 ], [ -76.556574244036696, 2.344766001890359 ], [ -76.556484428134553, 2.344766001890359 ], [ -76.556484428134553, 2.344856627599244 ], [ -76.556933507645255, 2.344856627599244 ] ] ] } },
{ "type": "Feature", "properties": { "value": 1, "State": "Burned", "Class": "Quemado", "IdxName": "NBR", "StartDate": "2025-09-27", "EndDate": "2025-09-28" }, "geometry": { "type": "Polygon", "coordinates": [ [ [ -76.565735466055045, 2.344766001890359 ], [ -76.565735466055045, 2.344675376181474 ], [ -76.565645650152902, 2.344675376181474 ], [ -76.565645650152902, 2.344766001890359 ], [ -76.565735466055045, 2.344766001890359 ] ] ] } },
{ "type": "Feature", "properties": { "value": 1, "State": "Burned", "Class": "Quemado", "IdxName": "NBR", "StartDate": "2025-09-27", "EndDate": "2025-09-28" }, "geometry": { "type": "Polygon", "coordinates": [ [ [ -76.511756108868497, 2.344856627599244 ], [ -76.511756108868497, 2.344766001890359 ], [ -76.51184592477064, 2.344766001890359 ], [ -76.51184592477064, 2.344675376181474 ], [ -76.511666292966368, 2.344675376181474 ], [ -76.511666292966368, 2.344766001890359 ], [ -76.511576477064224, 2.344766001890359 ], [ -76.511576477064224, 2.344675376181474 ], [ -76.511396845259938, 2.344675376181474 ], [ -76.511396845259938, 2.344856627599244 ], [ -76.511756108868497, 2.344856627599244 ] ] ] } },
{ "type": "Feature", "properties": { "value": 1, "State": "Burned", "Class": "Quemado", "IdxName": "NBR", "StartDate": "2025-09-27", "EndDate": "2025-09-28" }, "geometry": { "type": "Polygon", "coordinates": [ [ [ -76.528821130275233, 2.344856627599244 ], [ -76.528821130275233, 2.344675376181474 ], [ -76.528641498470947, 2.344675376181474 ], [ -76.528641498470947, 2.34458475047259 ], [ -76.528551682568803, 2.34458475047259 ], [ -76.528551682568803, 2.344675376181474 ], [ -76.52846186666666, 2.344675376181474 ], [ -76.52846186666666, 2.34458475047259 ], [ -76.528372050764531, 2.34458475047259 ], [ -76.528372050764531, 2.344675376181474 ], [ -76.528012787155959, 2.344675376181474 ], [ -76.528012787155959, 2.344856627599244 ], [ -76.528282234862388, 2.344856627599244 ], [ -76.528282234862388, 2.344766001890359 ], [ -76.528641498470947, 2.344766001890359 ], [ -76.528641498470947, 2.344856627599244 ], [ -76.528821130275233, 2.344856627599244 ] ] ] } },
{ "type": "Feature", "properties": { "value": 1, "State": "Burned", "Class": "Quemado", "IdxName": "NBR", "StartDate": "2025-09-27", "EndDate": "2025-09-28" }, "geometry": { "type": "Polygon", "coordinates": [ [ [ -76.645132723547405, 2.344675376181474 ], [ -76.645132723547405, 2.34458475047259 ], [ -76.645042907645262, 2.34458475047259 ], [ -76.645042907645262, 2.344675376181474 ], [ -76.645132723547405, 2.344675376181474 ] ] ] } },
{ "type": "Feature", "properties": { "value": 1, "State": "Burned", "Class": "Quemado", "IdxName": "NBR", "StartDate": "2025-09-27", "EndDate": "2025-09-28" }, "geometry": { "type": "Polygon", "coordinates": [ [ [ -76.572561474617743, 2.344675376181474 ], [ -76.572561474617743, 2.34458475047259 ], [ -76.5724716587156, 2.34458475047259 ], [ -76.5724716587156, 2.344675376181474 ], [ -76.572561474617743, 2.344675376181474 ] ] ] } },
{ "type": "Feature", "properties": { "value": 1, "State": "Burned", "Class": "Quemado", "IdxName": "NBR", "StartDate": "2025-09-27", "EndDate": "2025-09-28" }, "geometry": { "type": "Polygon", "coordinates": [ [ [ -76.529629473394493, 2.344766001890359 ], [ -76.529629473394493, 2.344675376181474 ], [ -76.529719289296636, 2.344675376181474 ], [ -76.529719289296636, 2.34458475047259 ], [ -76.52953965749235, 2.34458475047259 ], [ -76.52953965749235, 2.344766001890359 ], [ -76.529629473394493, 2.344766001890359 ] ] ] } },
{ "type": "Feature", "properties": { "value": 1, "State": "Burned", "Class": "Quemado", "IdxName": "NBR", "StartDate": "2025-09-27", "EndDate": "2025-09-28" }, "geometry": { "type": "Polygon", "coordinates": [ [ [ -76.52980910519878, 2.34458475047259 ], [ -76.52980910519878, 2.344494124763705 ], [ -76.529719289296636, 2.344494124763705 ], [ -76.529719289296636, 2.34458475047259 ], [ -76.52980910519878, 2.34458475047259 ] ] ] } },
{ "type": "Feature", "properties": { "value": 1, "State": "Burned", "Class": "Quemado", "IdxName": "NBR", "StartDate": "2025-09-27", "EndDate": "2025-09-28" }, "geometry": { "type": "Polygon", "coordinates": [ [ [ -76.512744083792043, 2.34458475047259 ], [ -76.512744083792043, 2.344494124763705 ], [ -76.512564451987771, 2.344494124763705 ], [ -76.512564451987771, 2.34458475047259 ], [ -76.512744083792043, 2.34458475047259 ] ] ] } },
{ "type": "Feature", "properties": { "value": 1, "State": "Burned", "Class": "Quemado", "IdxName": "NBR", "StartDate": "2025-09-27", "EndDate": "2025-09-28" }, "geometry": { "type": "Polygon", "coordinates": [ [ [ -76.529898921100923, 2.344494124763705 ], [ -76.529898921100923, 2.344312873345936 ], [ -76.52980910519878, 2.344312873345936 ], [ -76.52980910519878, 2.344494124763705 ], [ -76.529898921100923, 2.344494124763705 ] ] ] } },
{ "type": "Feature", "properties": { "value": 1, "State": "Burned", "Class": "Quemado", "IdxName": "NBR", "StartDate": "2025-09-27", "EndDate": "2025-09-28" }, "geometry": { "type": "Polygon", "coordinates": [ [ [ -76.645132723547405, 2.34440349905482 ], [ -76.645132723547405, 2.344312873345936 ], [ -76.645042907645262, 2.344312873345936 ], [ -76.645042907645262, 2.34440349905482 ], [ -76.645132723547405, 2.34440349905482 ] ] ] } },
{ "type": "Feature", "properties": { "value": 1, "State": "Burned", "Class": "Quemado", "IdxName": "NBR", "StartDate": "2025-09-27", "EndDate": "2025-09-28" }, "geometry": { "type": "Polygon", "coordinates": [ [ [ -76.599865508868504, 2.34440349905482 ], [ -76.599865508868504, 2.344222247637051 ], [ -76.599685877064218, 2.344222247637051 ], [ -76.599685877064218, 2.34440349905482 ], [ -76.599865508868504, 2.34440349905482 ] ] ] } },
{ "type": "Feature", "properties": { "value": 1, "State": "Burned", "Class": "Quemado", "IdxName": "NBR", "StartDate": "2025-09-27", "EndDate": "2025-09-28" }, "geometry": { "type": "Polygon", "coordinates": [ [ [ -76.53061744831804, 2.344312873345936 ], [ -76.53061744831804, 2.344222247637051 ], [ -76.530527632415897, 2.344222247637051 ], [ -76.530527632415897, 2.344312873345936 ], [ -76.53061744831804, 2.344312873345936 ] ] ] } },
{ "type": "Feature", "properties": { "value": 1, "State": "Burned", "Class": "Quemado", "IdxName": "NBR", "StartDate": "2025-09-27", "EndDate": "2025-09-28" }, "geometry": { "type": "Polygon", "coordinates": [ [ [ -76.530258184709481, 2.344312873345936 ], [ -76.530258184709481, 2.344222247637051 ], [ -76.530168368807338, 2.344222247637051 ], [ -76.530168368807338, 2.344131621928167 ], [ -76.530078552905195, 2.344131621928167 ], [ -76.530078552905195, 2.344312873345936 ], [ -76.530258184709481, 2.344312873345936 ] ] ] } },
{ "type": "Feature", "properties": { "value": 1, "State": "Burned", "Class": "Quemado", "IdxName": "NBR", "StartDate": "2025-09-27", "EndDate": "2025-09-28" }, "geometry": { "type": "Polygon", "coordinates": [ [ [ -76.598069190825683, 2.344222247637051 ], [ -76.598069190825683, 2.344131621928167 ], [ -76.597979374923554, 2.344131621928167 ], [ -76.597979374923554, 2.344222247637051 ], [ -76.598069190825683, 2.344222247637051 ] ] ] } },
{ "type": "Feature", "properties": { "value": 1, "State": "Burned", "Class": "Quemado", "IdxName": "NBR", "StartDate": "2025-09-27", "EndDate": "2025-09-28" }, "geometry": { "type": "Polygon", "coordinates": [ [ [ -76.630492731498478, 2.344222247637051 ], [ -76.630492731498478, 2.344131621928167 ], [ -76.630402915596335, 2.344131621928167 ], [ -76.630402915596335, 2.344040996219282 ], [ -76.630313099694192, 2.344040996219282 ], [ -76.630313099694192, 2.344222247637051 ], [ -76.630492731498478, 2.344222247637051 ] ] ] } },
{ "type": "Feature", "properties": { "value": 1, "State": "Burned", "Class": "Quemado", "IdxName": "NBR", "StartDate": "2025-09-27", "EndDate": "2025-09-28" }, "geometry": { "type": "Polygon", "coordinates": [ [ [ -76.630492731498478, 2.343950370510397 ], [ -76.630492731498478, 2.343859744801513 ], [ -76.630402915596335, 2.343859744801513 ], [ -76.630402915596335, 2.343950370510397 ], [ -76.630492731498478, 2.343950370510397 ] ] ] } },
{ "type": "Feature", "properties": { "value": 1, "State": "Burned", "Class": "Quemado", "IdxName": "NBR", "StartDate": "2025-09-27", "EndDate": "2025-09-28" }, "geometry": { "type": "Polygon", "coordinates": [ [ [ -76.565825281957189, 2.344675376181474 ], [ -76.565825281957189, 2.34458475047259 ], [ -76.565915097859332, 2.34458475047259 ], [ -76.565915097859332, 2.344312873345936 ], [ -76.566004913761475, 2.344312873345936 ], [ -76.566004913761475, 2.344131621928167 ], [ -76.56627436146789, 2.344131621928167 ], [ -76.56627436146789, 2.343950370510397 ], [ -76.566364177370033, 2.343950370510397 ], [ -76.566364177370033, 2.343859744801513 ], [ -76.566004913761475, 2.343859744801513 ], [ -76.566004913761475, 2.343950370510397 ], [ -76.565915097859332, 2.343950370510397 ], [ -76.565915097859332, 2.344222247637051 ], [ -76.565825281957189, 2.344222247637051 ], [ -76.565825281957189, 2.344494124763705 ], [ -76.565735466055045, 2.344494124763705 ], [ -76.565735466055045, 2.344675376181474 ], [ -76.565825281957189, 2.344675376181474 ] ] ] } },
{ "type": "Feature", "properties": { "value": 1, "State": "Burned", "Class": "Quemado", "IdxName": "NBR", "StartDate": "2025-09-27", "EndDate": "2025-09-28" }, "geometry": { "type": "Polygon", "coordinates": [ [ [ -76.523252544342512, 2.343950370510397 ], [ -76.523252544342512, 2.343859744801513 ], [ -76.523162728440369, 2.343859744801513 ], [ -76.523162728440369, 2.343950370510397 ], [ -76.523252544342512, 2.343950370510397 ] ] ] } },
{ "type": "Feature", "properties": { "value": 1, "State": "Burned", "Class": "Quemado", "IdxName": "NBR", "StartDate": "2025-09-27", "EndDate": "2025-09-28" }, "geometry": { "type": "Polygon", "coordinates": [ [ [ -76.645132723547405, 2.343859744801513 ], [ -76.645132723547405, 2.343769119092628 ], [ -76.645042907645262, 2.343769119092628 ], [ -76.645042907645262, 2.343859744801513 ], [ -76.645132723547405, 2.343859744801513 ] ] ] } },
{ "type": "Feature", "properties": { "value": 1, "State": "Burned", "Class": "Quemado", "IdxName": "NBR", "StartDate": "2025-09-27", "EndDate": "2025-09-28" }, "geometry": { "type": "Polygon", "coordinates": [ [ [ -76.638665978593281, 2.343678493383743 ], [ -76.638665978593281, 2.343587867674858 ], [ -76.638576162691137, 2.343587867674858 ], [ -76.638576162691137, 2.343678493383743 ], [ -76.638665978593281, 2.343678493383743 ] ] ] } },
{ "type": "Feature", "properties": { "value": 1, "State": "Burned", "Class": "Quemado", "IdxName": "NBR", "StartDate": "2025-09-27", "EndDate": "2025-09-28" }, "geometry": { "type": "Polygon", "coordinates": [ [ [ -76.52468959877676, 2.343406616257089 ], [ -76.52468959877676, 2.343315990548204 ], [ -76.524599782874617, 2.343315990548204 ], [ -76.524599782874617, 2.34322536483932 ], [ -76.524509966972474, 2.34322536483932 ], [ -76.524509966972474, 2.343315990548204 ], [ -76.524420151070331, 2.343315990548204 ], [ -76.524420151070331, 2.343406616257089 ], [ -76.52468959877676, 2.343406616257089 ] ] ] } },
{ "type": "Feature", "properties": { "value": 1, "State": "Burned", "Class": "Quemado", "IdxName": "NBR", "StartDate": "2025-09-27", "EndDate": "2025-09-28" }, "geometry": { "type": "Polygon", "coordinates": [ [ [ -76.569687365749232, 2.343315990548204 ], [ -76.569687365749232, 2.34322536483932 ], [ -76.569597549847103, 2.34322536483932 ], [ -76.569597549847103, 2.343315990548204 ], [ -76.569687365749232, 2.343315990548204 ] ] ] } },
{ "type": "Feature", "properties": { "value": 1, "State": "Burned", "Class": "Quemado", "IdxName": "NBR", "StartDate": "2025-09-27", "EndDate": "2025-09-28" }, "geometry": { "type": "Polygon", "coordinates": [ [ [ -76.565286386544344, 2.343134739130435 ], [ -76.565286386544344, 2.34304411342155 ], [ -76.5651965706422, 2.34304411342155 ], [ -76.5651965706422, 2.343134739130435 ], [ -76.565286386544344, 2.343134739130435 ] ] ] } },
{ "type": "Feature", "properties": { "value": 1, "State": "Burned", "Class": "Quemado", "IdxName": "NBR", "StartDate": "2025-09-27", "EndDate": "2025-09-28" }, "geometry": { "type": "Polygon", "coordinates": [ [ [ -76.62959457247706, 2.34304411342155 ], [ -76.62959457247706, 2.342953487712665 ], [ -76.629504756574931, 2.342953487712665 ], [ -76.629504756574931, 2.34304411342155 ], [ -76.62959457247706, 2.34304411342155 ] ] ] } },
{ "type": "Feature", "properties": { "value": 1, "State": "Burned", "Class": "Quemado", "IdxName": "NBR", "StartDate": "2025-09-27", "EndDate": "2025-09-28" }, "geometry": { "type": "Polygon", "coordinates": [ [ [ -76.629325124770645, 2.342953487712665 ], [ -76.629325124770645, 2.342862862003781 ], [ -76.629235308868502, 2.342862862003781 ], [ -76.629235308868502, 2.342953487712665 ], [ -76.629325124770645, 2.342953487712665 ] ] ] } },
{ "type": "Feature", "properties": { "value": 1, "State": "Burned", "Class": "Quemado", "IdxName": "NBR", "StartDate": "2025-09-27", "EndDate": "2025-09-28" }, "geometry": { "type": "Polygon", "coordinates": [ [ [ -76.524509966972474, 2.34304411342155 ], [ -76.524509966972474, 2.342953487712665 ], [ -76.524779414678903, 2.342953487712665 ], [ -76.524779414678903, 2.342862862003781 ], [ -76.524240519266058, 2.342862862003781 ], [ -76.524240519266058, 2.342953487712665 ], [ -76.524330335168202, 2.342953487712665 ], [ -76.524330335168202, 2.34304411342155 ], [ -76.524509966972474, 2.34304411342155 ] ] ] } },
{ "type": "Feature", "properties": { "value": 1, "State": "Burned", "Class": "Quemado", "IdxName": "NBR", "StartDate": "2025-09-27", "EndDate": "2025-09-28" }, "geometry": { "type": "Polygon", "coordinates": [ [ [ -76.569687365749232, 2.34304411342155 ], [ -76.569687365749232, 2.342772236294896 ], [ -76.569417918042816, 2.342772236294896 ], [ -76.569417918042816, 2.342953487712665 ], [ -76.56950773394496, 2.342953487712665 ], [ -76.56950773394496, 2.34304411342155 ], [ -76.569687365749232, 2.34304411342155 ] ] ] } },
{ "type": "Feature", "properties": { "value": 1, "State": "Burned", "Class": "Quemado", "IdxName": "NBR", "StartDate": "2025-09-27", "EndDate": "2025-09-28" }, "geometry": { "type": "Polygon", "coordinates": [ [ [ -76.524869230581047, 2.342772236294896 ], [ -76.524869230581047, 2.342681610586011 ], [ -76.524779414678903, 2.342681610586011 ], [ -76.524779414678903, 2.342772236294896 ], [ -76.524869230581047, 2.342772236294896 ] ] ] } },
{ "type": "Feature", "properties": { "value": 1, "State": "Burned", "Class": "Quemado", "IdxName": "NBR", "StartDate": "2025-09-27", "EndDate": "2025-09-28" }, "geometry": { "type": "Polygon", "coordinates": [ [ [ -76.630762179204893, 2.344040996219282 ], [ -76.630762179204893, 2.343950370510397 ], [ -76.631031626911323, 2.343950370510397 ], [ -76.631031626911323, 2.343859744801513 ], [ -76.63094181100918, 2.343859744801513 ], [ -76.63094181100918, 2.343678493383743 ], [ -76.631031626911323, 2.343678493383743 ], [ -76.631031626911323, 2.343315990548204 ], [ -76.63094181100918, 2.343315990548204 ], [ -76.63094181100918, 2.343134739130435 ], [ -76.630851995107037, 2.343134739130435 ], [ -76.630851995107037, 2.342953487712665 ], [ -76.630582547400607, 2.342953487712665 ], [ -76.630582547400607, 2.342862862003781 ], [ -76.630402915596335, 2.342862862003781 ], [ -76.630402915596335, 2.342772236294896 ], [ -76.630313099694192, 2.342772236294896 ], [ -76.630313099694192, 2.342681610586011 ], [ -76.630223283792049, 2.342681610586011 ], [ -76.630223283792049, 2.342590984877127 ], [ -76.630043651987776, 2.342590984877127 ], [ -76.630043651987776, 2.342681610586011 ], [ -76.630133467889905, 2.342681610586011 ], [ -76.630133467889905, 2.342862862003781 ], [ -76.630043651987776, 2.342862862003781 ], [ -76.630043651987776, 2.343134739130435 ], [ -76.630223283792049, 2.343134739130435 ], [ -76.630223283792049, 2.34304411342155 ], [ -76.630402915596335, 2.34304411342155 ], [ -76.630402915596335, 2.343497241965974 ], [ -76.630492731498478, 2.343497241965974 ], [ -76.630492731498478, 2.343859744801513 ], [ -76.630582547400607, 2.343859744801513 ], [ -76.630582547400607, 2.343950370510397 ], [ -76.63067236330275, 2.343950370510397 ], [ -76.63067236330275, 2.344040996219282 ], [ -76.630762179204893, 2.344040996219282 ] ] ] } },
{ "type": "Feature", "properties": { "value": 1, "State": "Burned", "Class": "Quemado", "IdxName": "NBR", "StartDate": "2025-09-27", "EndDate": "2025-09-28" }, "geometry": { "type": "Polygon", "coordinates": [ [ [ -76.606062806116213, 2.342772236294896 ], [ -76.606062806116213, 2.342590984877127 ], [ -76.60597299021407, 2.342590984877127 ], [ -76.60597299021407, 2.342681610586011 ], [ -76.605883174311927, 2.342681610586011 ], [ -76.605883174311927, 2.342772236294896 ], [ -76.606062806116213, 2.342772236294896 ] ] ] } },
{ "type": "Feature", "properties": { "value": 1, "State": "Burned", "Class": "Quemado", "IdxName": "NBR", "StartDate": "2025-09-27", "EndDate": "2025-09-28" }, "geometry": { "type": "Polygon", "coordinates": [ [ [ -76.530258184709481, 2.342772236294896 ], [ -76.530258184709481, 2.342590984877127 ], [ -76.530168368807338, 2.342590984877127 ], [ -76.530168368807338, 2.342772236294896 ], [ -76.530258184709481, 2.342772236294896 ] ] ] } },
{ "type": "Feature", "properties": { "value": 1, "State": "Burned", "Class": "Quemado", "IdxName": "NBR", "StartDate": "2025-09-27", "EndDate": "2025-09-28" }, "geometry": { "type": "Polygon", "coordinates": [ [ [ -76.553879766972472, 2.342772236294896 ], [ -76.553879766972472, 2.342681610586011 ], [ -76.553969582874615, 2.342681610586011 ], [ -76.553969582874615, 2.342590984877127 ], [ -76.553789951070343, 2.342590984877127 ], [ -76.553789951070343, 2.342681610586011 ], [ -76.553700135168199, 2.342681610586011 ], [ -76.553700135168199, 2.342772236294896 ], [ -76.553879766972472, 2.342772236294896 ] ] ] } },
{ "type": "Feature", "properties": { "value": 1, "State": "Burned", "Class": "Quemado", "IdxName": "NBR", "StartDate": "2025-09-27", "EndDate": "2025-09-28" }, "geometry": { "type": "Polygon", "coordinates": [ [ [ -76.525677573700307, 2.342500359168242 ], [ -76.525677573700307, 2.342319107750473 ], [ -76.525587757798164, 2.342319107750473 ], [ -76.525587757798164, 2.342228482041588 ], [ -76.525408125993877, 2.342228482041588 ], [ -76.525408125993877, 2.342319107750473 ], [ -76.525318310091748, 2.342319107750473 ], [ -76.525318310091748, 2.342500359168242 ], [ -76.525408125993877, 2.342500359168242 ], [ -76.525408125993877, 2.342409733459358 ], [ -76.525587757798164, 2.342409733459358 ], [ -76.525587757798164, 2.342500359168242 ], [ -76.525677573700307, 2.342500359168242 ] ] ] } },
{ "type": "Feature", "properties": { "value": 1, "State": "Burned", "Class": "Quemado", "IdxName": "NBR", "StartDate": "2025-09-27", "EndDate": "2025-09-28" }, "geometry": { "type": "Polygon", "coordinates": [ [ [ -76.542383331498471, 2.342409733459358 ], [ -76.542383331498471, 2.342228482041588 ], [ -76.542293515596327, 2.342228482041588 ], [ -76.542293515596327, 2.342409733459358 ], [ -76.542383331498471, 2.342409733459358 ] ] ] } },
{ "type": "Feature", "properties": { "value": 1, "State": "Burned", "Class": "Quemado", "IdxName": "NBR", "StartDate": "2025-09-27", "EndDate": "2025-09-28" }, "geometry": { "type": "Polygon", "coordinates": [ [ [ -76.648994807339449, 2.342319107750473 ], [ -76.648994807339449, 2.342228482041588 ], [ -76.648904991437306, 2.342228482041588 ], [ -76.648904991437306, 2.342319107750473 ], [ -76.648994807339449, 2.342319107750473 ] ] ] } },
{ "type": "Feature", "properties": { "value": 1, "State": "Burned", "Class": "Quemado", "IdxName": "NBR", "StartDate": "2025-09-27", "EndDate": "2025-09-28" }, "geometry": { "type": "Polygon", "coordinates": [ [ [ -76.523971071559629, 2.342228482041588 ], [ -76.523971071559629, 2.342137856332704 ], [ -76.523881255657486, 2.342137856332704 ], [ -76.523881255657486, 2.342228482041588 ], [ -76.523971071559629, 2.342228482041588 ] ] ] } },
{ "type": "Feature", "properties": { "value": 1, "State": "Burned", "Class": "Quemado", "IdxName": "NBR", "StartDate": "2025-09-27", "EndDate": "2025-09-28" }, "geometry": { "type": "Polygon", "coordinates": [ [ [ -76.648904991437306, 2.342228482041588 ], [ -76.648904991437306, 2.342047230623819 ], [ -76.648815175535177, 2.342047230623819 ], [ -76.648815175535177, 2.342228482041588 ], [ -76.648904991437306, 2.342228482041588 ] ] ] } },
{ "type": "Feature", "properties": { "value": 1, "State": "Burned", "Class": "Quemado", "IdxName": "NBR", "StartDate": "2025-09-27", "EndDate": "2025-09-28" }, "geometry": { "type": "Polygon", "coordinates": [ [ [ -76.524330335168202, 2.342228482041588 ], [ -76.524330335168202, 2.342047230623819 ], [ -76.523971071559629, 2.342047230623819 ], [ -76.523971071559629, 2.342137856332704 ], [ -76.524150703363915, 2.342137856332704 ], [ -76.524150703363915, 2.342228482041588 ], [ -76.524330335168202, 2.342228482041588 ] ] ] } },
{ "type": "Feature", "properties": { "value": 1, "State": "Burned", "Class": "Quemado", "IdxName": "NBR", "StartDate": "2025-09-27", "EndDate": "2025-09-28" }, "geometry": { "type": "Polygon", "coordinates": [ [ [ -76.629414940672788, 2.342681610586011 ], [ -76.629414940672788, 2.342590984877127 ], [ -76.629325124770645, 2.342590984877127 ], [ -76.629325124770645, 2.342500359168242 ], [ -76.629414940672788, 2.342500359168242 ], [ -76.629414940672788, 2.342409733459358 ], [ -76.629504756574931, 2.342409733459358 ], [ -76.629504756574931, 2.342319107750473 ], [ -76.629325124770645, 2.342319107750473 ], [ -76.629325124770645, 2.342228482041588 ], [ -76.629235308868502, 2.342228482041588 ], [ -76.629235308868502, 2.342047230623819 ], [ -76.629145492966359, 2.342047230623819 ], [ -76.629145492966359, 2.341956604914934 ], [ -76.628965861162087, 2.341956604914934 ], [ -76.628965861162087, 2.342319107750473 ], [ -76.629055677064216, 2.342319107750473 ], [ -76.629055677064216, 2.342409733459358 ], [ -76.628965861162087, 2.342409733459358 ], [ -76.628965861162087, 2.342500359168242 ], [ -76.629055677064216, 2.342500359168242 ], [ -76.629055677064216, 2.342681610586011 ], [ -76.629414940672788, 2.342681610586011 ] ] ] } },
{ "type": "Feature", "properties": { "value": 1, "State": "Burned", "Class": "Quemado", "IdxName": "NBR", "StartDate": "2025-09-27", "EndDate": "2025-09-28" }, "geometry": { "type": "Polygon", "coordinates": [ [ [ -76.628965861162087, 2.341956604914934 ], [ -76.628965861162087, 2.341865979206049 ], [ -76.628876045259943, 2.341865979206049 ], [ -76.628876045259943, 2.341956604914934 ], [ -76.628965861162087, 2.341956604914934 ] ] ] } },
{ "type": "Feature", "properties": { "value": 1, "State": "Burned", "Class": "Quemado", "IdxName": "NBR", "StartDate": "2025-09-27", "EndDate": "2025-09-28" }, "geometry": { "type": "Polygon", "coordinates": [ [ [ -76.542473147400614, 2.341956604914934 ], [ -76.542473147400614, 2.34168472778828 ], [ -76.542383331498471, 2.34168472778828 ], [ -76.542383331498471, 2.341956604914934 ], [ -76.542473147400614, 2.341956604914934 ] ] ] } },
{ "type": "Feature", "properties": { "value": 1, "State": "Burned", "Class": "Quemado", "IdxName": "NBR", "StartDate": "2025-09-27", "EndDate": "2025-09-28" }, "geometry": { "type": "Polygon", "coordinates": [ [ [ -76.62959457247706, 2.342228482041588 ], [ -76.62959457247706, 2.341956604914934 ], [ -76.629504756574931, 2.341956604914934 ], [ -76.629504756574931, 2.341865979206049 ], [ -76.629414940672788, 2.341865979206049 ], [ -76.629414940672788, 2.341594102079395 ], [ -76.629145492966359, 2.341594102079395 ], [ -76.629145492966359, 2.34168472778828 ], [ -76.629055677064216, 2.34168472778828 ], [ -76.629055677064216, 2.341775353497165 ], [ -76.628965861162087, 2.341775353497165 ], [ -76.628965861162087, 2.341865979206049 ], [ -76.629145492966359, 2.341865979206049 ], [ -76.629145492966359, 2.341775353497165 ], [ -76.629235308868502, 2.341775353497165 ], [ -76.629235308868502, 2.341865979206049 ], [ -76.629325124770645, 2.341865979206049 ], [ -76.629325124770645, 2.341956604914934 ], [ -76.629414940672788, 2.341956604914934 ], [ -76.629414940672788, 2.342047230623819 ], [ -76.629504756574931, 2.342047230623819 ], [ -76.629504756574931, 2.342228482041588 ], [ -76.62959457247706, 2.342228482041588 ] ] ] } },
{ "type": "Feature", "properties": { "value": 1, "State": "Burned", "Class": "Quemado", "IdxName": "NBR", "StartDate": "2025-09-27", "EndDate": "2025-09-28" }, "geometry": { "type": "Polygon", "coordinates": [ [ [ -76.598967349847101, 2.341775353497165 ], [ -76.598967349847101, 2.341594102079395 ], [ -76.598877533944957, 2.341594102079395 ], [ -76.598877533944957, 2.341775353497165 ], [ -76.598967349847101, 2.341775353497165 ] ] ] } },
{ "type": "Feature", "properties": { "value": 1, "State": "Burned", "Class": "Quemado", "IdxName": "NBR", "StartDate": "2025-09-27", "EndDate": "2025-09-28" }, "geometry": { "type": "Polygon", "coordinates": [ [ [ -76.555676085015293, 2.34150347637051 ], [ -76.555676085015293, 2.341412850661626 ], [ -76.555496453211006, 2.341412850661626 ], [ -76.555496453211006, 2.34150347637051 ], [ -76.555676085015293, 2.34150347637051 ] ] ] } },
{ "type": "Feature", "properties": { "value": 1, "State": "Burned", "Class": "Quemado", "IdxName": "NBR", "StartDate": "2025-09-27", "EndDate": "2025-09-28" }, "geometry": { "type": "Polygon", "coordinates": [ [ [ -76.629414940672788, 2.34150347637051 ], [ -76.629414940672788, 2.341322224952741 ], [ -76.629325124770645, 2.341322224952741 ], [ -76.629325124770645, 2.341231599243856 ], [ -76.629145492966359, 2.341231599243856 ], [ -76.629145492966359, 2.34150347637051 ], [ -76.629235308868502, 2.34150347637051 ], [ -76.629235308868502, 2.341412850661626 ], [ -76.629325124770645, 2.341412850661626 ], [ -76.629325124770645, 2.34150347637051 ], [ -76.629414940672788, 2.34150347637051 ] ] ] } },
{ "type": "Feature", "properties": { "value": 1, "State": "Burned", "Class": "Quemado", "IdxName": "NBR", "StartDate": "2025-09-27", "EndDate": "2025-09-28" }, "geometry": { "type": "Polygon", "coordinates": [ [ [ -76.62959457247706, 2.341322224952741 ], [ -76.62959457247706, 2.341231599243856 ], [ -76.629504756574931, 2.341231599243856 ], [ -76.629504756574931, 2.341322224952741 ], [ -76.62959457247706, 2.341322224952741 ] ] ] } },
{ "type": "Feature", "properties": { "value": 1, "State": "Burned", "Class": "Quemado", "IdxName": "NBR", "StartDate": "2025-09-27", "EndDate": "2025-09-28" }, "geometry": { "type": "Polygon", "coordinates": [ [ [ -76.523971071559629, 2.341412850661626 ], [ -76.523971071559629, 2.341231599243856 ], [ -76.523791439755357, 2.341231599243856 ], [ -76.523791439755357, 2.341140973534972 ], [ -76.523701623853214, 2.341140973534972 ], [ -76.523701623853214, 2.341231599243856 ], [ -76.523432176146784, 2.341231599243856 ], [ -76.523432176146784, 2.341412850661626 ], [ -76.52361180795107, 2.341412850661626 ], [ -76.52361180795107, 2.341322224952741 ], [ -76.523881255657486, 2.341322224952741 ], [ -76.523881255657486, 2.341412850661626 ], [ -76.523971071559629, 2.341412850661626 ] ] ] } },
{ "type": "Feature", "properties": { "value": 1, "State": "Burned", "Class": "Quemado", "IdxName": "NBR", "StartDate": "2025-09-27", "EndDate": "2025-09-28" }, "geometry": { "type": "Polygon", "coordinates": [ [ [ -76.629414940672788, 2.341231599243856 ], [ -76.629414940672788, 2.341140973534972 ], [ -76.629325124770645, 2.341140973534972 ], [ -76.629325124770645, 2.341231599243856 ], [ -76.629414940672788, 2.341231599243856 ] ] ] } },
{ "type": "Feature", "properties": { "value": 1, "State": "Burned", "Class": "Quemado", "IdxName": "NBR", "StartDate": "2025-09-27", "EndDate": "2025-09-28" }, "geometry": { "type": "Polygon", "coordinates": [ [ [ -76.563040988990821, 2.341231599243856 ], [ -76.563040988990821, 2.341140973534972 ], [ -76.562951173088692, 2.341140973534972 ], [ -76.562951173088692, 2.341231599243856 ], [ -76.563040988990821, 2.341231599243856 ] ] ] } },
{ "type": "Feature", "properties": { "value": 1, "State": "Burned", "Class": "Quemado", "IdxName": "NBR", "StartDate": "2025-09-27", "EndDate": "2025-09-28" }, "geometry": { "type": "Polygon", "coordinates": [ [ [ -76.64863554373089, 2.341140973534972 ], [ -76.64863554373089, 2.341050347826087 ], [ -76.648545727828747, 2.341050347826087 ], [ -76.648545727828747, 2.341140973534972 ], [ -76.64863554373089, 2.341140973534972 ] ] ] } },
{ "type": "Feature", "properties": { "value": 1, "State": "Burned", "Class": "Quemado", "IdxName": "NBR", "StartDate": "2025-09-27", "EndDate": "2025-09-28" }, "geometry": { "type": "Polygon", "coordinates": [ [ [ -76.525587757798164, 2.340869096408318 ], [ -76.525587757798164, 2.340778470699433 ], [ -76.52549794189602, 2.340778470699433 ], [ -76.52549794189602, 2.340869096408318 ], [ -76.525587757798164, 2.340869096408318 ] ] ] } },
{ "type": "Feature", "properties": { "value": 1, "State": "Burned", "Class": "Quemado", "IdxName": "NBR", "StartDate": "2025-09-27", "EndDate": "2025-09-28" }, "geometry": { "type": "Polygon", "coordinates": [ [ [ -76.545437072171254, 2.341231599243856 ], [ -76.545437072171254, 2.340778470699433 ], [ -76.545526888073397, 2.340778470699433 ], [ -76.545526888073397, 2.340687844990548 ], [ -76.54534725626911, 2.340687844990548 ], [ -76.54534725626911, 2.340778470699433 ], [ -76.545257440366967, 2.340778470699433 ], [ -76.545257440366967, 2.340869096408318 ], [ -76.545167624464838, 2.340869096408318 ], [ -76.545167624464838, 2.340959722117202 ], [ -76.545077808562695, 2.340959722117202 ], [ -76.545077808562695, 2.341231599243856 ], [ -76.545257440366967, 2.341231599243856 ], [ -76.545257440366967, 2.341140973534972 ], [ -76.54534725626911, 2.341140973534972 ], [ -76.54534725626911, 2.341231599243856 ], [ -76.545437072171254, 2.341231599243856 ] ] ] } },
{ "type": "Feature", "properties": { "value": 1, "State": "Burned", "Class": "Quemado", "IdxName": "NBR", "StartDate": "2025-09-27", "EndDate": "2025-09-28" }, "geometry": { "type": "Polygon", "coordinates": [ [ [ -76.62986402018349, 2.341231599243856 ], [ -76.62986402018349, 2.341140973534972 ], [ -76.629953836085633, 2.341140973534972 ], [ -76.629953836085633, 2.341050347826087 ], [ -76.630043651987776, 2.341050347826087 ], [ -76.630043651987776, 2.340959722117202 ], [ -76.62986402018349, 2.340959722117202 ], [ -76.62986402018349, 2.340869096408318 ], [ -76.629684388379204, 2.340869096408318 ], [ -76.629684388379204, 2.340778470699433 ], [ -76.629774204281347, 2.340778470699433 ], [ -76.629774204281347, 2.340687844990548 ], [ -76.62959457247706, 2.340687844990548 ], [ -76.62959457247706, 2.340778470699433 ], [ -76.629504756574931, 2.340778470699433 ], [ -76.629504756574931, 2.340597219281664 ], [ -76.629414940672788, 2.340597219281664 ], [ -76.629414940672788, 2.340959722117202 ], [ -76.629504756574931, 2.340959722117202 ], [ -76.629504756574931, 2.341050347826087 ], [ -76.62959457247706, 2.341050347826087 ], [ -76.62959457247706, 2.341140973534972 ], [ -76.629684388379204, 2.341140973534972 ], [ -76.629684388379204, 2.341231599243856 ], [ -76.62986402018349, 2.341231599243856 ] ] ] } },
{ "type": "Feature", "properties": { "value": 1, "State": "Burned", "Class": "Quemado", "IdxName": "NBR", "StartDate": "2025-09-27", "EndDate": "2025-09-28" }, "geometry": { "type": "Polygon", "coordinates": [ [ [ -76.523971071559629, 2.340687844990548 ], [ -76.523971071559629, 2.340597219281664 ], [ -76.523791439755357, 2.340597219281664 ], [ -76.523791439755357, 2.340687844990548 ], [ -76.523971071559629, 2.340687844990548 ] ] ] } },
{ "type": "Feature", "properties": { "value": 1, "State": "Burned", "Class": "Quemado", "IdxName": "NBR", "StartDate": "2025-09-27", "EndDate": "2025-09-28" }, "geometry": { "type": "Polygon", "coordinates": [ [ [ -76.525408125993877, 2.340597219281664 ], [ -76.525408125993877, 2.340506593572779 ], [ -76.525138678287462, 2.340506593572779 ], [ -76.525138678287462, 2.340597219281664 ], [ -76.525408125993877, 2.340597219281664 ] ] ] } },
{ "type": "Feature", "properties": { "value": 1, "State": "Burned", "Class": "Quemado", "IdxName": "NBR", "StartDate": "2025-09-27", "EndDate": "2025-09-28" }, "geometry": { "type": "Polygon", "coordinates": [ [ [ -76.523701623853214, 2.340597219281664 ], [ -76.523701623853214, 2.340506593572779 ], [ -76.52361180795107, 2.340506593572779 ], [ -76.52361180795107, 2.340597219281664 ], [ -76.523701623853214, 2.340597219281664 ] ] ] } },
{ "type": "Feature", "properties": { "value": 1, "State": "Burned", "Class": "Quemado", "IdxName": "NBR", "StartDate": "2025-09-27", "EndDate": "2025-09-28" }, "geometry": { "type": "Polygon", "coordinates": [ [ [ -76.554777925993889, 2.340506593572779 ], [ -76.554777925993889, 2.340415967863894 ], [ -76.554688110091746, 2.340415967863894 ], [ -76.554688110091746, 2.340506593572779 ], [ -76.554777925993889, 2.340506593572779 ] ] ] } },
{ "type": "Feature", "properties": { "value": 1, "State": "Burned", "Class": "Quemado", "IdxName": "NBR", "StartDate": "2025-09-27", "EndDate": "2025-09-28" }, "geometry": { "type": "Polygon", "coordinates": [ [ [ -76.524420151070331, 2.340506593572779 ], [ -76.524420151070331, 2.340415967863894 ], [ -76.524330335168202, 2.340415967863894 ], [ -76.524330335168202, 2.340506593572779 ], [ -76.524420151070331, 2.340506593572779 ] ] ] } },
{ "type": "Feature", "properties": { "value": 1, "State": "Burned", "Class": "Quemado", "IdxName": "NBR", "StartDate": "2025-09-27", "EndDate": "2025-09-28" }, "geometry": { "type": "Polygon", "coordinates": [ [ [ -76.524330335168202, 2.340597219281664 ], [ -76.524330335168202, 2.340506593572779 ], [ -76.524240519266058, 2.340506593572779 ], [ -76.524240519266058, 2.34032534215501 ], [ -76.523971071559629, 2.34032534215501 ], [ -76.523971071559629, 2.340506593572779 ], [ -76.524150703363915, 2.340506593572779 ], [ -76.524150703363915, 2.340597219281664 ], [ -76.524330335168202, 2.340597219281664 ] ] ] } },
{ "type": "Feature", "properties": { "value": 1, "State": "Burned", "Class": "Quemado", "IdxName": "NBR", "StartDate": "2025-09-27", "EndDate": "2025-09-28" }, "geometry": { "type": "Polygon", "coordinates": [ [ [ -76.52361180795107, 2.340415967863894 ], [ -76.52361180795107, 2.340234716446125 ], [ -76.523432176146784, 2.340234716446125 ], [ -76.523432176146784, 2.34032534215501 ], [ -76.523521992048927, 2.34032534215501 ], [ -76.523521992048927, 2.340415967863894 ], [ -76.52361180795107, 2.340415967863894 ] ] ] } },
{ "type": "Feature", "properties": { "value": 1, "State": "Burned", "Class": "Quemado", "IdxName": "NBR", "StartDate": "2025-09-27", "EndDate": "2025-09-28" }, "geometry": { "type": "Polygon", "coordinates": [ [ [ -76.525587757798164, 2.34032534215501 ], [ -76.525587757798164, 2.340234716446125 ], [ -76.52549794189602, 2.340234716446125 ], [ -76.52549794189602, 2.34032534215501 ], [ -76.525587757798164, 2.34032534215501 ] ] ] } },
{ "type": "Feature", "properties": { "value": 1, "State": "Burned", "Class": "Quemado", "IdxName": "NBR", "StartDate": "2025-09-27", "EndDate": "2025-09-28" }, "geometry": { "type": "Polygon", "coordinates": [ [ [ -76.649084623241592, 2.34032534215501 ], [ -76.649084623241592, 2.34014409073724 ], [ -76.648994807339449, 2.34014409073724 ], [ -76.648994807339449, 2.34032534215501 ], [ -76.649084623241592, 2.34032534215501 ] ] ] } },
{ "type": "Feature", "properties": { "value": 1, "State": "Burned", "Class": "Quemado", "IdxName": "NBR", "StartDate": "2025-09-27", "EndDate": "2025-09-28" }, "geometry": { "type": "Polygon", "coordinates": [ [ [ -76.524869230581047, 2.340234716446125 ], [ -76.524869230581047, 2.34014409073724 ], [ -76.52468959877676, 2.34014409073724 ], [ -76.52468959877676, 2.340234716446125 ], [ -76.524869230581047, 2.340234716446125 ] ] ] } },
{ "type": "Feature", "properties": { "value": 1, "State": "Burned", "Class": "Quemado", "IdxName": "NBR", "StartDate": "2025-09-27", "EndDate": "2025-09-28" }, "geometry": { "type": "Polygon", "coordinates": [ [ [ -76.524420151070331, 2.340234716446125 ], [ -76.524420151070331, 2.34014409073724 ], [ -76.524330335168202, 2.34014409073724 ], [ -76.524330335168202, 2.340234716446125 ], [ -76.524420151070331, 2.340234716446125 ] ] ] } },
{ "type": "Feature", "properties": { "value": 1, "State": "Burned", "Class": "Quemado", "IdxName": "NBR", "StartDate": "2025-09-27", "EndDate": "2025-09-28" }, "geometry": { "type": "Polygon", "coordinates": [ [ [ -76.52280346483181, 2.34032534215501 ], [ -76.52280346483181, 2.340234716446125 ], [ -76.522893280733939, 2.340234716446125 ], [ -76.522893280733939, 2.34014409073724 ], [ -76.523342360244655, 2.34014409073724 ], [ -76.523342360244655, 2.340234716446125 ], [ -76.523432176146784, 2.340234716446125 ], [ -76.523432176146784, 2.340053465028356 ], [ -76.52280346483181, 2.340053465028356 ], [ -76.52280346483181, 2.34014409073724 ], [ -76.522444201223237, 2.34014409073724 ], [ -76.522444201223237, 2.34032534215501 ], [ -76.52280346483181, 2.34032534215501 ] ] ] } },
{ "type": "Feature", "properties": { "value": 1, "State": "Burned", "Class": "Quemado", "IdxName": "NBR", "StartDate": "2025-09-27", "EndDate": "2025-09-28" }, "geometry": { "type": "Polygon", "coordinates": [ [ [ -76.52468959877676, 2.340053465028356 ], [ -76.52468959877676, 2.339962839319471 ], [ -76.524599782874617, 2.339962839319471 ], [ -76.524599782874617, 2.340053465028356 ], [ -76.52468959877676, 2.340053465028356 ] ] ] } },
{ "type": "Feature", "properties": { "value": 1, "State": "Burned", "Class": "Quemado", "IdxName": "NBR", "StartDate": "2025-09-27", "EndDate": "2025-09-28" }, "geometry": { "type": "Polygon", "coordinates": [ [ [ -76.524420151070331, 2.339962839319471 ], [ -76.524420151070331, 2.339872213610586 ], [ -76.524599782874617, 2.339872213610586 ], [ -76.524599782874617, 2.339781587901701 ], [ -76.524240519266058, 2.339781587901701 ], [ -76.524240519266058, 2.339962839319471 ], [ -76.524420151070331, 2.339962839319471 ] ] ] } },
{ "type": "Feature", "properties": { "value": 1, "State": "Burned", "Class": "Quemado", "IdxName": "NBR", "StartDate": "2025-09-27", "EndDate": "2025-09-28" }, "geometry": { "type": "Polygon", "coordinates": [ [ [ -76.509510711314988, 2.339690962192817 ], [ -76.509510711314988, 2.339600336483932 ], [ -76.509420895412845, 2.339600336483932 ], [ -76.509420895412845, 2.339690962192817 ], [ -76.509510711314988, 2.339690962192817 ] ] ] } },
{ "type": "Feature", "properties": { "value": 1, "State": "Burned", "Class": "Quemado", "IdxName": "NBR", "StartDate": "2025-09-27", "EndDate": "2025-09-28" }, "geometry": { "type": "Polygon", "coordinates": [ [ [ -76.653575418348623, 2.339600336483932 ], [ -76.653575418348623, 2.339509710775047 ], [ -76.65348560244648, 2.339509710775047 ], [ -76.65348560244648, 2.339600336483932 ], [ -76.653575418348623, 2.339600336483932 ] ] ] } },
{ "type": "Feature", "properties": { "value": 1, "State": "Burned", "Class": "Quemado", "IdxName": "NBR", "StartDate": "2025-09-27", "EndDate": "2025-09-28" }, "geometry": { "type": "Polygon", "coordinates": [ [ [ -76.512295004281341, 2.339509710775047 ], [ -76.512295004281341, 2.339419085066163 ], [ -76.512205188379198, 2.339419085066163 ], [ -76.512205188379198, 2.339509710775047 ], [ -76.512295004281341, 2.339509710775047 ] ] ] } },
{ "type": "Feature", "properties": { "value": 1, "State": "Burned", "Class": "Quemado", "IdxName": "NBR", "StartDate": "2025-09-27", "EndDate": "2025-09-28" }, "geometry": { "type": "Polygon", "coordinates": [ [ [ -76.643965116819572, 2.339690962192817 ], [ -76.643965116819572, 2.339600336483932 ], [ -76.644054932721716, 2.339600336483932 ], [ -76.644054932721716, 2.339419085066163 ], [ -76.643965116819572, 2.339419085066163 ], [ -76.643965116819572, 2.339237833648393 ], [ -76.643875300917429, 2.339237833648393 ], [ -76.643875300917429, 2.339328459357278 ], [ -76.6437854850153, 2.339328459357278 ], [ -76.6437854850153, 2.339690962192817 ], [ -76.643965116819572, 2.339690962192817 ] ] ] } },
{ "type": "Feature", "properties": { "value": 1, "State": "Burned", "Class": "Quemado", "IdxName": "NBR", "StartDate": "2025-09-27", "EndDate": "2025-09-28" }, "geometry": { "type": "Polygon", "coordinates": [ [ [ -76.646659593883797, 2.339328459357278 ], [ -76.646659593883797, 2.339237833648393 ], [ -76.646569777981654, 2.339237833648393 ], [ -76.646569777981654, 2.339328459357278 ], [ -76.646659593883797, 2.339328459357278 ] ] ] } },
{ "type": "Feature", "properties": { "value": 1, "State": "Burned", "Class": "Quemado", "IdxName": "NBR", "StartDate": "2025-09-27", "EndDate": "2025-09-28" }, "geometry": { "type": "Polygon", "coordinates": [ [ [ -76.606332253822629, 2.339419085066163 ], [ -76.606332253822629, 2.339328459357278 ], [ -76.606422069724772, 2.339328459357278 ], [ -76.606422069724772, 2.339237833648393 ], [ -76.606062806116213, 2.339237833648393 ], [ -76.606062806116213, 2.339328459357278 ], [ -76.606152622018357, 2.339328459357278 ], [ -76.606152622018357, 2.339419085066163 ], [ -76.606332253822629, 2.339419085066163 ] ] ] } },
{ "type": "Feature", "properties": { "value": 1, "State": "Burned", "Class": "Quemado", "IdxName": "NBR", "StartDate": "2025-09-27", "EndDate": "2025-09-28" }, "geometry": { "type": "Polygon", "coordinates": [ [ [ -76.544808360856265, 2.339237833648393 ], [ -76.544808360856265, 2.339147207939509 ], [ -76.544628729051993, 2.339147207939509 ], [ -76.544628729051993, 2.339237833648393 ], [ -76.544808360856265, 2.339237833648393 ] ] ] } },
{ "type": "Feature", "properties": { "value": 1, "State": "Burned", "Class": "Quemado", "IdxName": "NBR", "StartDate": "2025-09-27", "EndDate": "2025-09-28" }, "geometry": { "type": "Polygon", "coordinates": [ [ [ -76.606422069724772, 2.339056582230624 ], [ -76.606422069724772, 2.338965956521739 ], [ -76.606332253822629, 2.338965956521739 ], [ -76.606332253822629, 2.339056582230624 ], [ -76.606422069724772, 2.339056582230624 ] ] ] } },
{ "type": "Feature", "properties": { "value": 1, "State": "Burned", "Class": "Quemado", "IdxName": "NBR", "StartDate": "2025-09-27", "EndDate": "2025-09-28" }, "geometry": { "type": "Polygon", "coordinates": [ [ [ -76.538970327217129, 2.339056582230624 ], [ -76.538970327217129, 2.338965956521739 ], [ -76.538880511314986, 2.338965956521739 ], [ -76.538880511314986, 2.339056582230624 ], [ -76.538970327217129, 2.339056582230624 ] ] ] } },
{ "type": "Feature", "properties": { "value": 1, "State": "Burned", "Class": "Quemado", "IdxName": "NBR", "StartDate": "2025-09-27", "EndDate": "2025-09-28" }, "geometry": { "type": "Polygon", "coordinates": [ [ [ -76.617469425688071, 2.338965956521739 ], [ -76.617469425688071, 2.338875330812855 ], [ -76.617289793883799, 2.338875330812855 ], [ -76.617289793883799, 2.338965956521739 ], [ -76.617469425688071, 2.338965956521739 ] ] ] } },
{ "type": "Feature", "properties": { "value": 1, "State": "Burned", "Class": "Quemado", "IdxName": "NBR", "StartDate": "2025-09-27", "EndDate": "2025-09-28" }, "geometry": { "type": "Polygon", "coordinates": [ [ [ -76.538880511314986, 2.338965956521739 ], [ -76.538880511314986, 2.338875330812855 ], [ -76.538700879510699, 2.338875330812855 ], [ -76.538700879510699, 2.338965956521739 ], [ -76.538880511314986, 2.338965956521739 ] ] ] } },
{ "type": "Feature", "properties": { "value": 1, "State": "Burned", "Class": "Quemado", "IdxName": "NBR", "StartDate": "2025-09-27", "EndDate": "2025-09-28" }, "geometry": { "type": "Polygon", "coordinates": [ [ [ -76.538521247706427, 2.339056582230624 ], [ -76.538521247706427, 2.338965956521739 ], [ -76.538611063608556, 2.338965956521739 ], [ -76.538611063608556, 2.33878470510397 ], [ -76.538431431804284, 2.33878470510397 ], [ -76.538431431804284, 2.339056582230624 ], [ -76.538521247706427, 2.339056582230624 ] ] ] } },
{ "type": "Feature", "properties": { "value": 1, "State": "Burned", "Class": "Quemado", "IdxName": "NBR", "StartDate": "2025-09-27", "EndDate": "2025-09-28" }, "geometry": { "type": "Polygon", "coordinates": [ [ [ -76.646659593883797, 2.338875330812855 ], [ -76.646659593883797, 2.33878470510397 ], [ -76.646569777981654, 2.33878470510397 ], [ -76.646569777981654, 2.338875330812855 ], [ -76.646659593883797, 2.338875330812855 ] ] ] } },
{ "type": "Feature", "properties": { "value": 1, "State": "Burned", "Class": "Quemado", "IdxName": "NBR", "StartDate": "2025-09-27", "EndDate": "2025-09-28" }, "geometry": { "type": "Polygon", "coordinates": [ [ [ -76.552442712538223, 2.338875330812855 ], [ -76.552442712538223, 2.338694079395085 ], [ -76.55235289663608, 2.338694079395085 ], [ -76.55235289663608, 2.338875330812855 ], [ -76.552442712538223, 2.338875330812855 ] ] ] } },
{ "type": "Feature", "properties": { "value": 1, "State": "Burned", "Class": "Quemado", "IdxName": "NBR", "StartDate": "2025-09-27", "EndDate": "2025-09-28" }, "geometry": { "type": "Polygon", "coordinates": [ [ [ -76.523342360244655, 2.33878470510397 ], [ -76.523342360244655, 2.338694079395085 ], [ -76.523252544342512, 2.338694079395085 ], [ -76.523252544342512, 2.33878470510397 ], [ -76.523342360244655, 2.33878470510397 ] ] ] } },
{ "type": "Feature", "properties": { "value": 1, "State": "Burned", "Class": "Quemado", "IdxName": "NBR", "StartDate": "2025-09-27", "EndDate": "2025-09-28" }, "geometry": { "type": "Polygon", "coordinates": [ [ [ -76.523072912538225, 2.33878470510397 ], [ -76.523072912538225, 2.338694079395085 ], [ -76.522983096636082, 2.338694079395085 ], [ -76.522983096636082, 2.33878470510397 ], [ -76.523072912538225, 2.33878470510397 ] ] ] } },
{ "type": "Feature", "properties": { "value": 1, "State": "Burned", "Class": "Quemado", "IdxName": "NBR", "StartDate": "2025-09-27", "EndDate": "2025-09-28" }, "geometry": { "type": "Polygon", "coordinates": [ [ [ -76.523252544342512, 2.338694079395085 ], [ -76.523252544342512, 2.338603453686201 ], [ -76.523072912538225, 2.338603453686201 ], [ -76.523072912538225, 2.338694079395085 ], [ -76.523252544342512, 2.338694079395085 ] ] ] } },
{ "type": "Feature", "properties": { "value": 1, "State": "Burned", "Class": "Quemado", "IdxName": "NBR", "StartDate": "2025-09-27", "EndDate": "2025-09-28" }, "geometry": { "type": "Polygon", "coordinates": [ [ [ -76.52361180795107, 2.338603453686201 ], [ -76.52361180795107, 2.338512827977316 ], [ -76.523432176146784, 2.338512827977316 ], [ -76.523432176146784, 2.338603453686201 ], [ -76.52361180795107, 2.338603453686201 ] ] ] } },
{ "type": "Feature", "properties": { "value": 1, "State": "Burned", "Class": "Quemado", "IdxName": "NBR", "StartDate": "2025-09-27", "EndDate": "2025-09-28" }, "geometry": { "type": "Polygon", "coordinates": [ [ [ -76.523881255657486, 2.338512827977316 ], [ -76.523881255657486, 2.338422202268431 ], [ -76.523791439755357, 2.338422202268431 ], [ -76.523791439755357, 2.338512827977316 ], [ -76.523881255657486, 2.338512827977316 ] ] ] } },
{ "type": "Feature", "properties": { "value": 1, "State": "Burned", "Class": "Quemado", "IdxName": "NBR", "StartDate": "2025-09-27", "EndDate": "2025-09-28" }, "geometry": { "type": "Polygon", "coordinates": [ [ [ -76.522623833027524, 2.338331576559546 ], [ -76.522623833027524, 2.338240950850662 ], [ -76.522534017125381, 2.338240950850662 ], [ -76.522534017125381, 2.338331576559546 ], [ -76.522623833027524, 2.338331576559546 ] ] ] } },
{ "type": "Feature", "properties": { "value": 1, "State": "Burned", "Class": "Quemado", "IdxName": "NBR", "StartDate": "2025-09-27", "EndDate": "2025-09-28" }, "geometry": { "type": "Polygon", "coordinates": [ [ [ -76.522534017125381, 2.338240950850662 ], [ -76.522534017125381, 2.338150325141777 ], [ -76.522444201223237, 2.338150325141777 ], [ -76.522444201223237, 2.338240950850662 ], [ -76.522534017125381, 2.338240950850662 ] ] ] } },
{ "type": "Feature", "properties": { "value": 1, "State": "Burned", "Class": "Quemado", "IdxName": "NBR", "StartDate": "2025-09-27", "EndDate": "2025-09-28" }, "geometry": { "type": "Polygon", "coordinates": [ [ [ -76.511756108868497, 2.337878448015123 ], [ -76.511756108868497, 2.337787822306238 ], [ -76.511666292966368, 2.337787822306238 ], [ -76.511666292966368, 2.337878448015123 ], [ -76.511756108868497, 2.337878448015123 ] ] ] } },
{ "type": "Feature", "properties": { "value": 1, "State": "Burned", "Class": "Quemado", "IdxName": "NBR", "StartDate": "2025-09-27", "EndDate": "2025-09-28" }, "geometry": { "type": "Polygon", "coordinates": [ [ [ -76.521995121712536, 2.336972190926276 ], [ -76.521995121712536, 2.336881565217392 ], [ -76.521905305810392, 2.336881565217392 ], [ -76.521905305810392, 2.336972190926276 ], [ -76.521995121712536, 2.336972190926276 ] ] ] } },
{ "type": "Feature", "properties": { "value": 1, "State": "Burned", "Class": "Quemado", "IdxName": "NBR", "StartDate": "2025-09-27", "EndDate": "2025-09-28" }, "geometry": { "type": "Polygon", "coordinates": [ [ [ -76.521905305810392, 2.336881565217392 ], [ -76.521905305810392, 2.336790939508507 ], [ -76.52172567400612, 2.336790939508507 ], [ -76.52172567400612, 2.336881565217392 ], [ -76.521905305810392, 2.336881565217392 ] ] ] } },
{ "type": "Feature", "properties": { "value": 1, "State": "Burned", "Class": "Quemado", "IdxName": "NBR", "StartDate": "2025-09-27", "EndDate": "2025-09-28" }, "geometry": { "type": "Polygon", "coordinates": [ [ [ -76.516695983486244, 2.336881565217392 ], [ -76.516695983486244, 2.336790939508507 ], [ -76.516606167584101, 2.336790939508507 ], [ -76.516606167584101, 2.336881565217392 ], [ -76.516695983486244, 2.336881565217392 ] ] ] } },
{ "type": "Feature", "properties": { "value": 1, "State": "Burned", "Class": "Quemado", "IdxName": "NBR", "StartDate": "2025-09-27", "EndDate": "2025-09-28" }, "geometry": { "type": "Polygon", "coordinates": [ [ [ -76.52172567400612, 2.336790939508507 ], [ -76.52172567400612, 2.336700313799622 ], [ -76.521635858103977, 2.336700313799622 ], [ -76.521635858103977, 2.336790939508507 ], [ -76.52172567400612, 2.336790939508507 ] ] ] } },
{ "type": "Feature", "properties": { "value": 1, "State": "Burned", "Class": "Quemado", "IdxName": "NBR", "StartDate": "2025-09-27", "EndDate": "2025-09-28" }, "geometry": { "type": "Polygon", "coordinates": [ [ [ -76.520198803669729, 2.336519062381853 ], [ -76.520198803669729, 2.336428436672968 ], [ -76.520108987767586, 2.336428436672968 ], [ -76.520108987767586, 2.336519062381853 ], [ -76.520198803669729, 2.336519062381853 ] ] ] } },
{ "type": "Feature", "properties": { "value": 1, "State": "Burned", "Class": "Quemado", "IdxName": "NBR", "StartDate": "2025-09-27", "EndDate": "2025-09-28" }, "geometry": { "type": "Polygon", "coordinates": [ [ [ -76.560705775535169, 2.336790939508507 ], [ -76.560705775535169, 2.336337810964083 ], [ -76.560615959633026, 2.336337810964083 ], [ -76.560615959633026, 2.336519062381853 ], [ -76.560526143730883, 2.336519062381853 ], [ -76.560526143730883, 2.336700313799622 ], [ -76.560615959633026, 2.336700313799622 ], [ -76.560615959633026, 2.336790939508507 ], [ -76.560705775535169, 2.336790939508507 ] ] ] } },
{ "type": "Feature", "properties": { "value": 1, "State": "Burned", "Class": "Quemado", "IdxName": "NBR", "StartDate": "2025-09-27", "EndDate": "2025-09-28" }, "geometry": { "type": "Polygon", "coordinates": [ [ [ -76.521096962691132, 2.336700313799622 ], [ -76.521096962691132, 2.336609688090737 ], [ -76.521635858103977, 2.336609688090737 ], [ -76.521635858103977, 2.336519062381853 ], [ -76.521546042201834, 2.336519062381853 ], [ -76.521546042201834, 2.336428436672968 ], [ -76.521276594495419, 2.336428436672968 ], [ -76.521276594495419, 2.336519062381853 ], [ -76.521007146788989, 2.336519062381853 ], [ -76.521007146788989, 2.336428436672968 ], [ -76.520917330886846, 2.336428436672968 ], [ -76.520917330886846, 2.336337810964083 ], [ -76.52064788318043, 2.336337810964083 ], [ -76.52064788318043, 2.336428436672968 ], [ -76.520468251376144, 2.336428436672968 ], [ -76.520468251376144, 2.336519062381853 ], [ -76.520378435474001, 2.336519062381853 ], [ -76.520378435474001, 2.336609688090737 ], [ -76.520288619571872, 2.336609688090737 ], [ -76.520288619571872, 2.336519062381853 ], [ -76.520198803669729, 2.336519062381853 ], [ -76.520198803669729, 2.336700313799622 ], [ -76.520468251376144, 2.336700313799622 ], [ -76.520468251376144, 2.336609688090737 ], [ -76.52064788318043, 2.336609688090737 ], [ -76.52064788318043, 2.336519062381853 ], [ -76.520917330886846, 2.336519062381853 ], [ -76.520917330886846, 2.336609688090737 ], [ -76.521007146788989, 2.336609688090737 ], [ -76.521007146788989, 2.336700313799622 ], [ -76.521096962691132, 2.336700313799622 ] ] ] } },
{ "type": "Feature", "properties": { "value": 1, "State": "Burned", "Class": "Quemado", "IdxName": "NBR", "StartDate": "2025-09-27", "EndDate": "2025-09-28" }, "geometry": { "type": "Polygon", "coordinates": [ [ [ -76.519839540061156, 2.336519062381853 ], [ -76.519839540061156, 2.336428436672968 ], [ -76.520108987767586, 2.336428436672968 ], [ -76.520108987767586, 2.336247185255198 ], [ -76.519839540061156, 2.336247185255198 ], [ -76.519839540061156, 2.336337810964083 ], [ -76.519390460550454, 2.336337810964083 ], [ -76.519390460550454, 2.336428436672968 ], [ -76.519749724159027, 2.336428436672968 ], [ -76.519749724159027, 2.336519062381853 ], [ -76.519839540061156, 2.336519062381853 ] ] ] } },
{ "type": "Feature", "properties": { "value": 1, "State": "Burned", "Class": "Quemado", "IdxName": "NBR", "StartDate": "2025-09-27", "EndDate": "2025-09-28" }, "geometry": { "type": "Polygon", "coordinates": [ [ [ -76.56034651192661, 2.336337810964083 ], [ -76.56034651192661, 2.336247185255198 ], [ -76.560256696024467, 2.336247185255198 ], [ -76.560256696024467, 2.336337810964083 ], [ -76.56034651192661, 2.336337810964083 ] ] ] } },
{ "type": "Feature", "properties": { "value": 1, "State": "Burned", "Class": "Quemado", "IdxName": "NBR", "StartDate": "2025-09-27", "EndDate": "2025-09-28" }, "geometry": { "type": "Polygon", "coordinates": [ [ [ -76.560705775535169, 2.336065933837429 ], [ -76.560705775535169, 2.335975308128544 ], [ -76.560526143730883, 2.335975308128544 ], [ -76.560526143730883, 2.336065933837429 ], [ -76.560705775535169, 2.336065933837429 ] ] ] } },
{ "type": "Feature", "properties": { "value": 1, "State": "Burned", "Class": "Quemado", "IdxName": "NBR", "StartDate": "2025-09-27", "EndDate": "2025-09-28" }, "geometry": { "type": "Polygon", "coordinates": [ [ [ -76.608038755963307, 2.335703431001891 ], [ -76.608038755963307, 2.335612805293006 ], [ -76.607948940061164, 2.335612805293006 ], [ -76.607948940061164, 2.335703431001891 ], [ -76.608038755963307, 2.335703431001891 ] ] ] } },
{ "type": "Feature", "properties": { "value": 1, "State": "Burned", "Class": "Quemado", "IdxName": "NBR", "StartDate": "2025-09-27", "EndDate": "2025-09-28" }, "geometry": { "type": "Polygon", "coordinates": [ [ [ -76.649264255045878, 2.335794056710775 ], [ -76.649264255045878, 2.335522179584121 ], [ -76.649174439143735, 2.335522179584121 ], [ -76.649174439143735, 2.335612805293006 ], [ -76.649084623241592, 2.335612805293006 ], [ -76.649084623241592, 2.335794056710775 ], [ -76.649264255045878, 2.335794056710775 ] ] ] } },
{ "type": "Feature", "properties": { "value": 1, "State": "Burned", "Class": "Quemado", "IdxName": "NBR", "StartDate": "2025-09-27", "EndDate": "2025-09-28" }, "geometry": { "type": "Polygon", "coordinates": [ [ [ -76.537084193272165, 2.335794056710775 ], [ -76.537084193272165, 2.335703431001891 ], [ -76.537174009174308, 2.335703431001891 ], [ -76.537174009174308, 2.335522179584121 ], [ -76.536904561467892, 2.335522179584121 ], [ -76.536904561467892, 2.335612805293006 ], [ -76.536814745565749, 2.335612805293006 ], [ -76.536814745565749, 2.335703431001891 ], [ -76.536994377370036, 2.335703431001891 ], [ -76.536994377370036, 2.335794056710775 ], [ -76.537084193272165, 2.335794056710775 ] ] ] } },
{ "type": "Feature", "properties": { "value": 1, "State": "Burned", "Class": "Quemado", "IdxName": "NBR", "StartDate": "2025-09-27", "EndDate": "2025-09-28" }, "geometry": { "type": "Polygon", "coordinates": [ [ [ -76.648815175535177, 2.335340928166352 ], [ -76.648815175535177, 2.335250302457467 ], [ -76.648725359633033, 2.335250302457467 ], [ -76.648725359633033, 2.335340928166352 ], [ -76.648815175535177, 2.335340928166352 ] ] ] } },
{ "type": "Feature", "properties": { "value": 1, "State": "Burned", "Class": "Quemado", "IdxName": "NBR", "StartDate": "2025-09-27", "EndDate": "2025-09-28" }, "geometry": { "type": "Polygon", "coordinates": [ [ [ -76.65159946850153, 2.335069051039698 ], [ -76.65159946850153, 2.334978425330813 ], [ -76.651509652599387, 2.334978425330813 ], [ -76.651509652599387, 2.335069051039698 ], [ -76.65159946850153, 2.335069051039698 ] ] ] } },
{ "type": "Feature", "properties": { "value": 1, "State": "Burned", "Class": "Quemado", "IdxName": "NBR", "StartDate": "2025-09-27", "EndDate": "2025-09-28" }, "geometry": { "type": "Polygon", "coordinates": [ [ [ -76.553969582874615, 2.335069051039698 ], [ -76.553969582874615, 2.334978425330813 ], [ -76.553700135168199, 2.334978425330813 ], [ -76.553700135168199, 2.335069051039698 ], [ -76.553969582874615, 2.335069051039698 ] ] ] } },
{ "type": "Feature", "properties": { "value": 1, "State": "Burned", "Class": "Quemado", "IdxName": "NBR", "StartDate": "2025-09-27", "EndDate": "2025-09-28" }, "geometry": { "type": "Polygon", "coordinates": [ [ [ -76.553520503363913, 2.334797173913044 ], [ -76.553520503363913, 2.334706548204159 ], [ -76.55343068746177, 2.334706548204159 ], [ -76.55343068746177, 2.334797173913044 ], [ -76.553520503363913, 2.334797173913044 ] ] ] } },
{ "type": "Feature", "properties": { "value": 1, "State": "Burned", "Class": "Quemado", "IdxName": "NBR", "StartDate": "2025-09-27", "EndDate": "2025-09-28" }, "geometry": { "type": "Polygon", "coordinates": [ [ [ -76.651509652599387, 2.334978425330813 ], [ -76.651509652599387, 2.334797173913044 ], [ -76.65159946850153, 2.334797173913044 ], [ -76.65159946850153, 2.334615922495274 ], [ -76.651509652599387, 2.334615922495274 ], [ -76.651509652599387, 2.334706548204159 ], [ -76.651419836697244, 2.334706548204159 ], [ -76.651419836697244, 2.334797173913044 ], [ -76.651330020795115, 2.334797173913044 ], [ -76.651330020795115, 2.334978425330813 ], [ -76.651509652599387, 2.334978425330813 ] ] ] } },
{ "type": "Feature", "properties": { "value": 1, "State": "Burned", "Class": "Quemado", "IdxName": "NBR", "StartDate": "2025-09-27", "EndDate": "2025-09-28" }, "geometry": { "type": "Polygon", "coordinates": [ [ [ -76.553610319266056, 2.334706548204159 ], [ -76.553610319266056, 2.334615922495274 ], [ -76.553520503363913, 2.334615922495274 ], [ -76.553520503363913, 2.334706548204159 ], [ -76.553610319266056, 2.334706548204159 ] ] ] } },
{ "type": "Feature", "properties": { "value": 1, "State": "Burned", "Class": "Quemado", "IdxName": "NBR", "StartDate": "2025-09-27", "EndDate": "2025-09-28" }, "geometry": { "type": "Polygon", "coordinates": [ [ [ -76.55343068746177, 2.334706548204159 ], [ -76.55343068746177, 2.334615922495274 ], [ -76.553340871559641, 2.334615922495274 ], [ -76.553340871559641, 2.334706548204159 ], [ -76.55343068746177, 2.334706548204159 ] ] ] } },
{ "type": "Feature", "properties": { "value": 1, "State": "Burned", "Class": "Quemado", "IdxName": "NBR", "StartDate": "2025-09-27", "EndDate": "2025-09-28" }, "geometry": { "type": "Polygon", "coordinates": [ [ [ -76.553340871559641, 2.334615922495274 ], [ -76.553340871559641, 2.334525296786389 ], [ -76.553251055657498, 2.334525296786389 ], [ -76.553251055657498, 2.334615922495274 ], [ -76.553340871559641, 2.334615922495274 ] ] ] } },
{ "type": "Feature", "properties": { "value": 1, "State": "Burned", "Class": "Quemado", "IdxName": "NBR", "StartDate": "2025-09-27", "EndDate": "2025-09-28" }, "geometry": { "type": "Polygon", "coordinates": [ [ [ -76.553520503363913, 2.334525296786389 ], [ -76.553520503363913, 2.334434671077505 ], [ -76.55343068746177, 2.334434671077505 ], [ -76.55343068746177, 2.334525296786389 ], [ -76.553520503363913, 2.334525296786389 ] ] ] } },
{ "type": "Feature", "properties": { "value": 1, "State": "Burned", "Class": "Quemado", "IdxName": "NBR", "StartDate": "2025-09-27", "EndDate": "2025-09-28" }, "geometry": { "type": "Polygon", "coordinates": [ [ [ -76.609655442201841, 2.334615922495274 ], [ -76.609655442201841, 2.334434671077505 ], [ -76.609565626299698, 2.334434671077505 ], [ -76.609565626299698, 2.33434404536862 ], [ -76.609385994495412, 2.33434404536862 ], [ -76.609385994495412, 2.334253419659735 ], [ -76.60920636269114, 2.334253419659735 ], [ -76.60920636269114, 2.334434671077505 ], [ -76.609475810397555, 2.334434671077505 ], [ -76.609475810397555, 2.334615922495274 ], [ -76.609655442201841, 2.334615922495274 ] ] ] } },
{ "type": "Feature", "properties": { "value": 1, "State": "Burned", "Class": "Quemado", "IdxName": "NBR", "StartDate": "2025-09-27", "EndDate": "2025-09-28" }, "geometry": { "type": "Polygon", "coordinates": [ [ [ -76.649892966360852, 2.334434671077505 ], [ -76.649892966360852, 2.334253419659735 ], [ -76.649803150458723, 2.334253419659735 ], [ -76.649803150458723, 2.33434404536862 ], [ -76.64971333455658, 2.33434404536862 ], [ -76.64971333455658, 2.334434671077505 ], [ -76.649892966360852, 2.334434671077505 ] ] ] } },
{ "type": "Feature", "properties": { "value": 1, "State": "Burned", "Class": "Quemado", "IdxName": "NBR", "StartDate": "2025-09-27", "EndDate": "2025-09-28" }, "geometry": { "type": "Polygon", "coordinates": [ [ [ -76.552891792048925, 2.334525296786389 ], [ -76.552891792048925, 2.334434671077505 ], [ -76.553251055657498, 2.334434671077505 ], [ -76.553251055657498, 2.33434404536862 ], [ -76.553161239755354, 2.33434404536862 ], [ -76.553161239755354, 2.334253419659735 ], [ -76.553071423853211, 2.334253419659735 ], [ -76.553071423853211, 2.33434404536862 ], [ -76.552532528440366, 2.33434404536862 ], [ -76.552532528440366, 2.334434671077505 ], [ -76.552712160244653, 2.334434671077505 ], [ -76.552712160244653, 2.334525296786389 ], [ -76.552891792048925, 2.334525296786389 ] ] ] } },
{ "type": "Feature", "properties": { "value": 1, "State": "Burned", "Class": "Quemado", "IdxName": "NBR", "StartDate": "2025-09-27", "EndDate": "2025-09-28" }, "geometry": { "type": "Polygon", "coordinates": [ [ [ -76.552532528440366, 2.33434404536862 ], [ -76.552532528440366, 2.334253419659735 ], [ -76.55235289663608, 2.334253419659735 ], [ -76.55235289663608, 2.334162793950851 ], [ -76.552263080733951, 2.334162793950851 ], [ -76.552263080733951, 2.33434404536862 ], [ -76.552532528440366, 2.33434404536862 ] ] ] } },
{ "type": "Feature", "properties": { "value": 1, "State": "Burned", "Class": "Quemado", "IdxName": "NBR", "StartDate": "2025-09-27", "EndDate": "2025-09-28" }, "geometry": { "type": "Polygon", "coordinates": [ [ [ -76.650072598165139, 2.334253419659735 ], [ -76.650072598165139, 2.334162793950851 ], [ -76.649892966360852, 2.334162793950851 ], [ -76.649892966360852, 2.334253419659735 ], [ -76.650072598165139, 2.334253419659735 ] ] ] } },
{ "type": "Feature", "properties": { "value": 1, "State": "Burned", "Class": "Quemado", "IdxName": "NBR", "StartDate": "2025-09-27", "EndDate": "2025-09-28" }, "geometry": { "type": "Polygon", "coordinates": [ [ [ -76.609026730886853, 2.334253419659735 ], [ -76.609026730886853, 2.334162793950851 ], [ -76.60893691498471, 2.334162793950851 ], [ -76.60893691498471, 2.334253419659735 ], [ -76.609026730886853, 2.334253419659735 ] ] ] } },
{ "type": "Feature", "properties": { "value": 1, "State": "Burned", "Class": "Quemado", "IdxName": "NBR", "StartDate": "2025-09-27", "EndDate": "2025-09-28" }, "geometry": { "type": "Polygon", "coordinates": [ [ [ -76.552263080733951, 2.334162793950851 ], [ -76.552263080733951, 2.334072168241966 ], [ -76.552173264831808, 2.334072168241966 ], [ -76.552173264831808, 2.334162793950851 ], [ -76.552263080733951, 2.334162793950851 ] ] ] } },
{ "type": "Feature", "properties": { "value": 1, "State": "Burned", "Class": "Quemado", "IdxName": "NBR", "StartDate": "2025-09-27", "EndDate": "2025-09-28" }, "geometry": { "type": "Polygon", "coordinates": [ [ [ -76.552083448929665, 2.333981542533082 ], [ -76.552083448929665, 2.333890916824197 ], [ -76.551993633027521, 2.333890916824197 ], [ -76.551993633027521, 2.333981542533082 ], [ -76.552083448929665, 2.333981542533082 ] ] ] } },
{ "type": "Feature", "properties": { "value": 1, "State": "Burned", "Class": "Quemado", "IdxName": "NBR", "StartDate": "2025-09-27", "EndDate": "2025-09-28" }, "geometry": { "type": "Polygon", "coordinates": [ [ [ -76.516246903975542, 2.333709665406428 ], [ -76.516246903975542, 2.333619039697543 ], [ -76.516157088073399, 2.333619039697543 ], [ -76.516157088073399, 2.333709665406428 ], [ -76.516246903975542, 2.333709665406428 ] ] ] } },
{ "type": "Feature", "properties": { "value": 1, "State": "Burned", "Class": "Quemado", "IdxName": "NBR", "StartDate": "2025-09-27", "EndDate": "2025-09-28" }, "geometry": { "type": "Polygon", "coordinates": [ [ [ -76.514091322324163, 2.333709665406428 ], [ -76.514091322324163, 2.333619039697543 ], [ -76.514001506422019, 2.333619039697543 ], [ -76.514001506422019, 2.333709665406428 ], [ -76.514091322324163, 2.333709665406428 ] ] ] } },
{ "type": "Feature", "properties": { "value": 1, "State": "Burned", "Class": "Quemado", "IdxName": "NBR", "StartDate": "2025-09-27", "EndDate": "2025-09-28" }, "geometry": { "type": "Polygon", "coordinates": [ [ [ -76.551454737614677, 2.333981542533082 ], [ -76.551454737614677, 2.333890916824197 ], [ -76.55154455351682, 2.333890916824197 ], [ -76.55154455351682, 2.333709665406428 ], [ -76.551454737614677, 2.333709665406428 ], [ -76.551454737614677, 2.333528413988658 ], [ -76.551095474006118, 2.333528413988658 ], [ -76.551095474006118, 2.333437788279773 ], [ -76.551005658103975, 2.333437788279773 ], [ -76.551005658103975, 2.333619039697543 ], [ -76.551095474006118, 2.333619039697543 ], [ -76.551095474006118, 2.333709665406428 ], [ -76.551005658103975, 2.333709665406428 ], [ -76.551005658103975, 2.333800291115312 ], [ -76.550826026299688, 2.333800291115312 ], [ -76.550826026299688, 2.333890916824197 ], [ -76.551275105810404, 2.333890916824197 ], [ -76.551275105810404, 2.333981542533082 ], [ -76.551454737614677, 2.333981542533082 ] ] ] } },
{ "type": "Feature", "properties": { "value": 1, "State": "Burned", "Class": "Quemado", "IdxName": "NBR", "StartDate": "2025-09-27", "EndDate": "2025-09-28" }, "geometry": { "type": "Polygon", "coordinates": [ [ [ -76.550736210397559, 2.333890916824197 ], [ -76.550736210397559, 2.333800291115312 ], [ -76.550646394495416, 2.333800291115312 ], [ -76.550646394495416, 2.333619039697543 ], [ -76.550736210397559, 2.333619039697543 ], [ -76.550736210397559, 2.333437788279773 ], [ -76.550376946788987, 2.333437788279773 ], [ -76.550376946788987, 2.333528413988658 ], [ -76.550197314984715, 2.333528413988658 ], [ -76.550197314984715, 2.333800291115312 ], [ -76.550287130886858, 2.333800291115312 ], [ -76.550287130886858, 2.333890916824197 ], [ -76.550736210397559, 2.333890916824197 ] ] ] } },
{ "type": "Feature", "properties": { "value": 1, "State": "Burned", "Class": "Quemado", "IdxName": "NBR", "StartDate": "2025-09-27", "EndDate": "2025-09-28" }, "geometry": { "type": "Polygon", "coordinates": [ [ [ -76.514450585932721, 2.333619039697543 ], [ -76.514450585932721, 2.333528413988658 ], [ -76.514270954128435, 2.333528413988658 ], [ -76.514270954128435, 2.333437788279773 ], [ -76.514181138226306, 2.333437788279773 ], [ -76.514181138226306, 2.333528413988658 ], [ -76.514091322324163, 2.333528413988658 ], [ -76.514091322324163, 2.333619039697543 ], [ -76.514450585932721, 2.333619039697543 ] ] ] } },
{ "type": "Feature", "properties": { "value": 1, "State": "Burned", "Class": "Quemado", "IdxName": "NBR", "StartDate": "2025-09-27", "EndDate": "2025-09-28" }, "geometry": { "type": "Polygon", "coordinates": [ [ [ -76.514630217737007, 2.333619039697543 ], [ -76.514630217737007, 2.333528413988658 ], [ -76.51480984954128, 2.333528413988658 ], [ -76.51480984954128, 2.333437788279773 ], [ -76.514450585932721, 2.333437788279773 ], [ -76.514450585932721, 2.333528413988658 ], [ -76.514540401834864, 2.333528413988658 ], [ -76.514540401834864, 2.333619039697543 ], [ -76.514630217737007, 2.333619039697543 ] ] ] } },
{ "type": "Feature", "properties": { "value": 1, "State": "Burned", "Class": "Quemado", "IdxName": "NBR", "StartDate": "2025-09-27", "EndDate": "2025-09-28" }, "geometry": { "type": "Polygon", "coordinates": [ [ [ -76.551903817125378, 2.333890916824197 ], [ -76.551903817125378, 2.333800291115312 ], [ -76.551993633027521, 2.333800291115312 ], [ -76.551993633027521, 2.333709665406428 ], [ -76.552173264831808, 2.333709665406428 ], [ -76.552173264831808, 2.333619039697543 ], [ -76.552083448929665, 2.333619039697543 ], [ -76.552083448929665, 2.333528413988658 ], [ -76.551993633027521, 2.333528413988658 ], [ -76.551993633027521, 2.333347162570889 ], [ -76.551903817125378, 2.333347162570889 ], [ -76.551903817125378, 2.333437788279773 ], [ -76.551814001223249, 2.333437788279773 ], [ -76.551814001223249, 2.333890916824197 ], [ -76.551903817125378, 2.333890916824197 ] ] ] } },
{ "type": "Feature", "properties": { "value": 1, "State": "Burned", "Class": "Quemado", "IdxName": "NBR", "StartDate": "2025-09-27", "EndDate": "2025-09-28" }, "geometry": { "type": "Polygon", "coordinates": [ [ [ -76.515079297247709, 2.333437788279773 ], [ -76.515079297247709, 2.333347162570889 ], [ -76.51480984954128, 2.333347162570889 ], [ -76.51480984954128, 2.333437788279773 ], [ -76.515079297247709, 2.333437788279773 ] ] ] } },
{ "type": "Feature", "properties": { "value": 1, "State": "Burned", "Class": "Quemado", "IdxName": "NBR", "StartDate": "2025-09-27", "EndDate": "2025-09-28" }, "geometry": { "type": "Polygon", "coordinates": [ [ [ -76.551724185321106, 2.333437788279773 ], [ -76.551724185321106, 2.333256536862004 ], [ -76.551634369418963, 2.333256536862004 ], [ -76.551634369418963, 2.333347162570889 ], [ -76.55154455351682, 2.333347162570889 ], [ -76.55154455351682, 2.333437788279773 ], [ -76.551724185321106, 2.333437788279773 ] ] ] } },
{ "type": "Feature", "properties": { "value": 1, "State": "Burned", "Class": "Quemado", "IdxName": "NBR", "StartDate": "2025-09-27", "EndDate": "2025-09-28" }, "geometry": { "type": "Polygon", "coordinates": [ [ [ -76.647018857492355, 2.33298465973535 ], [ -76.647018857492355, 2.332894034026465 ], [ -76.646929041590212, 2.332894034026465 ], [ -76.646929041590212, 2.33298465973535 ], [ -76.647018857492355, 2.33298465973535 ] ] ] } },
{ "type": "Feature", "properties": { "value": 1, "State": "Burned", "Class": "Quemado", "IdxName": "NBR", "StartDate": "2025-09-27", "EndDate": "2025-09-28" }, "geometry": { "type": "Polygon", "coordinates": [ [ [ -76.618726848318047, 2.33298465973535 ], [ -76.618726848318047, 2.332894034026465 ], [ -76.618637032415904, 2.332894034026465 ], [ -76.618637032415904, 2.33298465973535 ], [ -76.618726848318047, 2.33298465973535 ] ] ] } },
{ "type": "Feature", "properties": { "value": 1, "State": "Burned", "Class": "Quemado", "IdxName": "NBR", "StartDate": "2025-09-27", "EndDate": "2025-09-28" }, "geometry": { "type": "Polygon", "coordinates": [ [ [ -76.647108673394499, 2.332894034026465 ], [ -76.647108673394499, 2.33280340831758 ], [ -76.647018857492355, 2.33280340831758 ], [ -76.647018857492355, 2.332894034026465 ], [ -76.647108673394499, 2.332894034026465 ] ] ] } },
{ "type": "Feature", "properties": { "value": 1, "State": "Burned", "Class": "Quemado", "IdxName": "NBR", "StartDate": "2025-09-27", "EndDate": "2025-09-28" }, "geometry": { "type": "Polygon", "coordinates": [ [ [ -76.60812857186545, 2.333075285444234 ], [ -76.60812857186545, 2.33298465973535 ], [ -76.608038755963307, 2.33298465973535 ], [ -76.608038755963307, 2.332894034026465 ], [ -76.607948940061164, 2.332894034026465 ], [ -76.607948940061164, 2.33280340831758 ], [ -76.60785912415902, 2.33280340831758 ], [ -76.60785912415902, 2.332712782608696 ], [ -76.607769308256877, 2.332712782608696 ], [ -76.607769308256877, 2.33280340831758 ], [ -76.607679492354748, 2.33280340831758 ], [ -76.607679492354748, 2.332894034026465 ], [ -76.607589676452605, 2.332894034026465 ], [ -76.607589676452605, 2.33298465973535 ], [ -76.607499860550462, 2.33298465973535 ], [ -76.607499860550462, 2.333075285444234 ], [ -76.60812857186545, 2.333075285444234 ] ] ] } },
{ "type": "Feature", "properties": { "value": 1, "State": "Burned", "Class": "Quemado", "IdxName": "NBR", "StartDate": "2025-09-27", "EndDate": "2025-09-28" }, "geometry": { "type": "Polygon", "coordinates": [ [ [ -76.605703542507641, 2.33298465973535 ], [ -76.605703542507641, 2.33280340831758 ], [ -76.605613726605512, 2.33280340831758 ], [ -76.605613726605512, 2.332712782608696 ], [ -76.605523910703369, 2.332712782608696 ], [ -76.605523910703369, 2.332531531190926 ], [ -76.605703542507641, 2.332531531190926 ], [ -76.605703542507641, 2.332440905482042 ], [ -76.605434094801225, 2.332440905482042 ], [ -76.605434094801225, 2.332894034026465 ], [ -76.605344278899082, 2.332894034026465 ], [ -76.605344278899082, 2.33298465973535 ], [ -76.605703542507641, 2.33298465973535 ] ] ] } },
{ "type": "Feature", "properties": { "value": 1, "State": "Burned", "Class": "Quemado", "IdxName": "NBR", "StartDate": "2025-09-27", "EndDate": "2025-09-28" }, "geometry": { "type": "Polygon", "coordinates": [ [ [ -76.527563707645257, 2.332078402646503 ], [ -76.527563707645257, 2.331987776937618 ], [ -76.5276535235474, 2.331987776937618 ], [ -76.5276535235474, 2.331897151228734 ], [ -76.527473891743114, 2.331897151228734 ], [ -76.527473891743114, 2.331987776937618 ], [ -76.527384075840985, 2.331987776937618 ], [ -76.527384075840985, 2.332078402646503 ], [ -76.527563707645257, 2.332078402646503 ] ] ] } },
{ "type": "Feature", "properties": { "value": 1, "State": "Burned", "Class": "Quemado", "IdxName": "NBR", "StartDate": "2025-09-27", "EndDate": "2025-09-28" }, "geometry": { "type": "Polygon", "coordinates": [ [ [ -76.606601701529058, 2.33280340831758 ], [ -76.606601701529058, 2.332350279773157 ], [ -76.606422069724772, 2.332350279773157 ], [ -76.606422069724772, 2.332259654064273 ], [ -76.606511885626915, 2.332259654064273 ], [ -76.606511885626915, 2.332169028355388 ], [ -76.606601701529058, 2.332169028355388 ], [ -76.606601701529058, 2.332259654064273 ], [ -76.606691517431202, 2.332259654064273 ], [ -76.606691517431202, 2.332169028355388 ], [ -76.606781333333331, 2.332169028355388 ], [ -76.606781333333331, 2.331987776937618 ], [ -76.606871149235474, 2.331987776937618 ], [ -76.606871149235474, 2.331806525519849 ], [ -76.606691517431202, 2.331806525519849 ], [ -76.606691517431202, 2.331897151228734 ], [ -76.606511885626915, 2.331897151228734 ], [ -76.606511885626915, 2.331806525519849 ], [ -76.606422069724772, 2.331806525519849 ], [ -76.606422069724772, 2.331897151228734 ], [ -76.606062806116213, 2.331897151228734 ], [ -76.606062806116213, 2.331987776937618 ], [ -76.60597299021407, 2.331987776937618 ], [ -76.60597299021407, 2.332259654064273 ], [ -76.605883174311927, 2.332259654064273 ], [ -76.605883174311927, 2.332531531190926 ], [ -76.60597299021407, 2.332531531190926 ], [ -76.60597299021407, 2.332712782608696 ], [ -76.606062806116213, 2.332712782608696 ], [ -76.606062806116213, 2.33280340831758 ], [ -76.606601701529058, 2.33280340831758 ] ] ] } },
{ "type": "Feature", "properties": { "value": 1, "State": "Burned", "Class": "Quemado", "IdxName": "NBR", "StartDate": "2025-09-27", "EndDate": "2025-09-28" }, "geometry": { "type": "Polygon", "coordinates": [ [ [ -76.527743339449543, 2.331897151228734 ], [ -76.527743339449543, 2.331806525519849 ], [ -76.5276535235474, 2.331806525519849 ], [ -76.5276535235474, 2.331897151228734 ], [ -76.527743339449543, 2.331897151228734 ] ] ] } },
{ "type": "Feature", "properties": { "value": 1, "State": "Burned", "Class": "Quemado", "IdxName": "NBR", "StartDate": "2025-09-27", "EndDate": "2025-09-28" }, "geometry": { "type": "Polygon", "coordinates": [ [ [ -76.514450585932721, 2.331897151228734 ], [ -76.514450585932721, 2.331806525519849 ], [ -76.514360770030578, 2.331806525519849 ], [ -76.514360770030578, 2.331897151228734 ], [ -76.514450585932721, 2.331897151228734 ] ] ] } },
{ "type": "Feature", "properties": { "value": 1, "State": "Burned", "Class": "Quemado", "IdxName": "NBR", "StartDate": "2025-09-27", "EndDate": "2025-09-28" }, "geometry": { "type": "Polygon", "coordinates": [ [ [ -76.553969582874615, 2.331806525519849 ], [ -76.553969582874615, 2.331715899810964 ], [ -76.553879766972472, 2.331715899810964 ], [ -76.553879766972472, 2.331806525519849 ], [ -76.553969582874615, 2.331806525519849 ] ] ] } },
{ "type": "Feature", "properties": { "value": 1, "State": "Burned", "Class": "Quemado", "IdxName": "NBR", "StartDate": "2025-09-27", "EndDate": "2025-09-28" }, "geometry": { "type": "Polygon", "coordinates": [ [ [ -76.523701623853214, 2.331806525519849 ], [ -76.523701623853214, 2.331715899810964 ], [ -76.523971071559629, 2.331715899810964 ], [ -76.523971071559629, 2.33162527410208 ], [ -76.523432176146784, 2.33162527410208 ], [ -76.523432176146784, 2.331806525519849 ], [ -76.523701623853214, 2.331806525519849 ] ] ] } },
{ "type": "Feature", "properties": { "value": 1, "State": "Burned", "Class": "Quemado", "IdxName": "NBR", "StartDate": "2025-09-27", "EndDate": "2025-09-28" }, "geometry": { "type": "Polygon", "coordinates": [ [ [ -76.522983096636082, 2.331353396975425 ], [ -76.522983096636082, 2.331262771266541 ], [ -76.522893280733939, 2.331262771266541 ], [ -76.522893280733939, 2.331353396975425 ], [ -76.522983096636082, 2.331353396975425 ] ] ] } },
{ "type": "Feature", "properties": { "value": 1, "State": "Burned", "Class": "Quemado", "IdxName": "NBR", "StartDate": "2025-09-27", "EndDate": "2025-09-28" }, "geometry": { "type": "Polygon", "coordinates": [ [ [ -76.524869230581047, 2.331262771266541 ], [ -76.524869230581047, 2.331172145557656 ], [ -76.524779414678903, 2.331172145557656 ], [ -76.524779414678903, 2.331262771266541 ], [ -76.524869230581047, 2.331262771266541 ] ] ] } },
{ "type": "Feature", "properties": { "value": 1, "State": "Burned", "Class": "Quemado", "IdxName": "NBR", "StartDate": "2025-09-27", "EndDate": "2025-09-28" }, "geometry": { "type": "Polygon", "coordinates": [ [ [ -76.528192418960245, 2.331806525519849 ], [ -76.528192418960245, 2.331715899810964 ], [ -76.52846186666666, 2.331715899810964 ], [ -76.52846186666666, 2.33162527410208 ], [ -76.528641498470947, 2.33162527410208 ], [ -76.528641498470947, 2.331534648393195 ], [ -76.528551682568803, 2.331534648393195 ], [ -76.528551682568803, 2.331172145557656 ], [ -76.52846186666666, 2.331172145557656 ], [ -76.52846186666666, 2.331262771266541 ], [ -76.528192418960245, 2.331262771266541 ], [ -76.528192418960245, 2.331081519848771 ], [ -76.528282234862388, 2.331081519848771 ], [ -76.528282234862388, 2.330900268431002 ], [ -76.528102603058102, 2.330900268431002 ], [ -76.528102603058102, 2.330990894139887 ], [ -76.528012787155959, 2.330990894139887 ], [ -76.528012787155959, 2.331172145557656 ], [ -76.528102603058102, 2.331172145557656 ], [ -76.528102603058102, 2.331262771266541 ], [ -76.528012787155959, 2.331262771266541 ], [ -76.528012787155959, 2.331534648393195 ], [ -76.52792297125383, 2.331534648393195 ], [ -76.52792297125383, 2.33162527410208 ], [ -76.527833155351686, 2.33162527410208 ], [ -76.527833155351686, 2.331806525519849 ], [ -76.528192418960245, 2.331806525519849 ] ] ] } },
{ "type": "Feature", "properties": { "value": 1, "State": "Burned", "Class": "Quemado", "IdxName": "NBR", "StartDate": "2025-09-27", "EndDate": "2025-09-28" }, "geometry": { "type": "Polygon", "coordinates": [ [ [ -76.542562963302757, 2.330900268431002 ], [ -76.542562963302757, 2.330809642722117 ], [ -76.542473147400614, 2.330809642722117 ], [ -76.542473147400614, 2.330900268431002 ], [ -76.542562963302757, 2.330900268431002 ] ] ] } },
{ "type": "Feature", "properties": { "value": 1, "State": "Burned", "Class": "Quemado", "IdxName": "NBR", "StartDate": "2025-09-27", "EndDate": "2025-09-28" }, "geometry": { "type": "Polygon", "coordinates": [ [ [ -76.542203699694184, 2.330900268431002 ], [ -76.542203699694184, 2.330809642722117 ], [ -76.542113883792055, 2.330809642722117 ], [ -76.542113883792055, 2.330900268431002 ], [ -76.542203699694184, 2.330900268431002 ] ] ] } },
{ "type": "Feature", "properties": { "value": 1, "State": "Burned", "Class": "Quemado", "IdxName": "NBR", "StartDate": "2025-09-27", "EndDate": "2025-09-28" }, "geometry": { "type": "Polygon", "coordinates": [ [ [ -76.519480276452597, 2.330809642722117 ], [ -76.519480276452597, 2.330719017013233 ], [ -76.519390460550454, 2.330719017013233 ], [ -76.519390460550454, 2.330809642722117 ], [ -76.519480276452597, 2.330809642722117 ] ] ] } },
{ "type": "Feature", "properties": { "value": 1, "State": "Burned", "Class": "Quemado", "IdxName": "NBR", "StartDate": "2025-09-27", "EndDate": "2025-09-28" }, "geometry": { "type": "Polygon", "coordinates": [ [ [ -76.524060887461772, 2.330990894139887 ], [ -76.524060887461772, 2.330900268431002 ], [ -76.524779414678903, 2.330900268431002 ], [ -76.524779414678903, 2.330809642722117 ], [ -76.524869230581047, 2.330809642722117 ], [ -76.524869230581047, 2.330719017013233 ], [ -76.52468959877676, 2.330719017013233 ], [ -76.52468959877676, 2.330628391304348 ], [ -76.524330335168202, 2.330628391304348 ], [ -76.524330335168202, 2.330719017013233 ], [ -76.524150703363915, 2.330719017013233 ], [ -76.524150703363915, 2.330809642722117 ], [ -76.523971071559629, 2.330809642722117 ], [ -76.523971071559629, 2.330990894139887 ], [ -76.524060887461772, 2.330990894139887 ] ] ] } },
{ "type": "Feature", "properties": { "value": 1, "State": "Burned", "Class": "Quemado", "IdxName": "NBR", "StartDate": "2025-09-27", "EndDate": "2025-09-28" }, "geometry": { "type": "Polygon", "coordinates": [ [ [ -76.522534017125381, 2.330719017013233 ], [ -76.522534017125381, 2.330628391304348 ], [ -76.522444201223237, 2.330628391304348 ], [ -76.522444201223237, 2.330719017013233 ], [ -76.522534017125381, 2.330719017013233 ] ] ] } },
{ "type": "Feature", "properties": { "value": 1, "State": "Burned", "Class": "Quemado", "IdxName": "NBR", "StartDate": "2025-09-27", "EndDate": "2025-09-28" }, "geometry": { "type": "Polygon", "coordinates": [ [ [ -76.522174753516822, 2.330356514177694 ], [ -76.522174753516822, 2.330265888468809 ], [ -76.522084937614679, 2.330265888468809 ], [ -76.522084937614679, 2.330356514177694 ], [ -76.522174753516822, 2.330356514177694 ] ] ] } },
{ "type": "Feature", "properties": { "value": 1, "State": "Burned", "Class": "Quemado", "IdxName": "NBR", "StartDate": "2025-09-27", "EndDate": "2025-09-28" }, "geometry": { "type": "Polygon", "coordinates": [ [ [ -76.524959046483175, 2.330265888468809 ], [ -76.524959046483175, 2.330175262759925 ], [ -76.524779414678903, 2.330175262759925 ], [ -76.524779414678903, 2.330265888468809 ], [ -76.524959046483175, 2.330265888468809 ] ] ] } },
{ "type": "Feature", "properties": { "value": 1, "State": "Burned", "Class": "Quemado", "IdxName": "NBR", "StartDate": "2025-09-27", "EndDate": "2025-09-28" }, "geometry": { "type": "Polygon", "coordinates": [ [ [ -76.525048862385319, 2.330175262759925 ], [ -76.525048862385319, 2.33008463705104 ], [ -76.524959046483175, 2.33008463705104 ], [ -76.524959046483175, 2.330175262759925 ], [ -76.525048862385319, 2.330175262759925 ] ] ] } },
{ "type": "Feature", "properties": { "value": 1, "State": "Burned", "Class": "Quemado", "IdxName": "NBR", "StartDate": "2025-09-27", "EndDate": "2025-09-28" }, "geometry": { "type": "Polygon", "coordinates": [ [ [ -76.521635858103977, 2.330175262759925 ], [ -76.521635858103977, 2.33008463705104 ], [ -76.521546042201834, 2.33008463705104 ], [ -76.521546042201834, 2.330175262759925 ], [ -76.521635858103977, 2.330175262759925 ] ] ] } },
{ "type": "Feature", "properties": { "value": 1, "State": "Burned", "Class": "Quemado", "IdxName": "NBR", "StartDate": "2025-09-27", "EndDate": "2025-09-28" }, "geometry": { "type": "Polygon", "coordinates": [ [ [ -76.548939892354738, 2.32990338563327 ], [ -76.548939892354738, 2.329722134215501 ], [ -76.548670444648323, 2.329722134215501 ], [ -76.548670444648323, 2.329812759924386 ], [ -76.548760260550466, 2.329812759924386 ], [ -76.548760260550466, 2.32990338563327 ], [ -76.548939892354738, 2.32990338563327 ] ] ] } },
{ "type": "Feature", "properties": { "value": 1, "State": "Burned", "Class": "Quemado", "IdxName": "NBR", "StartDate": "2025-09-27", "EndDate": "2025-09-28" }, "geometry": { "type": "Polygon", "coordinates": [ [ [ -76.556753875840982, 2.329722134215501 ], [ -76.556753875840982, 2.329631508506616 ], [ -76.556664059938839, 2.329631508506616 ], [ -76.556664059938839, 2.329722134215501 ], [ -76.556753875840982, 2.329722134215501 ] ] ] } },
{ "type": "Feature", "properties": { "value": 1, "State": "Burned", "Class": "Quemado", "IdxName": "NBR", "StartDate": "2025-09-27", "EndDate": "2025-09-28" }, "geometry": { "type": "Polygon", "coordinates": [ [ [ -76.531156343730885, 2.329722134215501 ], [ -76.531156343730885, 2.329631508506616 ], [ -76.531066527828742, 2.329631508506616 ], [ -76.531066527828742, 2.329722134215501 ], [ -76.531156343730885, 2.329722134215501 ] ] ] } },
{ "type": "Feature", "properties": { "value": 1, "State": "Burned", "Class": "Quemado", "IdxName": "NBR", "StartDate": "2025-09-27", "EndDate": "2025-09-28" }, "geometry": { "type": "Polygon", "coordinates": [ [ [ -76.556664059938839, 2.329540882797732 ], [ -76.556664059938839, 2.329450257088847 ], [ -76.556574244036696, 2.329450257088847 ], [ -76.556574244036696, 2.329540882797732 ], [ -76.556664059938839, 2.329540882797732 ] ] ] } },
{ "type": "Feature", "properties": { "value": 1, "State": "Burned", "Class": "Quemado", "IdxName": "NBR", "StartDate": "2025-09-27", "EndDate": "2025-09-28" }, "geometry": { "type": "Polygon", "coordinates": [ [ [ -76.614774948623861, 2.329450257088847 ], [ -76.614774948623861, 2.329359631379962 ], [ -76.614685132721718, 2.329359631379962 ], [ -76.614685132721718, 2.329450257088847 ], [ -76.614774948623861, 2.329450257088847 ] ] ] } },
{ "type": "Feature", "properties": { "value": 1, "State": "Burned", "Class": "Quemado", "IdxName": "NBR", "StartDate": "2025-09-27", "EndDate": "2025-09-28" }, "geometry": { "type": "Polygon", "coordinates": [ [ [ -76.52172567400612, 2.329359631379962 ], [ -76.52172567400612, 2.329269005671078 ], [ -76.521635858103977, 2.329269005671078 ], [ -76.521635858103977, 2.329359631379962 ], [ -76.52172567400612, 2.329359631379962 ] ] ] } },
{ "type": "Feature", "properties": { "value": 1, "State": "Burned", "Class": "Quemado", "IdxName": "NBR", "StartDate": "2025-09-27", "EndDate": "2025-09-28" }, "geometry": { "type": "Polygon", "coordinates": [ [ [ -76.614325869113145, 2.329722134215501 ], [ -76.614325869113145, 2.329540882797732 ], [ -76.614415685015288, 2.329540882797732 ], [ -76.614415685015288, 2.329450257088847 ], [ -76.614325869113145, 2.329450257088847 ], [ -76.614325869113145, 2.329178379962193 ], [ -76.613876789602443, 2.329178379962193 ], [ -76.613876789602443, 2.329540882797732 ], [ -76.61405642140673, 2.329540882797732 ], [ -76.61405642140673, 2.329450257088847 ], [ -76.614236053211016, 2.329450257088847 ], [ -76.614236053211016, 2.329722134215501 ], [ -76.614325869113145, 2.329722134215501 ] ] ] } },
{ "type": "Feature", "properties": { "value": 1, "State": "Burned", "Class": "Quemado", "IdxName": "NBR", "StartDate": "2025-09-27", "EndDate": "2025-09-28" }, "geometry": { "type": "Polygon", "coordinates": [ [ [ -76.521905305810392, 2.329269005671078 ], [ -76.521905305810392, 2.329178379962193 ], [ -76.521815489908263, 2.329178379962193 ], [ -76.521815489908263, 2.329269005671078 ], [ -76.521905305810392, 2.329269005671078 ] ] ] } },
{ "type": "Feature", "properties": { "value": 1, "State": "Burned", "Class": "Quemado", "IdxName": "NBR", "StartDate": "2025-09-27", "EndDate": "2025-09-28" }, "geometry": { "type": "Polygon", "coordinates": [ [ [ -76.6548328409786, 2.329269005671078 ], [ -76.6548328409786, 2.329178379962193 ], [ -76.654922656880743, 2.329178379962193 ], [ -76.654922656880743, 2.329087754253308 ], [ -76.655012472782872, 2.329087754253308 ], [ -76.655012472782872, 2.328906502835539 ], [ -76.654922656880743, 2.328906502835539 ], [ -76.654922656880743, 2.32872525141777 ], [ -76.654743025076456, 2.32872525141777 ], [ -76.654743025076456, 2.328906502835539 ], [ -76.654653209174313, 2.328906502835539 ], [ -76.654653209174313, 2.329178379962193 ], [ -76.654743025076456, 2.329178379962193 ], [ -76.654743025076456, 2.329269005671078 ], [ -76.6548328409786, 2.329269005671078 ] ] ] } },
{ "type": "Feature", "properties": { "value": 1, "State": "Burned", "Class": "Quemado", "IdxName": "NBR", "StartDate": "2025-09-27", "EndDate": "2025-09-28" }, "geometry": { "type": "Polygon", "coordinates": [ [ [ -76.570495708868506, 2.328815877126654 ], [ -76.570495708868506, 2.32872525141777 ], [ -76.570405892966363, 2.32872525141777 ], [ -76.570405892966363, 2.328815877126654 ], [ -76.570495708868506, 2.328815877126654 ] ] ] } },
{ "type": "Feature", "properties": { "value": 1, "State": "Burned", "Class": "Quemado", "IdxName": "NBR", "StartDate": "2025-09-27", "EndDate": "2025-09-28" }, "geometry": { "type": "Polygon", "coordinates": [ [ [ -76.65186891620796, 2.32872525141777 ], [ -76.65186891620796, 2.328634625708885 ], [ -76.651689284403673, 2.328634625708885 ], [ -76.651689284403673, 2.32872525141777 ], [ -76.65186891620796, 2.32872525141777 ] ] ] } },
{ "type": "Feature", "properties": { "value": 1, "State": "Burned", "Class": "Quemado", "IdxName": "NBR", "StartDate": "2025-09-27", "EndDate": "2025-09-28" }, "geometry": { "type": "Polygon", "coordinates": [ [ [ -76.642168798776765, 2.32872525141777 ], [ -76.642168798776765, 2.328634625708885 ], [ -76.642078982874622, 2.328634625708885 ], [ -76.642078982874622, 2.32872525141777 ], [ -76.642168798776765, 2.32872525141777 ] ] ] } },
{ "type": "Feature", "properties": { "value": 1, "State": "Burned", "Class": "Quemado", "IdxName": "NBR", "StartDate": "2025-09-27", "EndDate": "2025-09-28" }, "geometry": { "type": "Polygon", "coordinates": [ [ [ -76.593668211620795, 2.328544 ], [ -76.593668211620795, 2.328453374291116 ], [ -76.593578395718652, 2.328453374291116 ], [ -76.593578395718652, 2.328544 ], [ -76.593668211620795, 2.328544 ] ] ] } },
{ "type": "Feature", "properties": { "value": 1, "State": "Burned", "Class": "Quemado", "IdxName": "NBR", "StartDate": "2025-09-27", "EndDate": "2025-09-28" }, "geometry": { "type": "Polygon", "coordinates": [ [ [ -76.644234564526002, 2.32872525141777 ], [ -76.644234564526002, 2.328362748582231 ], [ -76.644144748623859, 2.328362748582231 ], [ -76.644144748623859, 2.328453374291116 ], [ -76.644054932721716, 2.328453374291116 ], [ -76.644054932721716, 2.328544 ], [ -76.644144748623859, 2.328544 ], [ -76.644144748623859, 2.32872525141777 ], [ -76.644234564526002, 2.32872525141777 ] ] ] } },
{ "type": "Feature", "properties": { "value": 1, "State": "Burned", "Class": "Quemado", "IdxName": "NBR", "StartDate": "2025-09-27", "EndDate": "2025-09-28" }, "geometry": { "type": "Polygon", "coordinates": [ [ [ -76.549838051376142, 2.328544 ], [ -76.549838051376142, 2.328362748582231 ], [ -76.54965841957187, 2.328362748582231 ], [ -76.54965841957187, 2.328544 ], [ -76.549838051376142, 2.328544 ] ] ] } },
{ "type": "Feature", "properties": { "value": 1, "State": "Burned", "Class": "Quemado", "IdxName": "NBR", "StartDate": "2025-09-27", "EndDate": "2025-09-28" }, "geometry": { "type": "Polygon", "coordinates": [ [ [ -76.645222539449549, 2.328815877126654 ], [ -76.645222539449549, 2.32872525141777 ], [ -76.645312355351692, 2.32872525141777 ], [ -76.645312355351692, 2.328544 ], [ -76.645402171253821, 2.328544 ], [ -76.645402171253821, 2.328272122873346 ], [ -76.645312355351692, 2.328272122873346 ], [ -76.645312355351692, 2.328181497164461 ], [ -76.645222539449549, 2.328181497164461 ], [ -76.645222539449549, 2.328272122873346 ], [ -76.645132723547405, 2.328272122873346 ], [ -76.645132723547405, 2.328453374291116 ], [ -76.645042907645262, 2.328453374291116 ], [ -76.645042907645262, 2.328544 ], [ -76.645132723547405, 2.328544 ], [ -76.645132723547405, 2.328634625708885 ], [ -76.644953091743119, 2.328634625708885 ], [ -76.644953091743119, 2.328544 ], [ -76.644863275840976, 2.328544 ], [ -76.644863275840976, 2.32872525141777 ], [ -76.644953091743119, 2.32872525141777 ], [ -76.644953091743119, 2.328815877126654 ], [ -76.645222539449549, 2.328815877126654 ] ] ] } },
{ "type": "Feature", "properties": { "value": 1, "State": "Burned", "Class": "Quemado", "IdxName": "NBR", "StartDate": "2025-09-27", "EndDate": "2025-09-28" }, "geometry": { "type": "Polygon", "coordinates": [ [ [ -76.515618192660554, 2.328272122873346 ], [ -76.515618192660554, 2.328181497164461 ], [ -76.515528376758411, 2.328181497164461 ], [ -76.515528376758411, 2.328272122873346 ], [ -76.515618192660554, 2.328272122873346 ] ] ] } },
{ "type": "Feature", "properties": { "value": 1, "State": "Burned", "Class": "Quemado", "IdxName": "NBR", "StartDate": "2025-09-27", "EndDate": "2025-09-28" }, "geometry": { "type": "Polygon", "coordinates": [ [ [ -76.515797824464826, 2.328181497164461 ], [ -76.515797824464826, 2.328090871455577 ], [ -76.515708008562697, 2.328090871455577 ], [ -76.515708008562697, 2.328181497164461 ], [ -76.515797824464826, 2.328181497164461 ] ] ] } },
{ "type": "Feature", "properties": { "value": 1, "State": "Burned", "Class": "Quemado", "IdxName": "NBR", "StartDate": "2025-09-27", "EndDate": "2025-09-28" }, "geometry": { "type": "Polygon", "coordinates": [ [ [ -76.645491987155964, 2.328090871455577 ], [ -76.645491987155964, 2.328000245746692 ], [ -76.645312355351692, 2.328000245746692 ], [ -76.645312355351692, 2.328090871455577 ], [ -76.645491987155964, 2.328090871455577 ] ] ] } },
{ "type": "Feature", "properties": { "value": 1, "State": "Burned", "Class": "Quemado", "IdxName": "NBR", "StartDate": "2025-09-27", "EndDate": "2025-09-28" }, "geometry": { "type": "Polygon", "coordinates": [ [ [ -76.515977456269113, 2.328090871455577 ], [ -76.515977456269113, 2.328000245746692 ], [ -76.515887640366969, 2.328000245746692 ], [ -76.515887640366969, 2.328090871455577 ], [ -76.515977456269113, 2.328090871455577 ] ] ] } },
{ "type": "Feature", "properties": { "value": 1, "State": "Burned", "Class": "Quemado", "IdxName": "NBR", "StartDate": "2025-09-27", "EndDate": "2025-09-28" }, "geometry": { "type": "Polygon", "coordinates": [ [ [ -76.645312355351692, 2.328000245746692 ], [ -76.645312355351692, 2.327909620037807 ], [ -76.645222539449549, 2.327909620037807 ], [ -76.645222539449549, 2.328000245746692 ], [ -76.645312355351692, 2.328000245746692 ] ] ] } },
{ "type": "Feature", "properties": { "value": 1, "State": "Burned", "Class": "Quemado", "IdxName": "NBR", "StartDate": "2025-09-27", "EndDate": "2025-09-28" }, "geometry": { "type": "Polygon", "coordinates": [ [ [ -76.542024067889912, 2.328000245746692 ], [ -76.542024067889912, 2.327909620037807 ], [ -76.541934251987769, 2.327909620037807 ], [ -76.541934251987769, 2.328000245746692 ], [ -76.542024067889912, 2.328000245746692 ] ] ] } },
{ "type": "Feature", "properties": { "value": 1, "State": "Burned", "Class": "Quemado", "IdxName": "NBR", "StartDate": "2025-09-27", "EndDate": "2025-09-28" }, "geometry": { "type": "Polygon", "coordinates": [ [ [ -76.570585524770649, 2.327818994328922 ], [ -76.570585524770649, 2.327728368620038 ], [ -76.570495708868506, 2.327728368620038 ], [ -76.570495708868506, 2.327818994328922 ], [ -76.570585524770649, 2.327818994328922 ] ] ] } },
{ "type": "Feature", "properties": { "value": 1, "State": "Burned", "Class": "Quemado", "IdxName": "NBR", "StartDate": "2025-09-27", "EndDate": "2025-09-28" }, "geometry": { "type": "Polygon", "coordinates": [ [ [ -76.570136445259934, 2.327728368620038 ], [ -76.570136445259934, 2.327637742911153 ], [ -76.570046629357805, 2.327637742911153 ], [ -76.570046629357805, 2.327728368620038 ], [ -76.570136445259934, 2.327728368620038 ] ] ] } },
{ "type": "Feature", "properties": { "value": 1, "State": "Burned", "Class": "Quemado", "IdxName": "NBR", "StartDate": "2025-09-27", "EndDate": "2025-09-28" }, "geometry": { "type": "Polygon", "coordinates": [ [ [ -76.583698646483185, 2.327818994328922 ], [ -76.583698646483185, 2.327728368620038 ], [ -76.583788462385328, 2.327728368620038 ], [ -76.583788462385328, 2.327637742911153 ], [ -76.583698646483185, 2.327637742911153 ], [ -76.583698646483185, 2.327547117202269 ], [ -76.583519014678899, 2.327547117202269 ], [ -76.583519014678899, 2.327637742911153 ], [ -76.583429198776756, 2.327637742911153 ], [ -76.583429198776756, 2.327728368620038 ], [ -76.583339382874613, 2.327728368620038 ], [ -76.583339382874613, 2.327818994328922 ], [ -76.583698646483185, 2.327818994328922 ] ] ] } },
{ "type": "Feature", "properties": { "value": 1, "State": "Burned", "Class": "Quemado", "IdxName": "NBR", "StartDate": "2025-09-27", "EndDate": "2025-09-28" }, "geometry": { "type": "Polygon", "coordinates": [ [ [ -76.570675340672778, 2.327728368620038 ], [ -76.570675340672778, 2.327547117202269 ], [ -76.570585524770649, 2.327547117202269 ], [ -76.570585524770649, 2.327728368620038 ], [ -76.570675340672778, 2.327728368620038 ] ] ] } },
{ "type": "Feature", "properties": { "value": 1, "State": "Burned", "Class": "Quemado", "IdxName": "NBR", "StartDate": "2025-09-27", "EndDate": "2025-09-28" }, "geometry": { "type": "Polygon", "coordinates": [ [ [ -76.583249566972484, 2.327637742911153 ], [ -76.583249566972484, 2.327547117202269 ], [ -76.58315975107034, 2.327547117202269 ], [ -76.58315975107034, 2.327637742911153 ], [ -76.583249566972484, 2.327637742911153 ] ] ] } },
{ "type": "Feature", "properties": { "value": 1, "State": "Burned", "Class": "Quemado", "IdxName": "NBR", "StartDate": "2025-09-27", "EndDate": "2025-09-28" }, "geometry": { "type": "Polygon", "coordinates": [ [ [ -76.65375505015291, 2.327547117202269 ], [ -76.65375505015291, 2.327456491493384 ], [ -76.653665234250767, 2.327456491493384 ], [ -76.653665234250767, 2.327547117202269 ], [ -76.65375505015291, 2.327547117202269 ] ] ] } },
{ "type": "Feature", "properties": { "value": 1, "State": "Burned", "Class": "Quemado", "IdxName": "NBR", "StartDate": "2025-09-27", "EndDate": "2025-09-28" }, "geometry": { "type": "Polygon", "coordinates": [ [ [ -76.583878278287457, 2.327547117202269 ], [ -76.583878278287457, 2.327456491493384 ], [ -76.583698646483185, 2.327456491493384 ], [ -76.583698646483185, 2.327547117202269 ], [ -76.583878278287457, 2.327547117202269 ] ] ] } },
{ "type": "Feature", "properties": { "value": 1, "State": "Burned", "Class": "Quemado", "IdxName": "NBR", "StartDate": "2025-09-27", "EndDate": "2025-09-28" }, "geometry": { "type": "Polygon", "coordinates": [ [ [ -76.570136445259934, 2.327547117202269 ], [ -76.570136445259934, 2.327456491493384 ], [ -76.570046629357805, 2.327456491493384 ], [ -76.570046629357805, 2.327547117202269 ], [ -76.570136445259934, 2.327547117202269 ] ] ] } },
{ "type": "Feature", "properties": { "value": 1, "State": "Burned", "Class": "Quemado", "IdxName": "NBR", "StartDate": "2025-09-27", "EndDate": "2025-09-28" }, "geometry": { "type": "Polygon", "coordinates": [ [ [ -76.540587013455664, 2.327728368620038 ], [ -76.540587013455664, 2.327365865784499 ], [ -76.54049719755352, 2.327365865784499 ], [ -76.54049719755352, 2.327456491493384 ], [ -76.540407381651377, 2.327456491493384 ], [ -76.540407381651377, 2.327728368620038 ], [ -76.540587013455664, 2.327728368620038 ] ] ] } },
{ "type": "Feature", "properties": { "value": 1, "State": "Burned", "Class": "Quemado", "IdxName": "NBR", "StartDate": "2025-09-27", "EndDate": "2025-09-28" }, "geometry": { "type": "Polygon", "coordinates": [ [ [ -76.570046629357805, 2.327456491493384 ], [ -76.570046629357805, 2.327365865784499 ], [ -76.569866997553518, 2.327365865784499 ], [ -76.569866997553518, 2.327456491493384 ], [ -76.570046629357805, 2.327456491493384 ] ] ] } },
{ "type": "Feature", "properties": { "value": 1, "State": "Burned", "Class": "Quemado", "IdxName": "NBR", "StartDate": "2025-09-27", "EndDate": "2025-09-28" }, "geometry": { "type": "Polygon", "coordinates": [ [ [ -76.569777181651375, 2.327456491493384 ], [ -76.569777181651375, 2.327365865784499 ], [ -76.569597549847103, 2.327365865784499 ], [ -76.569597549847103, 2.327456491493384 ], [ -76.569777181651375, 2.327456491493384 ] ] ] } },
{ "type": "Feature", "properties": { "value": 1, "State": "Burned", "Class": "Quemado", "IdxName": "NBR", "StartDate": "2025-09-27", "EndDate": "2025-09-28" }, "geometry": { "type": "Polygon", "coordinates": [ [ [ -76.644324380428131, 2.328272122873346 ], [ -76.644324380428131, 2.328181497164461 ], [ -76.644414196330274, 2.328181497164461 ], [ -76.644414196330274, 2.328090871455577 ], [ -76.644504012232417, 2.328090871455577 ], [ -76.644504012232417, 2.327909620037807 ], [ -76.644683644036704, 2.327909620037807 ], [ -76.644683644036704, 2.328000245746692 ], [ -76.644953091743119, 2.328000245746692 ], [ -76.644953091743119, 2.327909620037807 ], [ -76.645042907645262, 2.327909620037807 ], [ -76.645042907645262, 2.327456491493384 ], [ -76.645132723547405, 2.327456491493384 ], [ -76.645132723547405, 2.327275240075615 ], [ -76.644953091743119, 2.327275240075615 ], [ -76.644953091743119, 2.327365865784499 ], [ -76.644863275840976, 2.327365865784499 ], [ -76.644863275840976, 2.327547117202269 ], [ -76.644773459938847, 2.327547117202269 ], [ -76.644773459938847, 2.327456491493384 ], [ -76.64459382813456, 2.327456491493384 ], [ -76.64459382813456, 2.327547117202269 ], [ -76.644414196330274, 2.327547117202269 ], [ -76.644414196330274, 2.327637742911153 ], [ -76.644324380428131, 2.327637742911153 ], [ -76.644324380428131, 2.327818994328922 ], [ -76.644234564526002, 2.327818994328922 ], [ -76.644234564526002, 2.328000245746692 ], [ -76.644144748623859, 2.328000245746692 ], [ -76.644144748623859, 2.328272122873346 ], [ -76.644324380428131, 2.328272122873346 ] ] ] } },
{ "type": "Feature", "properties": { "value": 1, "State": "Burned", "Class": "Quemado", "IdxName": "NBR", "StartDate": "2025-09-27", "EndDate": "2025-09-28" }, "geometry": { "type": "Polygon", "coordinates": [ [ [ -76.52468959877676, 2.327365865784499 ], [ -76.52468959877676, 2.327275240075615 ], [ -76.524599782874617, 2.327275240075615 ], [ -76.524599782874617, 2.327365865784499 ], [ -76.52468959877676, 2.327365865784499 ] ] ] } },
{ "type": "Feature", "properties": { "value": 1, "State": "Burned", "Class": "Quemado", "IdxName": "NBR", "StartDate": "2025-09-27", "EndDate": "2025-09-28" }, "geometry": { "type": "Polygon", "coordinates": [ [ [ -76.522174753516822, 2.327365865784499 ], [ -76.522174753516822, 2.327275240075615 ], [ -76.522084937614679, 2.327275240075615 ], [ -76.522084937614679, 2.327365865784499 ], [ -76.522174753516822, 2.327365865784499 ] ] ] } },
{ "type": "Feature", "properties": { "value": 1, "State": "Burned", "Class": "Quemado", "IdxName": "NBR", "StartDate": "2025-09-27", "EndDate": "2025-09-28" }, "geometry": { "type": "Polygon", "coordinates": [ [ [ -76.537443456880737, 2.327275240075615 ], [ -76.537443456880737, 2.32718461436673 ], [ -76.537353640978594, 2.32718461436673 ], [ -76.537353640978594, 2.327275240075615 ], [ -76.537443456880737, 2.327275240075615 ] ] ] } },
{ "type": "Feature", "properties": { "value": 1, "State": "Burned", "Class": "Quemado", "IdxName": "NBR", "StartDate": "2025-09-27", "EndDate": "2025-09-28" }, "geometry": { "type": "Polygon", "coordinates": [ [ [ -76.522264569418965, 2.327275240075615 ], [ -76.522264569418965, 2.32718461436673 ], [ -76.522174753516822, 2.32718461436673 ], [ -76.522174753516822, 2.327275240075615 ], [ -76.522264569418965, 2.327275240075615 ] ] ] } },
{ "type": "Feature", "properties": { "value": 1, "State": "Burned", "Class": "Quemado", "IdxName": "NBR", "StartDate": "2025-09-27", "EndDate": "2025-09-28" }, "geometry": { "type": "Polygon", "coordinates": [ [ [ -76.537084193272165, 2.327365865784499 ], [ -76.537084193272165, 2.327093988657845 ], [ -76.536904561467892, 2.327093988657845 ], [ -76.536904561467892, 2.327275240075615 ], [ -76.536994377370036, 2.327275240075615 ], [ -76.536994377370036, 2.327365865784499 ], [ -76.537084193272165, 2.327365865784499 ] ] ] } },
{ "type": "Feature", "properties": { "value": 1, "State": "Burned", "Class": "Quemado", "IdxName": "NBR", "StartDate": "2025-09-27", "EndDate": "2025-09-28" }, "geometry": { "type": "Polygon", "coordinates": [ [ [ -76.523701623853214, 2.327275240075615 ], [ -76.523701623853214, 2.32718461436673 ], [ -76.52361180795107, 2.32718461436673 ], [ -76.52361180795107, 2.327093988657845 ], [ -76.523521992048927, 2.327093988657845 ], [ -76.523521992048927, 2.32718461436673 ], [ -76.523432176146784, 2.32718461436673 ], [ -76.523432176146784, 2.327275240075615 ], [ -76.523701623853214, 2.327275240075615 ] ] ] } },
{ "type": "Feature", "properties": { "value": 1, "State": "Burned", "Class": "Quemado", "IdxName": "NBR", "StartDate": "2025-09-27", "EndDate": "2025-09-28" }, "geometry": { "type": "Polygon", "coordinates": [ [ [ -76.537353640978594, 2.32718461436673 ], [ -76.537353640978594, 2.327093988657845 ], [ -76.537174009174308, 2.327093988657845 ], [ -76.537174009174308, 2.32718461436673 ], [ -76.537353640978594, 2.32718461436673 ] ] ] } },
{ "type": "Feature", "properties": { "value": 1, "State": "Burned", "Class": "Quemado", "IdxName": "NBR", "StartDate": "2025-09-27", "EndDate": "2025-09-28" }, "geometry": { "type": "Polygon", "coordinates": [ [ [ -76.523432176146784, 2.32718461436673 ], [ -76.523432176146784, 2.327093988657845 ], [ -76.523342360244655, 2.327093988657845 ], [ -76.523342360244655, 2.32718461436673 ], [ -76.523432176146784, 2.32718461436673 ] ] ] } },
{ "type": "Feature", "properties": { "value": 1, "State": "Burned", "Class": "Quemado", "IdxName": "NBR", "StartDate": "2025-09-27", "EndDate": "2025-09-28" }, "geometry": { "type": "Polygon", "coordinates": [ [ [ -76.583519014678899, 2.327547117202269 ], [ -76.583519014678899, 2.327365865784499 ], [ -76.583608830581042, 2.327365865784499 ], [ -76.583608830581042, 2.327275240075615 ], [ -76.583698646483185, 2.327275240075615 ], [ -76.583698646483185, 2.32718461436673 ], [ -76.583608830581042, 2.32718461436673 ], [ -76.583608830581042, 2.327003362948961 ], [ -76.583429198776756, 2.327003362948961 ], [ -76.583429198776756, 2.327275240075615 ], [ -76.583339382874613, 2.327275240075615 ], [ -76.583339382874613, 2.327456491493384 ], [ -76.583429198776756, 2.327456491493384 ], [ -76.583429198776756, 2.327547117202269 ], [ -76.583519014678899, 2.327547117202269 ] ] ] } },
{ "type": "Feature", "properties": { "value": 1, "State": "Burned", "Class": "Quemado", "IdxName": "NBR", "StartDate": "2025-09-27", "EndDate": "2025-09-28" }, "geometry": { "type": "Polygon", "coordinates": [ [ [ -76.523252544342512, 2.327093988657845 ], [ -76.523252544342512, 2.327003362948961 ], [ -76.523162728440369, 2.327003362948961 ], [ -76.523162728440369, 2.327093988657845 ], [ -76.523252544342512, 2.327093988657845 ] ] ] } },
{ "type": "Feature", "properties": { "value": 1, "State": "Burned", "Class": "Quemado", "IdxName": "NBR", "StartDate": "2025-09-27", "EndDate": "2025-09-28" }, "geometry": { "type": "Polygon", "coordinates": [ [ [ -76.583788462385328, 2.32718461436673 ], [ -76.583788462385328, 2.326912737240076 ], [ -76.583608830581042, 2.326912737240076 ], [ -76.583608830581042, 2.327003362948961 ], [ -76.583698646483185, 2.327003362948961 ], [ -76.583698646483185, 2.32718461436673 ], [ -76.583788462385328, 2.32718461436673 ] ] ] } },
{ "type": "Feature", "properties": { "value": 1, "State": "Burned", "Class": "Quemado", "IdxName": "NBR", "StartDate": "2025-09-27", "EndDate": "2025-09-28" }, "geometry": { "type": "Polygon", "coordinates": [ [ [ -76.568879022629972, 2.32718461436673 ], [ -76.568879022629972, 2.326912737240076 ], [ -76.568789206727828, 2.326912737240076 ], [ -76.568789206727828, 2.32718461436673 ], [ -76.568879022629972, 2.32718461436673 ] ] ] } },
{ "type": "Feature", "properties": { "value": 1, "State": "Burned", "Class": "Quemado", "IdxName": "NBR", "StartDate": "2025-09-27", "EndDate": "2025-09-28" }, "geometry": { "type": "Polygon", "coordinates": [ [ [ -76.653844866055053, 2.327003362948961 ], [ -76.653844866055053, 2.326912737240076 ], [ -76.65375505015291, 2.326912737240076 ], [ -76.65375505015291, 2.327003362948961 ], [ -76.653844866055053, 2.327003362948961 ] ] ] } },
{ "type": "Feature", "properties": { "value": 1, "State": "Burned", "Class": "Quemado", "IdxName": "NBR", "StartDate": "2025-09-27", "EndDate": "2025-09-28" }, "geometry": { "type": "Polygon", "coordinates": [ [ [ -76.524869230581047, 2.327093988657845 ], [ -76.524869230581047, 2.326822111531191 ], [ -76.524779414678903, 2.326822111531191 ], [ -76.524779414678903, 2.327093988657845 ], [ -76.524869230581047, 2.327093988657845 ] ] ] } },
{ "type": "Feature", "properties": { "value": 1, "State": "Burned", "Class": "Quemado", "IdxName": "NBR", "StartDate": "2025-09-27", "EndDate": "2025-09-28" }, "geometry": { "type": "Polygon", "coordinates": [ [ [ -76.65186891620796, 2.328181497164461 ], [ -76.65186891620796, 2.328090871455577 ], [ -76.652048548012232, 2.328090871455577 ], [ -76.652048548012232, 2.328000245746692 ], [ -76.652138363914375, 2.328000245746692 ], [ -76.652138363914375, 2.327909620037807 ], [ -76.652228179816518, 2.327909620037807 ], [ -76.652228179816518, 2.327818994328922 ], [ -76.652407811620805, 2.327818994328922 ], [ -76.652407811620805, 2.327728368620038 ], [ -76.652587443425077, 2.327728368620038 ], [ -76.652587443425077, 2.327637742911153 ], [ -76.65267725932722, 2.327637742911153 ], [ -76.65267725932722, 2.327365865784499 ], [ -76.652587443425077, 2.327365865784499 ], [ -76.652587443425077, 2.327275240075615 ], [ -76.652856891131506, 2.327275240075615 ], [ -76.652856891131506, 2.32718461436673 ], [ -76.652946707033635, 2.32718461436673 ], [ -76.652946707033635, 2.327093988657845 ], [ -76.653036522935778, 2.327093988657845 ], [ -76.653036522935778, 2.327003362948961 ], [ -76.653126338837922, 2.327003362948961 ], [ -76.653126338837922, 2.326912737240076 ], [ -76.653036522935778, 2.326912737240076 ], [ -76.653036522935778, 2.326822111531191 ], [ -76.652946707033635, 2.326822111531191 ], [ -76.652946707033635, 2.326912737240076 ], [ -76.652856891131506, 2.326912737240076 ], [ -76.652856891131506, 2.327003362948961 ], [ -76.652587443425077, 2.327003362948961 ], [ -76.652587443425077, 2.32718461436673 ], [ -76.652497627522933, 2.32718461436673 ], [ -76.652497627522933, 2.327365865784499 ], [ -76.652407811620805, 2.327365865784499 ], [ -76.652407811620805, 2.327456491493384 ], [ -76.652317995718661, 2.327456491493384 ], [ -76.652317995718661, 2.327547117202269 ], [ -76.652138363914375, 2.327547117202269 ], [ -76.652138363914375, 2.327637742911153 ], [ -76.652048548012232, 2.327637742911153 ], [ -76.652048548012232, 2.327728368620038 ], [ -76.651958732110089, 2.327728368620038 ], [ -76.651958732110089, 2.327818994328922 ], [ -76.65186891620796, 2.327818994328922 ], [ -76.65186891620796, 2.327909620037807 ], [ -76.65159946850153, 2.327909620037807 ], [ -76.65159946850153, 2.328000245746692 ], [ -76.651509652599387, 2.328000245746692 ], [ -76.651509652599387, 2.328090871455577 ], [ -76.651419836697244, 2.328090871455577 ], [ -76.651419836697244, 2.328181497164461 ], [ -76.65186891620796, 2.328181497164461 ] ] ] } },
{ "type": "Feature", "properties": { "value": 1, "State": "Burned", "Class": "Quemado", "IdxName": "NBR", "StartDate": "2025-09-27", "EndDate": "2025-09-28" }, "geometry": { "type": "Polygon", "coordinates": [ [ [ -76.525048862385319, 2.326550234404537 ], [ -76.525048862385319, 2.326459608695652 ], [ -76.524959046483175, 2.326459608695652 ], [ -76.524959046483175, 2.326550234404537 ], [ -76.525048862385319, 2.326550234404537 ] ] ] } },
{ "type": "Feature", "properties": { "value": 1, "State": "Burned", "Class": "Quemado", "IdxName": "NBR", "StartDate": "2025-09-27", "EndDate": "2025-09-28" }, "geometry": { "type": "Polygon", "coordinates": [ [ [ -76.531605423241587, 2.326278357277883 ], [ -76.531605423241587, 2.326187731568998 ], [ -76.531515607339443, 2.326187731568998 ], [ -76.531515607339443, 2.326278357277883 ], [ -76.531605423241587, 2.326278357277883 ] ] ] } },
{ "type": "Feature", "properties": { "value": 1, "State": "Burned", "Class": "Quemado", "IdxName": "NBR", "StartDate": "2025-09-27", "EndDate": "2025-09-28" }, "geometry": { "type": "Polygon", "coordinates": [ [ [ -76.539509222629974, 2.326187731568998 ], [ -76.539509222629974, 2.326097105860113 ], [ -76.539419406727831, 2.326097105860113 ], [ -76.539419406727831, 2.326187731568998 ], [ -76.539509222629974, 2.326187731568998 ] ] ] } },
{ "type": "Feature", "properties": { "value": 1, "State": "Burned", "Class": "Quemado", "IdxName": "NBR", "StartDate": "2025-09-27", "EndDate": "2025-09-28" }, "geometry": { "type": "Polygon", "coordinates": [ [ [ -76.525138678287462, 2.326368982986768 ], [ -76.525138678287462, 2.326006480151229 ], [ -76.525048862385319, 2.326006480151229 ], [ -76.525048862385319, 2.326368982986768 ], [ -76.525138678287462, 2.326368982986768 ] ] ] } },
{ "type": "Feature", "properties": { "value": 1, "State": "Burned", "Class": "Quemado", "IdxName": "NBR", "StartDate": "2025-09-27", "EndDate": "2025-09-28" }, "geometry": { "type": "Polygon", "coordinates": [ [ [ -76.654024497859325, 2.326187731568998 ], [ -76.654024497859325, 2.326006480151229 ], [ -76.653934681957196, 2.326006480151229 ], [ -76.653934681957196, 2.326097105860113 ], [ -76.653844866055053, 2.326097105860113 ], [ -76.653844866055053, 2.326187731568998 ], [ -76.654024497859325, 2.326187731568998 ] ] ] } },
{ "type": "Feature", "properties": { "value": 1, "State": "Burned", "Class": "Quemado", "IdxName": "NBR", "StartDate": "2025-09-27", "EndDate": "2025-09-28" }, "geometry": { "type": "Polygon", "coordinates": [ [ [ -76.654204129663611, 2.326640860113422 ], [ -76.654204129663611, 2.326550234404537 ], [ -76.654293945565755, 2.326550234404537 ], [ -76.654293945565755, 2.326368982986768 ], [ -76.653934681957196, 2.326368982986768 ], [ -76.653934681957196, 2.326278357277883 ], [ -76.653844866055053, 2.326278357277883 ], [ -76.653844866055053, 2.326187731568998 ], [ -76.653665234250767, 2.326187731568998 ], [ -76.653665234250767, 2.326097105860113 ], [ -76.65375505015291, 2.326097105860113 ], [ -76.65375505015291, 2.326006480151229 ], [ -76.653216154740065, 2.326006480151229 ], [ -76.653216154740065, 2.325915854442344 ], [ -76.653126338837922, 2.325915854442344 ], [ -76.653126338837922, 2.326006480151229 ], [ -76.653036522935778, 2.326006480151229 ], [ -76.653036522935778, 2.326097105860113 ], [ -76.652946707033635, 2.326097105860113 ], [ -76.652946707033635, 2.325915854442344 ], [ -76.652856891131506, 2.325915854442344 ], [ -76.652856891131506, 2.326006480151229 ], [ -76.652767075229363, 2.326006480151229 ], [ -76.652767075229363, 2.326278357277883 ], [ -76.65267725932722, 2.326278357277883 ], [ -76.65267725932722, 2.326640860113422 ], [ -76.652856891131506, 2.326640860113422 ], [ -76.652856891131506, 2.326459608695652 ], [ -76.653036522935778, 2.326459608695652 ], [ -76.653036522935778, 2.326278357277883 ], [ -76.653126338837922, 2.326278357277883 ], [ -76.653126338837922, 2.326097105860113 ], [ -76.653216154740065, 2.326097105860113 ], [ -76.653216154740065, 2.326187731568998 ], [ -76.653395786544351, 2.326187731568998 ], [ -76.653395786544351, 2.326278357277883 ], [ -76.653665234250767, 2.326278357277883 ], [ -76.653665234250767, 2.326368982986768 ], [ -76.65375505015291, 2.326368982986768 ], [ -76.65375505015291, 2.326459608695652 ], [ -76.653844866055053, 2.326459608695652 ], [ -76.653844866055053, 2.326550234404537 ], [ -76.654024497859325, 2.326550234404537 ], [ -76.654024497859325, 2.326640860113422 ], [ -76.654204129663611, 2.326640860113422 ] ] ] } },
{ "type": "Feature", "properties": { "value": 1, "State": "Burned", "Class": "Quemado", "IdxName": "NBR", "StartDate": "2025-09-27", "EndDate": "2025-09-28" }, "geometry": { "type": "Polygon", "coordinates": [ [ [ -76.539599038532117, 2.325915854442344 ], [ -76.539599038532117, 2.325825228733459 ], [ -76.539509222629974, 2.325825228733459 ], [ -76.539509222629974, 2.325915854442344 ], [ -76.539599038532117, 2.325915854442344 ] ] ] } },
{ "type": "Feature", "properties": { "value": 1, "State": "Burned", "Class": "Quemado", "IdxName": "NBR", "StartDate": "2025-09-27", "EndDate": "2025-09-28" }, "geometry": { "type": "Polygon", "coordinates": [ [ [ -76.654114313761468, 2.325915854442344 ], [ -76.654114313761468, 2.325734603024575 ], [ -76.653934681957196, 2.325734603024575 ], [ -76.653934681957196, 2.325915854442344 ], [ -76.654114313761468, 2.325915854442344 ] ] ] } },
{ "type": "Feature", "properties": { "value": 1, "State": "Burned", "Class": "Quemado", "IdxName": "NBR", "StartDate": "2025-09-27", "EndDate": "2025-09-28" }, "geometry": { "type": "Polygon", "coordinates": [ [ [ -76.553879766972472, 2.325734603024575 ], [ -76.553879766972472, 2.32564397731569 ], [ -76.553789951070343, 2.32564397731569 ], [ -76.553789951070343, 2.325734603024575 ], [ -76.553879766972472, 2.325734603024575 ] ] ] } },
{ "type": "Feature", "properties": { "value": 1, "State": "Burned", "Class": "Quemado", "IdxName": "NBR", "StartDate": "2025-09-27", "EndDate": "2025-09-28" }, "geometry": { "type": "Polygon", "coordinates": [ [ [ -76.525228494189605, 2.326006480151229 ], [ -76.525228494189605, 2.325553351606806 ], [ -76.525138678287462, 2.325553351606806 ], [ -76.525138678287462, 2.326006480151229 ], [ -76.525228494189605, 2.326006480151229 ] ] ] } },
{ "type": "Feature", "properties": { "value": 1, "State": "Burned", "Class": "Quemado", "IdxName": "NBR", "StartDate": "2025-09-27", "EndDate": "2025-09-28" }, "geometry": { "type": "Polygon", "coordinates": [ [ [ -76.653575418348623, 2.325825228733459 ], [ -76.653575418348623, 2.32564397731569 ], [ -76.65348560244648, 2.32564397731569 ], [ -76.65348560244648, 2.325553351606806 ], [ -76.653395786544351, 2.325553351606806 ], [ -76.653395786544351, 2.325462725897921 ], [ -76.652856891131506, 2.325462725897921 ], [ -76.652856891131506, 2.325734603024575 ], [ -76.65348560244648, 2.325734603024575 ], [ -76.65348560244648, 2.325825228733459 ], [ -76.653575418348623, 2.325825228733459 ] ] ] } },
{ "type": "Feature", "properties": { "value": 1, "State": "Burned", "Class": "Quemado", "IdxName": "NBR", "StartDate": "2025-09-27", "EndDate": "2025-09-28" }, "geometry": { "type": "Polygon", "coordinates": [ [ [ -76.654383761467898, 2.325825228733459 ], [ -76.654383761467898, 2.325734603024575 ], [ -76.654473577370027, 2.325734603024575 ], [ -76.654473577370027, 2.32564397731569 ], [ -76.654653209174313, 2.32564397731569 ], [ -76.654653209174313, 2.325462725897921 ], [ -76.65456339327217, 2.325462725897921 ], [ -76.65456339327217, 2.325372100189036 ], [ -76.654383761467898, 2.325372100189036 ], [ -76.654383761467898, 2.325553351606806 ], [ -76.654293945565755, 2.325553351606806 ], [ -76.654293945565755, 2.32564397731569 ], [ -76.654204129663611, 2.32564397731569 ], [ -76.654204129663611, 2.325734603024575 ], [ -76.654293945565755, 2.325734603024575 ], [ -76.654293945565755, 2.325825228733459 ], [ -76.654383761467898, 2.325825228733459 ] ] ] } },
{ "type": "Feature", "properties": { "value": 1, "State": "Burned", "Class": "Quemado", "IdxName": "NBR", "StartDate": "2025-09-27", "EndDate": "2025-09-28" }, "geometry": { "type": "Polygon", "coordinates": [ [ [ -76.654293945565755, 2.325553351606806 ], [ -76.654293945565755, 2.325372100189036 ], [ -76.654204129663611, 2.325372100189036 ], [ -76.654204129663611, 2.325553351606806 ], [ -76.654293945565755, 2.325553351606806 ] ] ] } },
{ "type": "Feature", "properties": { "value": 1, "State": "Burned", "Class": "Quemado", "IdxName": "NBR", "StartDate": "2025-09-27", "EndDate": "2025-09-28" }, "geometry": { "type": "Polygon", "coordinates": [ [ [ -76.652856891131506, 2.325462725897921 ], [ -76.652856891131506, 2.325281474480152 ], [ -76.65267725932722, 2.325281474480152 ], [ -76.65267725932722, 2.325462725897921 ], [ -76.652856891131506, 2.325462725897921 ] ] ] } },
{ "type": "Feature", "properties": { "value": 1, "State": "Burned", "Class": "Quemado", "IdxName": "NBR", "StartDate": "2025-09-27", "EndDate": "2025-09-28" }, "geometry": { "type": "Polygon", "coordinates": [ [ [ -76.651060573088685, 2.325372100189036 ], [ -76.651060573088685, 2.325281474480152 ], [ -76.650970757186542, 2.325281474480152 ], [ -76.650970757186542, 2.325372100189036 ], [ -76.651060573088685, 2.325372100189036 ] ] ] } },
{ "type": "Feature", "properties": { "value": 1, "State": "Burned", "Class": "Quemado", "IdxName": "NBR", "StartDate": "2025-09-27", "EndDate": "2025-09-28" }, "geometry": { "type": "Polygon", "coordinates": [ [ [ -76.525408125993877, 2.325372100189036 ], [ -76.525408125993877, 2.325190848771267 ], [ -76.525318310091748, 2.325190848771267 ], [ -76.525318310091748, 2.325372100189036 ], [ -76.525408125993877, 2.325372100189036 ] ] ] } },
{ "type": "Feature", "properties": { "value": 1, "State": "Burned", "Class": "Quemado", "IdxName": "NBR", "StartDate": "2025-09-27", "EndDate": "2025-09-28" }, "geometry": { "type": "Polygon", "coordinates": [ [ [ -76.514540401834864, 2.325009597353497 ], [ -76.514540401834864, 2.324918971644613 ], [ -76.514450585932721, 2.324918971644613 ], [ -76.514450585932721, 2.325009597353497 ], [ -76.514540401834864, 2.325009597353497 ] ] ] } },
{ "type": "Feature", "properties": { "value": 1, "State": "Burned", "Class": "Quemado", "IdxName": "NBR", "StartDate": "2025-09-27", "EndDate": "2025-09-28" }, "geometry": { "type": "Polygon", "coordinates": [ [ [ -76.650611493577983, 2.325281474480152 ], [ -76.650611493577983, 2.325190848771267 ], [ -76.650701309480127, 2.325190848771267 ], [ -76.650701309480127, 2.325100223062382 ], [ -76.650880941284413, 2.325100223062382 ], [ -76.650880941284413, 2.325009597353497 ], [ -76.650970757186542, 2.325009597353497 ], [ -76.650970757186542, 2.324918971644613 ], [ -76.650880941284413, 2.324918971644613 ], [ -76.650880941284413, 2.324737720226843 ], [ -76.65079112538227, 2.324737720226843 ], [ -76.65079112538227, 2.324828345935728 ], [ -76.650611493577983, 2.324828345935728 ], [ -76.650611493577983, 2.324918971644613 ], [ -76.65052167767584, 2.324918971644613 ], [ -76.65052167767584, 2.325009597353497 ], [ -76.650431861773697, 2.325009597353497 ], [ -76.650431861773697, 2.325190848771267 ], [ -76.65052167767584, 2.325190848771267 ], [ -76.65052167767584, 2.325281474480152 ], [ -76.650611493577983, 2.325281474480152 ] ] ] } },
{ "type": "Feature", "properties": { "value": 1, "State": "Burned", "Class": "Quemado", "IdxName": "NBR", "StartDate": "2025-09-27", "EndDate": "2025-09-28" }, "geometry": { "type": "Polygon", "coordinates": [ [ [ -76.655012472782872, 2.324918971644613 ], [ -76.655012472782872, 2.324556468809074 ], [ -76.6548328409786, 2.324556468809074 ], [ -76.6548328409786, 2.324647094517958 ], [ -76.654743025076456, 2.324647094517958 ], [ -76.654743025076456, 2.324737720226843 ], [ -76.6548328409786, 2.324737720226843 ], [ -76.6548328409786, 2.324828345935728 ], [ -76.654922656880743, 2.324828345935728 ], [ -76.654922656880743, 2.324918971644613 ], [ -76.655012472782872, 2.324918971644613 ] ] ] } },
{ "type": "Feature", "properties": { "value": 1, "State": "Burned", "Class": "Quemado", "IdxName": "NBR", "StartDate": "2025-09-27", "EndDate": "2025-09-28" }, "geometry": { "type": "Polygon", "coordinates": [ [ [ -76.637767819571863, 2.324647094517958 ], [ -76.637767819571863, 2.324556468809074 ], [ -76.637678003669734, 2.324556468809074 ], [ -76.637678003669734, 2.324647094517958 ], [ -76.637767819571863, 2.324647094517958 ] ] ] } },
{ "type": "Feature", "properties": { "value": 1, "State": "Burned", "Class": "Quemado", "IdxName": "NBR", "StartDate": "2025-09-27", "EndDate": "2025-09-28" }, "geometry": { "type": "Polygon", "coordinates": [ [ [ -76.578309692354736, 2.32428459168242 ], [ -76.578309692354736, 2.324193965973535 ], [ -76.578219876452607, 2.324193965973535 ], [ -76.578219876452607, 2.32428459168242 ], [ -76.578309692354736, 2.32428459168242 ] ] ] } },
{ "type": "Feature", "properties": { "value": 1, "State": "Burned", "Class": "Quemado", "IdxName": "NBR", "StartDate": "2025-09-27", "EndDate": "2025-09-28" }, "geometry": { "type": "Polygon", "coordinates": [ [ [ -76.578399508256879, 2.324193965973535 ], [ -76.578399508256879, 2.32410334026465 ], [ -76.578309692354736, 2.32410334026465 ], [ -76.578309692354736, 2.324193965973535 ], [ -76.578399508256879, 2.324193965973535 ] ] ] } },
{ "type": "Feature", "properties": { "value": 1, "State": "Burned", "Class": "Quemado", "IdxName": "NBR", "StartDate": "2025-09-27", "EndDate": "2025-09-28" }, "geometry": { "type": "Polygon", "coordinates": [ [ [ -76.615852739449537, 2.32410334026465 ], [ -76.615852739449537, 2.324012714555766 ], [ -76.615762923547408, 2.324012714555766 ], [ -76.615762923547408, 2.32410334026465 ], [ -76.615852739449537, 2.32410334026465 ] ] ] } },
{ "type": "Feature", "properties": { "value": 1, "State": "Burned", "Class": "Quemado", "IdxName": "NBR", "StartDate": "2025-09-27", "EndDate": "2025-09-28" }, "geometry": { "type": "Polygon", "coordinates": [ [ [ -76.52873131437309, 2.32410334026465 ], [ -76.52873131437309, 2.323922088846881 ], [ -76.528641498470947, 2.323922088846881 ], [ -76.528641498470947, 2.32410334026465 ], [ -76.52873131437309, 2.32410334026465 ] ] ] } },
{ "type": "Feature", "properties": { "value": 1, "State": "Burned", "Class": "Quemado", "IdxName": "NBR", "StartDate": "2025-09-27", "EndDate": "2025-09-28" }, "geometry": { "type": "Polygon", "coordinates": [ [ [ -76.651330020795115, 2.324012714555766 ], [ -76.651330020795115, 2.323922088846881 ], [ -76.651240204892972, 2.323922088846881 ], [ -76.651240204892972, 2.324012714555766 ], [ -76.651330020795115, 2.324012714555766 ] ] ] } },
{ "type": "Feature", "properties": { "value": 1, "State": "Burned", "Class": "Quemado", "IdxName": "NBR", "StartDate": "2025-09-27", "EndDate": "2025-09-28" }, "geometry": { "type": "Polygon", "coordinates": [ [ [ -76.511666292966368, 2.324012714555766 ], [ -76.511666292966368, 2.323922088846881 ], [ -76.511486661162081, 2.323922088846881 ], [ -76.511486661162081, 2.324012714555766 ], [ -76.511666292966368, 2.324012714555766 ] ] ] } },
{ "type": "Feature", "properties": { "value": 1, "State": "Burned", "Class": "Quemado", "IdxName": "NBR", "StartDate": "2025-09-27", "EndDate": "2025-09-28" }, "geometry": { "type": "Polygon", "coordinates": [ [ [ -76.508971815902143, 2.323922088846881 ], [ -76.508971815902143, 2.323831463137997 ], [ -76.508882, 2.323831463137997 ], [ -76.508882, 2.323922088846881 ], [ -76.508971815902143, 2.323922088846881 ] ] ] } },
{ "type": "Feature", "properties": { "value": 1, "State": "Burned", "Class": "Quemado", "IdxName": "NBR", "StartDate": "2025-09-27", "EndDate": "2025-09-28" }, "geometry": { "type": "Polygon", "coordinates": [ [ [ -76.511127397553523, 2.323831463137997 ], [ -76.511127397553523, 2.323740837429112 ], [ -76.511037581651379, 2.323740837429112 ], [ -76.511037581651379, 2.323831463137997 ], [ -76.511127397553523, 2.323831463137997 ] ] ] } },
{ "type": "Feature", "properties": { "value": 1, "State": "Burned", "Class": "Quemado", "IdxName": "NBR", "StartDate": "2025-09-27", "EndDate": "2025-09-28" }, "geometry": { "type": "Polygon", "coordinates": [ [ [ -76.653844866055053, 2.323650211720227 ], [ -76.653844866055053, 2.323559586011342 ], [ -76.653665234250767, 2.323559586011342 ], [ -76.653665234250767, 2.323650211720227 ], [ -76.653844866055053, 2.323650211720227 ] ] ] } },
{ "type": "Feature", "properties": { "value": 1, "State": "Burned", "Class": "Quemado", "IdxName": "NBR", "StartDate": "2025-09-27", "EndDate": "2025-09-28" }, "geometry": { "type": "Polygon", "coordinates": [ [ [ -76.648904991437306, 2.323559586011342 ], [ -76.648904991437306, 2.323468960302458 ], [ -76.648815175535177, 2.323468960302458 ], [ -76.648815175535177, 2.323559586011342 ], [ -76.648904991437306, 2.323559586011342 ] ] ] } },
{ "type": "Feature", "properties": { "value": 1, "State": "Burned", "Class": "Quemado", "IdxName": "NBR", "StartDate": "2025-09-27", "EndDate": "2025-09-28" }, "geometry": { "type": "Polygon", "coordinates": [ [ [ -76.56627436146789, 2.323650211720227 ], [ -76.56627436146789, 2.323468960302458 ], [ -76.566184545565747, 2.323468960302458 ], [ -76.566184545565747, 2.323378334593573 ], [ -76.566094729663604, 2.323378334593573 ], [ -76.566094729663604, 2.323559586011342 ], [ -76.566184545565747, 2.323559586011342 ], [ -76.566184545565747, 2.323650211720227 ], [ -76.56627436146789, 2.323650211720227 ] ] ] } },
{ "type": "Feature", "properties": { "value": 1, "State": "Burned", "Class": "Quemado", "IdxName": "NBR", "StartDate": "2025-09-27", "EndDate": "2025-09-28" }, "geometry": { "type": "Polygon", "coordinates": [ [ [ -76.651240204892972, 2.323468960302458 ], [ -76.651240204892972, 2.323378334593573 ], [ -76.651150388990828, 2.323378334593573 ], [ -76.651150388990828, 2.323468960302458 ], [ -76.651240204892972, 2.323468960302458 ] ] ] } },
{ "type": "Feature", "properties": { "value": 1, "State": "Burned", "Class": "Quemado", "IdxName": "NBR", "StartDate": "2025-09-27", "EndDate": "2025-09-28" }, "geometry": { "type": "Polygon", "coordinates": [ [ [ -76.653575418348623, 2.323378334593573 ], [ -76.653575418348623, 2.323287708884688 ], [ -76.65348560244648, 2.323287708884688 ], [ -76.65348560244648, 2.323378334593573 ], [ -76.653575418348623, 2.323378334593573 ] ] ] } },
{ "type": "Feature", "properties": { "value": 1, "State": "Burned", "Class": "Quemado", "IdxName": "NBR", "StartDate": "2025-09-27", "EndDate": "2025-09-28" }, "geometry": { "type": "Polygon", "coordinates": [ [ [ -76.649892966360852, 2.323378334593573 ], [ -76.649892966360852, 2.323287708884688 ], [ -76.64971333455658, 2.323287708884688 ], [ -76.64971333455658, 2.323378334593573 ], [ -76.649892966360852, 2.323378334593573 ] ] ] } },
{ "type": "Feature", "properties": { "value": 1, "State": "Burned", "Class": "Quemado", "IdxName": "NBR", "StartDate": "2025-09-27", "EndDate": "2025-09-28" }, "geometry": { "type": "Polygon", "coordinates": [ [ [ -76.570585524770649, 2.323468960302458 ], [ -76.570585524770649, 2.323197083175804 ], [ -76.570405892966363, 2.323197083175804 ], [ -76.570405892966363, 2.323468960302458 ], [ -76.570585524770649, 2.323468960302458 ] ] ] } },
{ "type": "Feature", "properties": { "value": 1, "State": "Burned", "Class": "Quemado", "IdxName": "NBR", "StartDate": "2025-09-27", "EndDate": "2025-09-28" }, "geometry": { "type": "Polygon", "coordinates": [ [ [ -76.653395786544351, 2.323197083175804 ], [ -76.653395786544351, 2.323106457466919 ], [ -76.653216154740065, 2.323106457466919 ], [ -76.653216154740065, 2.323197083175804 ], [ -76.653395786544351, 2.323197083175804 ] ] ] } },
{ "type": "Feature", "properties": { "value": 1, "State": "Burned", "Class": "Quemado", "IdxName": "NBR", "StartDate": "2025-09-27", "EndDate": "2025-09-28" }, "geometry": { "type": "Polygon", "coordinates": [ [ [ -76.554688110091746, 2.323378334593573 ], [ -76.554688110091746, 2.323287708884688 ], [ -76.554777925993889, 2.323287708884688 ], [ -76.554777925993889, 2.323197083175804 ], [ -76.554688110091746, 2.323197083175804 ], [ -76.554688110091746, 2.323015831758034 ], [ -76.554598294189603, 2.323015831758034 ], [ -76.554598294189603, 2.323287708884688 ], [ -76.55450847828746, 2.323287708884688 ], [ -76.55450847828746, 2.323378334593573 ], [ -76.554688110091746, 2.323378334593573 ] ] ] } },
{ "type": "Feature", "properties": { "value": 1, "State": "Burned", "Class": "Quemado", "IdxName": "NBR", "StartDate": "2025-09-27", "EndDate": "2025-09-28" }, "geometry": { "type": "Polygon", "coordinates": [ [ [ -76.554867741896032, 2.323015831758034 ], [ -76.554867741896032, 2.322925206049149 ], [ -76.554688110091746, 2.322925206049149 ], [ -76.554688110091746, 2.323015831758034 ], [ -76.554867741896032, 2.323015831758034 ] ] ] } },
{ "type": "Feature", "properties": { "value": 1, "State": "Burned", "Class": "Quemado", "IdxName": "NBR", "StartDate": "2025-09-27", "EndDate": "2025-09-28" }, "geometry": { "type": "Polygon", "coordinates": [ [ [ -76.653216154740065, 2.323106457466919 ], [ -76.653216154740065, 2.323015831758034 ], [ -76.653126338837922, 2.323015831758034 ], [ -76.653126338837922, 2.322834580340265 ], [ -76.653036522935778, 2.322834580340265 ], [ -76.653036522935778, 2.322925206049149 ], [ -76.652946707033635, 2.322925206049149 ], [ -76.652946707033635, 2.323015831758034 ], [ -76.653036522935778, 2.323015831758034 ], [ -76.653036522935778, 2.323106457466919 ], [ -76.653216154740065, 2.323106457466919 ] ] ] } },
{ "type": "Feature", "properties": { "value": 1, "State": "Burned", "Class": "Quemado", "IdxName": "NBR", "StartDate": "2025-09-27", "EndDate": "2025-09-28" }, "geometry": { "type": "Polygon", "coordinates": [ [ [ -76.638396530886851, 2.322925206049149 ], [ -76.638396530886851, 2.32274395463138 ], [ -76.638306714984708, 2.32274395463138 ], [ -76.638306714984708, 2.322925206049149 ], [ -76.638396530886851, 2.322925206049149 ] ] ] } },
{ "type": "Feature", "properties": { "value": 1, "State": "Burned", "Class": "Quemado", "IdxName": "NBR", "StartDate": "2025-09-27", "EndDate": "2025-09-28" }, "geometry": { "type": "Polygon", "coordinates": [ [ [ -76.628337149847098, 2.322834580340265 ], [ -76.628337149847098, 2.32274395463138 ], [ -76.628247333944955, 2.32274395463138 ], [ -76.628247333944955, 2.322834580340265 ], [ -76.628337149847098, 2.322834580340265 ] ] ] } },
{ "type": "Feature", "properties": { "value": 1, "State": "Burned", "Class": "Quemado", "IdxName": "NBR", "StartDate": "2025-09-27", "EndDate": "2025-09-28" }, "geometry": { "type": "Polygon", "coordinates": [ [ [ -76.653216154740065, 2.32274395463138 ], [ -76.653216154740065, 2.322653328922495 ], [ -76.653126338837922, 2.322653328922495 ], [ -76.653126338837922, 2.32274395463138 ], [ -76.653216154740065, 2.32274395463138 ] ] ] } },
{ "type": "Feature", "properties": { "value": 1, "State": "Burned", "Class": "Quemado", "IdxName": "NBR", "StartDate": "2025-09-27", "EndDate": "2025-09-28" }, "geometry": { "type": "Polygon", "coordinates": [ [ [ -76.628247333944955, 2.32274395463138 ], [ -76.628247333944955, 2.322653328922495 ], [ -76.628157518042812, 2.322653328922495 ], [ -76.628157518042812, 2.32274395463138 ], [ -76.628247333944955, 2.32274395463138 ] ] ] } },
{ "type": "Feature", "properties": { "value": 1, "State": "Burned", "Class": "Quemado", "IdxName": "NBR", "StartDate": "2025-09-27", "EndDate": "2025-09-28" }, "geometry": { "type": "Polygon", "coordinates": [ [ [ -76.567172520489294, 2.322653328922495 ], [ -76.567172520489294, 2.322562703213611 ], [ -76.56708270458715, 2.322562703213611 ], [ -76.56708270458715, 2.322653328922495 ], [ -76.567172520489294, 2.322653328922495 ] ] ] } },
{ "type": "Feature", "properties": { "value": 1, "State": "Burned", "Class": "Quemado", "IdxName": "NBR", "StartDate": "2025-09-27", "EndDate": "2025-09-28" }, "geometry": { "type": "Polygon", "coordinates": [ [ [ -76.555496453211006, 2.322653328922495 ], [ -76.555496453211006, 2.322562703213611 ], [ -76.555406637308863, 2.322562703213611 ], [ -76.555406637308863, 2.322653328922495 ], [ -76.555496453211006, 2.322653328922495 ] ] ] } },
{ "type": "Feature", "properties": { "value": 1, "State": "Burned", "Class": "Quemado", "IdxName": "NBR", "StartDate": "2025-09-27", "EndDate": "2025-09-28" }, "geometry": { "type": "Polygon", "coordinates": [ [ [ -76.645491987155964, 2.322562703213611 ], [ -76.645491987155964, 2.322472077504726 ], [ -76.645402171253821, 2.322472077504726 ], [ -76.645402171253821, 2.322562703213611 ], [ -76.645491987155964, 2.322562703213611 ] ] ] } },
{ "type": "Feature", "properties": { "value": 1, "State": "Burned", "Class": "Quemado", "IdxName": "NBR", "StartDate": "2025-09-27", "EndDate": "2025-09-28" }, "geometry": { "type": "Polygon", "coordinates": [ [ [ -76.644054932721716, 2.322562703213611 ], [ -76.644054932721716, 2.322472077504726 ], [ -76.6437854850153, 2.322472077504726 ], [ -76.6437854850153, 2.322562703213611 ], [ -76.644054932721716, 2.322562703213611 ] ] ] } },
{ "type": "Feature", "properties": { "value": 1, "State": "Burned", "Class": "Quemado", "IdxName": "NBR", "StartDate": "2025-09-27", "EndDate": "2025-09-28" }, "geometry": { "type": "Polygon", "coordinates": [ [ [ -76.566903072782878, 2.322562703213611 ], [ -76.566903072782878, 2.322472077504726 ], [ -76.566813256880735, 2.322472077504726 ], [ -76.566813256880735, 2.322562703213611 ], [ -76.566903072782878, 2.322562703213611 ] ] ] } },
{ "type": "Feature", "properties": { "value": 1, "State": "Burned", "Class": "Quemado", "IdxName": "NBR", "StartDate": "2025-09-27", "EndDate": "2025-09-28" }, "geometry": { "type": "Polygon", "coordinates": [ [ [ -76.555316821406734, 2.322562703213611 ], [ -76.555316821406734, 2.322381451795841 ], [ -76.555227005504591, 2.322381451795841 ], [ -76.555227005504591, 2.322562703213611 ], [ -76.555316821406734, 2.322562703213611 ] ] ] } },
{ "type": "Feature", "properties": { "value": 1, "State": "Burned", "Class": "Quemado", "IdxName": "NBR", "StartDate": "2025-09-27", "EndDate": "2025-09-28" }, "geometry": { "type": "Polygon", "coordinates": [ [ [ -76.64567161896025, 2.322472077504726 ], [ -76.64567161896025, 2.322381451795841 ], [ -76.645581803058107, 2.322381451795841 ], [ -76.645581803058107, 2.322472077504726 ], [ -76.64567161896025, 2.322472077504726 ] ] ] } },
{ "type": "Feature", "properties": { "value": 1, "State": "Burned", "Class": "Quemado", "IdxName": "NBR", "StartDate": "2025-09-27", "EndDate": "2025-09-28" }, "geometry": { "type": "Polygon", "coordinates": [ [ [ -76.6437854850153, 2.322472077504726 ], [ -76.6437854850153, 2.322381451795841 ], [ -76.643695669113157, 2.322381451795841 ], [ -76.643695669113157, 2.322472077504726 ], [ -76.6437854850153, 2.322472077504726 ] ] ] } },
{ "type": "Feature", "properties": { "value": 1, "State": "Burned", "Class": "Quemado", "IdxName": "NBR", "StartDate": "2025-09-27", "EndDate": "2025-09-28" }, "geometry": { "type": "Polygon", "coordinates": [ [ [ -76.566992888685022, 2.322472077504726 ], [ -76.566992888685022, 2.322381451795841 ], [ -76.566903072782878, 2.322381451795841 ], [ -76.566903072782878, 2.322472077504726 ], [ -76.566992888685022, 2.322472077504726 ] ] ] } },
{ "type": "Feature", "properties": { "value": 1, "State": "Burned", "Class": "Quemado", "IdxName": "NBR", "StartDate": "2025-09-27", "EndDate": "2025-09-28" }, "geometry": { "type": "Polygon", "coordinates": [ [ [ -76.645851250764522, 2.322381451795841 ], [ -76.645851250764522, 2.322290826086957 ], [ -76.64567161896025, 2.322290826086957 ], [ -76.64567161896025, 2.322381451795841 ], [ -76.645851250764522, 2.322381451795841 ] ] ] } },
{ "type": "Feature", "properties": { "value": 1, "State": "Burned", "Class": "Quemado", "IdxName": "NBR", "StartDate": "2025-09-27", "EndDate": "2025-09-28" }, "geometry": { "type": "Polygon", "coordinates": [ [ [ -76.644863275840976, 2.322381451795841 ], [ -76.644863275840976, 2.322290826086957 ], [ -76.644234564526002, 2.322290826086957 ], [ -76.644234564526002, 2.322381451795841 ], [ -76.644863275840976, 2.322381451795841 ] ] ] } },
{ "type": "Feature", "properties": { "value": 1, "State": "Burned", "Class": "Quemado", "IdxName": "NBR", "StartDate": "2025-09-27", "EndDate": "2025-09-28" }, "geometry": { "type": "Polygon", "coordinates": [ [ [ -76.566903072782878, 2.322381451795841 ], [ -76.566903072782878, 2.322290826086957 ], [ -76.566813256880735, 2.322290826086957 ], [ -76.566813256880735, 2.322381451795841 ], [ -76.566903072782878, 2.322381451795841 ] ] ] } },
{ "type": "Feature", "properties": { "value": 1, "State": "Burned", "Class": "Quemado", "IdxName": "NBR", "StartDate": "2025-09-27", "EndDate": "2025-09-28" }, "geometry": { "type": "Polygon", "coordinates": [ [ [ -76.530976711926613, 2.322290826086957 ], [ -76.530976711926613, 2.322200200378072 ], [ -76.530886896024469, 2.322200200378072 ], [ -76.530886896024469, 2.322290826086957 ], [ -76.530976711926613, 2.322290826086957 ] ] ] } },
{ "type": "Feature", "properties": { "value": 1, "State": "Burned", "Class": "Quemado", "IdxName": "NBR", "StartDate": "2025-09-27", "EndDate": "2025-09-28" }, "geometry": { "type": "Polygon", "coordinates": [ [ [ -76.531066527828742, 2.322200200378072 ], [ -76.531066527828742, 2.322109574669187 ], [ -76.530976711926613, 2.322109574669187 ], [ -76.530976711926613, 2.322200200378072 ], [ -76.531066527828742, 2.322200200378072 ] ] ] } },
{ "type": "Feature", "properties": { "value": 1, "State": "Burned", "Class": "Quemado", "IdxName": "NBR", "StartDate": "2025-09-27", "EndDate": "2025-09-28" }, "geometry": { "type": "Polygon", "coordinates": [ [ [ -76.555047373700305, 2.322381451795841 ], [ -76.555047373700305, 2.322290826086957 ], [ -76.555137189602448, 2.322290826086957 ], [ -76.555137189602448, 2.322109574669187 ], [ -76.555047373700305, 2.322109574669187 ], [ -76.555047373700305, 2.322018948960303 ], [ -76.554957557798161, 2.322018948960303 ], [ -76.554957557798161, 2.322381451795841 ], [ -76.555047373700305, 2.322381451795841 ] ] ] } },
{ "type": "Feature", "properties": { "value": 1, "State": "Burned", "Class": "Quemado", "IdxName": "NBR", "StartDate": "2025-09-27", "EndDate": "2025-09-28" }, "geometry": { "type": "Polygon", "coordinates": [ [ [ -76.555496453211006, 2.321837697542533 ], [ -76.555496453211006, 2.321656446124764 ], [ -76.555406637308863, 2.321656446124764 ], [ -76.555406637308863, 2.321747071833649 ], [ -76.555316821406734, 2.321747071833649 ], [ -76.555316821406734, 2.321837697542533 ], [ -76.555496453211006, 2.321837697542533 ] ] ] } },
{ "type": "Feature", "properties": { "value": 1, "State": "Burned", "Class": "Quemado", "IdxName": "NBR", "StartDate": "2025-09-27", "EndDate": "2025-09-28" }, "geometry": { "type": "Polygon", "coordinates": [ [ [ -76.577591165137619, 2.321565820415879 ], [ -76.577591165137619, 2.321475194706994 ], [ -76.577501349235476, 2.321475194706994 ], [ -76.577501349235476, 2.321565820415879 ], [ -76.577591165137619, 2.321565820415879 ] ] ] } },
{ "type": "Feature", "properties": { "value": 1, "State": "Burned", "Class": "Quemado", "IdxName": "NBR", "StartDate": "2025-09-27", "EndDate": "2025-09-28" }, "geometry": { "type": "Polygon", "coordinates": [ [ [ -76.574717056269108, 2.322018948960303 ], [ -76.574717056269108, 2.321656446124764 ], [ -76.574806872171251, 2.321656446124764 ], [ -76.574806872171251, 2.321565820415879 ], [ -76.574896688073395, 2.321565820415879 ], [ -76.574896688073395, 2.32138456899811 ], [ -76.574717056269108, 2.32138456899811 ], [ -76.574717056269108, 2.321565820415879 ], [ -76.574627240366979, 2.321565820415879 ], [ -76.574627240366979, 2.322018948960303 ], [ -76.574717056269108, 2.322018948960303 ] ] ] } },
{ "type": "Feature", "properties": { "value": 1, "State": "Burned", "Class": "Quemado", "IdxName": "NBR", "StartDate": "2025-09-27", "EndDate": "2025-09-28" }, "geometry": { "type": "Polygon", "coordinates": [ [ [ -76.591602445871558, 2.32138456899811 ], [ -76.591602445871558, 2.321293943289225 ], [ -76.591512629969415, 2.321293943289225 ], [ -76.591512629969415, 2.32138456899811 ], [ -76.591602445871558, 2.32138456899811 ] ] ] } },
{ "type": "Feature", "properties": { "value": 1, "State": "Burned", "Class": "Quemado", "IdxName": "NBR", "StartDate": "2025-09-27", "EndDate": "2025-09-28" }, "geometry": { "type": "Polygon", "coordinates": [ [ [ -76.522983096636082, 2.32138456899811 ], [ -76.522983096636082, 2.321293943289225 ], [ -76.522893280733939, 2.321293943289225 ], [ -76.522893280733939, 2.32138456899811 ], [ -76.522983096636082, 2.32138456899811 ] ] ] } },
{ "type": "Feature", "properties": { "value": 1, "State": "Burned", "Class": "Quemado", "IdxName": "NBR", "StartDate": "2025-09-27", "EndDate": "2025-09-28" }, "geometry": { "type": "Polygon", "coordinates": [ [ [ -76.522983096636082, 2.32120331758034 ], [ -76.522983096636082, 2.321112691871456 ], [ -76.522893280733939, 2.321112691871456 ], [ -76.522893280733939, 2.32120331758034 ], [ -76.522983096636082, 2.32120331758034 ] ] ] } },
{ "type": "Feature", "properties": { "value": 1, "State": "Burned", "Class": "Quemado", "IdxName": "NBR", "StartDate": "2025-09-27", "EndDate": "2025-09-28" }, "geometry": { "type": "Polygon", "coordinates": [ [ [ -76.591422814067286, 2.321112691871456 ], [ -76.591422814067286, 2.321022066162571 ], [ -76.591332998165143, 2.321022066162571 ], [ -76.591332998165143, 2.321112691871456 ], [ -76.591422814067286, 2.321112691871456 ] ] ] } },
{ "type": "Feature", "properties": { "value": 1, "State": "Burned", "Class": "Quemado", "IdxName": "NBR", "StartDate": "2025-09-27", "EndDate": "2025-09-28" }, "geometry": { "type": "Polygon", "coordinates": [ [ [ -76.555496453211006, 2.320297060491494 ], [ -76.555496453211006, 2.320115809073724 ], [ -76.555406637308863, 2.320115809073724 ], [ -76.555406637308863, 2.320297060491494 ], [ -76.555496453211006, 2.320297060491494 ] ] ] } },
{ "type": "Feature", "properties": { "value": 1, "State": "Burned", "Class": "Quemado", "IdxName": "NBR", "StartDate": "2025-09-27", "EndDate": "2025-09-28" }, "geometry": { "type": "Polygon", "coordinates": [ [ [ -76.596272872782876, 2.320206434782609 ], [ -76.596272872782876, 2.320115809073724 ], [ -76.596183056880733, 2.320115809073724 ], [ -76.596183056880733, 2.320206434782609 ], [ -76.596272872782876, 2.320206434782609 ] ] ] } },
{ "type": "Feature", "properties": { "value": 1, "State": "Burned", "Class": "Quemado", "IdxName": "NBR", "StartDate": "2025-09-27", "EndDate": "2025-09-28" }, "geometry": { "type": "Polygon", "coordinates": [ [ [ -76.581453248929662, 2.319934557655955 ], [ -76.581453248929662, 2.31984393194707 ], [ -76.581363433027519, 2.31984393194707 ], [ -76.581363433027519, 2.319934557655955 ], [ -76.581453248929662, 2.319934557655955 ] ] ] } },
{ "type": "Feature", "properties": { "value": 1, "State": "Burned", "Class": "Quemado", "IdxName": "NBR", "StartDate": "2025-09-27", "EndDate": "2025-09-28" }, "geometry": { "type": "Polygon", "coordinates": [ [ [ -76.555765900917436, 2.320206434782609 ], [ -76.555765900917436, 2.319753306238185 ], [ -76.555586269113149, 2.319753306238185 ], [ -76.555586269113149, 2.320206434782609 ], [ -76.555765900917436, 2.320206434782609 ] ] ] } },
{ "type": "Feature", "properties": { "value": 1, "State": "Burned", "Class": "Quemado", "IdxName": "NBR", "StartDate": "2025-09-27", "EndDate": "2025-09-28" }, "geometry": { "type": "Polygon", "coordinates": [ [ [ -76.555945532721708, 2.320568937618148 ], [ -76.555945532721708, 2.320206434782609 ], [ -76.556035348623851, 2.320206434782609 ], [ -76.556035348623851, 2.320115809073724 ], [ -76.556125164525994, 2.320115809073724 ], [ -76.556125164525994, 2.319934557655955 ], [ -76.556214980428138, 2.319934557655955 ], [ -76.556214980428138, 2.319753306238185 ], [ -76.556125164525994, 2.319753306238185 ], [ -76.556125164525994, 2.31984393194707 ], [ -76.556035348623851, 2.31984393194707 ], [ -76.556035348623851, 2.319934557655955 ], [ -76.555855716819579, 2.319934557655955 ], [ -76.555855716819579, 2.320206434782609 ], [ -76.555765900917436, 2.320206434782609 ], [ -76.555765900917436, 2.320297060491494 ], [ -76.555676085015293, 2.320297060491494 ], [ -76.555676085015293, 2.320478311909263 ], [ -76.555765900917436, 2.320478311909263 ], [ -76.555765900917436, 2.320568937618148 ], [ -76.555945532721708, 2.320568937618148 ] ] ] } },
{ "type": "Feature", "properties": { "value": 1, "State": "Burned", "Class": "Quemado", "IdxName": "NBR", "StartDate": "2025-09-27", "EndDate": "2025-09-28" }, "geometry": { "type": "Polygon", "coordinates": [ [ [ -76.615044396330276, 2.319753306238185 ], [ -76.615044396330276, 2.319662680529301 ], [ -76.614954580428133, 2.319662680529301 ], [ -76.614954580428133, 2.319753306238185 ], [ -76.615044396330276, 2.319753306238185 ] ] ] } },
{ "type": "Feature", "properties": { "value": 1, "State": "Burned", "Class": "Quemado", "IdxName": "NBR", "StartDate": "2025-09-27", "EndDate": "2025-09-28" }, "geometry": { "type": "Polygon", "coordinates": [ [ [ -76.554328846483187, 2.323740837429112 ], [ -76.554328846483187, 2.323559586011342 ], [ -76.554418662385316, 2.323559586011342 ], [ -76.554418662385316, 2.323468960302458 ], [ -76.55450847828746, 2.323468960302458 ], [ -76.55450847828746, 2.323378334593573 ], [ -76.554418662385316, 2.323378334593573 ], [ -76.554418662385316, 2.323287708884688 ], [ -76.55450847828746, 2.323287708884688 ], [ -76.55450847828746, 2.322834580340265 ], [ -76.554598294189603, 2.322834580340265 ], [ -76.554598294189603, 2.32274395463138 ], [ -76.554867741896032, 2.32274395463138 ], [ -76.554867741896032, 2.322925206049149 ], [ -76.554957557798161, 2.322925206049149 ], [ -76.554957557798161, 2.322653328922495 ], [ -76.554867741896032, 2.322653328922495 ], [ -76.554867741896032, 2.322562703213611 ], [ -76.554957557798161, 2.322562703213611 ], [ -76.554957557798161, 2.322381451795841 ], [ -76.554867741896032, 2.322381451795841 ], [ -76.554867741896032, 2.322472077504726 ], [ -76.554777925993889, 2.322472077504726 ], [ -76.554777925993889, 2.322200200378072 ], [ -76.554867741896032, 2.322200200378072 ], [ -76.554867741896032, 2.321928323251418 ], [ -76.554957557798161, 2.321928323251418 ], [ -76.554957557798161, 2.321837697542533 ], [ -76.555047373700305, 2.321837697542533 ], [ -76.555047373700305, 2.321565820415879 ], [ -76.555137189602448, 2.321565820415879 ], [ -76.555137189602448, 2.321293943289225 ], [ -76.555227005504591, 2.321293943289225 ], [ -76.555227005504591, 2.321022066162571 ], [ -76.555316821406734, 2.321022066162571 ], [ -76.555316821406734, 2.320750189035917 ], [ -76.555406637308863, 2.320750189035917 ], [ -76.555406637308863, 2.320659563327032 ], [ -76.555316821406734, 2.320659563327032 ], [ -76.555316821406734, 2.320568937618148 ], [ -76.555676085015293, 2.320568937618148 ], [ -76.555676085015293, 2.320478311909263 ], [ -76.555406637308863, 2.320478311909263 ], [ -76.555406637308863, 2.320297060491494 ], [ -76.555227005504591, 2.320297060491494 ], [ -76.555227005504591, 2.320115809073724 ], [ -76.555406637308863, 2.320115809073724 ], [ -76.555406637308863, 2.319934557655955 ], [ -76.555496453211006, 2.319934557655955 ], [ -76.555496453211006, 2.319662680529301 ], [ -76.555406637308863, 2.319662680529301 ], [ -76.555406637308863, 2.319572054820416 ], [ -76.555316821406734, 2.319572054820416 ], [ -76.555316821406734, 2.319753306238185 ], [ -76.555227005504591, 2.319753306238185 ], [ -76.555227005504591, 2.32002518336484 ], [ -76.555137189602448, 2.32002518336484 ], [ -76.555137189602448, 2.320206434782609 ], [ -76.555047373700305, 2.320206434782609 ], [ -76.555047373700305, 2.320659563327032 ], [ -76.554957557798161, 2.320659563327032 ], [ -76.554957557798161, 2.320931440453686 ], [ -76.554867741896032, 2.320931440453686 ], [ -76.554867741896032, 2.321293943289225 ], [ -76.554777925993889, 2.321293943289225 ], [ -76.554777925993889, 2.321475194706994 ], [ -76.554688110091746, 2.321475194706994 ], [ -76.554688110091746, 2.321837697542533 ], [ -76.554777925993889, 2.321837697542533 ], [ -76.554777925993889, 2.322109574669187 ], [ -76.55450847828746, 2.322109574669187 ], [ -76.55450847828746, 2.322200200378072 ], [ -76.554418662385316, 2.322200200378072 ], [ -76.554418662385316, 2.322290826086957 ], [ -76.55450847828746, 2.322290826086957 ], [ -76.55450847828746, 2.32274395463138 ], [ -76.554418662385316, 2.32274395463138 ], [ -76.554418662385316, 2.322834580340265 ], [ -76.554328846483187, 2.322834580340265 ], [ -76.554328846483187, 2.322925206049149 ], [ -76.554239030581044, 2.322925206049149 ], [ -76.554239030581044, 2.323015831758034 ], [ -76.554149214678901, 2.323015831758034 ], [ -76.554149214678901, 2.323197083175804 ], [ -76.554239030581044, 2.323197083175804 ], [ -76.554239030581044, 2.323740837429112 ], [ -76.554328846483187, 2.323740837429112 ] ], [ [ -76.554867741896032, 2.321837697542533 ], [ -76.554777925993889, 2.321837697542533 ], [ -76.554777925993889, 2.321656446124764 ], [ -76.554867741896032, 2.321656446124764 ], [ -76.554867741896032, 2.321837697542533 ] ] ] } },
{ "type": "Feature", "properties": { "value": 1, "State": "Burned", "Class": "Quemado", "IdxName": "NBR", "StartDate": "2025-09-27", "EndDate": "2025-09-28" }, "geometry": { "type": "Polygon", "coordinates": [ [ [ -76.556035348623851, 2.31984393194707 ], [ -76.556035348623851, 2.319572054820416 ], [ -76.555855716819579, 2.319572054820416 ], [ -76.555855716819579, 2.31984393194707 ], [ -76.556035348623851, 2.31984393194707 ] ] ] } },
{ "type": "Feature", "properties": { "value": 1, "State": "Burned", "Class": "Quemado", "IdxName": "NBR", "StartDate": "2025-09-27", "EndDate": "2025-09-28" }, "geometry": { "type": "Polygon", "coordinates": [ [ [ -76.555676085015293, 2.319662680529301 ], [ -76.555676085015293, 2.319572054820416 ], [ -76.555496453211006, 2.319572054820416 ], [ -76.555496453211006, 2.319662680529301 ], [ -76.555676085015293, 2.319662680529301 ] ] ] } },
{ "type": "Feature", "properties": { "value": 1, "State": "Burned", "Class": "Quemado", "IdxName": "NBR", "StartDate": "2025-09-27", "EndDate": "2025-09-28" }, "geometry": { "type": "Polygon", "coordinates": [ [ [ -76.555496453211006, 2.319572054820416 ], [ -76.555496453211006, 2.319481429111531 ], [ -76.555406637308863, 2.319481429111531 ], [ -76.555406637308863, 2.319572054820416 ], [ -76.555496453211006, 2.319572054820416 ] ] ] } },
{ "type": "Feature", "properties": { "value": 1, "State": "Burned", "Class": "Quemado", "IdxName": "NBR", "StartDate": "2025-09-27", "EndDate": "2025-09-28" }, "geometry": { "type": "Polygon", "coordinates": [ [ [ -76.530348000611625, 2.319572054820416 ], [ -76.530348000611625, 2.319481429111531 ], [ -76.530168368807338, 2.319481429111531 ], [ -76.530168368807338, 2.319572054820416 ], [ -76.530348000611625, 2.319572054820416 ] ] ] } },
{ "type": "Feature", "properties": { "value": 1, "State": "Burned", "Class": "Quemado", "IdxName": "NBR", "StartDate": "2025-09-27", "EndDate": "2025-09-28" }, "geometry": { "type": "Polygon", "coordinates": [ [ [ -76.529629473394493, 2.319572054820416 ], [ -76.529629473394493, 2.319300177693762 ], [ -76.52953965749235, 2.319300177693762 ], [ -76.52953965749235, 2.319390803402646 ], [ -76.529449841590221, 2.319390803402646 ], [ -76.529449841590221, 2.319572054820416 ], [ -76.529629473394493, 2.319572054820416 ] ] ] } },
{ "type": "Feature", "properties": { "value": 1, "State": "Burned", "Class": "Quemado", "IdxName": "NBR", "StartDate": "2025-09-27", "EndDate": "2025-09-28" }, "geometry": { "type": "Polygon", "coordinates": [ [ [ -76.541395356574924, 2.319209551984877 ], [ -76.541395356574924, 2.319118926275993 ], [ -76.541305540672781, 2.319118926275993 ], [ -76.541305540672781, 2.319209551984877 ], [ -76.541395356574924, 2.319209551984877 ] ] ] } },
{ "type": "Feature", "properties": { "value": 1, "State": "Burned", "Class": "Quemado", "IdxName": "NBR", "StartDate": "2025-09-27", "EndDate": "2025-09-28" }, "geometry": { "type": "Polygon", "coordinates": [ [ [ -76.652317995718661, 2.319118926275993 ], [ -76.652317995718661, 2.319028300567108 ], [ -76.652228179816518, 2.319028300567108 ], [ -76.652228179816518, 2.319118926275993 ], [ -76.652317995718661, 2.319118926275993 ] ] ] } },
{ "type": "Feature", "properties": { "value": 1, "State": "Burned", "Class": "Quemado", "IdxName": "NBR", "StartDate": "2025-09-27", "EndDate": "2025-09-28" }, "geometry": { "type": "Polygon", "coordinates": [ [ [ -76.570136445259934, 2.319028300567108 ], [ -76.570136445259934, 2.318937674858223 ], [ -76.570046629357805, 2.318937674858223 ], [ -76.570046629357805, 2.319028300567108 ], [ -76.570136445259934, 2.319028300567108 ] ] ] } },
{ "type": "Feature", "properties": { "value": 1, "State": "Burned", "Class": "Quemado", "IdxName": "NBR", "StartDate": "2025-09-27", "EndDate": "2025-09-28" }, "geometry": { "type": "Polygon", "coordinates": [ [ [ -76.512205188379198, 2.319028300567108 ], [ -76.512205188379198, 2.318937674858223 ], [ -76.512115372477069, 2.318937674858223 ], [ -76.512115372477069, 2.319028300567108 ], [ -76.512205188379198, 2.319028300567108 ] ] ] } },
{ "type": "Feature", "properties": { "value": 1, "State": "Burned", "Class": "Quemado", "IdxName": "NBR", "StartDate": "2025-09-27", "EndDate": "2025-09-28" }, "geometry": { "type": "Polygon", "coordinates": [ [ [ -76.541305540672781, 2.319300177693762 ], [ -76.541305540672781, 2.319209551984877 ], [ -76.541215724770638, 2.319209551984877 ], [ -76.541215724770638, 2.319118926275993 ], [ -76.541305540672781, 2.319118926275993 ], [ -76.541305540672781, 2.319028300567108 ], [ -76.541215724770638, 2.319028300567108 ], [ -76.541215724770638, 2.318847049149339 ], [ -76.541125908868509, 2.318847049149339 ], [ -76.541125908868509, 2.318756423440454 ], [ -76.541036092966365, 2.318756423440454 ], [ -76.541036092966365, 2.3184845463138 ], [ -76.540946277064222, 2.3184845463138 ], [ -76.540946277064222, 2.318847049149339 ], [ -76.540856461162079, 2.318847049149339 ], [ -76.540856461162079, 2.319028300567108 ], [ -76.540766645259936, 2.319028300567108 ], [ -76.540766645259936, 2.319209551984877 ], [ -76.540856461162079, 2.319209551984877 ], [ -76.540856461162079, 2.319300177693762 ], [ -76.540946277064222, 2.319300177693762 ], [ -76.540946277064222, 2.319209551984877 ], [ -76.541036092966365, 2.319209551984877 ], [ -76.541036092966365, 2.319118926275993 ], [ -76.541125908868509, 2.319118926275993 ], [ -76.541125908868509, 2.319300177693762 ], [ -76.541305540672781, 2.319300177693762 ] ] ] } },
{ "type": "Feature", "properties": { "value": 1, "State": "Burned", "Class": "Quemado", "IdxName": "NBR", "StartDate": "2025-09-27", "EndDate": "2025-09-28" }, "geometry": { "type": "Polygon", "coordinates": [ [ [ -76.566813256880735, 2.318393920604915 ], [ -76.566813256880735, 2.31830329489603 ], [ -76.566723440978592, 2.31830329489603 ], [ -76.566723440978592, 2.318393920604915 ], [ -76.566813256880735, 2.318393920604915 ] ] ] } },
{ "type": "Feature", "properties": { "value": 1, "State": "Burned", "Class": "Quemado", "IdxName": "NBR", "StartDate": "2025-09-27", "EndDate": "2025-09-28" }, "geometry": { "type": "Polygon", "coordinates": [ [ [ -76.524509966972474, 2.31830329489603 ], [ -76.524509966972474, 2.318122043478261 ], [ -76.524420151070331, 2.318122043478261 ], [ -76.524420151070331, 2.31830329489603 ], [ -76.524509966972474, 2.31830329489603 ] ] ] } },
{ "type": "Feature", "properties": { "value": 1, "State": "Burned", "Class": "Quemado", "IdxName": "NBR", "StartDate": "2025-09-27", "EndDate": "2025-09-28" }, "geometry": { "type": "Polygon", "coordinates": [ [ [ -76.568789206727828, 2.318122043478261 ], [ -76.568789206727828, 2.318031417769376 ], [ -76.568699390825685, 2.318031417769376 ], [ -76.568699390825685, 2.318122043478261 ], [ -76.568789206727828, 2.318122043478261 ] ] ] } },
{ "type": "Feature", "properties": { "value": 1, "State": "Burned", "Class": "Quemado", "IdxName": "NBR", "StartDate": "2025-09-27", "EndDate": "2025-09-28" }, "geometry": { "type": "Polygon", "coordinates": [ [ [ -76.539958302140676, 2.317759540642722 ], [ -76.539958302140676, 2.317668914933837 ], [ -76.539868486238532, 2.317668914933837 ], [ -76.539868486238532, 2.317759540642722 ], [ -76.539958302140676, 2.317759540642722 ] ] ] } },
{ "type": "Feature", "properties": { "value": 1, "State": "Burned", "Class": "Quemado", "IdxName": "NBR", "StartDate": "2025-09-27", "EndDate": "2025-09-28" }, "geometry": { "type": "Polygon", "coordinates": [ [ [ -76.52980910519878, 2.317940792060492 ], [ -76.52980910519878, 2.317668914933837 ], [ -76.529629473394493, 2.317668914933837 ], [ -76.529629473394493, 2.317397037807183 ], [ -76.52953965749235, 2.317397037807183 ], [ -76.52953965749235, 2.317306412098299 ], [ -76.529449841590221, 2.317306412098299 ], [ -76.529449841590221, 2.317487663516068 ], [ -76.52953965749235, 2.317487663516068 ], [ -76.52953965749235, 2.317759540642722 ], [ -76.529719289296636, 2.317759540642722 ], [ -76.529719289296636, 2.317940792060492 ], [ -76.52980910519878, 2.317940792060492 ] ] ] } },
{ "type": "Feature", "properties": { "value": 1, "State": "Burned", "Class": "Quemado", "IdxName": "NBR", "StartDate": "2025-09-27", "EndDate": "2025-09-28" }, "geometry": { "type": "Polygon", "coordinates": [ [ [ -76.650252229969425, 2.317397037807183 ], [ -76.650252229969425, 2.31712516068053 ], [ -76.650072598165139, 2.31712516068053 ], [ -76.650072598165139, 2.317215786389414 ], [ -76.650162414067282, 2.317215786389414 ], [ -76.650162414067282, 2.317306412098299 ], [ -76.650072598165139, 2.317306412098299 ], [ -76.650072598165139, 2.317397037807183 ], [ -76.650252229969425, 2.317397037807183 ] ] ] } },
{ "type": "Feature", "properties": { "value": 1, "State": "Burned", "Class": "Quemado", "IdxName": "NBR", "StartDate": "2025-09-27", "EndDate": "2025-09-28" }, "geometry": { "type": "Polygon", "coordinates": [ [ [ -76.650072598165139, 2.31712516068053 ], [ -76.650072598165139, 2.317034534971645 ], [ -76.649982782262995, 2.317034534971645 ], [ -76.649982782262995, 2.31712516068053 ], [ -76.650072598165139, 2.31712516068053 ] ] ] } },
{ "type": "Feature", "properties": { "value": 1, "State": "Burned", "Class": "Quemado", "IdxName": "NBR", "StartDate": "2025-09-27", "EndDate": "2025-09-28" }, "geometry": { "type": "Polygon", "coordinates": [ [ [ -76.650342045871568, 2.31712516068053 ], [ -76.650342045871568, 2.31694390926276 ], [ -76.650252229969425, 2.31694390926276 ], [ -76.650252229969425, 2.31712516068053 ], [ -76.650342045871568, 2.31712516068053 ] ] ] } },
{ "type": "Feature", "properties": { "value": 1, "State": "Burned", "Class": "Quemado", "IdxName": "NBR", "StartDate": "2025-09-27", "EndDate": "2025-09-28" }, "geometry": { "type": "Polygon", "coordinates": [ [ [ -76.529449841590221, 2.31712516068053 ], [ -76.529449841590221, 2.31694390926276 ], [ -76.529360025688078, 2.31694390926276 ], [ -76.529360025688078, 2.31712516068053 ], [ -76.529449841590221, 2.31712516068053 ] ] ] } },
{ "type": "Feature", "properties": { "value": 1, "State": "Burned", "Class": "Quemado", "IdxName": "NBR", "StartDate": "2025-09-27", "EndDate": "2025-09-28" }, "geometry": { "type": "Polygon", "coordinates": [ [ [ -76.529629473394493, 2.316762657844991 ], [ -76.529629473394493, 2.316672032136106 ], [ -76.52953965749235, 2.316672032136106 ], [ -76.52953965749235, 2.316762657844991 ], [ -76.529629473394493, 2.316762657844991 ] ] ] } },
{ "type": "Feature", "properties": { "value": 1, "State": "Burned", "Class": "Quemado", "IdxName": "NBR", "StartDate": "2025-09-27", "EndDate": "2025-09-28" }, "geometry": { "type": "Polygon", "coordinates": [ [ [ -76.525318310091748, 2.316853283553876 ], [ -76.525318310091748, 2.316762657844991 ], [ -76.525408125993877, 2.316762657844991 ], [ -76.525408125993877, 2.316581406427221 ], [ -76.525318310091748, 2.316581406427221 ], [ -76.525318310091748, 2.316672032136106 ], [ -76.525228494189605, 2.316672032136106 ], [ -76.525228494189605, 2.316581406427221 ], [ -76.525138678287462, 2.316581406427221 ], [ -76.525138678287462, 2.316853283553876 ], [ -76.525318310091748, 2.316853283553876 ] ] ] } },
{ "type": "Feature", "properties": { "value": 1, "State": "Burned", "Class": "Quemado", "IdxName": "NBR", "StartDate": "2025-09-27", "EndDate": "2025-09-28" }, "geometry": { "type": "Polygon", "coordinates": [ [ [ -76.588638521100918, 2.316581406427221 ], [ -76.588638521100918, 2.316490780718337 ], [ -76.588548705198775, 2.316490780718337 ], [ -76.588548705198775, 2.316581406427221 ], [ -76.588638521100918, 2.316581406427221 ] ] ] } },
{ "type": "Feature", "properties": { "value": 1, "State": "Burned", "Class": "Quemado", "IdxName": "NBR", "StartDate": "2025-09-27", "EndDate": "2025-09-28" }, "geometry": { "type": "Polygon", "coordinates": [ [ [ -76.530886896024469, 2.316490780718337 ], [ -76.530886896024469, 2.316309529300567 ], [ -76.530797080122326, 2.316309529300567 ], [ -76.530797080122326, 2.316490780718337 ], [ -76.530886896024469, 2.316490780718337 ] ] ] } },
{ "type": "Feature", "properties": { "value": 1, "State": "Burned", "Class": "Quemado", "IdxName": "NBR", "StartDate": "2025-09-27", "EndDate": "2025-09-28" }, "geometry": { "type": "Polygon", "coordinates": [ [ [ -76.538970327217129, 2.316490780718337 ], [ -76.538970327217129, 2.316309529300567 ], [ -76.539060143119272, 2.316309529300567 ], [ -76.539060143119272, 2.316218903591682 ], [ -76.538880511314986, 2.316218903591682 ], [ -76.538880511314986, 2.316309529300567 ], [ -76.538790695412843, 2.316309529300567 ], [ -76.538790695412843, 2.316490780718337 ], [ -76.538970327217129, 2.316490780718337 ] ] ] } },
{ "type": "Feature", "properties": { "value": 1, "State": "Burned", "Class": "Quemado", "IdxName": "NBR", "StartDate": "2025-09-27", "EndDate": "2025-09-28" }, "geometry": { "type": "Polygon", "coordinates": [ [ [ -76.53061744831804, 2.316309529300567 ], [ -76.53061744831804, 2.316218903591682 ], [ -76.530437816513768, 2.316218903591682 ], [ -76.530437816513768, 2.316309529300567 ], [ -76.53061744831804, 2.316309529300567 ] ] ] } },
{ "type": "Feature", "properties": { "value": 1, "State": "Burned", "Class": "Quemado", "IdxName": "NBR", "StartDate": "2025-09-27", "EndDate": "2025-09-28" }, "geometry": { "type": "Polygon", "coordinates": [ [ [ -76.521096962691132, 2.316309529300567 ], [ -76.521096962691132, 2.316218903591682 ], [ -76.521007146788989, 2.316218903591682 ], [ -76.521007146788989, 2.316309529300567 ], [ -76.521096962691132, 2.316309529300567 ] ] ] } },
{ "type": "Feature", "properties": { "value": 1, "State": "Burned", "Class": "Quemado", "IdxName": "NBR", "StartDate": "2025-09-27", "EndDate": "2025-09-28" }, "geometry": { "type": "Polygon", "coordinates": [ [ [ -76.531066527828742, 2.316218903591682 ], [ -76.531066527828742, 2.316128277882798 ], [ -76.530976711926613, 2.316128277882798 ], [ -76.530976711926613, 2.316218903591682 ], [ -76.531066527828742, 2.316218903591682 ] ] ] } },
{ "type": "Feature", "properties": { "value": 1, "State": "Burned", "Class": "Quemado", "IdxName": "NBR", "StartDate": "2025-09-27", "EndDate": "2025-09-28" }, "geometry": { "type": "Polygon", "coordinates": [ [ [ -76.530437816513768, 2.316218903591682 ], [ -76.530437816513768, 2.316128277882798 ], [ -76.530348000611625, 2.316128277882798 ], [ -76.530348000611625, 2.316218903591682 ], [ -76.530437816513768, 2.316218903591682 ] ] ] } },
{ "type": "Feature", "properties": { "value": 1, "State": "Burned", "Class": "Quemado", "IdxName": "NBR", "StartDate": "2025-09-27", "EndDate": "2025-09-28" }, "geometry": { "type": "Polygon", "coordinates": [ [ [ -76.529719289296636, 2.316218903591682 ], [ -76.529719289296636, 2.316037652173913 ], [ -76.529629473394493, 2.316037652173913 ], [ -76.529629473394493, 2.316218903591682 ], [ -76.529719289296636, 2.316218903591682 ] ] ] } },
{ "type": "Feature", "properties": { "value": 1, "State": "Burned", "Class": "Quemado", "IdxName": "NBR", "StartDate": "2025-09-27", "EndDate": "2025-09-28" }, "geometry": { "type": "Polygon", "coordinates": [ [ [ -76.530078552905195, 2.316128277882798 ], [ -76.530078552905195, 2.316037652173913 ], [ -76.529988737003052, 2.316037652173913 ], [ -76.529988737003052, 2.316128277882798 ], [ -76.530078552905195, 2.316128277882798 ] ] ] } },
{ "type": "Feature", "properties": { "value": 1, "State": "Burned", "Class": "Quemado", "IdxName": "NBR", "StartDate": "2025-09-27", "EndDate": "2025-09-28" }, "geometry": { "type": "Polygon", "coordinates": [ [ [ -76.521995121712536, 2.316128277882798 ], [ -76.521995121712536, 2.316037652173913 ], [ -76.521905305810392, 2.316037652173913 ], [ -76.521905305810392, 2.316128277882798 ], [ -76.521995121712536, 2.316128277882798 ] ] ] } },
{ "type": "Feature", "properties": { "value": 1, "State": "Burned", "Class": "Quemado", "IdxName": "NBR", "StartDate": "2025-09-27", "EndDate": "2025-09-28" }, "geometry": { "type": "Polygon", "coordinates": [ [ [ -76.529988737003052, 2.316037652173913 ], [ -76.529988737003052, 2.315947026465028 ], [ -76.52980910519878, 2.315947026465028 ], [ -76.52980910519878, 2.316037652173913 ], [ -76.529988737003052, 2.316037652173913 ] ] ] } },
{ "type": "Feature", "properties": { "value": 1, "State": "Burned", "Class": "Quemado", "IdxName": "NBR", "StartDate": "2025-09-27", "EndDate": "2025-09-28" }, "geometry": { "type": "Polygon", "coordinates": [ [ [ -76.521635858103977, 2.316037652173913 ], [ -76.521635858103977, 2.315947026465028 ], [ -76.52172567400612, 2.315947026465028 ], [ -76.52172567400612, 2.315856400756144 ], [ -76.521546042201834, 2.315856400756144 ], [ -76.521546042201834, 2.316037652173913 ], [ -76.521635858103977, 2.316037652173913 ] ] ] } },
{ "type": "Feature", "properties": { "value": 1, "State": "Burned", "Class": "Quemado", "IdxName": "NBR", "StartDate": "2025-09-27", "EndDate": "2025-09-28" }, "geometry": { "type": "Polygon", "coordinates": [ [ [ -76.591153366360857, 2.316037652173913 ], [ -76.591153366360857, 2.31558452362949 ], [ -76.591063550458713, 2.31558452362949 ], [ -76.591063550458713, 2.315765775047259 ], [ -76.590883918654441, 2.315765775047259 ], [ -76.590883918654441, 2.315856400756144 ], [ -76.59097373455657, 2.315856400756144 ], [ -76.59097373455657, 2.315947026465028 ], [ -76.591063550458713, 2.315947026465028 ], [ -76.591063550458713, 2.316037652173913 ], [ -76.591153366360857, 2.316037652173913 ] ] ] } },
{ "type": "Feature", "properties": { "value": 1, "State": "Burned", "Class": "Quemado", "IdxName": "NBR", "StartDate": "2025-09-27", "EndDate": "2025-09-28" }, "geometry": { "type": "Polygon", "coordinates": [ [ [ -76.576782822018345, 2.31558452362949 ], [ -76.576782822018345, 2.315493897920605 ], [ -76.576693006116216, 2.315493897920605 ], [ -76.576693006116216, 2.31558452362949 ], [ -76.576782822018345, 2.31558452362949 ] ] ] } },
{ "type": "Feature", "properties": { "value": 1, "State": "Burned", "Class": "Quemado", "IdxName": "NBR", "StartDate": "2025-09-27", "EndDate": "2025-09-28" }, "geometry": { "type": "Polygon", "coordinates": [ [ [ -76.576693006116216, 2.315493897920605 ], [ -76.576693006116216, 2.315403272211721 ], [ -76.576603190214072, 2.315403272211721 ], [ -76.576603190214072, 2.315493897920605 ], [ -76.576693006116216, 2.315493897920605 ] ] ] } },
{ "type": "Feature", "properties": { "value": 1, "State": "Burned", "Class": "Quemado", "IdxName": "NBR", "StartDate": "2025-09-27", "EndDate": "2025-09-28" }, "geometry": { "type": "Polygon", "coordinates": [ [ [ -76.531425791437314, 2.315493897920605 ], [ -76.531425791437314, 2.315403272211721 ], [ -76.531335975535171, 2.315403272211721 ], [ -76.531335975535171, 2.315493897920605 ], [ -76.531425791437314, 2.315493897920605 ] ] ] } },
{ "type": "Feature", "properties": { "value": 1, "State": "Burned", "Class": "Quemado", "IdxName": "NBR", "StartDate": "2025-09-27", "EndDate": "2025-09-28" }, "geometry": { "type": "Polygon", "coordinates": [ [ [ -76.638935426299696, 2.315675149338374 ], [ -76.638935426299696, 2.315493897920605 ], [ -76.639025242201839, 2.315493897920605 ], [ -76.639025242201839, 2.315403272211721 ], [ -76.639115058103982, 2.315403272211721 ], [ -76.639115058103982, 2.315312646502836 ], [ -76.639025242201839, 2.315312646502836 ], [ -76.639025242201839, 2.314859517958412 ], [ -76.638935426299696, 2.314859517958412 ], [ -76.638935426299696, 2.315403272211721 ], [ -76.638845610397553, 2.315403272211721 ], [ -76.638845610397553, 2.315675149338374 ], [ -76.638935426299696, 2.315675149338374 ] ] ] } },
{ "type": "Feature", "properties": { "value": 1, "State": "Burned", "Class": "Quemado", "IdxName": "NBR", "StartDate": "2025-09-27", "EndDate": "2025-09-28" }, "geometry": { "type": "Polygon", "coordinates": [ [ [ -76.531515607339443, 2.314859517958412 ], [ -76.531515607339443, 2.314768892249528 ], [ -76.531425791437314, 2.314768892249528 ], [ -76.531425791437314, 2.314859517958412 ], [ -76.531515607339443, 2.314859517958412 ] ] ] } },
{ "type": "Feature", "properties": { "value": 1, "State": "Burned", "Class": "Quemado", "IdxName": "NBR", "StartDate": "2025-09-27", "EndDate": "2025-09-28" }, "geometry": { "type": "Polygon", "coordinates": [ [ [ -76.651330020795115, 2.314497015122873 ], [ -76.651330020795115, 2.314406389413989 ], [ -76.651240204892972, 2.314406389413989 ], [ -76.651240204892972, 2.314497015122873 ], [ -76.651330020795115, 2.314497015122873 ] ] ] } },
{ "type": "Feature", "properties": { "value": 1, "State": "Burned", "Class": "Quemado", "IdxName": "NBR", "StartDate": "2025-09-27", "EndDate": "2025-09-28" }, "geometry": { "type": "Polygon", "coordinates": [ [ [ -76.520198803669729, 2.314497015122873 ], [ -76.520198803669729, 2.314406389413989 ], [ -76.520108987767586, 2.314406389413989 ], [ -76.520108987767586, 2.314497015122873 ], [ -76.520198803669729, 2.314497015122873 ] ] ] } },
{ "type": "Feature", "properties": { "value": 1, "State": "Burned", "Class": "Quemado", "IdxName": "NBR", "StartDate": "2025-09-27", "EndDate": "2025-09-28" }, "geometry": { "type": "Polygon", "coordinates": [ [ [ -76.53169523914373, 2.314406389413989 ], [ -76.53169523914373, 2.314315763705104 ], [ -76.531605423241587, 2.314315763705104 ], [ -76.531605423241587, 2.314406389413989 ], [ -76.53169523914373, 2.314406389413989 ] ] ] } },
{ "type": "Feature", "properties": { "value": 1, "State": "Burned", "Class": "Quemado", "IdxName": "NBR", "StartDate": "2025-09-27", "EndDate": "2025-09-28" }, "geometry": { "type": "Polygon", "coordinates": [ [ [ -76.520288619571872, 2.314225137996219 ], [ -76.520288619571872, 2.314134512287335 ], [ -76.520198803669729, 2.314134512287335 ], [ -76.520198803669729, 2.314225137996219 ], [ -76.520288619571872, 2.314225137996219 ] ] ] } },
{ "type": "Feature", "properties": { "value": 1, "State": "Burned", "Class": "Quemado", "IdxName": "NBR", "StartDate": "2025-09-27", "EndDate": "2025-09-28" }, "geometry": { "type": "Polygon", "coordinates": [ [ [ -76.577680981039762, 2.315222020793951 ], [ -76.577680981039762, 2.314950143667297 ], [ -76.577860612844034, 2.314950143667297 ], [ -76.577860612844034, 2.314859517958412 ], [ -76.577950428746178, 2.314859517958412 ], [ -76.577950428746178, 2.314768892249528 ], [ -76.578130060550464, 2.314768892249528 ], [ -76.578130060550464, 2.314678266540643 ], [ -76.578219876452607, 2.314678266540643 ], [ -76.578219876452607, 2.314497015122873 ], [ -76.578130060550464, 2.314497015122873 ], [ -76.578130060550464, 2.314315763705104 ], [ -76.578040244648321, 2.314315763705104 ], [ -76.578040244648321, 2.314587640831758 ], [ -76.577950428746178, 2.314587640831758 ], [ -76.577950428746178, 2.314497015122873 ], [ -76.577860612844034, 2.314497015122873 ], [ -76.577860612844034, 2.314315763705104 ], [ -76.577770796941891, 2.314315763705104 ], [ -76.577770796941891, 2.314225137996219 ], [ -76.57732171743119, 2.314225137996219 ], [ -76.57732171743119, 2.314134512287335 ], [ -76.576782822018345, 2.314134512287335 ], [ -76.576782822018345, 2.31404388657845 ], [ -76.576693006116216, 2.31404388657845 ], [ -76.576693006116216, 2.314134512287335 ], [ -76.576603190214072, 2.314134512287335 ], [ -76.576603190214072, 2.314315763705104 ], [ -76.576513374311929, 2.314315763705104 ], [ -76.576513374311929, 2.314406389413989 ], [ -76.576423558409786, 2.314406389413989 ], [ -76.576423558409786, 2.314497015122873 ], [ -76.576333742507643, 2.314497015122873 ], [ -76.576333742507643, 2.314587640831758 ], [ -76.5762439266055, 2.314587640831758 ], [ -76.5762439266055, 2.314768892249528 ], [ -76.576154110703371, 2.314768892249528 ], [ -76.576154110703371, 2.315040769376182 ], [ -76.575974478899084, 2.315040769376182 ], [ -76.575974478899084, 2.315131395085066 ], [ -76.576333742507643, 2.315131395085066 ], [ -76.576333742507643, 2.315040769376182 ], [ -76.576693006116216, 2.315040769376182 ], [ -76.576693006116216, 2.315131395085066 ], [ -76.577052269724774, 2.315131395085066 ], [ -76.577052269724774, 2.314950143667297 ], [ -76.576872637920488, 2.314950143667297 ], [ -76.576872637920488, 2.314768892249528 ], [ -76.577052269724774, 2.314768892249528 ], [ -76.577052269724774, 2.314859517958412 ], [ -76.577231901529046, 2.314859517958412 ], [ -76.577231901529046, 2.314768892249528 ], [ -76.57732171743119, 2.314768892249528 ], [ -76.57732171743119, 2.314678266540643 ], [ -76.577411533333333, 2.314678266540643 ], [ -76.577411533333333, 2.314859517958412 ], [ -76.577501349235476, 2.314859517958412 ], [ -76.577501349235476, 2.314950143667297 ], [ -76.577591165137619, 2.314950143667297 ], [ -76.577591165137619, 2.315222020793951 ], [ -76.577680981039762, 2.315222020793951 ] ], [ [ -76.576782822018345, 2.314768892249528 ], [ -76.576513374311929, 2.314768892249528 ], [ -76.576513374311929, 2.314678266540643 ], [ -76.576603190214072, 2.314678266540643 ], [ -76.576603190214072, 2.314587640831758 ], [ -76.576872637920488, 2.314587640831758 ], [ -76.576872637920488, 2.314678266540643 ], [ -76.576782822018345, 2.314678266540643 ], [ -76.576782822018345, 2.314768892249528 ] ], [ [ -76.577950428746178, 2.314678266540643 ], [ -76.577860612844034, 2.314678266540643 ], [ -76.577860612844034, 2.314587640831758 ], [ -76.577950428746178, 2.314587640831758 ], [ -76.577950428746178, 2.314678266540643 ] ], [ [ -76.577591165137619, 2.314587640831758 ], [ -76.577501349235476, 2.314587640831758 ], [ -76.577501349235476, 2.314497015122873 ], [ -76.577591165137619, 2.314497015122873 ], [ -76.577591165137619, 2.314587640831758 ] ] ] } },
{ "type": "Feature", "properties": { "value": 1, "State": "Burned", "Class": "Quemado", "IdxName": "NBR", "StartDate": "2025-09-27", "EndDate": "2025-09-28" }, "geometry": { "type": "Polygon", "coordinates": [ [ [ -76.651689284403673, 2.314134512287335 ], [ -76.651689284403673, 2.31404388657845 ], [ -76.65159946850153, 2.31404388657845 ], [ -76.65159946850153, 2.314134512287335 ], [ -76.651689284403673, 2.314134512287335 ] ] ] } },
{ "type": "Feature", "properties": { "value": 1, "State": "Burned", "Class": "Quemado", "IdxName": "NBR", "StartDate": "2025-09-27", "EndDate": "2025-09-28" }, "geometry": { "type": "Polygon", "coordinates": [ [ [ -76.521635858103977, 2.314134512287335 ], [ -76.521635858103977, 2.31404388657845 ], [ -76.521546042201834, 2.31404388657845 ], [ -76.521546042201834, 2.314134512287335 ], [ -76.521635858103977, 2.314134512287335 ] ] ] } },
{ "type": "Feature", "properties": { "value": 1, "State": "Burned", "Class": "Quemado", "IdxName": "NBR", "StartDate": "2025-09-27", "EndDate": "2025-09-28" }, "geometry": { "type": "Polygon", "coordinates": [ [ [ -76.53169523914373, 2.314134512287335 ], [ -76.53169523914373, 2.313953260869565 ], [ -76.531605423241587, 2.313953260869565 ], [ -76.531605423241587, 2.313862635160681 ], [ -76.531515607339443, 2.313862635160681 ], [ -76.531515607339443, 2.314134512287335 ], [ -76.53169523914373, 2.314134512287335 ] ] ] } },
{ "type": "Feature", "properties": { "value": 1, "State": "Burned", "Class": "Quemado", "IdxName": "NBR", "StartDate": "2025-09-27", "EndDate": "2025-09-28" }, "geometry": { "type": "Polygon", "coordinates": [ [ [ -76.643426221406727, 2.314134512287335 ], [ -76.643426221406727, 2.31404388657845 ], [ -76.643605853211014, 2.31404388657845 ], [ -76.643605853211014, 2.313953260869565 ], [ -76.643516037308871, 2.313953260869565 ], [ -76.643516037308871, 2.313862635160681 ], [ -76.643336405504584, 2.313862635160681 ], [ -76.643336405504584, 2.313953260869565 ], [ -76.643156773700312, 2.313953260869565 ], [ -76.643156773700312, 2.31404388657845 ], [ -76.643246589602455, 2.31404388657845 ], [ -76.643246589602455, 2.314134512287335 ], [ -76.643426221406727, 2.314134512287335 ] ] ] } },
{ "type": "Feature", "properties": { "value": 1, "State": "Burned", "Class": "Quemado", "IdxName": "NBR", "StartDate": "2025-09-27", "EndDate": "2025-09-28" }, "geometry": { "type": "Polygon", "coordinates": [ [ [ -76.52172567400612, 2.313953260869565 ], [ -76.52172567400612, 2.313862635160681 ], [ -76.521635858103977, 2.313862635160681 ], [ -76.521635858103977, 2.313953260869565 ], [ -76.52172567400612, 2.313953260869565 ] ] ] } },
{ "type": "Feature", "properties": { "value": 1, "State": "Burned", "Class": "Quemado", "IdxName": "NBR", "StartDate": "2025-09-27", "EndDate": "2025-09-28" }, "geometry": { "type": "Polygon", "coordinates": [ [ [ -76.540676829357793, 2.314134512287335 ], [ -76.540676829357793, 2.31404388657845 ], [ -76.540766645259936, 2.31404388657845 ], [ -76.540766645259936, 2.313772009451796 ], [ -76.540676829357793, 2.313772009451796 ], [ -76.540676829357793, 2.313953260869565 ], [ -76.540587013455664, 2.313953260869565 ], [ -76.540587013455664, 2.314134512287335 ], [ -76.540676829357793, 2.314134512287335 ] ] ] } },
{ "type": "Feature", "properties": { "value": 1, "State": "Burned", "Class": "Quemado", "IdxName": "NBR", "StartDate": "2025-09-27", "EndDate": "2025-09-28" }, "geometry": { "type": "Polygon", "coordinates": [ [ [ -76.521815489908263, 2.313862635160681 ], [ -76.521815489908263, 2.313772009451796 ], [ -76.52172567400612, 2.313772009451796 ], [ -76.52172567400612, 2.313862635160681 ], [ -76.521815489908263, 2.313862635160681 ] ] ] } },
{ "type": "Feature", "properties": { "value": 1, "State": "Burned", "Class": "Quemado", "IdxName": "NBR", "StartDate": "2025-09-27", "EndDate": "2025-09-28" }, "geometry": { "type": "Polygon", "coordinates": [ [ [ -76.520288619571872, 2.313953260869565 ], [ -76.520288619571872, 2.313862635160681 ], [ -76.520378435474001, 2.313862635160681 ], [ -76.520378435474001, 2.313681383742911 ], [ -76.520198803669729, 2.313681383742911 ], [ -76.520198803669729, 2.313772009451796 ], [ -76.520108987767586, 2.313772009451796 ], [ -76.520108987767586, 2.313953260869565 ], [ -76.520288619571872, 2.313953260869565 ] ] ] } },
{ "type": "Feature", "properties": { "value": 1, "State": "Burned", "Class": "Quemado", "IdxName": "NBR", "StartDate": "2025-09-27", "EndDate": "2025-09-28" }, "geometry": { "type": "Polygon", "coordinates": [ [ [ -76.651419836697244, 2.313953260869565 ], [ -76.651419836697244, 2.313772009451796 ], [ -76.651330020795115, 2.313772009451796 ], [ -76.651330020795115, 2.313590758034027 ], [ -76.651240204892972, 2.313590758034027 ], [ -76.651240204892972, 2.313953260869565 ], [ -76.651419836697244, 2.313953260869565 ] ] ] } },
{ "type": "Feature", "properties": { "value": 1, "State": "Burned", "Class": "Quemado", "IdxName": "NBR", "StartDate": "2025-09-27", "EndDate": "2025-09-28" }, "geometry": { "type": "Polygon", "coordinates": [ [ [ -76.647647568807344, 2.313953260869565 ], [ -76.647647568807344, 2.313862635160681 ], [ -76.647737384709487, 2.313862635160681 ], [ -76.647737384709487, 2.313772009451796 ], [ -76.64782720061163, 2.313772009451796 ], [ -76.64782720061163, 2.313681383742911 ], [ -76.647737384709487, 2.313681383742911 ], [ -76.647737384709487, 2.313590758034027 ], [ -76.647647568807344, 2.313590758034027 ], [ -76.647647568807344, 2.313681383742911 ], [ -76.6475577529052, 2.313681383742911 ], [ -76.6475577529052, 2.313953260869565 ], [ -76.647647568807344, 2.313953260869565 ] ] ] } },
{ "type": "Feature", "properties": { "value": 1, "State": "Burned", "Class": "Quemado", "IdxName": "NBR", "StartDate": "2025-09-27", "EndDate": "2025-09-28" }, "geometry": { "type": "Polygon", "coordinates": [ [ [ -76.651509652599387, 2.313681383742911 ], [ -76.651509652599387, 2.313590758034027 ], [ -76.651419836697244, 2.313590758034027 ], [ -76.651419836697244, 2.313681383742911 ], [ -76.651509652599387, 2.313681383742911 ] ] ] } },
{ "type": "Feature", "properties": { "value": 1, "State": "Burned", "Class": "Quemado", "IdxName": "NBR", "StartDate": "2025-09-27", "EndDate": "2025-09-28" }, "geometry": { "type": "Polygon", "coordinates": [ [ [ -76.638665978593281, 2.313681383742911 ], [ -76.638665978593281, 2.313500132325142 ], [ -76.638576162691137, 2.313500132325142 ], [ -76.638576162691137, 2.313681383742911 ], [ -76.638665978593281, 2.313681383742911 ] ] ] } },
{ "type": "Feature", "properties": { "value": 1, "State": "Burned", "Class": "Quemado", "IdxName": "NBR", "StartDate": "2025-09-27", "EndDate": "2025-09-28" }, "geometry": { "type": "Polygon", "coordinates": [ [ [ -76.651779100305816, 2.313590758034027 ], [ -76.651779100305816, 2.313409506616257 ], [ -76.651689284403673, 2.313409506616257 ], [ -76.651689284403673, 2.313500132325142 ], [ -76.65159946850153, 2.313500132325142 ], [ -76.65159946850153, 2.313590758034027 ], [ -76.651779100305816, 2.313590758034027 ] ] ] } },
{ "type": "Feature", "properties": { "value": 1, "State": "Burned", "Class": "Quemado", "IdxName": "NBR", "StartDate": "2025-09-27", "EndDate": "2025-09-28" }, "geometry": { "type": "Polygon", "coordinates": [ [ [ -76.651509652599387, 2.313500132325142 ], [ -76.651509652599387, 2.313409506616257 ], [ -76.651419836697244, 2.313409506616257 ], [ -76.651419836697244, 2.313500132325142 ], [ -76.651509652599387, 2.313500132325142 ] ] ] } },
{ "type": "Feature", "properties": { "value": 1, "State": "Burned", "Class": "Quemado", "IdxName": "NBR", "StartDate": "2025-09-27", "EndDate": "2025-09-28" }, "geometry": { "type": "Polygon", "coordinates": [ [ [ -76.564208595718654, 2.313500132325142 ], [ -76.564208595718654, 2.313409506616257 ], [ -76.564118779816511, 2.313409506616257 ], [ -76.564118779816511, 2.313500132325142 ], [ -76.564208595718654, 2.313500132325142 ] ] ] } },
{ "type": "Feature", "properties": { "value": 1, "State": "Burned", "Class": "Quemado", "IdxName": "NBR", "StartDate": "2025-09-27", "EndDate": "2025-09-28" }, "geometry": { "type": "Polygon", "coordinates": [ [ [ -76.521905305810392, 2.313500132325142 ], [ -76.521905305810392, 2.313318880907373 ], [ -76.521815489908263, 2.313318880907373 ], [ -76.521815489908263, 2.313500132325142 ], [ -76.521905305810392, 2.313500132325142 ] ] ] } },
{ "type": "Feature", "properties": { "value": 1, "State": "Burned", "Class": "Quemado", "IdxName": "NBR", "StartDate": "2025-09-27", "EndDate": "2025-09-28" }, "geometry": { "type": "Polygon", "coordinates": [ [ [ -76.651689284403673, 2.313409506616257 ], [ -76.651689284403673, 2.313318880907373 ], [ -76.651509652599387, 2.313318880907373 ], [ -76.651509652599387, 2.313409506616257 ], [ -76.651689284403673, 2.313409506616257 ] ] ] } },
{ "type": "Feature", "properties": { "value": 1, "State": "Burned", "Class": "Quemado", "IdxName": "NBR", "StartDate": "2025-09-27", "EndDate": "2025-09-28" }, "geometry": { "type": "Polygon", "coordinates": [ [ [ -76.564118779816511, 2.313409506616257 ], [ -76.564118779816511, 2.313318880907373 ], [ -76.564028963914367, 2.313318880907373 ], [ -76.564028963914367, 2.313409506616257 ], [ -76.564118779816511, 2.313409506616257 ] ] ] } },
{ "type": "Feature", "properties": { "value": 1, "State": "Burned", "Class": "Quemado", "IdxName": "NBR", "StartDate": "2025-09-27", "EndDate": "2025-09-28" }, "geometry": { "type": "Polygon", "coordinates": [ [ [ -76.580734721712545, 2.313228255198488 ], [ -76.580734721712545, 2.313047003780718 ], [ -76.580555089908259, 2.313047003780718 ], [ -76.580555089908259, 2.313137629489603 ], [ -76.580644905810402, 2.313137629489603 ], [ -76.580644905810402, 2.313228255198488 ], [ -76.580734721712545, 2.313228255198488 ] ] ] } },
{ "type": "Feature", "properties": { "value": 1, "State": "Burned", "Class": "Quemado", "IdxName": "NBR", "StartDate": "2025-09-27", "EndDate": "2025-09-28" }, "geometry": { "type": "Polygon", "coordinates": [ [ [ -76.580465274006116, 2.313047003780718 ], [ -76.580465274006116, 2.312956378071834 ], [ -76.580375458103973, 2.312956378071834 ], [ -76.580375458103973, 2.313047003780718 ], [ -76.580465274006116, 2.313047003780718 ] ] ] } },
{ "type": "Feature", "properties": { "value": 1, "State": "Burned", "Class": "Quemado", "IdxName": "NBR", "StartDate": "2025-09-27", "EndDate": "2025-09-28" }, "geometry": { "type": "Polygon", "coordinates": [ [ [ -76.53169523914373, 2.313862635160681 ], [ -76.53169523914373, 2.313681383742911 ], [ -76.531785055045873, 2.313681383742911 ], [ -76.531785055045873, 2.313590758034027 ], [ -76.531874870948016, 2.313590758034027 ], [ -76.531874870948016, 2.313500132325142 ], [ -76.532144318654431, 2.313500132325142 ], [ -76.532144318654431, 2.313318880907373 ], [ -76.532234134556575, 2.313318880907373 ], [ -76.532234134556575, 2.313228255198488 ], [ -76.532144318654431, 2.313228255198488 ], [ -76.532144318654431, 2.312865752362949 ], [ -76.531874870948016, 2.312865752362949 ], [ -76.531874870948016, 2.312956378071834 ], [ -76.531964686850159, 2.312956378071834 ], [ -76.531964686850159, 2.313047003780718 ], [ -76.532054502752288, 2.313047003780718 ], [ -76.532054502752288, 2.313318880907373 ], [ -76.531964686850159, 2.313318880907373 ], [ -76.531964686850159, 2.313409506616257 ], [ -76.531785055045873, 2.313409506616257 ], [ -76.531785055045873, 2.313500132325142 ], [ -76.53169523914373, 2.313500132325142 ], [ -76.53169523914373, 2.313590758034027 ], [ -76.531605423241587, 2.313590758034027 ], [ -76.531605423241587, 2.313862635160681 ], [ -76.53169523914373, 2.313862635160681 ] ] ] } },
{ "type": "Feature", "properties": { "value": 1, "State": "Burned", "Class": "Quemado", "IdxName": "NBR", "StartDate": "2025-09-27", "EndDate": "2025-09-28" }, "geometry": { "type": "Polygon", "coordinates": [ [ [ -76.580734721712545, 2.312956378071834 ], [ -76.580734721712545, 2.312865752362949 ], [ -76.580644905810402, 2.312865752362949 ], [ -76.580644905810402, 2.312956378071834 ], [ -76.580734721712545, 2.312956378071834 ] ] ] } },
{ "type": "Feature", "properties": { "value": 1, "State": "Burned", "Class": "Quemado", "IdxName": "NBR", "StartDate": "2025-09-27", "EndDate": "2025-09-28" }, "geometry": { "type": "Polygon", "coordinates": [ [ [ -76.531785055045873, 2.312865752362949 ], [ -76.531785055045873, 2.312775126654064 ], [ -76.531605423241587, 2.312775126654064 ], [ -76.531605423241587, 2.312865752362949 ], [ -76.531785055045873, 2.312865752362949 ] ] ] } },
{ "type": "Feature", "properties": { "value": 1, "State": "Burned", "Class": "Quemado", "IdxName": "NBR", "StartDate": "2025-09-27", "EndDate": "2025-09-28" }, "geometry": { "type": "Polygon", "coordinates": [ [ [ -76.581004169418961, 2.312775126654064 ], [ -76.581004169418961, 2.31268450094518 ], [ -76.580914353516818, 2.31268450094518 ], [ -76.580914353516818, 2.312775126654064 ], [ -76.581004169418961, 2.312775126654064 ] ] ] } },
{ "type": "Feature", "properties": { "value": 1, "State": "Burned", "Class": "Quemado", "IdxName": "NBR", "StartDate": "2025-09-27", "EndDate": "2025-09-28" }, "geometry": { "type": "Polygon", "coordinates": [ [ [ -76.581183801223247, 2.312775126654064 ], [ -76.581183801223247, 2.312593875236295 ], [ -76.581004169418961, 2.312593875236295 ], [ -76.581004169418961, 2.31268450094518 ], [ -76.581093985321104, 2.31268450094518 ], [ -76.581093985321104, 2.312775126654064 ], [ -76.581183801223247, 2.312775126654064 ] ] ] } },
{ "type": "Feature", "properties": { "value": 1, "State": "Burned", "Class": "Quemado", "IdxName": "NBR", "StartDate": "2025-09-27", "EndDate": "2025-09-28" }, "geometry": { "type": "Polygon", "coordinates": [ [ [ -76.644324380428131, 2.313047003780718 ], [ -76.644324380428131, 2.312956378071834 ], [ -76.644414196330274, 2.312956378071834 ], [ -76.644414196330274, 2.312865752362949 ], [ -76.64459382813456, 2.312865752362949 ], [ -76.64459382813456, 2.312775126654064 ], [ -76.644683644036704, 2.312775126654064 ], [ -76.644683644036704, 2.31268450094518 ], [ -76.644773459938847, 2.31268450094518 ], [ -76.644773459938847, 2.312593875236295 ], [ -76.644863275840976, 2.312593875236295 ], [ -76.644863275840976, 2.31250324952741 ], [ -76.644683644036704, 2.31250324952741 ], [ -76.644683644036704, 2.312593875236295 ], [ -76.64459382813456, 2.312593875236295 ], [ -76.64459382813456, 2.31268450094518 ], [ -76.644504012232417, 2.31268450094518 ], [ -76.644504012232417, 2.312775126654064 ], [ -76.644234564526002, 2.312775126654064 ], [ -76.644234564526002, 2.313047003780718 ], [ -76.644324380428131, 2.313047003780718 ] ] ] } },
{ "type": "Feature", "properties": { "value": 1, "State": "Burned", "Class": "Quemado", "IdxName": "NBR", "StartDate": "2025-09-27", "EndDate": "2025-09-28" }, "geometry": { "type": "Polygon", "coordinates": [ [ [ -76.616122187155966, 2.31268450094518 ], [ -76.616122187155966, 2.312412623818526 ], [ -76.616032371253823, 2.312412623818526 ], [ -76.616032371253823, 2.31268450094518 ], [ -76.616122187155966, 2.31268450094518 ] ] ] } },
{ "type": "Feature", "properties": { "value": 1, "State": "Burned", "Class": "Quemado", "IdxName": "NBR", "StartDate": "2025-09-27", "EndDate": "2025-09-28" }, "geometry": { "type": "Polygon", "coordinates": [ [ [ -76.531515607339443, 2.31250324952741 ], [ -76.531515607339443, 2.312231372400756 ], [ -76.531425791437314, 2.312231372400756 ], [ -76.531425791437314, 2.31250324952741 ], [ -76.531515607339443, 2.31250324952741 ] ] ] } },
{ "type": "Feature", "properties": { "value": 1, "State": "Burned", "Class": "Quemado", "IdxName": "NBR", "StartDate": "2025-09-27", "EndDate": "2025-09-28" }, "geometry": { "type": "Polygon", "coordinates": [ [ [ -76.645132723547405, 2.31250324952741 ], [ -76.645132723547405, 2.312412623818526 ], [ -76.645312355351692, 2.312412623818526 ], [ -76.645312355351692, 2.312321998109641 ], [ -76.645402171253821, 2.312321998109641 ], [ -76.645402171253821, 2.312231372400756 ], [ -76.645581803058107, 2.312231372400756 ], [ -76.645581803058107, 2.312140746691872 ], [ -76.64567161896025, 2.312140746691872 ], [ -76.64567161896025, 2.312050120982987 ], [ -76.645491987155964, 2.312050120982987 ], [ -76.645491987155964, 2.312140746691872 ], [ -76.645312355351692, 2.312140746691872 ], [ -76.645312355351692, 2.312231372400756 ], [ -76.645222539449549, 2.312231372400756 ], [ -76.645222539449549, 2.312321998109641 ], [ -76.644953091743119, 2.312321998109641 ], [ -76.644953091743119, 2.312412623818526 ], [ -76.644863275840976, 2.312412623818526 ], [ -76.644863275840976, 2.31250324952741 ], [ -76.645132723547405, 2.31250324952741 ] ] ] } },
{ "type": "Feature", "properties": { "value": 1, "State": "Burned", "Class": "Quemado", "IdxName": "NBR", "StartDate": "2025-09-27", "EndDate": "2025-09-28" }, "geometry": { "type": "Polygon", "coordinates": [ [ [ -76.533940636697253, 2.312140746691872 ], [ -76.533940636697253, 2.312050120982987 ], [ -76.533850820795109, 2.312050120982987 ], [ -76.533850820795109, 2.312140746691872 ], [ -76.533940636697253, 2.312140746691872 ] ] ] } },
{ "type": "Feature", "properties": { "value": 1, "State": "Burned", "Class": "Quemado", "IdxName": "NBR", "StartDate": "2025-09-27", "EndDate": "2025-09-28" }, "geometry": { "type": "Polygon", "coordinates": [ [ [ -76.591512629969415, 2.319118926275993 ], [ -76.591512629969415, 2.319028300567108 ], [ -76.591602445871558, 2.319028300567108 ], [ -76.591602445871558, 2.318212669187146 ], [ -76.591512629969415, 2.318212669187146 ], [ -76.591512629969415, 2.318031417769376 ], [ -76.591422814067286, 2.318031417769376 ], [ -76.591422814067286, 2.317940792060492 ], [ -76.591332998165143, 2.317940792060492 ], [ -76.591332998165143, 2.317759540642722 ], [ -76.591243182263, 2.317759540642722 ], [ -76.591243182263, 2.317487663516068 ], [ -76.591153366360857, 2.317487663516068 ], [ -76.591153366360857, 2.31694390926276 ], [ -76.591063550458713, 2.31694390926276 ], [ -76.591063550458713, 2.316853283553876 ], [ -76.59097373455657, 2.316853283553876 ], [ -76.59097373455657, 2.316672032136106 ], [ -76.591063550458713, 2.316672032136106 ], [ -76.591063550458713, 2.316037652173913 ], [ -76.590883918654441, 2.316037652173913 ], [ -76.590883918654441, 2.315856400756144 ], [ -76.590794102752298, 2.315856400756144 ], [ -76.590794102752298, 2.315675149338374 ], [ -76.59097373455657, 2.315675149338374 ], [ -76.59097373455657, 2.315493897920605 ], [ -76.590794102752298, 2.315493897920605 ], [ -76.590794102752298, 2.315222020793951 ], [ -76.590704286850155, 2.315222020793951 ], [ -76.590704286850155, 2.314950143667297 ], [ -76.590794102752298, 2.314950143667297 ], [ -76.590794102752298, 2.314768892249528 ], [ -76.590704286850155, 2.314768892249528 ], [ -76.590704286850155, 2.314678266540643 ], [ -76.590614470948012, 2.314678266540643 ], [ -76.590614470948012, 2.314587640831758 ], [ -76.590704286850155, 2.314587640831758 ], [ -76.590704286850155, 2.314315763705104 ], [ -76.59043483914374, 2.314315763705104 ], [ -76.59043483914374, 2.314225137996219 ], [ -76.590345023241596, 2.314225137996219 ], [ -76.590345023241596, 2.314406389413989 ], [ -76.59016539143731, 2.314406389413989 ], [ -76.59016539143731, 2.314315763705104 ], [ -76.590075575535167, 2.314315763705104 ], [ -76.590075575535167, 2.314406389413989 ], [ -76.589985759633024, 2.314406389413989 ], [ -76.589985759633024, 2.314497015122873 ], [ -76.589895943730895, 2.314497015122873 ], [ -76.589895943730895, 2.314315763705104 ], [ -76.589806127828751, 2.314315763705104 ], [ -76.589806127828751, 2.314225137996219 ], [ -76.589895943730895, 2.314225137996219 ], [ -76.589895943730895, 2.31404388657845 ], [ -76.589985759633024, 2.31404388657845 ], [ -76.589985759633024, 2.314225137996219 ], [ -76.590075575535167, 2.314225137996219 ], [ -76.590075575535167, 2.314134512287335 ], [ -76.59016539143731, 2.314134512287335 ], [ -76.59016539143731, 2.313953260869565 ], [ -76.589985759633024, 2.313953260869565 ], [ -76.589985759633024, 2.313590758034027 ], [ -76.590075575535167, 2.313590758034027 ], [ -76.590075575535167, 2.313409506616257 ], [ -76.590255207339453, 2.313409506616257 ], [ -76.590255207339453, 2.313047003780718 ], [ -76.59016539143731, 2.313047003780718 ], [ -76.59016539143731, 2.312956378071834 ], [ -76.590075575535167, 2.312956378071834 ], [ -76.590075575535167, 2.31268450094518 ], [ -76.589985759633024, 2.31268450094518 ], [ -76.589985759633024, 2.312140746691872 ], [ -76.589806127828751, 2.312140746691872 ], [ -76.589806127828751, 2.311868869565218 ], [ -76.589716311926608, 2.311868869565218 ], [ -76.589716311926608, 2.312231372400756 ], [ -76.589895943730895, 2.312231372400756 ], [ -76.589895943730895, 2.312321998109641 ], [ -76.589716311926608, 2.312321998109641 ], [ -76.589716311926608, 2.312412623818526 ], [ -76.589177416513763, 2.312412623818526 ], [ -76.589177416513763, 2.31250324952741 ], [ -76.58908760061162, 2.31250324952741 ], [ -76.58908760061162, 2.312593875236295 ], [ -76.588997784709477, 2.312593875236295 ], [ -76.588997784709477, 2.31250324952741 ], [ -76.588728337003062, 2.31250324952741 ], [ -76.588728337003062, 2.312593875236295 ], [ -76.588369073394503, 2.312593875236295 ], [ -76.588369073394503, 2.31268450094518 ], [ -76.58827925749236, 2.31268450094518 ], [ -76.58827925749236, 2.313137629489603 ], [ -76.588369073394503, 2.313137629489603 ], [ -76.588369073394503, 2.313318880907373 ], [ -76.588458889296632, 2.313318880907373 ], [ -76.588458889296632, 2.313409506616257 ], [ -76.588548705198775, 2.313409506616257 ], [ -76.588548705198775, 2.313590758034027 ], [ -76.588638521100918, 2.313590758034027 ], [ -76.588638521100918, 2.313772009451796 ], [ -76.588728337003062, 2.313772009451796 ], [ -76.588728337003062, 2.314225137996219 ], [ -76.588638521100918, 2.314225137996219 ], [ -76.588638521100918, 2.314315763705104 ], [ -76.588548705198775, 2.314315763705104 ], [ -76.588548705198775, 2.314406389413989 ], [ -76.588458889296632, 2.314406389413989 ], [ -76.588458889296632, 2.314768892249528 ], [ -76.588548705198775, 2.314768892249528 ], [ -76.588548705198775, 2.315222020793951 ], [ -76.588638521100918, 2.315222020793951 ], [ -76.588638521100918, 2.315312646502836 ], [ -76.588458889296632, 2.315312646502836 ], [ -76.588458889296632, 2.315675149338374 ], [ -76.588369073394503, 2.315675149338374 ], [ -76.588369073394503, 2.315765775047259 ], [ -76.58827925749236, 2.315765775047259 ], [ -76.58827925749236, 2.315856400756144 ], [ -76.588369073394503, 2.315856400756144 ], [ -76.588369073394503, 2.315947026465028 ], [ -76.588458889296632, 2.315947026465028 ], [ -76.588458889296632, 2.316309529300567 ], [ -76.588548705198775, 2.316309529300567 ], [ -76.588548705198775, 2.316400155009452 ], [ -76.588818152905205, 2.316400155009452 ], [ -76.588818152905205, 2.316309529300567 ], [ -76.58908760061162, 2.316309529300567 ], [ -76.58908760061162, 2.316581406427221 ], [ -76.588997784709477, 2.316581406427221 ], [ -76.588997784709477, 2.316672032136106 ], [ -76.588907968807348, 2.316672032136106 ], [ -76.588907968807348, 2.316762657844991 ], [ -76.588818152905205, 2.316762657844991 ], [ -76.588818152905205, 2.31694390926276 ], [ -76.588907968807348, 2.31694390926276 ], [ -76.588907968807348, 2.317034534971645 ], [ -76.588997784709477, 2.317034534971645 ], [ -76.588997784709477, 2.31712516068053 ], [ -76.58908760061162, 2.31712516068053 ], [ -76.58908760061162, 2.317306412098299 ], [ -76.589267232415907, 2.317306412098299 ], [ -76.589267232415907, 2.317668914933837 ], [ -76.58935704831805, 2.317668914933837 ], [ -76.58935704831805, 2.318031417769376 ], [ -76.589446864220179, 2.318031417769376 ], [ -76.589446864220179, 2.318122043478261 ], [ -76.589536680122322, 2.318122043478261 ], [ -76.589536680122322, 2.318212669187146 ], [ -76.589806127828751, 2.318212669187146 ], [ -76.589806127828751, 2.31830329489603 ], [ -76.589895943730895, 2.31830329489603 ], [ -76.589895943730895, 2.3184845463138 ], [ -76.589806127828751, 2.3184845463138 ], [ -76.589806127828751, 2.318575172022685 ], [ -76.589716311926608, 2.318575172022685 ], [ -76.589716311926608, 2.318756423440454 ], [ -76.589626496024465, 2.318756423440454 ], [ -76.589626496024465, 2.318847049149339 ], [ -76.589716311926608, 2.318847049149339 ], [ -76.589716311926608, 2.318937674858223 ], [ -76.589895943730895, 2.318937674858223 ], [ -76.589895943730895, 2.319118926275993 ], [ -76.59016539143731, 2.319118926275993 ], [ -76.59016539143731, 2.319028300567108 ], [ -76.590255207339453, 2.319028300567108 ], [ -76.590255207339453, 2.318937674858223 ], [ -76.59043483914374, 2.318937674858223 ], [ -76.59043483914374, 2.319028300567108 ], [ -76.590704286850155, 2.319028300567108 ], [ -76.590704286850155, 2.318937674858223 ], [ -76.591153366360857, 2.318937674858223 ], [ -76.591153366360857, 2.319028300567108 ], [ -76.591243182263, 2.319028300567108 ], [ -76.591243182263, 2.319118926275993 ], [ -76.591512629969415, 2.319118926275993 ] ], [ [ -76.589895943730895, 2.315222020793951 ], [ -76.589806127828751, 2.315222020793951 ], [ -76.589806127828751, 2.315131395085066 ], [ -76.589895943730895, 2.315131395085066 ], [ -76.589895943730895, 2.315222020793951 ] ], [ [ -76.589626496024465, 2.314225137996219 ], [ -76.589536680122322, 2.314225137996219 ], [ -76.589536680122322, 2.314134512287335 ], [ -76.589626496024465, 2.314134512287335 ], [ -76.589626496024465, 2.314225137996219 ] ], [ [ -76.588728337003062, 2.313318880907373 ], [ -76.588548705198775, 2.313318880907373 ], [ -76.588548705198775, 2.313047003780718 ], [ -76.588638521100918, 2.313047003780718 ], [ -76.588638521100918, 2.312775126654064 ], [ -76.588728337003062, 2.312775126654064 ], [ -76.588728337003062, 2.31268450094518 ], [ -76.588997784709477, 2.31268450094518 ], [ -76.588997784709477, 2.312775126654064 ], [ -76.58908760061162, 2.312775126654064 ], [ -76.58908760061162, 2.312865752362949 ], [ -76.589177416513763, 2.312865752362949 ], [ -76.589177416513763, 2.313137629489603 ], [ -76.58908760061162, 2.313137629489603 ], [ -76.58908760061162, 2.313228255198488 ], [ -76.588728337003062, 2.313228255198488 ], [ -76.588728337003062, 2.313318880907373 ] ] ] } },
{ "type": "Feature", "properties": { "value": 1, "State": "Burned", "Class": "Quemado", "IdxName": "NBR", "StartDate": "2025-09-27", "EndDate": "2025-09-28" }, "geometry": { "type": "Polygon", "coordinates": [ [ [ -76.640282664831801, 2.311959495274102 ], [ -76.640282664831801, 2.311778243856333 ], [ -76.640192848929672, 2.311778243856333 ], [ -76.640192848929672, 2.311959495274102 ], [ -76.640282664831801, 2.311959495274102 ] ] ] } },
{ "type": "Feature", "properties": { "value": 1, "State": "Burned", "Class": "Quemado", "IdxName": "NBR", "StartDate": "2025-09-27", "EndDate": "2025-09-28" }, "geometry": { "type": "Polygon", "coordinates": [ [ [ -76.646300330275238, 2.311778243856333 ], [ -76.646300330275238, 2.311596992438564 ], [ -76.646210514373095, 2.311596992438564 ], [ -76.646210514373095, 2.311778243856333 ], [ -76.646300330275238, 2.311778243856333 ] ] ] } },
{ "type": "Feature", "properties": { "value": 1, "State": "Burned", "Class": "Quemado", "IdxName": "NBR", "StartDate": "2025-09-27", "EndDate": "2025-09-28" }, "geometry": { "type": "Polygon", "coordinates": [ [ [ -76.640372480733944, 2.311778243856333 ], [ -76.640372480733944, 2.311596992438564 ], [ -76.640282664831801, 2.311596992438564 ], [ -76.640282664831801, 2.311778243856333 ], [ -76.640372480733944, 2.311778243856333 ] ] ] } },
{ "type": "Feature", "properties": { "value": 1, "State": "Burned", "Class": "Quemado", "IdxName": "NBR", "StartDate": "2025-09-27", "EndDate": "2025-09-28" }, "geometry": { "type": "Polygon", "coordinates": [ [ [ -76.531246159633028, 2.311778243856333 ], [ -76.531246159633028, 2.311687618147448 ], [ -76.531156343730885, 2.311687618147448 ], [ -76.531156343730885, 2.311596992438564 ], [ -76.530976711926613, 2.311596992438564 ], [ -76.530976711926613, 2.311687618147448 ], [ -76.531066527828742, 2.311687618147448 ], [ -76.531066527828742, 2.311778243856333 ], [ -76.531246159633028, 2.311778243856333 ] ] ] } },
{ "type": "Feature", "properties": { "value": 1, "State": "Burned", "Class": "Quemado", "IdxName": "NBR", "StartDate": "2025-09-27", "EndDate": "2025-09-28" }, "geometry": { "type": "Polygon", "coordinates": [ [ [ -76.530886896024469, 2.311687618147448 ], [ -76.530886896024469, 2.311596992438564 ], [ -76.530797080122326, 2.311596992438564 ], [ -76.530797080122326, 2.311687618147448 ], [ -76.530886896024469, 2.311687618147448 ] ] ] } },
{ "type": "Feature", "properties": { "value": 1, "State": "Burned", "Class": "Quemado", "IdxName": "NBR", "StartDate": "2025-09-27", "EndDate": "2025-09-28" }, "geometry": { "type": "Polygon", "coordinates": [ [ [ -76.639384505810398, 2.311596992438564 ], [ -76.639384505810398, 2.311506366729679 ], [ -76.639294689908255, 2.311506366729679 ], [ -76.639294689908255, 2.311596992438564 ], [ -76.639384505810398, 2.311596992438564 ] ] ] } },
{ "type": "Feature", "properties": { "value": 1, "State": "Burned", "Class": "Quemado", "IdxName": "NBR", "StartDate": "2025-09-27", "EndDate": "2025-09-28" }, "geometry": { "type": "Polygon", "coordinates": [ [ [ -76.530976711926613, 2.311596992438564 ], [ -76.530976711926613, 2.311415741020794 ], [ -76.530886896024469, 2.311415741020794 ], [ -76.530886896024469, 2.311596992438564 ], [ -76.530976711926613, 2.311596992438564 ] ] ] } },
{ "type": "Feature", "properties": { "value": 1, "State": "Burned", "Class": "Quemado", "IdxName": "NBR", "StartDate": "2025-09-27", "EndDate": "2025-09-28" }, "geometry": { "type": "Polygon", "coordinates": [ [ [ -76.643516037308871, 2.311506366729679 ], [ -76.643516037308871, 2.311415741020794 ], [ -76.643426221406727, 2.311415741020794 ], [ -76.643426221406727, 2.311506366729679 ], [ -76.643516037308871, 2.311506366729679 ] ] ] } },
{ "type": "Feature", "properties": { "value": 1, "State": "Burned", "Class": "Quemado", "IdxName": "NBR", "StartDate": "2025-09-27", "EndDate": "2025-09-28" }, "geometry": { "type": "Polygon", "coordinates": [ [ [ -76.643426221406727, 2.311415741020794 ], [ -76.643426221406727, 2.311325115311909 ], [ -76.643336405504584, 2.311325115311909 ], [ -76.643336405504584, 2.311415741020794 ], [ -76.643426221406727, 2.311415741020794 ] ] ] } },
{ "type": "Feature", "properties": { "value": 1, "State": "Burned", "Class": "Quemado", "IdxName": "NBR", "StartDate": "2025-09-27", "EndDate": "2025-09-28" }, "geometry": { "type": "Polygon", "coordinates": [ [ [ -76.530886896024469, 2.311415741020794 ], [ -76.530886896024469, 2.311325115311909 ], [ -76.530797080122326, 2.311325115311909 ], [ -76.530797080122326, 2.311415741020794 ], [ -76.530886896024469, 2.311415741020794 ] ] ] } },
{ "type": "Feature", "properties": { "value": 1, "State": "Burned", "Class": "Quemado", "IdxName": "NBR", "StartDate": "2025-09-27", "EndDate": "2025-09-28" }, "geometry": { "type": "Polygon", "coordinates": [ [ [ -76.640013217125386, 2.311596992438564 ], [ -76.640013217125386, 2.311506366729679 ], [ -76.639923401223243, 2.311506366729679 ], [ -76.639923401223243, 2.311415741020794 ], [ -76.639833585321099, 2.311415741020794 ], [ -76.639833585321099, 2.311234489603025 ], [ -76.639743769418956, 2.311234489603025 ], [ -76.639743769418956, 2.311325115311909 ], [ -76.639653953516827, 2.311325115311909 ], [ -76.639653953516827, 2.311506366729679 ], [ -76.639743769418956, 2.311506366729679 ], [ -76.639743769418956, 2.311596992438564 ], [ -76.640013217125386, 2.311596992438564 ] ] ] } },
{ "type": "Feature", "properties": { "value": 1, "State": "Burned", "Class": "Quemado", "IdxName": "NBR", "StartDate": "2025-09-27", "EndDate": "2025-09-28" }, "geometry": { "type": "Polygon", "coordinates": [ [ [ -76.589536680122322, 2.311506366729679 ], [ -76.589536680122322, 2.311234489603025 ], [ -76.58935704831805, 2.311234489603025 ], [ -76.58935704831805, 2.311325115311909 ], [ -76.589446864220179, 2.311325115311909 ], [ -76.589446864220179, 2.311506366729679 ], [ -76.589536680122322, 2.311506366729679 ] ] ] } },
{ "type": "Feature", "properties": { "value": 1, "State": "Burned", "Class": "Quemado", "IdxName": "NBR", "StartDate": "2025-09-27", "EndDate": "2025-09-28" }, "geometry": { "type": "Polygon", "coordinates": [ [ [ -76.646839225688069, 2.311415741020794 ], [ -76.646839225688069, 2.311325115311909 ], [ -76.646929041590212, 2.311325115311909 ], [ -76.646929041590212, 2.311234489603025 ], [ -76.64674940978594, 2.311234489603025 ], [ -76.64674940978594, 2.311415741020794 ], [ -76.646839225688069, 2.311415741020794 ] ] ] } },
{ "type": "Feature", "properties": { "value": 1, "State": "Burned", "Class": "Quemado", "IdxName": "NBR", "StartDate": "2025-09-27", "EndDate": "2025-09-28" }, "geometry": { "type": "Polygon", "coordinates": [ [ [ -76.643336405504584, 2.311325115311909 ], [ -76.643336405504584, 2.311234489603025 ], [ -76.643246589602455, 2.311234489603025 ], [ -76.643246589602455, 2.311325115311909 ], [ -76.643336405504584, 2.311325115311909 ] ] ] } },
{ "type": "Feature", "properties": { "value": 1, "State": "Burned", "Class": "Quemado", "IdxName": "NBR", "StartDate": "2025-09-27", "EndDate": "2025-09-28" }, "geometry": { "type": "Polygon", "coordinates": [ [ [ -76.542293515596327, 2.311325115311909 ], [ -76.542293515596327, 2.31114386389414 ], [ -76.542203699694184, 2.31114386389414 ], [ -76.542203699694184, 2.311325115311909 ], [ -76.542293515596327, 2.311325115311909 ] ] ] } },
{ "type": "Feature", "properties": { "value": 1, "State": "Burned", "Class": "Quemado", "IdxName": "NBR", "StartDate": "2025-09-27", "EndDate": "2025-09-28" }, "geometry": { "type": "Polygon", "coordinates": [ [ [ -76.530797080122326, 2.311325115311909 ], [ -76.530797080122326, 2.31114386389414 ], [ -76.530707264220183, 2.31114386389414 ], [ -76.530707264220183, 2.311325115311909 ], [ -76.530797080122326, 2.311325115311909 ] ] ] } },
{ "type": "Feature", "properties": { "value": 1, "State": "Burned", "Class": "Quemado", "IdxName": "NBR", "StartDate": "2025-09-27", "EndDate": "2025-09-28" }, "geometry": { "type": "Polygon", "coordinates": [ [ [ -76.543640754128447, 2.311234489603025 ], [ -76.543640754128447, 2.31114386389414 ], [ -76.543550938226304, 2.31114386389414 ], [ -76.543550938226304, 2.311234489603025 ], [ -76.543640754128447, 2.311234489603025 ] ] ] } },
{ "type": "Feature", "properties": { "value": 1, "State": "Burned", "Class": "Quemado", "IdxName": "NBR", "StartDate": "2025-09-27", "EndDate": "2025-09-28" }, "geometry": { "type": "Polygon", "coordinates": [ [ [ -76.542203699694184, 2.31114386389414 ], [ -76.542203699694184, 2.311053238185255 ], [ -76.542024067889912, 2.311053238185255 ], [ -76.542024067889912, 2.31114386389414 ], [ -76.542203699694184, 2.31114386389414 ] ] ] } },
{ "type": "Feature", "properties": { "value": 1, "State": "Burned", "Class": "Quemado", "IdxName": "NBR", "StartDate": "2025-09-27", "EndDate": "2025-09-28" }, "geometry": { "type": "Polygon", "coordinates": [ [ [ -76.643426221406727, 2.310871986767486 ], [ -76.643426221406727, 2.310781361058601 ], [ -76.643336405504584, 2.310781361058601 ], [ -76.643336405504584, 2.310871986767486 ], [ -76.643426221406727, 2.310871986767486 ] ] ] } },
{ "type": "Feature", "properties": { "value": 1, "State": "Burned", "Class": "Quemado", "IdxName": "NBR", "StartDate": "2025-09-27", "EndDate": "2025-09-28" }, "geometry": { "type": "Polygon", "coordinates": [ [ [ -76.645941066666666, 2.312050120982987 ], [ -76.645941066666666, 2.311959495274102 ], [ -76.646120698470952, 2.311959495274102 ], [ -76.646120698470952, 2.311596992438564 ], [ -76.646210514373095, 2.311596992438564 ], [ -76.646210514373095, 2.311506366729679 ], [ -76.646120698470952, 2.311506366729679 ], [ -76.646120698470952, 2.311325115311909 ], [ -76.646030882568809, 2.311325115311909 ], [ -76.646030882568809, 2.311234489603025 ], [ -76.645941066666666, 2.311234489603025 ], [ -76.645941066666666, 2.311053238185255 ], [ -76.645851250764522, 2.311053238185255 ], [ -76.645851250764522, 2.310690735349717 ], [ -76.645761434862393, 2.310690735349717 ], [ -76.645761434862393, 2.31114386389414 ], [ -76.645851250764522, 2.31114386389414 ], [ -76.645851250764522, 2.311325115311909 ], [ -76.645941066666666, 2.311325115311909 ], [ -76.645941066666666, 2.311506366729679 ], [ -76.646030882568809, 2.311506366729679 ], [ -76.646030882568809, 2.311778243856333 ], [ -76.645851250764522, 2.311778243856333 ], [ -76.645851250764522, 2.312050120982987 ], [ -76.645941066666666, 2.312050120982987 ] ] ] } },
{ "type": "Feature", "properties": { "value": 1, "State": "Burned", "Class": "Quemado", "IdxName": "NBR", "StartDate": "2025-09-27", "EndDate": "2025-09-28" }, "geometry": { "type": "Polygon", "coordinates": [ [ [ -76.600494220183492, 2.310781361058601 ], [ -76.600494220183492, 2.310690735349717 ], [ -76.600404404281349, 2.310690735349717 ], [ -76.600404404281349, 2.310781361058601 ], [ -76.600494220183492, 2.310781361058601 ] ] ] } },
{ "type": "Feature", "properties": { "value": 1, "State": "Burned", "Class": "Quemado", "IdxName": "NBR", "StartDate": "2025-09-27", "EndDate": "2025-09-28" }, "geometry": { "type": "Polygon", "coordinates": [ [ [ -76.58935704831805, 2.310690735349717 ], [ -76.58935704831805, 2.310600109640832 ], [ -76.589267232415907, 2.310600109640832 ], [ -76.589267232415907, 2.310690735349717 ], [ -76.58935704831805, 2.310690735349717 ] ] ] } },
{ "type": "Feature", "properties": { "value": 1, "State": "Burned", "Class": "Quemado", "IdxName": "NBR", "StartDate": "2025-09-27", "EndDate": "2025-09-28" }, "geometry": { "type": "Polygon", "coordinates": [ [ [ -76.544000017737005, 2.311053238185255 ], [ -76.544000017737005, 2.31096261247637 ], [ -76.544089833639148, 2.31096261247637 ], [ -76.544089833639148, 2.310781361058601 ], [ -76.544179649541292, 2.310781361058601 ], [ -76.544179649541292, 2.310690735349717 ], [ -76.544089833639148, 2.310690735349717 ], [ -76.544089833639148, 2.310600109640832 ], [ -76.543820385932719, 2.310600109640832 ], [ -76.543820385932719, 2.310509483931947 ], [ -76.543730570030576, 2.310509483931947 ], [ -76.543730570030576, 2.311053238185255 ], [ -76.544000017737005, 2.311053238185255 ] ], [ [ -76.543910201834862, 2.31096261247637 ], [ -76.543820385932719, 2.31096261247637 ], [ -76.543820385932719, 2.310871986767486 ], [ -76.543910201834862, 2.310871986767486 ], [ -76.543910201834862, 2.31096261247637 ] ] ] } },
{ "type": "Feature", "properties": { "value": 1, "State": "Burned", "Class": "Quemado", "IdxName": "NBR", "StartDate": "2025-09-27", "EndDate": "2025-09-28" }, "geometry": { "type": "Polygon", "coordinates": [ [ [ -76.589267232415907, 2.310600109640832 ], [ -76.589267232415907, 2.310509483931947 ], [ -76.589177416513763, 2.310509483931947 ], [ -76.589177416513763, 2.310418858223063 ], [ -76.58908760061162, 2.310418858223063 ], [ -76.58908760061162, 2.310509483931947 ], [ -76.588997784709477, 2.310509483931947 ], [ -76.588997784709477, 2.310600109640832 ], [ -76.589267232415907, 2.310600109640832 ] ] ] } },
{ "type": "Feature", "properties": { "value": 1, "State": "Burned", "Class": "Quemado", "IdxName": "NBR", "StartDate": "2025-09-27", "EndDate": "2025-09-28" }, "geometry": { "type": "Polygon", "coordinates": [ [ [ -76.541754620183482, 2.310509483931947 ], [ -76.541754620183482, 2.310418858223063 ], [ -76.541664804281339, 2.310418858223063 ], [ -76.541664804281339, 2.310509483931947 ], [ -76.541754620183482, 2.310509483931947 ] ] ] } },
{ "type": "Feature", "properties": { "value": 1, "State": "Burned", "Class": "Quemado", "IdxName": "NBR", "StartDate": "2025-09-27", "EndDate": "2025-09-28" }, "geometry": { "type": "Polygon", "coordinates": [ [ [ -76.530886896024469, 2.311053238185255 ], [ -76.530886896024469, 2.31096261247637 ], [ -76.530797080122326, 2.31096261247637 ], [ -76.530797080122326, 2.310690735349717 ], [ -76.530707264220183, 2.310690735349717 ], [ -76.530707264220183, 2.310600109640832 ], [ -76.53061744831804, 2.310600109640832 ], [ -76.53061744831804, 2.310418858223063 ], [ -76.530527632415897, 2.310418858223063 ], [ -76.530527632415897, 2.310328232514178 ], [ -76.530348000611625, 2.310328232514178 ], [ -76.530348000611625, 2.310509483931947 ], [ -76.530437816513768, 2.310509483931947 ], [ -76.530437816513768, 2.310690735349717 ], [ -76.530527632415897, 2.310690735349717 ], [ -76.530527632415897, 2.310781361058601 ], [ -76.53061744831804, 2.310781361058601 ], [ -76.53061744831804, 2.310871986767486 ], [ -76.530707264220183, 2.310871986767486 ], [ -76.530707264220183, 2.311053238185255 ], [ -76.530886896024469, 2.311053238185255 ] ] ] } },
{ "type": "Feature", "properties": { "value": 1, "State": "Burned", "Class": "Quemado", "IdxName": "NBR", "StartDate": "2025-09-27", "EndDate": "2025-09-28" }, "geometry": { "type": "Polygon", "coordinates": [ [ [ -76.639743769418956, 2.310418858223063 ], [ -76.639743769418956, 2.310328232514178 ], [ -76.639653953516827, 2.310328232514178 ], [ -76.639653953516827, 2.310418858223063 ], [ -76.639743769418956, 2.310418858223063 ] ] ] } },
{ "type": "Feature", "properties": { "value": 1, "State": "Burned", "Class": "Quemado", "IdxName": "NBR", "StartDate": "2025-09-27", "EndDate": "2025-09-28" }, "geometry": { "type": "Polygon", "coordinates": [ [ [ -76.58908760061162, 2.310418858223063 ], [ -76.58908760061162, 2.310237606805293 ], [ -76.588997784709477, 2.310237606805293 ], [ -76.588997784709477, 2.310418858223063 ], [ -76.58908760061162, 2.310418858223063 ] ] ] } },
{ "type": "Feature", "properties": { "value": 1, "State": "Burned", "Class": "Quemado", "IdxName": "NBR", "StartDate": "2025-09-27", "EndDate": "2025-09-28" }, "geometry": { "type": "Polygon", "coordinates": [ [ [ -76.639653953516827, 2.310328232514178 ], [ -76.639653953516827, 2.310237606805293 ], [ -76.639564137614684, 2.310237606805293 ], [ -76.639564137614684, 2.310328232514178 ], [ -76.639653953516827, 2.310328232514178 ] ] ] } },
{ "type": "Feature", "properties": { "value": 1, "State": "Burned", "Class": "Quemado", "IdxName": "NBR", "StartDate": "2025-09-27", "EndDate": "2025-09-28" }, "geometry": { "type": "Polygon", "coordinates": [ [ [ -76.545796335779812, 2.310328232514178 ], [ -76.545796335779812, 2.310237606805293 ], [ -76.545706519877683, 2.310237606805293 ], [ -76.545706519877683, 2.310328232514178 ], [ -76.545796335779812, 2.310328232514178 ] ] ] } },
{ "type": "Feature", "properties": { "value": 1, "State": "Burned", "Class": "Quemado", "IdxName": "NBR", "StartDate": "2025-09-27", "EndDate": "2025-09-28" }, "geometry": { "type": "Polygon", "coordinates": [ [ [ -76.542832411009172, 2.310328232514178 ], [ -76.542832411009172, 2.310237606805293 ], [ -76.542742595107029, 2.310237606805293 ], [ -76.542742595107029, 2.310328232514178 ], [ -76.542832411009172, 2.310328232514178 ] ] ] } },
{ "type": "Feature", "properties": { "value": 1, "State": "Burned", "Class": "Quemado", "IdxName": "NBR", "StartDate": "2025-09-27", "EndDate": "2025-09-28" }, "geometry": { "type": "Polygon", "coordinates": [ [ [ -76.530348000611625, 2.310328232514178 ], [ -76.530348000611625, 2.310237606805293 ], [ -76.530258184709481, 2.310237606805293 ], [ -76.530258184709481, 2.310328232514178 ], [ -76.530348000611625, 2.310328232514178 ] ] ] } },
{ "type": "Feature", "properties": { "value": 1, "State": "Burned", "Class": "Quemado", "IdxName": "NBR", "StartDate": "2025-09-27", "EndDate": "2025-09-28" }, "geometry": { "type": "Polygon", "coordinates": [ [ [ -76.643156773700312, 2.31096261247637 ], [ -76.643156773700312, 2.310781361058601 ], [ -76.643066957798169, 2.310781361058601 ], [ -76.643066957798169, 2.310690735349717 ], [ -76.642887325993883, 2.310690735349717 ], [ -76.642887325993883, 2.310600109640832 ], [ -76.642797510091739, 2.310600109640832 ], [ -76.642797510091739, 2.310418858223063 ], [ -76.642617878287467, 2.310418858223063 ], [ -76.642617878287467, 2.310328232514178 ], [ -76.642528062385324, 2.310328232514178 ], [ -76.642528062385324, 2.310237606805293 ], [ -76.642348430581038, 2.310237606805293 ], [ -76.642348430581038, 2.310146981096409 ], [ -76.642168798776765, 2.310146981096409 ], [ -76.642168798776765, 2.310237606805293 ], [ -76.642258614678909, 2.310237606805293 ], [ -76.642258614678909, 2.310328232514178 ], [ -76.642348430581038, 2.310328232514178 ], [ -76.642348430581038, 2.310418858223063 ], [ -76.642438246483181, 2.310418858223063 ], [ -76.642438246483181, 2.310509483931947 ], [ -76.642528062385324, 2.310509483931947 ], [ -76.642528062385324, 2.310600109640832 ], [ -76.642617878287467, 2.310600109640832 ], [ -76.642617878287467, 2.310690735349717 ], [ -76.642797510091739, 2.310690735349717 ], [ -76.642797510091739, 2.310781361058601 ], [ -76.642977141896026, 2.310781361058601 ], [ -76.642977141896026, 2.310871986767486 ], [ -76.643066957798169, 2.310871986767486 ], [ -76.643066957798169, 2.31096261247637 ], [ -76.643156773700312, 2.31096261247637 ] ] ] } },
{ "type": "Feature", "properties": { "value": 1, "State": "Burned", "Class": "Quemado", "IdxName": "NBR", "StartDate": "2025-09-27", "EndDate": "2025-09-28" }, "geometry": { "type": "Polygon", "coordinates": [ [ [ -76.638845610397553, 2.310328232514178 ], [ -76.638845610397553, 2.310146981096409 ], [ -76.63875579449541, 2.310146981096409 ], [ -76.63875579449541, 2.310328232514178 ], [ -76.638845610397553, 2.310328232514178 ] ] ] } },
{ "type": "Feature", "properties": { "value": 1, "State": "Burned", "Class": "Quemado", "IdxName": "NBR", "StartDate": "2025-09-27", "EndDate": "2025-09-28" }, "geometry": { "type": "Polygon", "coordinates": [ [ [ -76.618098137003059, 2.309965729678639 ], [ -76.618098137003059, 2.309875103969754 ], [ -76.618008321100916, 2.309875103969754 ], [ -76.618008321100916, 2.309965729678639 ], [ -76.618098137003059, 2.309965729678639 ] ] ] } },
{ "type": "Feature", "properties": { "value": 1, "State": "Burned", "Class": "Quemado", "IdxName": "NBR", "StartDate": "2025-09-27", "EndDate": "2025-09-28" }, "geometry": { "type": "Polygon", "coordinates": [ [ [ -76.580375458103973, 2.310237606805293 ], [ -76.580375458103973, 2.30978447826087 ], [ -76.580285642201829, 2.30978447826087 ], [ -76.580285642201829, 2.310237606805293 ], [ -76.580375458103973, 2.310237606805293 ] ] ] } },
{ "type": "Feature", "properties": { "value": 1, "State": "Burned", "Class": "Quemado", "IdxName": "NBR", "StartDate": "2025-09-27", "EndDate": "2025-09-28" }, "geometry": { "type": "Polygon", "coordinates": [ [ [ -76.646120698470952, 2.310237606805293 ], [ -76.646120698470952, 2.310146981096409 ], [ -76.646210514373095, 2.310146981096409 ], [ -76.646210514373095, 2.30978447826087 ], [ -76.645941066666666, 2.30978447826087 ], [ -76.645941066666666, 2.309965729678639 ], [ -76.646030882568809, 2.309965729678639 ], [ -76.646030882568809, 2.310056355387524 ], [ -76.645851250764522, 2.310056355387524 ], [ -76.645851250764522, 2.310237606805293 ], [ -76.646120698470952, 2.310237606805293 ] ] ] } },
{ "type": "Feature", "properties": { "value": 1, "State": "Burned", "Class": "Quemado", "IdxName": "NBR", "StartDate": "2025-09-27", "EndDate": "2025-09-28" }, "geometry": { "type": "Polygon", "coordinates": [ [ [ -76.530348000611625, 2.309965729678639 ], [ -76.530348000611625, 2.309693852551985 ], [ -76.530258184709481, 2.309693852551985 ], [ -76.530258184709481, 2.309875103969754 ], [ -76.530168368807338, 2.309875103969754 ], [ -76.530168368807338, 2.309965729678639 ], [ -76.530348000611625, 2.309965729678639 ] ] ] } },
{ "type": "Feature", "properties": { "value": 1, "State": "Burned", "Class": "Quemado", "IdxName": "NBR", "StartDate": "2025-09-27", "EndDate": "2025-09-28" }, "geometry": { "type": "Polygon", "coordinates": [ [ [ -76.638665978593281, 2.310418858223063 ], [ -76.638665978593281, 2.310328232514178 ], [ -76.638576162691137, 2.310328232514178 ], [ -76.638576162691137, 2.310237606805293 ], [ -76.638665978593281, 2.310237606805293 ], [ -76.638665978593281, 2.310146981096409 ], [ -76.63875579449541, 2.310146981096409 ], [ -76.63875579449541, 2.310056355387524 ], [ -76.638665978593281, 2.310056355387524 ], [ -76.638665978593281, 2.309875103969754 ], [ -76.63875579449541, 2.309875103969754 ], [ -76.63875579449541, 2.309693852551985 ], [ -76.638486346788994, 2.309693852551985 ], [ -76.638486346788994, 2.30978447826087 ], [ -76.638306714984708, 2.30978447826087 ], [ -76.638306714984708, 2.309875103969754 ], [ -76.638216899082565, 2.309875103969754 ], [ -76.638216899082565, 2.310056355387524 ], [ -76.638306714984708, 2.310056355387524 ], [ -76.638306714984708, 2.310146981096409 ], [ -76.638396530886851, 2.310146981096409 ], [ -76.638396530886851, 2.310328232514178 ], [ -76.638486346788994, 2.310328232514178 ], [ -76.638486346788994, 2.310418858223063 ], [ -76.638665978593281, 2.310418858223063 ] ] ] } },
{ "type": "Feature", "properties": { "value": 1, "State": "Burned", "Class": "Quemado", "IdxName": "NBR", "StartDate": "2025-09-27", "EndDate": "2025-09-28" }, "geometry": { "type": "Polygon", "coordinates": [ [ [ -76.580285642201829, 2.30978447826087 ], [ -76.580285642201829, 2.309693852551985 ], [ -76.5801958262997, 2.309693852551985 ], [ -76.5801958262997, 2.30978447826087 ], [ -76.580285642201829, 2.30978447826087 ] ] ] } },
{ "type": "Feature", "properties": { "value": 1, "State": "Burned", "Class": "Quemado", "IdxName": "NBR", "StartDate": "2025-09-27", "EndDate": "2025-09-28" }, "geometry": { "type": "Polygon", "coordinates": [ [ [ -76.588997784709477, 2.30978447826087 ], [ -76.588997784709477, 2.3096032268431 ], [ -76.588907968807348, 2.3096032268431 ], [ -76.588907968807348, 2.30978447826087 ], [ -76.588997784709477, 2.30978447826087 ] ] ] } },
{ "type": "Feature", "properties": { "value": 1, "State": "Burned", "Class": "Quemado", "IdxName": "NBR", "StartDate": "2025-09-27", "EndDate": "2025-09-28" }, "geometry": { "type": "Polygon", "coordinates": [ [ [ -76.587560730275229, 2.30978447826087 ], [ -76.587560730275229, 2.309693852551985 ], [ -76.587650546177372, 2.309693852551985 ], [ -76.587650546177372, 2.3096032268431 ], [ -76.587470914373085, 2.3096032268431 ], [ -76.587470914373085, 2.30978447826087 ], [ -76.587560730275229, 2.30978447826087 ] ] ] } },
{ "type": "Feature", "properties": { "value": 1, "State": "Burned", "Class": "Quemado", "IdxName": "NBR", "StartDate": "2025-09-27", "EndDate": "2025-09-28" }, "geometry": { "type": "Polygon", "coordinates": [ [ [ -76.542562963302757, 2.309965729678639 ], [ -76.542562963302757, 2.30978447826087 ], [ -76.542383331498471, 2.30978447826087 ], [ -76.542383331498471, 2.309693852551985 ], [ -76.542293515596327, 2.309693852551985 ], [ -76.542293515596327, 2.3096032268431 ], [ -76.542113883792055, 2.3096032268431 ], [ -76.542113883792055, 2.309512601134216 ], [ -76.541934251987769, 2.309512601134216 ], [ -76.541934251987769, 2.3096032268431 ], [ -76.542024067889912, 2.3096032268431 ], [ -76.542024067889912, 2.309693852551985 ], [ -76.542113883792055, 2.309693852551985 ], [ -76.542113883792055, 2.30978447826087 ], [ -76.542203699694184, 2.30978447826087 ], [ -76.542203699694184, 2.309875103969754 ], [ -76.542383331498471, 2.309875103969754 ], [ -76.542383331498471, 2.309965729678639 ], [ -76.542562963302757, 2.309965729678639 ] ] ] } },
{ "type": "Feature", "properties": { "value": 1, "State": "Burned", "Class": "Quemado", "IdxName": "NBR", "StartDate": "2025-09-27", "EndDate": "2025-09-28" }, "geometry": { "type": "Polygon", "coordinates": [ [ [ -76.54534725626911, 2.309512601134216 ], [ -76.54534725626911, 2.309421975425331 ], [ -76.545257440366967, 2.309421975425331 ], [ -76.545257440366967, 2.309512601134216 ], [ -76.54534725626911, 2.309512601134216 ] ] ] } },
{ "type": "Feature", "properties": { "value": 1, "State": "Burned", "Class": "Quemado", "IdxName": "NBR", "StartDate": "2025-09-27", "EndDate": "2025-09-28" }, "geometry": { "type": "Polygon", "coordinates": [ [ [ -76.588907968807348, 2.309512601134216 ], [ -76.588907968807348, 2.309331349716446 ], [ -76.588818152905205, 2.309331349716446 ], [ -76.588818152905205, 2.309512601134216 ], [ -76.588907968807348, 2.309512601134216 ] ] ] } },
{ "type": "Feature", "properties": { "value": 1, "State": "Burned", "Class": "Quemado", "IdxName": "NBR", "StartDate": "2025-09-27", "EndDate": "2025-09-28" }, "geometry": { "type": "Polygon", "coordinates": [ [ [ -76.545706519877683, 2.309421975425331 ], [ -76.545706519877683, 2.309331349716446 ], [ -76.545526888073397, 2.309331349716446 ], [ -76.545526888073397, 2.309421975425331 ], [ -76.545706519877683, 2.309421975425331 ] ] ] } },
{ "type": "Feature", "properties": { "value": 1, "State": "Burned", "Class": "Quemado", "IdxName": "NBR", "StartDate": "2025-09-27", "EndDate": "2025-09-28" }, "geometry": { "type": "Polygon", "coordinates": [ [ [ -76.541844436085626, 2.309512601134216 ], [ -76.541844436085626, 2.309240724007561 ], [ -76.541754620183482, 2.309240724007561 ], [ -76.541754620183482, 2.309512601134216 ], [ -76.541844436085626, 2.309512601134216 ] ] ] } },
{ "type": "Feature", "properties": { "value": 1, "State": "Burned", "Class": "Quemado", "IdxName": "NBR", "StartDate": "2025-09-27", "EndDate": "2025-09-28" }, "geometry": { "type": "Polygon", "coordinates": [ [ [ -76.589177416513763, 2.309512601134216 ], [ -76.589177416513763, 2.309421975425331 ], [ -76.589267232415907, 2.309421975425331 ], [ -76.589267232415907, 2.309240724007561 ], [ -76.589177416513763, 2.309240724007561 ], [ -76.589177416513763, 2.309331349716446 ], [ -76.58908760061162, 2.309331349716446 ], [ -76.58908760061162, 2.309512601134216 ], [ -76.589177416513763, 2.309512601134216 ] ] ] } },
{ "type": "Feature", "properties": { "value": 1, "State": "Burned", "Class": "Quemado", "IdxName": "NBR", "StartDate": "2025-09-27", "EndDate": "2025-09-28" }, "geometry": { "type": "Polygon", "coordinates": [ [ [ -76.545526888073397, 2.309331349716446 ], [ -76.545526888073397, 2.309240724007561 ], [ -76.545437072171254, 2.309240724007561 ], [ -76.545437072171254, 2.309150098298677 ], [ -76.54534725626911, 2.309150098298677 ], [ -76.54534725626911, 2.309331349716446 ], [ -76.545526888073397, 2.309331349716446 ] ] ] } },
{ "type": "Feature", "properties": { "value": 1, "State": "Burned", "Class": "Quemado", "IdxName": "NBR", "StartDate": "2025-09-27", "EndDate": "2025-09-28" }, "geometry": { "type": "Polygon", "coordinates": [ [ [ -76.588907968807348, 2.309240724007561 ], [ -76.588907968807348, 2.309150098298677 ], [ -76.588818152905205, 2.309150098298677 ], [ -76.588818152905205, 2.309240724007561 ], [ -76.588907968807348, 2.309240724007561 ] ] ] } },
{ "type": "Feature", "properties": { "value": 1, "State": "Burned", "Class": "Quemado", "IdxName": "NBR", "StartDate": "2025-09-27", "EndDate": "2025-09-28" }, "geometry": { "type": "Polygon", "coordinates": [ [ [ -76.530348000611625, 2.3096032268431 ], [ -76.530348000611625, 2.309240724007561 ], [ -76.530258184709481, 2.309240724007561 ], [ -76.530258184709481, 2.309059472589792 ], [ -76.530168368807338, 2.309059472589792 ], [ -76.530168368807338, 2.309150098298677 ], [ -76.530078552905195, 2.309150098298677 ], [ -76.530078552905195, 2.309240724007561 ], [ -76.530168368807338, 2.309240724007561 ], [ -76.530168368807338, 2.309512601134216 ], [ -76.530258184709481, 2.309512601134216 ], [ -76.530258184709481, 2.3096032268431 ], [ -76.530348000611625, 2.3096032268431 ] ] ] } },
{ "type": "Feature", "properties": { "value": 1, "State": "Burned", "Class": "Quemado", "IdxName": "NBR", "StartDate": "2025-09-27", "EndDate": "2025-09-28" }, "geometry": { "type": "Polygon", "coordinates": [ [ [ -76.58935704831805, 2.309240724007561 ], [ -76.58935704831805, 2.309059472589792 ], [ -76.589267232415907, 2.309059472589792 ], [ -76.589267232415907, 2.309240724007561 ], [ -76.58935704831805, 2.309240724007561 ] ] ] } },
{ "type": "Feature", "properties": { "value": 1, "State": "Burned", "Class": "Quemado", "IdxName": "NBR", "StartDate": "2025-09-27", "EndDate": "2025-09-28" }, "geometry": { "type": "Polygon", "coordinates": [ [ [ -76.647737384709487, 2.309421975425331 ], [ -76.647737384709487, 2.309331349716446 ], [ -76.647917016513759, 2.309331349716446 ], [ -76.647917016513759, 2.309240724007561 ], [ -76.648006832415902, 2.309240724007561 ], [ -76.648006832415902, 2.309150098298677 ], [ -76.648096648318045, 2.309150098298677 ], [ -76.648096648318045, 2.309059472589792 ], [ -76.648006832415902, 2.309059472589792 ], [ -76.648006832415902, 2.308968846880908 ], [ -76.64782720061163, 2.308968846880908 ], [ -76.64782720061163, 2.309059472589792 ], [ -76.647917016513759, 2.309059472589792 ], [ -76.647917016513759, 2.309150098298677 ], [ -76.64782720061163, 2.309150098298677 ], [ -76.64782720061163, 2.309240724007561 ], [ -76.647647568807344, 2.309240724007561 ], [ -76.647647568807344, 2.309421975425331 ], [ -76.647737384709487, 2.309421975425331 ] ] ] } },
{ "type": "Feature", "properties": { "value": 1, "State": "Burned", "Class": "Quemado", "IdxName": "NBR", "StartDate": "2025-09-27", "EndDate": "2025-09-28" }, "geometry": { "type": "Polygon", "coordinates": [ [ [ -76.54534725626911, 2.309059472589792 ], [ -76.54534725626911, 2.308968846880908 ], [ -76.545257440366967, 2.308968846880908 ], [ -76.545257440366967, 2.309059472589792 ], [ -76.54534725626911, 2.309059472589792 ] ] ] } },
{ "type": "Feature", "properties": { "value": 1, "State": "Burned", "Class": "Quemado", "IdxName": "NBR", "StartDate": "2025-09-27", "EndDate": "2025-09-28" }, "geometry": { "type": "Polygon", "coordinates": [ [ [ -76.530078552905195, 2.309150098298677 ], [ -76.530078552905195, 2.309059472589792 ], [ -76.530168368807338, 2.309059472589792 ], [ -76.530168368807338, 2.308968846880908 ], [ -76.529898921100923, 2.308968846880908 ], [ -76.529898921100923, 2.309059472589792 ], [ -76.529988737003052, 2.309059472589792 ], [ -76.529988737003052, 2.309150098298677 ], [ -76.530078552905195, 2.309150098298677 ] ] ] } },
{ "type": "Feature", "properties": { "value": 1, "State": "Burned", "Class": "Quemado", "IdxName": "NBR", "StartDate": "2025-09-27", "EndDate": "2025-09-28" }, "geometry": { "type": "Polygon", "coordinates": [ [ [ -76.52980910519878, 2.309059472589792 ], [ -76.52980910519878, 2.308968846880908 ], [ -76.529719289296636, 2.308968846880908 ], [ -76.529719289296636, 2.309059472589792 ], [ -76.52980910519878, 2.309059472589792 ] ] ] } },
{ "type": "Feature", "properties": { "value": 1, "State": "Burned", "Class": "Quemado", "IdxName": "NBR", "StartDate": "2025-09-27", "EndDate": "2025-09-28" }, "geometry": { "type": "Polygon", "coordinates": [ [ [ -76.63067236330275, 2.309059472589792 ], [ -76.63067236330275, 2.308878221172023 ], [ -76.630582547400607, 2.308878221172023 ], [ -76.630582547400607, 2.309059472589792 ], [ -76.63067236330275, 2.309059472589792 ] ] ] } },
{ "type": "Feature", "properties": { "value": 1, "State": "Burned", "Class": "Quemado", "IdxName": "NBR", "StartDate": "2025-09-27", "EndDate": "2025-09-28" }, "geometry": { "type": "Polygon", "coordinates": [ [ [ -76.588907968807348, 2.309059472589792 ], [ -76.588907968807348, 2.308968846880908 ], [ -76.588818152905205, 2.308968846880908 ], [ -76.588818152905205, 2.308878221172023 ], [ -76.588728337003062, 2.308878221172023 ], [ -76.588728337003062, 2.309059472589792 ], [ -76.588907968807348, 2.309059472589792 ] ] ] } },
{ "type": "Feature", "properties": { "value": 1, "State": "Burned", "Class": "Quemado", "IdxName": "NBR", "StartDate": "2025-09-27", "EndDate": "2025-09-28" }, "geometry": { "type": "Polygon", "coordinates": [ [ [ -76.524150703363915, 2.309059472589792 ], [ -76.524150703363915, 2.308968846880908 ], [ -76.523881255657486, 2.308968846880908 ], [ -76.523881255657486, 2.308878221172023 ], [ -76.523701623853214, 2.308878221172023 ], [ -76.523701623853214, 2.309059472589792 ], [ -76.524150703363915, 2.309059472589792 ] ] ] } },
{ "type": "Feature", "properties": { "value": 1, "State": "Burned", "Class": "Quemado", "IdxName": "NBR", "StartDate": "2025-09-27", "EndDate": "2025-09-28" }, "geometry": { "type": "Polygon", "coordinates": [ [ [ -76.542922226911315, 2.309059472589792 ], [ -76.542922226911315, 2.308968846880908 ], [ -76.543012042813459, 2.308968846880908 ], [ -76.543012042813459, 2.308878221172023 ], [ -76.542832411009172, 2.308878221172023 ], [ -76.542832411009172, 2.309059472589792 ], [ -76.542922226911315, 2.309059472589792 ] ] ] } },
{ "type": "Feature", "properties": { "value": 1, "State": "Burned", "Class": "Quemado", "IdxName": "NBR", "StartDate": "2025-09-27", "EndDate": "2025-09-28" }, "geometry": { "type": "Polygon", "coordinates": [ [ [ -76.529898921100923, 2.308968846880908 ], [ -76.529898921100923, 2.308878221172023 ], [ -76.52980910519878, 2.308878221172023 ], [ -76.52980910519878, 2.308968846880908 ], [ -76.529898921100923, 2.308968846880908 ] ] ] } },
{ "type": "Feature", "properties": { "value": 1, "State": "Burned", "Class": "Quemado", "IdxName": "NBR", "StartDate": "2025-09-27", "EndDate": "2025-09-28" }, "geometry": { "type": "Polygon", "coordinates": [ [ [ -76.648096648318045, 2.308968846880908 ], [ -76.648096648318045, 2.308787595463138 ], [ -76.648006832415902, 2.308787595463138 ], [ -76.648006832415902, 2.308968846880908 ], [ -76.648096648318045, 2.308968846880908 ] ] ] } },
{ "type": "Feature", "properties": { "value": 1, "State": "Burned", "Class": "Quemado", "IdxName": "NBR", "StartDate": "2025-09-27", "EndDate": "2025-09-28" }, "geometry": { "type": "Polygon", "coordinates": [ [ [ -76.529719289296636, 2.308968846880908 ], [ -76.529719289296636, 2.308787595463138 ], [ -76.529629473394493, 2.308787595463138 ], [ -76.529629473394493, 2.308968846880908 ], [ -76.529719289296636, 2.308968846880908 ] ] ] } },
{ "type": "Feature", "properties": { "value": 1, "State": "Burned", "Class": "Quemado", "IdxName": "NBR", "StartDate": "2025-09-27", "EndDate": "2025-09-28" }, "geometry": { "type": "Polygon", "coordinates": [ [ [ -76.574178160856263, 2.308878221172023 ], [ -76.574178160856263, 2.308787595463138 ], [ -76.574088344954134, 2.308787595463138 ], [ -76.574088344954134, 2.308878221172023 ], [ -76.574178160856263, 2.308878221172023 ] ] ] } },
{ "type": "Feature", "properties": { "value": 1, "State": "Burned", "Class": "Quemado", "IdxName": "NBR", "StartDate": "2025-09-27", "EndDate": "2025-09-28" }, "geometry": { "type": "Polygon", "coordinates": [ [ [ -76.544987992660552, 2.308878221172023 ], [ -76.544987992660552, 2.308696969754254 ], [ -76.544808360856265, 2.308696969754254 ], [ -76.544808360856265, 2.308787595463138 ], [ -76.544898176758409, 2.308787595463138 ], [ -76.544898176758409, 2.308878221172023 ], [ -76.544987992660552, 2.308878221172023 ] ] ] } },
{ "type": "Feature", "properties": { "value": 1, "State": "Burned", "Class": "Quemado", "IdxName": "NBR", "StartDate": "2025-09-27", "EndDate": "2025-09-28" }, "geometry": { "type": "Polygon", "coordinates": [ [ [ -76.588818152905205, 2.308787595463138 ], [ -76.588818152905205, 2.308696969754254 ], [ -76.588728337003062, 2.308696969754254 ], [ -76.588728337003062, 2.308787595463138 ], [ -76.588818152905205, 2.308787595463138 ] ] ] } },
{ "type": "Feature", "properties": { "value": 1, "State": "Burned", "Class": "Quemado", "IdxName": "NBR", "StartDate": "2025-09-27", "EndDate": "2025-09-28" }, "geometry": { "type": "Polygon", "coordinates": [ [ [ -76.54534725626911, 2.308787595463138 ], [ -76.54534725626911, 2.308696969754254 ], [ -76.545257440366967, 2.308696969754254 ], [ -76.545257440366967, 2.308787595463138 ], [ -76.54534725626911, 2.308787595463138 ] ] ] } },
{ "type": "Feature", "properties": { "value": 1, "State": "Burned", "Class": "Quemado", "IdxName": "NBR", "StartDate": "2025-09-27", "EndDate": "2025-09-28" }, "geometry": { "type": "Polygon", "coordinates": [ [ [ -76.589626496024465, 2.308878221172023 ], [ -76.589626496024465, 2.308787595463138 ], [ -76.589716311926608, 2.308787595463138 ], [ -76.589716311926608, 2.308606344045369 ], [ -76.589626496024465, 2.308606344045369 ], [ -76.589626496024465, 2.308696969754254 ], [ -76.589536680122322, 2.308696969754254 ], [ -76.589536680122322, 2.308878221172023 ], [ -76.589626496024465, 2.308878221172023 ] ] ] } },
{ "type": "Feature", "properties": { "value": 1, "State": "Burned", "Class": "Quemado", "IdxName": "NBR", "StartDate": "2025-09-27", "EndDate": "2025-09-28" }, "geometry": { "type": "Polygon", "coordinates": [ [ [ -76.545526888073397, 2.308787595463138 ], [ -76.545526888073397, 2.308606344045369 ], [ -76.545437072171254, 2.308606344045369 ], [ -76.545437072171254, 2.308787595463138 ], [ -76.545526888073397, 2.308787595463138 ] ] ] } },
{ "type": "Feature", "properties": { "value": 1, "State": "Burned", "Class": "Quemado", "IdxName": "NBR", "StartDate": "2025-09-27", "EndDate": "2025-09-28" }, "geometry": { "type": "Polygon", "coordinates": [ [ [ -76.636240949235471, 2.308606344045369 ], [ -76.636240949235471, 2.308515718336484 ], [ -76.636151133333343, 2.308515718336484 ], [ -76.636151133333343, 2.308606344045369 ], [ -76.636240949235471, 2.308606344045369 ] ] ] } },
{ "type": "Feature", "properties": { "value": 1, "State": "Burned", "Class": "Quemado", "IdxName": "NBR", "StartDate": "2025-09-27", "EndDate": "2025-09-28" }, "geometry": { "type": "Polygon", "coordinates": [ [ [ -76.589895943730895, 2.308606344045369 ], [ -76.589895943730895, 2.308515718336484 ], [ -76.589716311926608, 2.308515718336484 ], [ -76.589716311926608, 2.308606344045369 ], [ -76.589895943730895, 2.308606344045369 ] ] ] } },
{ "type": "Feature", "properties": { "value": 1, "State": "Burned", "Class": "Quemado", "IdxName": "NBR", "StartDate": "2025-09-27", "EndDate": "2025-09-28" }, "geometry": { "type": "Polygon", "coordinates": [ [ [ -76.546335231192657, 2.308606344045369 ], [ -76.546335231192657, 2.308515718336484 ], [ -76.546245415290514, 2.308515718336484 ], [ -76.546245415290514, 2.308606344045369 ], [ -76.546335231192657, 2.308606344045369 ] ] ] } },
{ "type": "Feature", "properties": { "value": 1, "State": "Burned", "Class": "Quemado", "IdxName": "NBR", "StartDate": "2025-09-27", "EndDate": "2025-09-28" }, "geometry": { "type": "Polygon", "coordinates": [ [ [ -76.52953965749235, 2.308787595463138 ], [ -76.52953965749235, 2.308696969754254 ], [ -76.529629473394493, 2.308696969754254 ], [ -76.529629473394493, 2.308606344045369 ], [ -76.52953965749235, 2.308606344045369 ], [ -76.52953965749235, 2.3084250926276 ], [ -76.529449841590221, 2.3084250926276 ], [ -76.529449841590221, 2.308787595463138 ], [ -76.52953965749235, 2.308787595463138 ] ] ] } },
{ "type": "Feature", "properties": { "value": 1, "State": "Burned", "Class": "Quemado", "IdxName": "NBR", "StartDate": "2025-09-27", "EndDate": "2025-09-28" }, "geometry": { "type": "Polygon", "coordinates": [ [ [ -76.54534725626911, 2.308515718336484 ], [ -76.54534725626911, 2.3084250926276 ], [ -76.545257440366967, 2.3084250926276 ], [ -76.545257440366967, 2.308515718336484 ], [ -76.54534725626911, 2.308515718336484 ] ] ] } },
{ "type": "Feature", "properties": { "value": 1, "State": "Burned", "Class": "Quemado", "IdxName": "NBR", "StartDate": "2025-09-27", "EndDate": "2025-09-28" }, "geometry": { "type": "Polygon", "coordinates": [ [ [ -76.589985759633024, 2.308515718336484 ], [ -76.589985759633024, 2.308334466918715 ], [ -76.589895943730895, 2.308334466918715 ], [ -76.589895943730895, 2.308515718336484 ], [ -76.589985759633024, 2.308515718336484 ] ] ] } },
{ "type": "Feature", "properties": { "value": 1, "State": "Burned", "Class": "Quemado", "IdxName": "NBR", "StartDate": "2025-09-27", "EndDate": "2025-09-28" }, "geometry": { "type": "Polygon", "coordinates": [ [ [ -76.648545727828747, 2.3084250926276 ], [ -76.648545727828747, 2.308334466918715 ], [ -76.648455911926604, 2.308334466918715 ], [ -76.648455911926604, 2.3084250926276 ], [ -76.648545727828747, 2.3084250926276 ] ] ] } },
{ "type": "Feature", "properties": { "value": 1, "State": "Burned", "Class": "Quemado", "IdxName": "NBR", "StartDate": "2025-09-27", "EndDate": "2025-09-28" }, "geometry": { "type": "Polygon", "coordinates": [ [ [ -76.524509966972474, 2.309059472589792 ], [ -76.524509966972474, 2.308968846880908 ], [ -76.524869230581047, 2.308968846880908 ], [ -76.524869230581047, 2.30824384120983 ], [ -76.524599782874617, 2.30824384120983 ], [ -76.524599782874617, 2.308334466918715 ], [ -76.52468959877676, 2.308334466918715 ], [ -76.52468959877676, 2.308515718336484 ], [ -76.524599782874617, 2.308515718336484 ], [ -76.524599782874617, 2.308606344045369 ], [ -76.524509966972474, 2.308606344045369 ], [ -76.524509966972474, 2.308787595463138 ], [ -76.524420151070331, 2.308787595463138 ], [ -76.524420151070331, 2.309059472589792 ], [ -76.524509966972474, 2.309059472589792 ] ] ] } },
{ "type": "Feature", "properties": { "value": 1, "State": "Burned", "Class": "Quemado", "IdxName": "NBR", "StartDate": "2025-09-27", "EndDate": "2025-09-28" }, "geometry": { "type": "Polygon", "coordinates": [ [ [ -76.545796335779812, 2.308606344045369 ], [ -76.545796335779812, 2.308334466918715 ], [ -76.54561670397554, 2.308334466918715 ], [ -76.54561670397554, 2.30824384120983 ], [ -76.545526888073397, 2.30824384120983 ], [ -76.545526888073397, 2.308334466918715 ], [ -76.545437072171254, 2.308334466918715 ], [ -76.545437072171254, 2.308515718336484 ], [ -76.545526888073397, 2.308515718336484 ], [ -76.545526888073397, 2.308606344045369 ], [ -76.545796335779812, 2.308606344045369 ] ] ] } },
{ "type": "Feature", "properties": { "value": 1, "State": "Burned", "Class": "Quemado", "IdxName": "NBR", "StartDate": "2025-09-27", "EndDate": "2025-09-28" }, "geometry": { "type": "Polygon", "coordinates": [ [ [ -76.546604678899087, 2.308968846880908 ], [ -76.546604678899087, 2.308606344045369 ], [ -76.546514862996943, 2.308606344045369 ], [ -76.546514862996943, 2.308878221172023 ], [ -76.5464250470948, 2.308878221172023 ], [ -76.5464250470948, 2.308606344045369 ], [ -76.546335231192657, 2.308606344045369 ], [ -76.546335231192657, 2.308878221172023 ], [ -76.546245415290514, 2.308878221172023 ], [ -76.546245415290514, 2.308787595463138 ], [ -76.546065783486242, 2.308787595463138 ], [ -76.546065783486242, 2.308606344045369 ], [ -76.546155599388385, 2.308606344045369 ], [ -76.546155599388385, 2.308515718336484 ], [ -76.546245415290514, 2.308515718336484 ], [ -76.546245415290514, 2.3084250926276 ], [ -76.546335231192657, 2.3084250926276 ], [ -76.546335231192657, 2.308334466918715 ], [ -76.546245415290514, 2.308334466918715 ], [ -76.546245415290514, 2.30824384120983 ], [ -76.546155599388385, 2.30824384120983 ], [ -76.546155599388385, 2.308062589792061 ], [ -76.545975967584098, 2.308062589792061 ], [ -76.545975967584098, 2.308606344045369 ], [ -76.545796335779812, 2.308606344045369 ], [ -76.545796335779812, 2.308696969754254 ], [ -76.545886151681955, 2.308696969754254 ], [ -76.545886151681955, 2.308787595463138 ], [ -76.545975967584098, 2.308787595463138 ], [ -76.545975967584098, 2.308878221172023 ], [ -76.546065783486242, 2.308878221172023 ], [ -76.546065783486242, 2.308968846880908 ], [ -76.546604678899087, 2.308968846880908 ] ] ] } },
{ "type": "Feature", "properties": { "value": 1, "State": "Burned", "Class": "Quemado", "IdxName": "NBR", "StartDate": "2025-09-27", "EndDate": "2025-09-28" }, "geometry": { "type": "Polygon", "coordinates": [ [ [ -76.542383331498471, 2.312865752362949 ], [ -76.542383331498471, 2.312775126654064 ], [ -76.542473147400614, 2.312775126654064 ], [ -76.542473147400614, 2.312593875236295 ], [ -76.542383331498471, 2.312593875236295 ], [ -76.542383331498471, 2.312321998109641 ], [ -76.542293515596327, 2.312321998109641 ], [ -76.542293515596327, 2.312140746691872 ], [ -76.542473147400614, 2.312140746691872 ], [ -76.542473147400614, 2.312050120982987 ], [ -76.5426527792049, 2.312050120982987 ], [ -76.5426527792049, 2.312321998109641 ], [ -76.542562963302757, 2.312321998109641 ], [ -76.542562963302757, 2.312412623818526 ], [ -76.542742595107029, 2.312412623818526 ], [ -76.542742595107029, 2.31250324952741 ], [ -76.542832411009172, 2.31250324952741 ], [ -76.542832411009172, 2.312412623818526 ], [ -76.543101858715602, 2.312412623818526 ], [ -76.543101858715602, 2.312321998109641 ], [ -76.543191674617731, 2.312321998109641 ], [ -76.543191674617731, 2.312231372400756 ], [ -76.543281490519874, 2.312231372400756 ], [ -76.543281490519874, 2.312140746691872 ], [ -76.54346112232416, 2.312140746691872 ], [ -76.54346112232416, 2.312050120982987 ], [ -76.543550938226304, 2.312050120982987 ], [ -76.543550938226304, 2.311778243856333 ], [ -76.543730570030576, 2.311778243856333 ], [ -76.543730570030576, 2.311687618147448 ], [ -76.543640754128447, 2.311687618147448 ], [ -76.543640754128447, 2.311506366729679 ], [ -76.543550938226304, 2.311506366729679 ], [ -76.543550938226304, 2.311415741020794 ], [ -76.543371306422017, 2.311415741020794 ], [ -76.543371306422017, 2.311325115311909 ], [ -76.543281490519874, 2.311325115311909 ], [ -76.543281490519874, 2.311415741020794 ], [ -76.543191674617731, 2.311415741020794 ], [ -76.543191674617731, 2.311325115311909 ], [ -76.543012042813459, 2.311325115311909 ], [ -76.543012042813459, 2.311415741020794 ], [ -76.542922226911315, 2.311415741020794 ], [ -76.542922226911315, 2.311506366729679 ], [ -76.5426527792049, 2.311506366729679 ], [ -76.5426527792049, 2.311325115311909 ], [ -76.542562963302757, 2.311325115311909 ], [ -76.542562963302757, 2.310871986767486 ], [ -76.5426527792049, 2.310871986767486 ], [ -76.5426527792049, 2.310781361058601 ], [ -76.542922226911315, 2.310781361058601 ], [ -76.542922226911315, 2.310690735349717 ], [ -76.543191674617731, 2.310690735349717 ], [ -76.543191674617731, 2.310600109640832 ], [ -76.543371306422017, 2.310600109640832 ], [ -76.543371306422017, 2.310418858223063 ], [ -76.54346112232416, 2.310418858223063 ], [ -76.54346112232416, 2.310146981096409 ], [ -76.543550938226304, 2.310146981096409 ], [ -76.543550938226304, 2.309965729678639 ], [ -76.543640754128447, 2.309965729678639 ], [ -76.543640754128447, 2.30978447826087 ], [ -76.543730570030576, 2.30978447826087 ], [ -76.543730570030576, 2.310237606805293 ], [ -76.543820385932719, 2.310237606805293 ], [ -76.543820385932719, 2.310146981096409 ], [ -76.543910201834862, 2.310146981096409 ], [ -76.543910201834862, 2.309693852551985 ], [ -76.544000017737005, 2.309693852551985 ], [ -76.544000017737005, 2.309512601134216 ], [ -76.544179649541292, 2.309512601134216 ], [ -76.544179649541292, 2.3096032268431 ], [ -76.544359281345564, 2.3096032268431 ], [ -76.544359281345564, 2.30978447826087 ], [ -76.544269465443421, 2.30978447826087 ], [ -76.544269465443421, 2.309875103969754 ], [ -76.544179649541292, 2.309875103969754 ], [ -76.544179649541292, 2.310056355387524 ], [ -76.544089833639148, 2.310056355387524 ], [ -76.544089833639148, 2.310328232514178 ], [ -76.544269465443421, 2.310328232514178 ], [ -76.544269465443421, 2.310146981096409 ], [ -76.544359281345564, 2.310146981096409 ], [ -76.544359281345564, 2.309875103969754 ], [ -76.544718544954122, 2.309875103969754 ], [ -76.544718544954122, 2.30978447826087 ], [ -76.544898176758409, 2.30978447826087 ], [ -76.544898176758409, 2.309875103969754 ], [ -76.544987992660552, 2.309875103969754 ], [ -76.544987992660552, 2.310056355387524 ], [ -76.545077808562695, 2.310056355387524 ], [ -76.545077808562695, 2.310237606805293 ], [ -76.545257440366967, 2.310237606805293 ], [ -76.545257440366967, 2.310328232514178 ], [ -76.545437072171254, 2.310328232514178 ], [ -76.545437072171254, 2.310418858223063 ], [ -76.54561670397554, 2.310418858223063 ], [ -76.54561670397554, 2.310237606805293 ], [ -76.545706519877683, 2.310237606805293 ], [ -76.545706519877683, 2.310146981096409 ], [ -76.545526888073397, 2.310146981096409 ], [ -76.545526888073397, 2.310056355387524 ], [ -76.545437072171254, 2.310056355387524 ], [ -76.545437072171254, 2.310146981096409 ], [ -76.54534725626911, 2.310146981096409 ], [ -76.54534725626911, 2.309965729678639 ], [ -76.545437072171254, 2.309965729678639 ], [ -76.545437072171254, 2.309875103969754 ], [ -76.545796335779812, 2.309875103969754 ], [ -76.545796335779812, 2.30978447826087 ], [ -76.545886151681955, 2.30978447826087 ], [ -76.545886151681955, 2.3096032268431 ], [ -76.545975967584098, 2.3096032268431 ], [ -76.545975967584098, 2.309421975425331 ], [ -76.545706519877683, 2.309421975425331 ], [ -76.545706519877683, 2.309512601134216 ], [ -76.545796335779812, 2.309512601134216 ], [ -76.545796335779812, 2.3096032268431 ], [ -76.545706519877683, 2.3096032268431 ], [ -76.545706519877683, 2.309693852551985 ], [ -76.54561670397554, 2.309693852551985 ], [ -76.54561670397554, 2.3096032268431 ], [ -76.545526888073397, 2.3096032268431 ], [ -76.545526888073397, 2.309693852551985 ], [ -76.545437072171254, 2.309693852551985 ], [ -76.545437072171254, 2.3096032268431 ], [ -76.545257440366967, 2.3096032268431 ], [ -76.545257440366967, 2.309512601134216 ], [ -76.545167624464838, 2.309512601134216 ], [ -76.545167624464838, 2.309421975425331 ], [ -76.544628729051993, 2.309421975425331 ], [ -76.544628729051993, 2.309331349716446 ], [ -76.54453891314985, 2.309331349716446 ], [ -76.54453891314985, 2.309240724007561 ], [ -76.544449097247707, 2.309240724007561 ], [ -76.544449097247707, 2.308968846880908 ], [ -76.54453891314985, 2.308968846880908 ], [ -76.54453891314985, 2.308878221172023 ], [ -76.544628729051993, 2.308878221172023 ], [ -76.544628729051993, 2.308696969754254 ], [ -76.54453891314985, 2.308696969754254 ], [ -76.54453891314985, 2.3084250926276 ], [ -76.544628729051993, 2.3084250926276 ], [ -76.544628729051993, 2.308334466918715 ], [ -76.544808360856265, 2.308334466918715 ], [ -76.544808360856265, 2.30824384120983 ], [ -76.544718544954122, 2.30824384120983 ], [ -76.544718544954122, 2.308153215500945 ], [ -76.544628729051993, 2.308153215500945 ], [ -76.544628729051993, 2.308062589792061 ], [ -76.544449097247707, 2.308062589792061 ], [ -76.544449097247707, 2.308153215500945 ], [ -76.544179649541292, 2.308153215500945 ], [ -76.544179649541292, 2.30824384120983 ], [ -76.544269465443421, 2.30824384120983 ], [ -76.544269465443421, 2.3084250926276 ], [ -76.544179649541292, 2.3084250926276 ], [ -76.544179649541292, 2.308334466918715 ], [ -76.544000017737005, 2.308334466918715 ], [ -76.544000017737005, 2.30824384120983 ], [ -76.543910201834862, 2.30824384120983 ], [ -76.543910201834862, 2.308153215500945 ], [ -76.543640754128447, 2.308153215500945 ], [ -76.543640754128447, 2.308334466918715 ], [ -76.54346112232416, 2.308334466918715 ], [ -76.54346112232416, 2.308606344045369 ], [ -76.543371306422017, 2.308606344045369 ], [ -76.543371306422017, 2.308696969754254 ], [ -76.543281490519874, 2.308696969754254 ], [ -76.543281490519874, 2.308787595463138 ], [ -76.543191674617731, 2.308787595463138 ], [ -76.543191674617731, 2.308968846880908 ], [ -76.543012042813459, 2.308968846880908 ], [ -76.543012042813459, 2.309150098298677 ], [ -76.542922226911315, 2.309150098298677 ], [ -76.542922226911315, 2.309240724007561 ], [ -76.543012042813459, 2.309240724007561 ], [ -76.543012042813459, 2.309331349716446 ], [ -76.543101858715602, 2.309331349716446 ], [ -76.543101858715602, 2.309512601134216 ], [ -76.543012042813459, 2.309512601134216 ], [ -76.543012042813459, 2.3096032268431 ], [ -76.542922226911315, 2.3096032268431 ], [ -76.542922226911315, 2.309693852551985 ], [ -76.542832411009172, 2.309693852551985 ], [ -76.542832411009172, 2.310237606805293 ], [ -76.542922226911315, 2.310237606805293 ], [ -76.542922226911315, 2.310328232514178 ], [ -76.543101858715602, 2.310328232514178 ], [ -76.543101858715602, 2.310509483931947 ], [ -76.542562963302757, 2.310509483931947 ], [ -76.542562963302757, 2.310600109640832 ], [ -76.542473147400614, 2.310600109640832 ], [ -76.542473147400614, 2.310690735349717 ], [ -76.542383331498471, 2.310690735349717 ], [ -76.542383331498471, 2.311325115311909 ], [ -76.542293515596327, 2.311325115311909 ], [ -76.542293515596327, 2.311506366729679 ], [ -76.542203699694184, 2.311506366729679 ], [ -76.542203699694184, 2.311325115311909 ], [ -76.542113883792055, 2.311325115311909 ], [ -76.542113883792055, 2.311234489603025 ], [ -76.542024067889912, 2.311234489603025 ], [ -76.542024067889912, 2.31114386389414 ], [ -76.541844436085626, 2.31114386389414 ], [ -76.541844436085626, 2.31096261247637 ], [ -76.541934251987769, 2.31096261247637 ], [ -76.541934251987769, 2.311053238185255 ], [ -76.542024067889912, 2.311053238185255 ], [ -76.542024067889912, 2.310871986767486 ], [ -76.541934251987769, 2.310871986767486 ], [ -76.541934251987769, 2.310600109640832 ], [ -76.542024067889912, 2.310600109640832 ], [ -76.542024067889912, 2.310509483931947 ], [ -76.542113883792055, 2.310509483931947 ], [ -76.542113883792055, 2.310418858223063 ], [ -76.542203699694184, 2.310418858223063 ], [ -76.542203699694184, 2.310328232514178 ], [ -76.542473147400614, 2.310328232514178 ], [ -76.542473147400614, 2.310418858223063 ], [ -76.542562963302757, 2.310418858223063 ], [ -76.542562963302757, 2.310328232514178 ], [ -76.5426527792049, 2.310328232514178 ], [ -76.5426527792049, 2.309965729678639 ], [ -76.542562963302757, 2.309965729678639 ], [ -76.542562963302757, 2.310146981096409 ], [ -76.542383331498471, 2.310146981096409 ], [ -76.542383331498471, 2.310237606805293 ], [ -76.541844436085626, 2.310237606805293 ], [ -76.541844436085626, 2.310328232514178 ], [ -76.541754620183482, 2.310328232514178 ], [ -76.541754620183482, 2.310418858223063 ], [ -76.541844436085626, 2.310418858223063 ], [ -76.541844436085626, 2.310509483931947 ], [ -76.541754620183482, 2.310509483931947 ], [ -76.541754620183482, 2.310690735349717 ], [ -76.541844436085626, 2.310690735349717 ], [ -76.541844436085626, 2.310781361058601 ], [ -76.541754620183482, 2.310781361058601 ], [ -76.541754620183482, 2.31096261247637 ], [ -76.541664804281339, 2.31096261247637 ], [ -76.541664804281339, 2.311053238185255 ], [ -76.541754620183482, 2.311053238185255 ], [ -76.541754620183482, 2.311325115311909 ], [ -76.541844436085626, 2.311325115311909 ], [ -76.541844436085626, 2.311596992438564 ], [ -76.541754620183482, 2.311596992438564 ], [ -76.541754620183482, 2.311868869565218 ], [ -76.541844436085626, 2.311868869565218 ], [ -76.541844436085626, 2.311959495274102 ], [ -76.541934251987769, 2.311959495274102 ], [ -76.541934251987769, 2.312050120982987 ], [ -76.542024067889912, 2.312050120982987 ], [ -76.542024067889912, 2.312231372400756 ], [ -76.542113883792055, 2.312231372400756 ], [ -76.542113883792055, 2.312412623818526 ], [ -76.542203699694184, 2.312412623818526 ], [ -76.542203699694184, 2.31268450094518 ], [ -76.542113883792055, 2.31268450094518 ], [ -76.542113883792055, 2.312865752362949 ], [ -76.542383331498471, 2.312865752362949 ] ], [ [ -76.542742595107029, 2.311778243856333 ], [ -76.5426527792049, 2.311778243856333 ], [ -76.5426527792049, 2.311687618147448 ], [ -76.542742595107029, 2.311687618147448 ], [ -76.542742595107029, 2.311778243856333 ] ], [ [ -76.542562963302757, 2.311778243856333 ], [ -76.542473147400614, 2.311778243856333 ], [ -76.542473147400614, 2.311687618147448 ], [ -76.542562963302757, 2.311687618147448 ], [ -76.542562963302757, 2.311778243856333 ] ], [ [ -76.542922226911315, 2.311687618147448 ], [ -76.542832411009172, 2.311687618147448 ], [ -76.542832411009172, 2.311596992438564 ], [ -76.542922226911315, 2.311596992438564 ], [ -76.542922226911315, 2.311687618147448 ] ], [ [ -76.541934251987769, 2.311687618147448 ], [ -76.541844436085626, 2.311687618147448 ], [ -76.541844436085626, 2.311596992438564 ], [ -76.541934251987769, 2.311596992438564 ], [ -76.541934251987769, 2.311687618147448 ] ], [ [ -76.542383331498471, 2.311596992438564 ], [ -76.542293515596327, 2.311596992438564 ], [ -76.542293515596327, 2.311506366729679 ], [ -76.542383331498471, 2.311506366729679 ], [ -76.542383331498471, 2.311596992438564 ] ], [ [ -76.543012042813459, 2.310146981096409 ], [ -76.542922226911315, 2.310146981096409 ], [ -76.542922226911315, 2.310056355387524 ], [ -76.543012042813459, 2.310056355387524 ], [ -76.543012042813459, 2.310146981096409 ] ], [ [ -76.545167624464838, 2.310056355387524 ], [ -76.545077808562695, 2.310056355387524 ], [ -76.545077808562695, 2.309965729678639 ], [ -76.545167624464838, 2.309965729678639 ], [ -76.545167624464838, 2.310056355387524 ] ], [ [ -76.543191674617731, 2.309965729678639 ], [ -76.543101858715602, 2.309965729678639 ], [ -76.543101858715602, 2.309875103969754 ], [ -76.543191674617731, 2.309875103969754 ], [ -76.543191674617731, 2.309965729678639 ] ], [ [ -76.545077808562695, 2.309875103969754 ], [ -76.544987992660552, 2.309875103969754 ], [ -76.544987992660552, 2.309693852551985 ], [ -76.545077808562695, 2.309693852551985 ], [ -76.545077808562695, 2.309875103969754 ] ], [ [ -76.543550938226304, 2.309875103969754 ], [ -76.54346112232416, 2.309875103969754 ], [ -76.54346112232416, 2.309693852551985 ], [ -76.543550938226304, 2.309693852551985 ], [ -76.543550938226304, 2.309875103969754 ] ], [ [ -76.54346112232416, 2.3096032268431 ], [ -76.543371306422017, 2.3096032268431 ], [ -76.543371306422017, 2.309512601134216 ], [ -76.54346112232416, 2.309512601134216 ], [ -76.54346112232416, 2.3096032268431 ] ], [ [ -76.544000017737005, 2.309512601134216 ], [ -76.543910201834862, 2.309512601134216 ], [ -76.543910201834862, 2.309421975425331 ], [ -76.543820385932719, 2.309421975425331 ], [ -76.543820385932719, 2.309240724007561 ], [ -76.543910201834862, 2.309240724007561 ], [ -76.543910201834862, 2.309331349716446 ], [ -76.544000017737005, 2.309331349716446 ], [ -76.544000017737005, 2.309512601134216 ] ], [ [ -76.543281490519874, 2.309240724007561 ], [ -76.543191674617731, 2.309240724007561 ], [ -76.543191674617731, 2.309059472589792 ], [ -76.543281490519874, 2.309059472589792 ], [ -76.543281490519874, 2.309240724007561 ] ], [ [ -76.54453891314985, 2.3084250926276 ], [ -76.544449097247707, 2.3084250926276 ], [ -76.544449097247707, 2.308334466918715 ], [ -76.54453891314985, 2.308334466918715 ], [ -76.54453891314985, 2.3084250926276 ] ] ] } },
{ "type": "Feature", "properties": { "value": 1, "State": "Burned", "Class": "Quemado", "IdxName": "NBR", "StartDate": "2025-09-27", "EndDate": "2025-09-28" }, "geometry": { "type": "Polygon", "coordinates": [ [ [ -76.644683644036704, 2.308062589792061 ], [ -76.644683644036704, 2.307971964083176 ], [ -76.64459382813456, 2.307971964083176 ], [ -76.64459382813456, 2.308062589792061 ], [ -76.644683644036704, 2.308062589792061 ] ] ] } },
{ "type": "Feature", "properties": { "value": 1, "State": "Burned", "Class": "Quemado", "IdxName": "NBR", "StartDate": "2025-09-27", "EndDate": "2025-09-28" }, "geometry": { "type": "Polygon", "coordinates": [ [ [ -76.545167624464838, 2.308062589792061 ], [ -76.545167624464838, 2.307971964083176 ], [ -76.545077808562695, 2.307971964083176 ], [ -76.545077808562695, 2.308062589792061 ], [ -76.545167624464838, 2.308062589792061 ] ] ] } },
{ "type": "Feature", "properties": { "value": 1, "State": "Burned", "Class": "Quemado", "IdxName": "NBR", "StartDate": "2025-09-27", "EndDate": "2025-09-28" }, "geometry": { "type": "Polygon", "coordinates": [ [ [ -76.546604678899087, 2.308062589792061 ], [ -76.546604678899087, 2.307971964083176 ], [ -76.546784310703359, 2.307971964083176 ], [ -76.546784310703359, 2.307881338374291 ], [ -76.546514862996943, 2.307881338374291 ], [ -76.546514862996943, 2.307971964083176 ], [ -76.546155599388385, 2.307971964083176 ], [ -76.546155599388385, 2.308062589792061 ], [ -76.546604678899087, 2.308062589792061 ] ] ] } },
{ "type": "Feature", "properties": { "value": 1, "State": "Burned", "Class": "Quemado", "IdxName": "NBR", "StartDate": "2025-09-27", "EndDate": "2025-09-28" }, "geometry": { "type": "Polygon", "coordinates": [ [ [ -76.644773459938847, 2.307971964083176 ], [ -76.644773459938847, 2.307790712665406 ], [ -76.644683644036704, 2.307790712665406 ], [ -76.644683644036704, 2.307971964083176 ], [ -76.644773459938847, 2.307971964083176 ] ] ] } },
{ "type": "Feature", "properties": { "value": 1, "State": "Burned", "Class": "Quemado", "IdxName": "NBR", "StartDate": "2025-09-27", "EndDate": "2025-09-28" }, "geometry": { "type": "Polygon", "coordinates": [ [ [ -76.625283409174315, 2.307971964083176 ], [ -76.625283409174315, 2.307790712665406 ], [ -76.625193593272172, 2.307790712665406 ], [ -76.625193593272172, 2.307881338374291 ], [ -76.625103777370029, 2.307881338374291 ], [ -76.625103777370029, 2.307971964083176 ], [ -76.625283409174315, 2.307971964083176 ] ] ] } },
{ "type": "Feature", "properties": { "value": 1, "State": "Burned", "Class": "Quemado", "IdxName": "NBR", "StartDate": "2025-09-27", "EndDate": "2025-09-28" }, "geometry": { "type": "Polygon", "coordinates": [ [ [ -76.637318740061161, 2.308787595463138 ], [ -76.637318740061161, 2.308606344045369 ], [ -76.637498371865448, 2.308606344045369 ], [ -76.637498371865448, 2.308515718336484 ], [ -76.637588187767591, 2.308515718336484 ], [ -76.637588187767591, 2.308334466918715 ], [ -76.637678003669734, 2.308334466918715 ], [ -76.637678003669734, 2.308153215500945 ], [ -76.637588187767591, 2.308153215500945 ], [ -76.637588187767591, 2.308062589792061 ], [ -76.637498371865448, 2.308062589792061 ], [ -76.637498371865448, 2.308153215500945 ], [ -76.637228924159018, 2.308153215500945 ], [ -76.637228924159018, 2.308062589792061 ], [ -76.637408555963304, 2.308062589792061 ], [ -76.637408555963304, 2.307971964083176 ], [ -76.637318740061161, 2.307971964083176 ], [ -76.637318740061161, 2.307881338374291 ], [ -76.637228924159018, 2.307881338374291 ], [ -76.637228924159018, 2.307790712665406 ], [ -76.637139108256889, 2.307790712665406 ], [ -76.637139108256889, 2.307700086956522 ], [ -76.636959476452603, 2.307700086956522 ], [ -76.636959476452603, 2.307790712665406 ], [ -76.63686966055046, 2.307790712665406 ], [ -76.63686966055046, 2.307881338374291 ], [ -76.636779844648316, 2.307881338374291 ], [ -76.636779844648316, 2.307971964083176 ], [ -76.636510396941901, 2.307971964083176 ], [ -76.636510396941901, 2.308062589792061 ], [ -76.636420581039758, 2.308062589792061 ], [ -76.636420581039758, 2.308153215500945 ], [ -76.636330765137615, 2.308153215500945 ], [ -76.636330765137615, 2.308334466918715 ], [ -76.636240949235471, 2.308334466918715 ], [ -76.636240949235471, 2.3084250926276 ], [ -76.636420581039758, 2.3084250926276 ], [ -76.636420581039758, 2.308334466918715 ], [ -76.636600212844044, 2.308334466918715 ], [ -76.636600212844044, 2.308515718336484 ], [ -76.636779844648316, 2.308515718336484 ], [ -76.636779844648316, 2.308606344045369 ], [ -76.636959476452603, 2.308606344045369 ], [ -76.636959476452603, 2.308696969754254 ], [ -76.637049292354746, 2.308696969754254 ], [ -76.637049292354746, 2.308787595463138 ], [ -76.637318740061161, 2.308787595463138 ] ] ] } },
{ "type": "Feature", "properties": { "value": 1, "State": "Burned", "Class": "Quemado", "IdxName": "NBR", "StartDate": "2025-09-27", "EndDate": "2025-09-28" }, "geometry": { "type": "Polygon", "coordinates": [ [ [ -76.604535935779822, 2.307971964083176 ], [ -76.604535935779822, 2.307790712665406 ], [ -76.604446119877679, 2.307790712665406 ], [ -76.604446119877679, 2.307700086956522 ], [ -76.604356303975536, 2.307700086956522 ], [ -76.604356303975536, 2.307971964083176 ], [ -76.604535935779822, 2.307971964083176 ] ] ] } },
{ "type": "Feature", "properties": { "value": 1, "State": "Burned", "Class": "Quemado", "IdxName": "NBR", "StartDate": "2025-09-27", "EndDate": "2025-09-28" }, "geometry": { "type": "Polygon", "coordinates": [ [ [ -76.640103033027529, 2.307790712665406 ], [ -76.640103033027529, 2.307609461247637 ], [ -76.640013217125386, 2.307609461247637 ], [ -76.640013217125386, 2.307790712665406 ], [ -76.640103033027529, 2.307790712665406 ] ] ] } },
{ "type": "Feature", "properties": { "value": 1, "State": "Burned", "Class": "Quemado", "IdxName": "NBR", "StartDate": "2025-09-27", "EndDate": "2025-09-28" }, "geometry": { "type": "Polygon", "coordinates": [ [ [ -76.639653953516827, 2.307790712665406 ], [ -76.639653953516827, 2.307609461247637 ], [ -76.639564137614684, 2.307609461247637 ], [ -76.639564137614684, 2.307790712665406 ], [ -76.639653953516827, 2.307790712665406 ] ] ] } },
{ "type": "Feature", "properties": { "value": 1, "State": "Burned", "Class": "Quemado", "IdxName": "NBR", "StartDate": "2025-09-27", "EndDate": "2025-09-28" }, "geometry": { "type": "Polygon", "coordinates": [ [ [ -76.639833585321099, 2.307700086956522 ], [ -76.639833585321099, 2.307609461247637 ], [ -76.639743769418956, 2.307609461247637 ], [ -76.639743769418956, 2.307700086956522 ], [ -76.639833585321099, 2.307700086956522 ] ] ] } },
{ "type": "Feature", "properties": { "value": 1, "State": "Burned", "Class": "Quemado", "IdxName": "NBR", "StartDate": "2025-09-27", "EndDate": "2025-09-28" }, "geometry": { "type": "Polygon", "coordinates": [ [ [ -76.52953965749235, 2.308334466918715 ], [ -76.52953965749235, 2.307971964083176 ], [ -76.529449841590221, 2.307971964083176 ], [ -76.529449841590221, 2.307881338374291 ], [ -76.52953965749235, 2.307881338374291 ], [ -76.52953965749235, 2.307790712665406 ], [ -76.529449841590221, 2.307790712665406 ], [ -76.529449841590221, 2.307609461247637 ], [ -76.529360025688078, 2.307609461247637 ], [ -76.529360025688078, 2.307518835538752 ], [ -76.529270209785935, 2.307518835538752 ], [ -76.529270209785935, 2.307428209829868 ], [ -76.529180393883792, 2.307428209829868 ], [ -76.529180393883792, 2.307609461247637 ], [ -76.529270209785935, 2.307609461247637 ], [ -76.529270209785935, 2.307700086956522 ], [ -76.529360025688078, 2.307700086956522 ], [ -76.529360025688078, 2.308062589792061 ], [ -76.529449841590221, 2.308062589792061 ], [ -76.529449841590221, 2.308334466918715 ], [ -76.52953965749235, 2.308334466918715 ] ] ] } },
{ "type": "Feature", "properties": { "value": 1, "State": "Burned", "Class": "Quemado", "IdxName": "NBR", "StartDate": "2025-09-27", "EndDate": "2025-09-28" }, "geometry": { "type": "Polygon", "coordinates": [ [ [ -76.639743769418956, 2.307609461247637 ], [ -76.639743769418956, 2.307428209829868 ], [ -76.639653953516827, 2.307428209829868 ], [ -76.639653953516827, 2.307609461247637 ], [ -76.639743769418956, 2.307609461247637 ] ] ] } },
{ "type": "Feature", "properties": { "value": 1, "State": "Burned", "Class": "Quemado", "IdxName": "NBR", "StartDate": "2025-09-27", "EndDate": "2025-09-28" }, "geometry": { "type": "Polygon", "coordinates": [ [ [ -76.517324694801218, 2.307518835538752 ], [ -76.517324694801218, 2.307428209829868 ], [ -76.517234878899089, 2.307428209829868 ], [ -76.517234878899089, 2.307518835538752 ], [ -76.517324694801218, 2.307518835538752 ] ] ] } },
{ "type": "Feature", "properties": { "value": 1, "State": "Burned", "Class": "Quemado", "IdxName": "NBR", "StartDate": "2025-09-27", "EndDate": "2025-09-28" }, "geometry": { "type": "Polygon", "coordinates": [ [ [ -76.517055247094802, 2.307518835538752 ], [ -76.517055247094802, 2.307428209829868 ], [ -76.516965431192659, 2.307428209829868 ], [ -76.516965431192659, 2.307518835538752 ], [ -76.517055247094802, 2.307518835538752 ] ] ] } },
{ "type": "Feature", "properties": { "value": 1, "State": "Burned", "Class": "Quemado", "IdxName": "NBR", "StartDate": "2025-09-27", "EndDate": "2025-09-28" }, "geometry": { "type": "Polygon", "coordinates": [ [ [ -76.529090577981648, 2.307518835538752 ], [ -76.529090577981648, 2.307337584120983 ], [ -76.529000762079505, 2.307337584120983 ], [ -76.529000762079505, 2.307518835538752 ], [ -76.529090577981648, 2.307518835538752 ] ] ] } },
{ "type": "Feature", "properties": { "value": 1, "State": "Burned", "Class": "Quemado", "IdxName": "NBR", "StartDate": "2025-09-27", "EndDate": "2025-09-28" }, "geometry": { "type": "Polygon", "coordinates": [ [ [ -76.517234878899089, 2.307428209829868 ], [ -76.517234878899089, 2.307337584120983 ], [ -76.517145062996946, 2.307337584120983 ], [ -76.517145062996946, 2.307428209829868 ], [ -76.517234878899089, 2.307428209829868 ] ] ] } },
{ "type": "Feature", "properties": { "value": 1, "State": "Burned", "Class": "Quemado", "IdxName": "NBR", "StartDate": "2025-09-27", "EndDate": "2025-09-28" }, "geometry": { "type": "Polygon", "coordinates": [ [ [ -76.639833585321099, 2.307428209829868 ], [ -76.639833585321099, 2.307246958412098 ], [ -76.639743769418956, 2.307246958412098 ], [ -76.639743769418956, 2.307428209829868 ], [ -76.639833585321099, 2.307428209829868 ] ] ] } },
{ "type": "Feature", "properties": { "value": 1, "State": "Burned", "Class": "Quemado", "IdxName": "NBR", "StartDate": "2025-09-27", "EndDate": "2025-09-28" }, "geometry": { "type": "Polygon", "coordinates": [ [ [ -76.529000762079505, 2.307337584120983 ], [ -76.529000762079505, 2.307156332703214 ], [ -76.528910946177376, 2.307156332703214 ], [ -76.528910946177376, 2.307337584120983 ], [ -76.529000762079505, 2.307337584120983 ] ] ] } },
{ "type": "Feature", "properties": { "value": 1, "State": "Burned", "Class": "Quemado", "IdxName": "NBR", "StartDate": "2025-09-27", "EndDate": "2025-09-28" }, "geometry": { "type": "Polygon", "coordinates": [ [ [ -76.624834329663614, 2.307246958412098 ], [ -76.624834329663614, 2.307156332703214 ], [ -76.62474451376147, 2.307156332703214 ], [ -76.62474451376147, 2.307246958412098 ], [ -76.624834329663614, 2.307246958412098 ] ] ] } },
{ "type": "Feature", "properties": { "value": 1, "State": "Burned", "Class": "Quemado", "IdxName": "NBR", "StartDate": "2025-09-27", "EndDate": "2025-09-28" }, "geometry": { "type": "Polygon", "coordinates": [ [ [ -76.517683958409791, 2.307337584120983 ], [ -76.517683958409791, 2.307246958412098 ], [ -76.517953406116206, 2.307246958412098 ], [ -76.517953406116206, 2.307065706994329 ], [ -76.517504326605504, 2.307065706994329 ], [ -76.517504326605504, 2.307156332703214 ], [ -76.517414510703361, 2.307156332703214 ], [ -76.517414510703361, 2.307246958412098 ], [ -76.517504326605504, 2.307246958412098 ], [ -76.517504326605504, 2.307337584120983 ], [ -76.517683958409791, 2.307337584120983 ] ] ] } },
{ "type": "Feature", "properties": { "value": 1, "State": "Burned", "Class": "Quemado", "IdxName": "NBR", "StartDate": "2025-09-27", "EndDate": "2025-09-28" }, "geometry": { "type": "Polygon", "coordinates": [ [ [ -76.528910946177376, 2.307156332703214 ], [ -76.528910946177376, 2.307065706994329 ], [ -76.528821130275233, 2.307065706994329 ], [ -76.528821130275233, 2.307156332703214 ], [ -76.528910946177376, 2.307156332703214 ] ] ] } },
{ "type": "Feature", "properties": { "value": 1, "State": "Burned", "Class": "Quemado", "IdxName": "NBR", "StartDate": "2025-09-27", "EndDate": "2025-09-28" }, "geometry": { "type": "Polygon", "coordinates": [ [ [ -76.514450585932721, 2.307971964083176 ], [ -76.514450585932721, 2.307881338374291 ], [ -76.514720033639151, 2.307881338374291 ], [ -76.514720033639151, 2.307790712665406 ], [ -76.514899665443423, 2.307790712665406 ], [ -76.514899665443423, 2.307700086956522 ], [ -76.514989481345566, 2.307700086956522 ], [ -76.514989481345566, 2.307609461247637 ], [ -76.514899665443423, 2.307609461247637 ], [ -76.514899665443423, 2.307428209829868 ], [ -76.51480984954128, 2.307428209829868 ], [ -76.51480984954128, 2.307246958412098 ], [ -76.514720033639151, 2.307246958412098 ], [ -76.514720033639151, 2.307065706994329 ], [ -76.514630217737007, 2.307065706994329 ], [ -76.514630217737007, 2.30688445557656 ], [ -76.514540401834864, 2.30688445557656 ], [ -76.514540401834864, 2.306975081285445 ], [ -76.514270954128435, 2.306975081285445 ], [ -76.514270954128435, 2.307065706994329 ], [ -76.514181138226306, 2.307065706994329 ], [ -76.514181138226306, 2.307246958412098 ], [ -76.514270954128435, 2.307246958412098 ], [ -76.514270954128435, 2.307337584120983 ], [ -76.514360770030578, 2.307337584120983 ], [ -76.514360770030578, 2.307881338374291 ], [ -76.514270954128435, 2.307881338374291 ], [ -76.514270954128435, 2.307971964083176 ], [ -76.514450585932721, 2.307971964083176 ] ] ] } },
{ "type": "Feature", "properties": { "value": 1, "State": "Burned", "Class": "Quemado", "IdxName": "NBR", "StartDate": "2025-09-27", "EndDate": "2025-09-28" }, "geometry": { "type": "Polygon", "coordinates": [ [ [ -76.624924145565757, 2.307700086956522 ], [ -76.624924145565757, 2.307609461247637 ], [ -76.625013961467886, 2.307609461247637 ], [ -76.625013961467886, 2.307518835538752 ], [ -76.625103777370029, 2.307518835538752 ], [ -76.625103777370029, 2.307428209829868 ], [ -76.625193593272172, 2.307428209829868 ], [ -76.625193593272172, 2.307337584120983 ], [ -76.625283409174315, 2.307337584120983 ], [ -76.625283409174315, 2.307246958412098 ], [ -76.625373225076459, 2.307246958412098 ], [ -76.625373225076459, 2.30688445557656 ], [ -76.625103777370029, 2.30688445557656 ], [ -76.625103777370029, 2.307065706994329 ], [ -76.624834329663614, 2.307065706994329 ], [ -76.624834329663614, 2.307156332703214 ], [ -76.624924145565757, 2.307156332703214 ], [ -76.624924145565757, 2.307337584120983 ], [ -76.625013961467886, 2.307337584120983 ], [ -76.625013961467886, 2.307428209829868 ], [ -76.624924145565757, 2.307428209829868 ], [ -76.624924145565757, 2.307518835538752 ], [ -76.624834329663614, 2.307518835538752 ], [ -76.624834329663614, 2.307700086956522 ], [ -76.624924145565757, 2.307700086956522 ] ] ] } },
{ "type": "Feature", "properties": { "value": 1, "State": "Burned", "Class": "Quemado", "IdxName": "NBR", "StartDate": "2025-09-27", "EndDate": "2025-09-28" }, "geometry": { "type": "Polygon", "coordinates": [ [ [ -76.549927867278285, 2.307337584120983 ], [ -76.549927867278285, 2.307246958412098 ], [ -76.550376946788987, 2.307246958412098 ], [ -76.550376946788987, 2.307156332703214 ], [ -76.55046676269113, 2.307156332703214 ], [ -76.55046676269113, 2.306975081285445 ], [ -76.550376946788987, 2.306975081285445 ], [ -76.550376946788987, 2.30688445557656 ], [ -76.550287130886858, 2.30688445557656 ], [ -76.550287130886858, 2.306975081285445 ], [ -76.550107499082571, 2.306975081285445 ], [ -76.550107499082571, 2.307065706994329 ], [ -76.549927867278285, 2.307065706994329 ], [ -76.549927867278285, 2.307156332703214 ], [ -76.549838051376142, 2.307156332703214 ], [ -76.549838051376142, 2.307337584120983 ], [ -76.549927867278285, 2.307337584120983 ] ] ] } },
{ "type": "Feature", "properties": { "value": 1, "State": "Burned", "Class": "Quemado", "IdxName": "NBR", "StartDate": "2025-09-27", "EndDate": "2025-09-28" }, "geometry": { "type": "Polygon", "coordinates": [ [ [ -76.583339382874613, 2.306975081285445 ], [ -76.583339382874613, 2.30688445557656 ], [ -76.583249566972484, 2.30688445557656 ], [ -76.583249566972484, 2.306975081285445 ], [ -76.583339382874613, 2.306975081285445 ] ] ] } },
{ "type": "Feature", "properties": { "value": 1, "State": "Burned", "Class": "Quemado", "IdxName": "NBR", "StartDate": "2025-09-27", "EndDate": "2025-09-28" }, "geometry": { "type": "Polygon", "coordinates": [ [ [ -76.545526888073397, 2.306975081285445 ], [ -76.545526888073397, 2.30688445557656 ], [ -76.545437072171254, 2.30688445557656 ], [ -76.545437072171254, 2.306975081285445 ], [ -76.545526888073397, 2.306975081285445 ] ] ] } },
{ "type": "Feature", "properties": { "value": 1, "State": "Burned", "Class": "Quemado", "IdxName": "NBR", "StartDate": "2025-09-27", "EndDate": "2025-09-28" }, "geometry": { "type": "Polygon", "coordinates": [ [ [ -76.528821130275233, 2.307065706994329 ], [ -76.528821130275233, 2.30688445557656 ], [ -76.528641498470947, 2.30688445557656 ], [ -76.528641498470947, 2.306793829867675 ], [ -76.52846186666666, 2.306793829867675 ], [ -76.52846186666666, 2.30688445557656 ], [ -76.528551682568803, 2.30688445557656 ], [ -76.528551682568803, 2.306975081285445 ], [ -76.52873131437309, 2.306975081285445 ], [ -76.52873131437309, 2.307065706994329 ], [ -76.528821130275233, 2.307065706994329 ] ] ] } },
{ "type": "Feature", "properties": { "value": 1, "State": "Burned", "Class": "Quemado", "IdxName": "NBR", "StartDate": "2025-09-27", "EndDate": "2025-09-28" }, "geometry": { "type": "Polygon", "coordinates": [ [ [ -76.551364921712533, 2.306975081285445 ], [ -76.551364921712533, 2.30670320415879 ], [ -76.551275105810404, 2.30670320415879 ], [ -76.551275105810404, 2.306793829867675 ], [ -76.551185289908261, 2.306793829867675 ], [ -76.551185289908261, 2.30688445557656 ], [ -76.551275105810404, 2.30688445557656 ], [ -76.551275105810404, 2.306975081285445 ], [ -76.551364921712533, 2.306975081285445 ] ] ] } },
{ "type": "Feature", "properties": { "value": 1, "State": "Burned", "Class": "Quemado", "IdxName": "NBR", "StartDate": "2025-09-27", "EndDate": "2025-09-28" }, "geometry": { "type": "Polygon", "coordinates": [ [ [ -76.516965431192659, 2.30688445557656 ], [ -76.516965431192659, 2.306793829867675 ], [ -76.516875615290516, 2.306793829867675 ], [ -76.516875615290516, 2.30670320415879 ], [ -76.516695983486244, 2.30670320415879 ], [ -76.516695983486244, 2.30688445557656 ], [ -76.516965431192659, 2.30688445557656 ] ] ] } },
{ "type": "Feature", "properties": { "value": 1, "State": "Burned", "Class": "Quemado", "IdxName": "NBR", "StartDate": "2025-09-27", "EndDate": "2025-09-28" }, "geometry": { "type": "Polygon", "coordinates": [ [ [ -76.528551682568803, 2.30670320415879 ], [ -76.528551682568803, 2.306612578449906 ], [ -76.52846186666666, 2.306612578449906 ], [ -76.52846186666666, 2.30670320415879 ], [ -76.528551682568803, 2.30670320415879 ] ] ] } },
{ "type": "Feature", "properties": { "value": 1, "State": "Burned", "Class": "Quemado", "IdxName": "NBR", "StartDate": "2025-09-27", "EndDate": "2025-09-28" }, "geometry": { "type": "Polygon", "coordinates": [ [ [ -76.625103777370029, 2.30688445557656 ], [ -76.625103777370029, 2.306612578449906 ], [ -76.625193593272172, 2.306612578449906 ], [ -76.625193593272172, 2.306521952741021 ], [ -76.625013961467886, 2.306521952741021 ], [ -76.625013961467886, 2.306612578449906 ], [ -76.624924145565757, 2.306612578449906 ], [ -76.624924145565757, 2.30688445557656 ], [ -76.625103777370029, 2.30688445557656 ] ] ] } },
{ "type": "Feature", "properties": { "value": 1, "State": "Burned", "Class": "Quemado", "IdxName": "NBR", "StartDate": "2025-09-27", "EndDate": "2025-09-28" }, "geometry": { "type": "Polygon", "coordinates": [ [ [ -76.599146981651373, 2.306612578449906 ], [ -76.599146981651373, 2.306521952741021 ], [ -76.599057165749244, 2.306521952741021 ], [ -76.599057165749244, 2.306612578449906 ], [ -76.599146981651373, 2.306612578449906 ] ] ] } },
{ "type": "Feature", "properties": { "value": 1, "State": "Burned", "Class": "Quemado", "IdxName": "NBR", "StartDate": "2025-09-27", "EndDate": "2025-09-28" }, "geometry": { "type": "Polygon", "coordinates": [ [ [ -76.551454737614677, 2.306612578449906 ], [ -76.551454737614677, 2.306521952741021 ], [ -76.55154455351682, 2.306521952741021 ], [ -76.55154455351682, 2.306431327032136 ], [ -76.551364921712533, 2.306431327032136 ], [ -76.551364921712533, 2.306612578449906 ], [ -76.551454737614677, 2.306612578449906 ] ] ] } },
{ "type": "Feature", "properties": { "value": 1, "State": "Burned", "Class": "Quemado", "IdxName": "NBR", "StartDate": "2025-09-27", "EndDate": "2025-09-28" }, "geometry": { "type": "Polygon", "coordinates": [ [ [ -76.644234564526002, 2.306431327032136 ], [ -76.644234564526002, 2.306340701323252 ], [ -76.644144748623859, 2.306340701323252 ], [ -76.644144748623859, 2.306431327032136 ], [ -76.644234564526002, 2.306431327032136 ] ] ] } },
{ "type": "Feature", "properties": { "value": 1, "State": "Burned", "Class": "Quemado", "IdxName": "NBR", "StartDate": "2025-09-27", "EndDate": "2025-09-28" }, "geometry": { "type": "Polygon", "coordinates": [ [ [ -76.625103777370029, 2.306431327032136 ], [ -76.625103777370029, 2.306340701323252 ], [ -76.625013961467886, 2.306340701323252 ], [ -76.625013961467886, 2.306431327032136 ], [ -76.625103777370029, 2.306431327032136 ] ] ] } },
{ "type": "Feature", "properties": { "value": 1, "State": "Burned", "Class": "Quemado", "IdxName": "NBR", "StartDate": "2025-09-27", "EndDate": "2025-09-28" }, "geometry": { "type": "Polygon", "coordinates": [ [ [ -76.574267976758406, 2.306521952741021 ], [ -76.574267976758406, 2.306250075614367 ], [ -76.574178160856263, 2.306250075614367 ], [ -76.574178160856263, 2.306431327032136 ], [ -76.574088344954134, 2.306431327032136 ], [ -76.574088344954134, 2.306521952741021 ], [ -76.574267976758406, 2.306521952741021 ] ] ] } },
{ "type": "Feature", "properties": { "value": 1, "State": "Burned", "Class": "Quemado", "IdxName": "NBR", "StartDate": "2025-09-27", "EndDate": "2025-09-28" }, "geometry": { "type": "Polygon", "coordinates": [ [ [ -76.517324694801218, 2.306975081285445 ], [ -76.517324694801218, 2.30688445557656 ], [ -76.517504326605504, 2.30688445557656 ], [ -76.517504326605504, 2.306793829867675 ], [ -76.517773774311934, 2.306793829867675 ], [ -76.517773774311934, 2.30670320415879 ], [ -76.517863590214063, 2.30670320415879 ], [ -76.517863590214063, 2.306159449905482 ], [ -76.517234878899089, 2.306159449905482 ], [ -76.517234878899089, 2.306250075614367 ], [ -76.517145062996946, 2.306250075614367 ], [ -76.517145062996946, 2.306975081285445 ], [ -76.517324694801218, 2.306975081285445 ] ] ] } },
{ "type": "Feature", "properties": { "value": 1, "State": "Burned", "Class": "Quemado", "IdxName": "NBR", "StartDate": "2025-09-27", "EndDate": "2025-09-28" }, "geometry": { "type": "Polygon", "coordinates": [ [ [ -76.528551682568803, 2.306431327032136 ], [ -76.528551682568803, 2.306340701323252 ], [ -76.528641498470947, 2.306340701323252 ], [ -76.528641498470947, 2.306159449905482 ], [ -76.528551682568803, 2.306159449905482 ], [ -76.528551682568803, 2.306250075614367 ], [ -76.52846186666666, 2.306250075614367 ], [ -76.52846186666666, 2.306431327032136 ], [ -76.528551682568803, 2.306431327032136 ] ] ] } },
{ "type": "Feature", "properties": { "value": 1, "State": "Burned", "Class": "Quemado", "IdxName": "NBR", "StartDate": "2025-09-27", "EndDate": "2025-09-28" }, "geometry": { "type": "Polygon", "coordinates": [ [ [ -76.574178160856263, 2.306250075614367 ], [ -76.574178160856263, 2.306159449905482 ], [ -76.574088344954134, 2.306159449905482 ], [ -76.574088344954134, 2.306250075614367 ], [ -76.574178160856263, 2.306250075614367 ] ] ] } },
{ "type": "Feature", "properties": { "value": 1, "State": "Burned", "Class": "Quemado", "IdxName": "NBR", "StartDate": "2025-09-27", "EndDate": "2025-09-28" }, "geometry": { "type": "Polygon", "coordinates": [ [ [ -76.540766645259936, 2.306250075614367 ], [ -76.540766645259936, 2.306159449905482 ], [ -76.540676829357793, 2.306159449905482 ], [ -76.540676829357793, 2.306250075614367 ], [ -76.540766645259936, 2.306250075614367 ] ] ] } },
{ "type": "Feature", "properties": { "value": 1, "State": "Burned", "Class": "Quemado", "IdxName": "NBR", "StartDate": "2025-09-27", "EndDate": "2025-09-28" }, "geometry": { "type": "Polygon", "coordinates": [ [ [ -76.625552856880731, 2.306159449905482 ], [ -76.625552856880731, 2.306068824196597 ], [ -76.625463040978602, 2.306068824196597 ], [ -76.625463040978602, 2.306159449905482 ], [ -76.625552856880731, 2.306159449905482 ] ] ] } },
{ "type": "Feature", "properties": { "value": 1, "State": "Burned", "Class": "Quemado", "IdxName": "NBR", "StartDate": "2025-09-27", "EndDate": "2025-09-28" }, "geometry": { "type": "Polygon", "coordinates": [ [ [ -76.634085367584106, 2.306068824196597 ], [ -76.634085367584106, 2.305978198487713 ], [ -76.633995551681963, 2.305978198487713 ], [ -76.633995551681963, 2.306068824196597 ], [ -76.634085367584106, 2.306068824196597 ] ] ] } },
{ "type": "Feature", "properties": { "value": 1, "State": "Burned", "Class": "Quemado", "IdxName": "NBR", "StartDate": "2025-09-27", "EndDate": "2025-09-28" }, "geometry": { "type": "Polygon", "coordinates": [ [ [ -76.643695669113157, 2.305796947069943 ], [ -76.643695669113157, 2.305706321361059 ], [ -76.643605853211014, 2.305706321361059 ], [ -76.643605853211014, 2.305796947069943 ], [ -76.643695669113157, 2.305796947069943 ] ] ] } },
{ "type": "Feature", "properties": { "value": 1, "State": "Burned", "Class": "Quemado", "IdxName": "NBR", "StartDate": "2025-09-27", "EndDate": "2025-09-28" }, "geometry": { "type": "Polygon", "coordinates": [ [ [ -76.52873131437309, 2.306159449905482 ], [ -76.52873131437309, 2.306068824196597 ], [ -76.528910946177376, 2.306068824196597 ], [ -76.528910946177376, 2.305796947069943 ], [ -76.528821130275233, 2.305796947069943 ], [ -76.528821130275233, 2.305615695652174 ], [ -76.52873131437309, 2.305615695652174 ], [ -76.52873131437309, 2.305978198487713 ], [ -76.528641498470947, 2.305978198487713 ], [ -76.528641498470947, 2.306159449905482 ], [ -76.52873131437309, 2.306159449905482 ] ] ] } },
{ "type": "Feature", "properties": { "value": 1, "State": "Burned", "Class": "Quemado", "IdxName": "NBR", "StartDate": "2025-09-27", "EndDate": "2025-09-28" }, "geometry": { "type": "Polygon", "coordinates": [ [ [ -76.622678748012234, 2.305706321361059 ], [ -76.622678748012234, 2.305615695652174 ], [ -76.622588932110091, 2.305615695652174 ], [ -76.622588932110091, 2.305706321361059 ], [ -76.622678748012234, 2.305706321361059 ] ] ] } },
{ "type": "Feature", "properties": { "value": 1, "State": "Burned", "Class": "Quemado", "IdxName": "NBR", "StartDate": "2025-09-27", "EndDate": "2025-09-28" }, "geometry": { "type": "Polygon", "coordinates": [ [ [ -76.619265743730892, 2.305706321361059 ], [ -76.619265743730892, 2.305615695652174 ], [ -76.619086111926606, 2.305615695652174 ], [ -76.619086111926606, 2.305706321361059 ], [ -76.619265743730892, 2.305706321361059 ] ] ] } },
{ "type": "Feature", "properties": { "value": 1, "State": "Burned", "Class": "Quemado", "IdxName": "NBR", "StartDate": "2025-09-27", "EndDate": "2025-09-28" }, "geometry": { "type": "Polygon", "coordinates": [ [ [ -76.589716311926608, 2.305615695652174 ], [ -76.589716311926608, 2.305525069943289 ], [ -76.589626496024465, 2.305525069943289 ], [ -76.589626496024465, 2.305615695652174 ], [ -76.589716311926608, 2.305615695652174 ] ] ] } },
{ "type": "Feature", "properties": { "value": 1, "State": "Burned", "Class": "Quemado", "IdxName": "NBR", "StartDate": "2025-09-27", "EndDate": "2025-09-28" }, "geometry": { "type": "Polygon", "coordinates": [ [ [ -76.52873131437309, 2.305615695652174 ], [ -76.52873131437309, 2.305525069943289 ], [ -76.528641498470947, 2.305525069943289 ], [ -76.528641498470947, 2.305615695652174 ], [ -76.52873131437309, 2.305615695652174 ] ] ] } },
{ "type": "Feature", "properties": { "value": 1, "State": "Burned", "Class": "Quemado", "IdxName": "NBR", "StartDate": "2025-09-27", "EndDate": "2025-09-28" }, "geometry": { "type": "Polygon", "coordinates": [ [ [ -76.644234564526002, 2.305978198487713 ], [ -76.644234564526002, 2.305796947069943 ], [ -76.644144748623859, 2.305796947069943 ], [ -76.644144748623859, 2.305706321361059 ], [ -76.644054932721716, 2.305706321361059 ], [ -76.644054932721716, 2.305615695652174 ], [ -76.643965116819572, 2.305615695652174 ], [ -76.643965116819572, 2.305434444234405 ], [ -76.643875300917429, 2.305434444234405 ], [ -76.643875300917429, 2.305525069943289 ], [ -76.6437854850153, 2.305525069943289 ], [ -76.6437854850153, 2.305434444234405 ], [ -76.643516037308871, 2.305434444234405 ], [ -76.643516037308871, 2.305525069943289 ], [ -76.643426221406727, 2.305525069943289 ], [ -76.643426221406727, 2.305615695652174 ], [ -76.643516037308871, 2.305615695652174 ], [ -76.643516037308871, 2.305706321361059 ], [ -76.643605853211014, 2.305706321361059 ], [ -76.643605853211014, 2.305615695652174 ], [ -76.643695669113157, 2.305615695652174 ], [ -76.643695669113157, 2.305706321361059 ], [ -76.6437854850153, 2.305706321361059 ], [ -76.6437854850153, 2.305796947069943 ], [ -76.643965116819572, 2.305796947069943 ], [ -76.643965116819572, 2.305887572778828 ], [ -76.644054932721716, 2.305887572778828 ], [ -76.644054932721716, 2.305978198487713 ], [ -76.644234564526002, 2.305978198487713 ] ] ] } },
{ "type": "Feature", "properties": { "value": 1, "State": "Burned", "Class": "Quemado", "IdxName": "NBR", "StartDate": "2025-09-27", "EndDate": "2025-09-28" }, "geometry": { "type": "Polygon", "coordinates": [ [ [ -76.528641498470947, 2.305525069943289 ], [ -76.528641498470947, 2.30534381852552 ], [ -76.52846186666666, 2.30534381852552 ], [ -76.52846186666666, 2.305434444234405 ], [ -76.528551682568803, 2.305434444234405 ], [ -76.528551682568803, 2.305525069943289 ], [ -76.528641498470947, 2.305525069943289 ] ] ] } },
{ "type": "Feature", "properties": { "value": 1, "State": "Burned", "Class": "Quemado", "IdxName": "NBR", "StartDate": "2025-09-27", "EndDate": "2025-09-28" }, "geometry": { "type": "Polygon", "coordinates": [ [ [ -76.52846186666666, 2.30534381852552 ], [ -76.52846186666666, 2.305253192816635 ], [ -76.528372050764531, 2.305253192816635 ], [ -76.528372050764531, 2.30534381852552 ], [ -76.52846186666666, 2.30534381852552 ] ] ] } },
{ "type": "Feature", "properties": { "value": 1, "State": "Burned", "Class": "Quemado", "IdxName": "NBR", "StartDate": "2025-09-27", "EndDate": "2025-09-28" }, "geometry": { "type": "Polygon", "coordinates": [ [ [ -76.643426221406727, 2.305525069943289 ], [ -76.643426221406727, 2.305253192816635 ], [ -76.643246589602455, 2.305253192816635 ], [ -76.643246589602455, 2.305162567107751 ], [ -76.642977141896026, 2.305162567107751 ], [ -76.642977141896026, 2.305253192816635 ], [ -76.642887325993883, 2.305253192816635 ], [ -76.642887325993883, 2.30534381852552 ], [ -76.643246589602455, 2.30534381852552 ], [ -76.643246589602455, 2.305434444234405 ], [ -76.643336405504584, 2.305434444234405 ], [ -76.643336405504584, 2.305525069943289 ], [ -76.643426221406727, 2.305525069943289 ] ] ] } },
{ "type": "Feature", "properties": { "value": 1, "State": "Burned", "Class": "Quemado", "IdxName": "NBR", "StartDate": "2025-09-27", "EndDate": "2025-09-28" }, "geometry": { "type": "Polygon", "coordinates": [ [ [ -76.64270769418961, 2.305253192816635 ], [ -76.64270769418961, 2.305162567107751 ], [ -76.642617878287467, 2.305162567107751 ], [ -76.642617878287467, 2.305253192816635 ], [ -76.64270769418961, 2.305253192816635 ] ] ] } },
{ "type": "Feature", "properties": { "value": 1, "State": "Burned", "Class": "Quemado", "IdxName": "NBR", "StartDate": "2025-09-27", "EndDate": "2025-09-28" }, "geometry": { "type": "Polygon", "coordinates": [ [ [ -76.564028963914367, 2.305253192816635 ], [ -76.564028963914367, 2.305162567107751 ], [ -76.563939148012238, 2.305162567107751 ], [ -76.563939148012238, 2.305253192816635 ], [ -76.564028963914367, 2.305253192816635 ] ] ] } },
{ "type": "Feature", "properties": { "value": 1, "State": "Burned", "Class": "Quemado", "IdxName": "NBR", "StartDate": "2025-09-27", "EndDate": "2025-09-28" }, "geometry": { "type": "Polygon", "coordinates": [ [ [ -76.528372050764531, 2.305253192816635 ], [ -76.528372050764531, 2.305162567107751 ], [ -76.528192418960245, 2.305162567107751 ], [ -76.528192418960245, 2.305253192816635 ], [ -76.528372050764531, 2.305253192816635 ] ] ] } },
{ "type": "Feature", "properties": { "value": 1, "State": "Burned", "Class": "Quemado", "IdxName": "NBR", "StartDate": "2025-09-27", "EndDate": "2025-09-28" }, "geometry": { "type": "Polygon", "coordinates": [ [ [ -76.61989445504588, 2.305525069943289 ], [ -76.61989445504588, 2.305253192816635 ], [ -76.619804639143737, 2.305253192816635 ], [ -76.619804639143737, 2.305071941398866 ], [ -76.619625007339451, 2.305071941398866 ], [ -76.619625007339451, 2.305253192816635 ], [ -76.619714823241594, 2.305253192816635 ], [ -76.619714823241594, 2.30534381852552 ], [ -76.619804639143737, 2.30534381852552 ], [ -76.619804639143737, 2.305525069943289 ], [ -76.61989445504588, 2.305525069943289 ] ] ] } },
{ "type": "Feature", "properties": { "value": 1, "State": "Burned", "Class": "Quemado", "IdxName": "NBR", "StartDate": "2025-09-27", "EndDate": "2025-09-28" }, "geometry": { "type": "Polygon", "coordinates": [ [ [ -76.601392379204896, 2.305071941398866 ], [ -76.601392379204896, 2.304981315689981 ], [ -76.601212747400609, 2.304981315689981 ], [ -76.601212747400609, 2.305071941398866 ], [ -76.601392379204896, 2.305071941398866 ] ] ] } },
{ "type": "Feature", "properties": { "value": 1, "State": "Burned", "Class": "Quemado", "IdxName": "NBR", "StartDate": "2025-09-27", "EndDate": "2025-09-28" }, "geometry": { "type": "Polygon", "coordinates": [ [ [ -76.536275850152904, 2.305162567107751 ], [ -76.536275850152904, 2.305071941398866 ], [ -76.536186034250761, 2.305071941398866 ], [ -76.536186034250761, 2.304890689981097 ], [ -76.536006402446489, 2.304890689981097 ], [ -76.536006402446489, 2.304981315689981 ], [ -76.535826770642203, 2.304981315689981 ], [ -76.535826770642203, 2.305071941398866 ], [ -76.535736954740059, 2.305071941398866 ], [ -76.535736954740059, 2.305162567107751 ], [ -76.536006402446489, 2.305162567107751 ], [ -76.536006402446489, 2.305071941398866 ], [ -76.536096218348618, 2.305071941398866 ], [ -76.536096218348618, 2.305162567107751 ], [ -76.536275850152904, 2.305162567107751 ] ] ] } },
{ "type": "Feature", "properties": { "value": 1, "State": "Burned", "Class": "Quemado", "IdxName": "NBR", "StartDate": "2025-09-27", "EndDate": "2025-09-28" }, "geometry": { "type": "Polygon", "coordinates": [ [ [ -76.61989445504588, 2.304890689981097 ], [ -76.61989445504588, 2.304800064272212 ], [ -76.619804639143737, 2.304800064272212 ], [ -76.619804639143737, 2.304890689981097 ], [ -76.61989445504588, 2.304890689981097 ] ] ] } },
{ "type": "Feature", "properties": { "value": 1, "State": "Burned", "Class": "Quemado", "IdxName": "NBR", "StartDate": "2025-09-27", "EndDate": "2025-09-28" }, "geometry": { "type": "Polygon", "coordinates": [ [ [ -76.547413022018347, 2.304890689981097 ], [ -76.547413022018347, 2.304800064272212 ], [ -76.547323206116204, 2.304800064272212 ], [ -76.547323206116204, 2.304890689981097 ], [ -76.547413022018347, 2.304890689981097 ] ] ] } },
{ "type": "Feature", "properties": { "value": 1, "State": "Burned", "Class": "Quemado", "IdxName": "NBR", "StartDate": "2025-09-27", "EndDate": "2025-09-28" }, "geometry": { "type": "Polygon", "coordinates": [ [ [ -76.536275850152904, 2.304890689981097 ], [ -76.536275850152904, 2.304800064272212 ], [ -76.536186034250761, 2.304800064272212 ], [ -76.536186034250761, 2.304890689981097 ], [ -76.536275850152904, 2.304890689981097 ] ] ] } },
{ "type": "Feature", "properties": { "value": 1, "State": "Burned", "Class": "Quemado", "IdxName": "NBR", "StartDate": "2025-09-27", "EndDate": "2025-09-28" }, "geometry": { "type": "Polygon", "coordinates": [ [ [ -76.545796335779812, 2.30824384120983 ], [ -76.545796335779812, 2.307609461247637 ], [ -76.545886151681955, 2.307609461247637 ], [ -76.545886151681955, 2.307700086956522 ], [ -76.545975967584098, 2.307700086956522 ], [ -76.545975967584098, 2.307790712665406 ], [ -76.546245415290514, 2.307790712665406 ], [ -76.546245415290514, 2.307700086956522 ], [ -76.546335231192657, 2.307700086956522 ], [ -76.546335231192657, 2.307609461247637 ], [ -76.546604678899087, 2.307609461247637 ], [ -76.546604678899087, 2.307428209829868 ], [ -76.54669449480123, 2.307428209829868 ], [ -76.54669449480123, 2.307337584120983 ], [ -76.546963942507645, 2.307337584120983 ], [ -76.546963942507645, 2.307246958412098 ], [ -76.547053758409788, 2.307246958412098 ], [ -76.547053758409788, 2.307428209829868 ], [ -76.546963942507645, 2.307428209829868 ], [ -76.546963942507645, 2.307518835538752 ], [ -76.546874126605502, 2.307518835538752 ], [ -76.546874126605502, 2.307700086956522 ], [ -76.546784310703359, 2.307700086956522 ], [ -76.546784310703359, 2.307881338374291 ], [ -76.546963942507645, 2.307881338374291 ], [ -76.546963942507645, 2.307609461247637 ], [ -76.547053758409788, 2.307609461247637 ], [ -76.547053758409788, 2.307518835538752 ], [ -76.547143574311932, 2.307518835538752 ], [ -76.547143574311932, 2.307428209829868 ], [ -76.547233390214075, 2.307428209829868 ], [ -76.547233390214075, 2.307156332703214 ], [ -76.547323206116204, 2.307156332703214 ], [ -76.547323206116204, 2.306975081285445 ], [ -76.547413022018347, 2.306975081285445 ], [ -76.547413022018347, 2.306612578449906 ], [ -76.54750283792049, 2.306612578449906 ], [ -76.54750283792049, 2.30670320415879 ], [ -76.547592653822633, 2.30670320415879 ], [ -76.547592653822633, 2.306612578449906 ], [ -76.548221365137621, 2.306612578449906 ], [ -76.548221365137621, 2.306521952741021 ], [ -76.54831118103975, 2.306521952741021 ], [ -76.54831118103975, 2.306250075614367 ], [ -76.548490812844037, 2.306250075614367 ], [ -76.548490812844037, 2.306340701323252 ], [ -76.548400996941893, 2.306340701323252 ], [ -76.548400996941893, 2.306612578449906 ], [ -76.54858062874618, 2.306612578449906 ], [ -76.54858062874618, 2.30670320415879 ], [ -76.54831118103975, 2.30670320415879 ], [ -76.54831118103975, 2.306793829867675 ], [ -76.548490812844037, 2.306793829867675 ], [ -76.548490812844037, 2.30688445557656 ], [ -76.54858062874618, 2.30688445557656 ], [ -76.54858062874618, 2.306793829867675 ], [ -76.548760260550466, 2.306793829867675 ], [ -76.548760260550466, 2.30670320415879 ], [ -76.549029708256882, 2.30670320415879 ], [ -76.549029708256882, 2.306521952741021 ], [ -76.548939892354738, 2.306521952741021 ], [ -76.548939892354738, 2.306340701323252 ], [ -76.548850076452595, 2.306340701323252 ], [ -76.548850076452595, 2.306250075614367 ], [ -76.548760260550466, 2.306250075614367 ], [ -76.548760260550466, 2.306068824196597 ], [ -76.548670444648323, 2.306068824196597 ], [ -76.548670444648323, 2.305978198487713 ], [ -76.548400996941893, 2.305978198487713 ], [ -76.548400996941893, 2.305887572778828 ], [ -76.548490812844037, 2.305887572778828 ], [ -76.548490812844037, 2.305796947069943 ], [ -76.54858062874618, 2.305796947069943 ], [ -76.54858062874618, 2.305615695652174 ], [ -76.548490812844037, 2.305615695652174 ], [ -76.548490812844037, 2.305525069943289 ], [ -76.548400996941893, 2.305525069943289 ], [ -76.548400996941893, 2.30534381852552 ], [ -76.54831118103975, 2.30534381852552 ], [ -76.54831118103975, 2.305162567107751 ], [ -76.548221365137621, 2.305162567107751 ], [ -76.548221365137621, 2.305071941398866 ], [ -76.548131549235478, 2.305071941398866 ], [ -76.548131549235478, 2.304981315689981 ], [ -76.548041733333335, 2.304981315689981 ], [ -76.548041733333335, 2.304890689981097 ], [ -76.547951917431192, 2.304890689981097 ], [ -76.547951917431192, 2.304709438563327 ], [ -76.547862101529049, 2.304709438563327 ], [ -76.547862101529049, 2.304800064272212 ], [ -76.547772285626905, 2.304800064272212 ], [ -76.547772285626905, 2.305071941398866 ], [ -76.547682469724776, 2.305071941398866 ], [ -76.547682469724776, 2.305162567107751 ], [ -76.547413022018347, 2.305162567107751 ], [ -76.547413022018347, 2.304981315689981 ], [ -76.547323206116204, 2.304981315689981 ], [ -76.547323206116204, 2.305071941398866 ], [ -76.547233390214075, 2.305071941398866 ], [ -76.547233390214075, 2.304890689981097 ], [ -76.547143574311932, 2.304890689981097 ], [ -76.547143574311932, 2.304981315689981 ], [ -76.546963942507645, 2.304981315689981 ], [ -76.546963942507645, 2.305162567107751 ], [ -76.547143574311932, 2.305162567107751 ], [ -76.547143574311932, 2.30534381852552 ], [ -76.547053758409788, 2.30534381852552 ], [ -76.547053758409788, 2.305434444234405 ], [ -76.546784310703359, 2.305434444234405 ], [ -76.546784310703359, 2.305525069943289 ], [ -76.54669449480123, 2.305525069943289 ], [ -76.54669449480123, 2.305434444234405 ], [ -76.546604678899087, 2.305434444234405 ], [ -76.546604678899087, 2.30534381852552 ], [ -76.54669449480123, 2.30534381852552 ], [ -76.54669449480123, 2.305253192816635 ], [ -76.546874126605502, 2.305253192816635 ], [ -76.546874126605502, 2.304981315689981 ], [ -76.54669449480123, 2.304981315689981 ], [ -76.54669449480123, 2.305071941398866 ], [ -76.546604678899087, 2.305071941398866 ], [ -76.546604678899087, 2.305253192816635 ], [ -76.5464250470948, 2.305253192816635 ], [ -76.5464250470948, 2.305434444234405 ], [ -76.546245415290514, 2.305434444234405 ], [ -76.546245415290514, 2.305978198487713 ], [ -76.546155599388385, 2.305978198487713 ], [ -76.546155599388385, 2.306250075614367 ], [ -76.546065783486242, 2.306250075614367 ], [ -76.546065783486242, 2.306340701323252 ], [ -76.545975967584098, 2.306340701323252 ], [ -76.545975967584098, 2.306431327032136 ], [ -76.545886151681955, 2.306431327032136 ], [ -76.545886151681955, 2.306521952741021 ], [ -76.546065783486242, 2.306521952741021 ], [ -76.546065783486242, 2.306793829867675 ], [ -76.5464250470948, 2.306793829867675 ], [ -76.5464250470948, 2.30688445557656 ], [ -76.546514862996943, 2.30688445557656 ], [ -76.546514862996943, 2.307156332703214 ], [ -76.546155599388385, 2.307156332703214 ], [ -76.546155599388385, 2.307246958412098 ], [ -76.545706519877683, 2.307246958412098 ], [ -76.545706519877683, 2.307337584120983 ], [ -76.54561670397554, 2.307337584120983 ], [ -76.54561670397554, 2.307246958412098 ], [ -76.545526888073397, 2.307246958412098 ], [ -76.545526888073397, 2.307156332703214 ], [ -76.545437072171254, 2.307156332703214 ], [ -76.545437072171254, 2.307065706994329 ], [ -76.54534725626911, 2.307065706994329 ], [ -76.54534725626911, 2.307156332703214 ], [ -76.545257440366967, 2.307156332703214 ], [ -76.545257440366967, 2.307337584120983 ], [ -76.545167624464838, 2.307337584120983 ], [ -76.545167624464838, 2.307428209829868 ], [ -76.545077808562695, 2.307428209829868 ], [ -76.545077808562695, 2.307609461247637 ], [ -76.545167624464838, 2.307609461247637 ], [ -76.545167624464838, 2.307700086956522 ], [ -76.545257440366967, 2.307700086956522 ], [ -76.545257440366967, 2.307790712665406 ], [ -76.54534725626911, 2.307790712665406 ], [ -76.54534725626911, 2.307881338374291 ], [ -76.545437072171254, 2.307881338374291 ], [ -76.545437072171254, 2.307971964083176 ], [ -76.545526888073397, 2.307971964083176 ], [ -76.545526888073397, 2.308062589792061 ], [ -76.54561670397554, 2.308062589792061 ], [ -76.54561670397554, 2.30824384120983 ], [ -76.545796335779812, 2.30824384120983 ] ], [ [ -76.546155599388385, 2.307609461247637 ], [ -76.546065783486242, 2.307609461247637 ], [ -76.546065783486242, 2.307518835538752 ], [ -76.546155599388385, 2.307518835538752 ], [ -76.546155599388385, 2.307609461247637 ] ], [ [ -76.546335231192657, 2.307428209829868 ], [ -76.546155599388385, 2.307428209829868 ], [ -76.546155599388385, 2.307337584120983 ], [ -76.546335231192657, 2.307337584120983 ], [ -76.546335231192657, 2.307428209829868 ] ], [ [ -76.5464250470948, 2.307337584120983 ], [ -76.546335231192657, 2.307337584120983 ], [ -76.546335231192657, 2.307246958412098 ], [ -76.5464250470948, 2.307246958412098 ], [ -76.5464250470948, 2.307337584120983 ] ], [ [ -76.547143574311932, 2.307246958412098 ], [ -76.547053758409788, 2.307246958412098 ], [ -76.547053758409788, 2.307156332703214 ], [ -76.547143574311932, 2.307156332703214 ], [ -76.547143574311932, 2.307246958412098 ] ], [ [ -76.547143574311932, 2.306975081285445 ], [ -76.546874126605502, 2.306975081285445 ], [ -76.546874126605502, 2.306793829867675 ], [ -76.546963942507645, 2.306793829867675 ], [ -76.546963942507645, 2.30670320415879 ], [ -76.547053758409788, 2.30670320415879 ], [ -76.547053758409788, 2.306612578449906 ], [ -76.547233390214075, 2.306612578449906 ], [ -76.547233390214075, 2.30688445557656 ], [ -76.547143574311932, 2.30688445557656 ], [ -76.547143574311932, 2.306975081285445 ] ], [ [ -76.546874126605502, 2.305978198487713 ], [ -76.546784310703359, 2.305978198487713 ], [ -76.546784310703359, 2.305887572778828 ], [ -76.546874126605502, 2.305887572778828 ], [ -76.546874126605502, 2.305978198487713 ] ], [ [ -76.546784310703359, 2.305706321361059 ], [ -76.54669449480123, 2.305706321361059 ], [ -76.54669449480123, 2.305615695652174 ], [ -76.546784310703359, 2.305615695652174 ], [ -76.546784310703359, 2.305706321361059 ] ] ] } },
{ "type": "Feature", "properties": { "value": 1, "State": "Burned", "Class": "Quemado", "IdxName": "NBR", "StartDate": "2025-09-27", "EndDate": "2025-09-28" }, "geometry": { "type": "Polygon", "coordinates": [ [ [ -76.528102603058102, 2.305071941398866 ], [ -76.528102603058102, 2.304890689981097 ], [ -76.528012787155959, 2.304890689981097 ], [ -76.528012787155959, 2.304800064272212 ], [ -76.52792297125383, 2.304800064272212 ], [ -76.52792297125383, 2.304709438563327 ], [ -76.527833155351686, 2.304709438563327 ], [ -76.527833155351686, 2.304890689981097 ], [ -76.52792297125383, 2.304890689981097 ], [ -76.52792297125383, 2.304981315689981 ], [ -76.528012787155959, 2.304981315689981 ], [ -76.528012787155959, 2.305071941398866 ], [ -76.528102603058102, 2.305071941398866 ] ] ] } },
{ "type": "Feature", "properties": { "value": 1, "State": "Burned", "Class": "Quemado", "IdxName": "NBR", "StartDate": "2025-09-27", "EndDate": "2025-09-28" }, "geometry": { "type": "Polygon", "coordinates": [ [ [ -76.589985759633024, 2.304890689981097 ], [ -76.589985759633024, 2.304709438563327 ], [ -76.589895943730895, 2.304709438563327 ], [ -76.589895943730895, 2.304890689981097 ], [ -76.589985759633024, 2.304890689981097 ] ] ] } },
{ "type": "Feature", "properties": { "value": 1, "State": "Burned", "Class": "Quemado", "IdxName": "NBR", "StartDate": "2025-09-27", "EndDate": "2025-09-28" }, "geometry": { "type": "Polygon", "coordinates": [ [ [ -76.624564881957184, 2.304800064272212 ], [ -76.624564881957184, 2.304618812854442 ], [ -76.624475066055055, 2.304618812854442 ], [ -76.624475066055055, 2.304800064272212 ], [ -76.624564881957184, 2.304800064272212 ] ] ] } },
{ "type": "Feature", "properties": { "value": 1, "State": "Burned", "Class": "Quemado", "IdxName": "NBR", "StartDate": "2025-09-27", "EndDate": "2025-09-28" }, "geometry": { "type": "Polygon", "coordinates": [ [ [ -76.527833155351686, 2.304709438563327 ], [ -76.527833155351686, 2.304618812854442 ], [ -76.527743339449543, 2.304618812854442 ], [ -76.527743339449543, 2.304709438563327 ], [ -76.527833155351686, 2.304709438563327 ] ] ] } },
{ "type": "Feature", "properties": { "value": 1, "State": "Burned", "Class": "Quemado", "IdxName": "NBR", "StartDate": "2025-09-27", "EndDate": "2025-09-28" }, "geometry": { "type": "Polygon", "coordinates": [ [ [ -76.644144748623859, 2.304709438563327 ], [ -76.644144748623859, 2.304528187145558 ], [ -76.643965116819572, 2.304528187145558 ], [ -76.643965116819572, 2.304709438563327 ], [ -76.644144748623859, 2.304709438563327 ] ] ] } },
{ "type": "Feature", "properties": { "value": 1, "State": "Burned", "Class": "Quemado", "IdxName": "NBR", "StartDate": "2025-09-27", "EndDate": "2025-09-28" }, "geometry": { "type": "Polygon", "coordinates": [ [ [ -76.64270769418961, 2.304709438563327 ], [ -76.64270769418961, 2.304618812854442 ], [ -76.642887325993883, 2.304618812854442 ], [ -76.642887325993883, 2.304528187145558 ], [ -76.642617878287467, 2.304528187145558 ], [ -76.642617878287467, 2.304618812854442 ], [ -76.642528062385324, 2.304618812854442 ], [ -76.642528062385324, 2.304709438563327 ], [ -76.64270769418961, 2.304709438563327 ] ] ] } },
{ "type": "Feature", "properties": { "value": 1, "State": "Burned", "Class": "Quemado", "IdxName": "NBR", "StartDate": "2025-09-27", "EndDate": "2025-09-28" }, "geometry": { "type": "Polygon", "coordinates": [ [ [ -76.535647138837916, 2.305162567107751 ], [ -76.535647138837916, 2.304709438563327 ], [ -76.535736954740059, 2.304709438563327 ], [ -76.535736954740059, 2.304618812854442 ], [ -76.535647138837916, 2.304618812854442 ], [ -76.535647138837916, 2.304437561436673 ], [ -76.535557322935787, 2.304437561436673 ], [ -76.535557322935787, 2.304528187145558 ], [ -76.535467507033644, 2.304528187145558 ], [ -76.535467507033644, 2.304618812854442 ], [ -76.535287875229358, 2.304618812854442 ], [ -76.535287875229358, 2.304709438563327 ], [ -76.534928611620799, 2.304709438563327 ], [ -76.534928611620799, 2.304800064272212 ], [ -76.535198059327215, 2.304800064272212 ], [ -76.535198059327215, 2.304890689981097 ], [ -76.535287875229358, 2.304890689981097 ], [ -76.535287875229358, 2.304981315689981 ], [ -76.535377691131501, 2.304981315689981 ], [ -76.535377691131501, 2.305071941398866 ], [ -76.535467507033644, 2.305071941398866 ], [ -76.535467507033644, 2.305162567107751 ], [ -76.535647138837916, 2.305162567107751 ] ] ] } },
{ "type": "Feature", "properties": { "value": 1, "State": "Burned", "Class": "Quemado", "IdxName": "NBR", "StartDate": "2025-09-27", "EndDate": "2025-09-28" }, "geometry": { "type": "Polygon", "coordinates": [ [ [ -76.527743339449543, 2.304618812854442 ], [ -76.527743339449543, 2.304437561436673 ], [ -76.527563707645257, 2.304437561436673 ], [ -76.527563707645257, 2.304528187145558 ], [ -76.5276535235474, 2.304528187145558 ], [ -76.5276535235474, 2.304618812854442 ], [ -76.527743339449543, 2.304618812854442 ] ] ] } },
{ "type": "Feature", "properties": { "value": 1, "State": "Burned", "Class": "Quemado", "IdxName": "NBR", "StartDate": "2025-09-27", "EndDate": "2025-09-28" }, "geometry": { "type": "Polygon", "coordinates": [ [ [ -76.536275850152904, 2.304618812854442 ], [ -76.536275850152904, 2.304528187145558 ], [ -76.536365666055048, 2.304528187145558 ], [ -76.536365666055048, 2.304437561436673 ], [ -76.536186034250761, 2.304437561436673 ], [ -76.536186034250761, 2.304346935727788 ], [ -76.536096218348618, 2.304346935727788 ], [ -76.536096218348618, 2.304618812854442 ], [ -76.536275850152904, 2.304618812854442 ] ] ] } },
{ "type": "Feature", "properties": { "value": 1, "State": "Burned", "Class": "Quemado", "IdxName": "NBR", "StartDate": "2025-09-27", "EndDate": "2025-09-28" }, "geometry": { "type": "Polygon", "coordinates": [ [ [ -76.527563707645257, 2.304346935727788 ], [ -76.527563707645257, 2.304165684310019 ], [ -76.527473891743114, 2.304165684310019 ], [ -76.527473891743114, 2.304346935727788 ], [ -76.527563707645257, 2.304346935727788 ] ] ] } },
{ "type": "Feature", "properties": { "value": 1, "State": "Burned", "Class": "Quemado", "IdxName": "NBR", "StartDate": "2025-09-27", "EndDate": "2025-09-28" }, "geometry": { "type": "Polygon", "coordinates": [ [ [ -76.633366840366975, 2.304256310018904 ], [ -76.633366840366975, 2.304165684310019 ], [ -76.633277024464832, 2.304165684310019 ], [ -76.633277024464832, 2.304256310018904 ], [ -76.633366840366975, 2.304256310018904 ] ] ] } },
{ "type": "Feature", "properties": { "value": 1, "State": "Burned", "Class": "Quemado", "IdxName": "NBR", "StartDate": "2025-09-27", "EndDate": "2025-09-28" }, "geometry": { "type": "Polygon", "coordinates": [ [ [ -76.643426221406727, 2.304437561436673 ], [ -76.643426221406727, 2.304346935727788 ], [ -76.643605853211014, 2.304346935727788 ], [ -76.643605853211014, 2.304256310018904 ], [ -76.643516037308871, 2.304256310018904 ], [ -76.643516037308871, 2.304075058601134 ], [ -76.643426221406727, 2.304075058601134 ], [ -76.643426221406727, 2.304165684310019 ], [ -76.642887325993883, 2.304165684310019 ], [ -76.642887325993883, 2.304256310018904 ], [ -76.643156773700312, 2.304256310018904 ], [ -76.643156773700312, 2.304346935727788 ], [ -76.643246589602455, 2.304346935727788 ], [ -76.643246589602455, 2.304437561436673 ], [ -76.643426221406727, 2.304437561436673 ] ] ] } },
{ "type": "Feature", "properties": { "value": 1, "State": "Burned", "Class": "Quemado", "IdxName": "NBR", "StartDate": "2025-09-27", "EndDate": "2025-09-28" }, "geometry": { "type": "Polygon", "coordinates": [ [ [ -76.597620111314981, 2.304165684310019 ], [ -76.597620111314981, 2.304075058601134 ], [ -76.597530295412852, 2.304075058601134 ], [ -76.597530295412852, 2.304165684310019 ], [ -76.597620111314981, 2.304165684310019 ] ] ] } },
{ "type": "Feature", "properties": { "value": 1, "State": "Burned", "Class": "Quemado", "IdxName": "NBR", "StartDate": "2025-09-27", "EndDate": "2025-09-28" }, "geometry": { "type": "Polygon", "coordinates": [ [ [ -76.527473891743114, 2.304075058601134 ], [ -76.527473891743114, 2.30398443289225 ], [ -76.527384075840985, 2.30398443289225 ], [ -76.527384075840985, 2.304075058601134 ], [ -76.527473891743114, 2.304075058601134 ] ] ] } },
{ "type": "Feature", "properties": { "value": 1, "State": "Burned", "Class": "Quemado", "IdxName": "NBR", "StartDate": "2025-09-27", "EndDate": "2025-09-28" }, "geometry": { "type": "Polygon", "coordinates": [ [ [ -76.510678318042807, 2.304075058601134 ], [ -76.510678318042807, 2.30398443289225 ], [ -76.510588502140678, 2.30398443289225 ], [ -76.510588502140678, 2.304075058601134 ], [ -76.510678318042807, 2.304075058601134 ] ] ] } },
{ "type": "Feature", "properties": { "value": 1, "State": "Burned", "Class": "Quemado", "IdxName": "NBR", "StartDate": "2025-09-27", "EndDate": "2025-09-28" }, "geometry": { "type": "Polygon", "coordinates": [ [ [ -76.535916586544346, 2.304709438563327 ], [ -76.535916586544346, 2.304618812854442 ], [ -76.536006402446489, 2.304618812854442 ], [ -76.536006402446489, 2.304165684310019 ], [ -76.536275850152904, 2.304165684310019 ], [ -76.536275850152904, 2.304256310018904 ], [ -76.536365666055048, 2.304256310018904 ], [ -76.536365666055048, 2.304437561436673 ], [ -76.536455481957191, 2.304437561436673 ], [ -76.536455481957191, 2.304528187145558 ], [ -76.536545297859334, 2.304528187145558 ], [ -76.536545297859334, 2.304346935727788 ], [ -76.536635113761463, 2.304346935727788 ], [ -76.536635113761463, 2.304437561436673 ], [ -76.536814745565749, 2.304437561436673 ], [ -76.536814745565749, 2.304075058601134 ], [ -76.536724929663606, 2.304075058601134 ], [ -76.536724929663606, 2.304165684310019 ], [ -76.536545297859334, 2.304165684310019 ], [ -76.536545297859334, 2.304075058601134 ], [ -76.536275850152904, 2.304075058601134 ], [ -76.536275850152904, 2.30398443289225 ], [ -76.536186034250761, 2.30398443289225 ], [ -76.536186034250761, 2.304075058601134 ], [ -76.536096218348618, 2.304075058601134 ], [ -76.536096218348618, 2.30398443289225 ], [ -76.535916586544346, 2.30398443289225 ], [ -76.535916586544346, 2.303893807183365 ], [ -76.535647138837916, 2.303893807183365 ], [ -76.535647138837916, 2.30398443289225 ], [ -76.535108243425071, 2.30398443289225 ], [ -76.535108243425071, 2.304075058601134 ], [ -76.535018427522942, 2.304075058601134 ], [ -76.535018427522942, 2.304165684310019 ], [ -76.535108243425071, 2.304165684310019 ], [ -76.535108243425071, 2.304256310018904 ], [ -76.535198059327215, 2.304256310018904 ], [ -76.535198059327215, 2.304346935727788 ], [ -76.535287875229358, 2.304346935727788 ], [ -76.535287875229358, 2.304256310018904 ], [ -76.535377691131501, 2.304256310018904 ], [ -76.535377691131501, 2.304346935727788 ], [ -76.535467507033644, 2.304346935727788 ], [ -76.535467507033644, 2.304437561436673 ], [ -76.535557322935787, 2.304437561436673 ], [ -76.535557322935787, 2.304346935727788 ], [ -76.535647138837916, 2.304346935727788 ], [ -76.535647138837916, 2.304256310018904 ], [ -76.535916586544346, 2.304256310018904 ], [ -76.535916586544346, 2.304346935727788 ], [ -76.535826770642203, 2.304346935727788 ], [ -76.535826770642203, 2.304437561436673 ], [ -76.535916586544346, 2.304437561436673 ], [ -76.535916586544346, 2.304528187145558 ], [ -76.535826770642203, 2.304528187145558 ], [ -76.535826770642203, 2.304709438563327 ], [ -76.535916586544346, 2.304709438563327 ] ] ] } },
{ "type": "Feature", "properties": { "value": 1, "State": "Burned", "Class": "Quemado", "IdxName": "NBR", "StartDate": "2025-09-27", "EndDate": "2025-09-28" }, "geometry": { "type": "Polygon", "coordinates": [ [ [ -76.527384075840985, 2.30398443289225 ], [ -76.527384075840985, 2.303893807183365 ], [ -76.527294259938841, 2.303893807183365 ], [ -76.527294259938841, 2.30398443289225 ], [ -76.527384075840985, 2.30398443289225 ] ] ] } },
{ "type": "Feature", "properties": { "value": 1, "State": "Burned", "Class": "Quemado", "IdxName": "NBR", "StartDate": "2025-09-27", "EndDate": "2025-09-28" }, "geometry": { "type": "Polygon", "coordinates": [ [ [ -76.597799743119268, 2.30398443289225 ], [ -76.597799743119268, 2.30380318147448 ], [ -76.597709927217124, 2.30380318147448 ], [ -76.597709927217124, 2.30398443289225 ], [ -76.597799743119268, 2.30398443289225 ] ] ] } },
{ "type": "Feature", "properties": { "value": 1, "State": "Burned", "Class": "Quemado", "IdxName": "NBR", "StartDate": "2025-09-27", "EndDate": "2025-09-28" }, "geometry": { "type": "Polygon", "coordinates": [ [ [ -76.632289049541285, 2.303893807183365 ], [ -76.632289049541285, 2.30380318147448 ], [ -76.632199233639142, 2.30380318147448 ], [ -76.632199233639142, 2.303893807183365 ], [ -76.632289049541285, 2.303893807183365 ] ] ] } },
{ "type": "Feature", "properties": { "value": 1, "State": "Burned", "Class": "Quemado", "IdxName": "NBR", "StartDate": "2025-09-27", "EndDate": "2025-09-28" }, "geometry": { "type": "Polygon", "coordinates": [ [ [ -76.625013961467886, 2.303893807183365 ], [ -76.625013961467886, 2.30380318147448 ], [ -76.624924145565757, 2.30380318147448 ], [ -76.624924145565757, 2.303893807183365 ], [ -76.625013961467886, 2.303893807183365 ] ] ] } },
{ "type": "Feature", "properties": { "value": 1, "State": "Burned", "Class": "Quemado", "IdxName": "NBR", "StartDate": "2025-09-27", "EndDate": "2025-09-28" }, "geometry": { "type": "Polygon", "coordinates": [ [ [ -76.527294259938841, 2.303893807183365 ], [ -76.527294259938841, 2.30380318147448 ], [ -76.527204444036698, 2.30380318147448 ], [ -76.527204444036698, 2.303893807183365 ], [ -76.527294259938841, 2.303893807183365 ] ] ] } },
{ "type": "Feature", "properties": { "value": 1, "State": "Burned", "Class": "Quemado", "IdxName": "NBR", "StartDate": "2025-09-27", "EndDate": "2025-09-28" }, "geometry": { "type": "Polygon", "coordinates": [ [ [ -76.625283409174315, 2.30398443289225 ], [ -76.625283409174315, 2.303712555765596 ], [ -76.625193593272172, 2.303712555765596 ], [ -76.625193593272172, 2.303893807183365 ], [ -76.625013961467886, 2.303893807183365 ], [ -76.625013961467886, 2.30398443289225 ], [ -76.625283409174315, 2.30398443289225 ] ] ] } },
{ "type": "Feature", "properties": { "value": 1, "State": "Burned", "Class": "Quemado", "IdxName": "NBR", "StartDate": "2025-09-27", "EndDate": "2025-09-28" }, "geometry": { "type": "Polygon", "coordinates": [ [ [ -76.625103777370029, 2.30380318147448 ], [ -76.625103777370029, 2.303712555765596 ], [ -76.625013961467886, 2.303712555765596 ], [ -76.625013961467886, 2.30380318147448 ], [ -76.625103777370029, 2.30380318147448 ] ] ] } },
{ "type": "Feature", "properties": { "value": 1, "State": "Burned", "Class": "Quemado", "IdxName": "NBR", "StartDate": "2025-09-27", "EndDate": "2025-09-28" }, "geometry": { "type": "Polygon", "coordinates": [ [ [ -76.527204444036698, 2.30380318147448 ], [ -76.527204444036698, 2.303712555765596 ], [ -76.527114628134555, 2.303712555765596 ], [ -76.527114628134555, 2.30380318147448 ], [ -76.527204444036698, 2.30380318147448 ] ] ] } },
{ "type": "Feature", "properties": { "value": 1, "State": "Burned", "Class": "Quemado", "IdxName": "NBR", "StartDate": "2025-09-27", "EndDate": "2025-09-28" }, "geometry": { "type": "Polygon", "coordinates": [ [ [ -76.537982352293582, 2.303712555765596 ], [ -76.537982352293582, 2.303621930056711 ], [ -76.537892536391439, 2.303621930056711 ], [ -76.537892536391439, 2.303712555765596 ], [ -76.537982352293582, 2.303712555765596 ] ] ] } },
{ "type": "Feature", "properties": { "value": 1, "State": "Burned", "Class": "Quemado", "IdxName": "NBR", "StartDate": "2025-09-27", "EndDate": "2025-09-28" }, "geometry": { "type": "Polygon", "coordinates": [ [ [ -76.527114628134555, 2.303712555765596 ], [ -76.527114628134555, 2.303531304347826 ], [ -76.527024812232412, 2.303531304347826 ], [ -76.527024812232412, 2.303621930056711 ], [ -76.526934996330269, 2.303621930056711 ], [ -76.526934996330269, 2.303712555765596 ], [ -76.527114628134555, 2.303712555765596 ] ] ] } },
{ "type": "Feature", "properties": { "value": 1, "State": "Burned", "Class": "Quemado", "IdxName": "NBR", "StartDate": "2025-09-27", "EndDate": "2025-09-28" }, "geometry": { "type": "Polygon", "coordinates": [ [ [ -76.599865508868504, 2.303621930056711 ], [ -76.599865508868504, 2.303531304347826 ], [ -76.599775692966361, 2.303531304347826 ], [ -76.599775692966361, 2.303621930056711 ], [ -76.599865508868504, 2.303621930056711 ] ] ] } },
{ "type": "Feature", "properties": { "value": 1, "State": "Burned", "Class": "Quemado", "IdxName": "NBR", "StartDate": "2025-09-27", "EndDate": "2025-09-28" }, "geometry": { "type": "Polygon", "coordinates": [ [ [ -76.526934996330269, 2.303621930056711 ], [ -76.526934996330269, 2.303531304347826 ], [ -76.52684518042814, 2.303531304347826 ], [ -76.52684518042814, 2.303621930056711 ], [ -76.526934996330269, 2.303621930056711 ] ] ] } },
{ "type": "Feature", "properties": { "value": 1, "State": "Burned", "Class": "Quemado", "IdxName": "NBR", "StartDate": "2025-09-27", "EndDate": "2025-09-28" }, "geometry": { "type": "Polygon", "coordinates": [ [ [ -76.52684518042814, 2.303168801512288 ], [ -76.52684518042814, 2.303078175803403 ], [ -76.526755364525997, 2.303078175803403 ], [ -76.526755364525997, 2.303168801512288 ], [ -76.52684518042814, 2.303168801512288 ] ] ] } },
{ "type": "Feature", "properties": { "value": 1, "State": "Burned", "Class": "Quemado", "IdxName": "NBR", "StartDate": "2025-09-27", "EndDate": "2025-09-28" }, "geometry": { "type": "Polygon", "coordinates": [ [ [ -76.522893280733939, 2.302896924385633 ], [ -76.522893280733939, 2.302806298676749 ], [ -76.52280346483181, 2.302806298676749 ], [ -76.52280346483181, 2.302896924385633 ], [ -76.522893280733939, 2.302896924385633 ] ] ] } },
{ "type": "Feature", "properties": { "value": 1, "State": "Burned", "Class": "Quemado", "IdxName": "NBR", "StartDate": "2025-09-27", "EndDate": "2025-09-28" }, "geometry": { "type": "Polygon", "coordinates": [ [ [ -76.52684518042814, 2.302987550094518 ], [ -76.52684518042814, 2.302715672967864 ], [ -76.526755364525997, 2.302715672967864 ], [ -76.526755364525997, 2.302987550094518 ], [ -76.52684518042814, 2.302987550094518 ] ] ] } },
{ "type": "Feature", "properties": { "value": 1, "State": "Burned", "Class": "Quemado", "IdxName": "NBR", "StartDate": "2025-09-27", "EndDate": "2025-09-28" }, "geometry": { "type": "Polygon", "coordinates": [ [ [ -76.642617878287467, 2.302806298676749 ], [ -76.642617878287467, 2.302715672967864 ], [ -76.642528062385324, 2.302715672967864 ], [ -76.642528062385324, 2.302806298676749 ], [ -76.642617878287467, 2.302806298676749 ] ] ] } },
{ "type": "Feature", "properties": { "value": 1, "State": "Burned", "Class": "Quemado", "IdxName": "NBR", "StartDate": "2025-09-27", "EndDate": "2025-09-28" }, "geometry": { "type": "Polygon", "coordinates": [ [ [ -76.600224772477063, 2.302806298676749 ], [ -76.600224772477063, 2.302715672967864 ], [ -76.600134956574919, 2.302715672967864 ], [ -76.600134956574919, 2.302806298676749 ], [ -76.600224772477063, 2.302806298676749 ] ] ] } },
{ "type": "Feature", "properties": { "value": 1, "State": "Burned", "Class": "Quemado", "IdxName": "NBR", "StartDate": "2025-09-27", "EndDate": "2025-09-28" }, "geometry": { "type": "Polygon", "coordinates": [ [ [ -76.510678318042807, 2.302806298676749 ], [ -76.510678318042807, 2.302715672967864 ], [ -76.510588502140678, 2.302715672967864 ], [ -76.510588502140678, 2.302806298676749 ], [ -76.510678318042807, 2.302806298676749 ] ] ] } },
{ "type": "Feature", "properties": { "value": 1, "State": "Burned", "Class": "Quemado", "IdxName": "NBR", "StartDate": "2025-09-27", "EndDate": "2025-09-28" }, "geometry": { "type": "Polygon", "coordinates": [ [ [ -76.526934996330269, 2.302625047258979 ], [ -76.526934996330269, 2.302534421550094 ], [ -76.52684518042814, 2.302534421550094 ], [ -76.52684518042814, 2.302625047258979 ], [ -76.526934996330269, 2.302625047258979 ] ] ] } },
{ "type": "Feature", "properties": { "value": 1, "State": "Burned", "Class": "Quemado", "IdxName": "NBR", "StartDate": "2025-09-27", "EndDate": "2025-09-28" }, "geometry": { "type": "Polygon", "coordinates": [ [ [ -76.5382518, 2.303078175803403 ], [ -76.5382518, 2.302987550094518 ], [ -76.538341615902141, 2.302987550094518 ], [ -76.538341615902141, 2.302896924385633 ], [ -76.538431431804284, 2.302896924385633 ], [ -76.538431431804284, 2.302625047258979 ], [ -76.538521247706427, 2.302625047258979 ], [ -76.538521247706427, 2.30244379584121 ], [ -76.538431431804284, 2.30244379584121 ], [ -76.538431431804284, 2.302534421550094 ], [ -76.538341615902141, 2.302534421550094 ], [ -76.538341615902141, 2.302715672967864 ], [ -76.5382518, 2.302715672967864 ], [ -76.5382518, 2.302896924385633 ], [ -76.538161984097854, 2.302896924385633 ], [ -76.538161984097854, 2.303078175803403 ], [ -76.5382518, 2.303078175803403 ] ] ] } },
{ "type": "Feature", "properties": { "value": 1, "State": "Burned", "Class": "Quemado", "IdxName": "NBR", "StartDate": "2025-09-27", "EndDate": "2025-09-28" }, "geometry": { "type": "Polygon", "coordinates": [ [ [ -76.527024812232412, 2.302534421550094 ], [ -76.527024812232412, 2.30244379584121 ], [ -76.526934996330269, 2.30244379584121 ], [ -76.526934996330269, 2.302534421550094 ], [ -76.527024812232412, 2.302534421550094 ] ] ] } },
{ "type": "Feature", "properties": { "value": 1, "State": "Burned", "Class": "Quemado", "IdxName": "NBR", "StartDate": "2025-09-27", "EndDate": "2025-09-28" }, "geometry": { "type": "Polygon", "coordinates": [ [ [ -76.600763667889908, 2.302534421550094 ], [ -76.600763667889908, 2.302353170132325 ], [ -76.600673851987764, 2.302353170132325 ], [ -76.600673851987764, 2.30244379584121 ], [ -76.600584036085635, 2.30244379584121 ], [ -76.600584036085635, 2.302534421550094 ], [ -76.600763667889908, 2.302534421550094 ] ] ] } },
{ "type": "Feature", "properties": { "value": 1, "State": "Burned", "Class": "Quemado", "IdxName": "NBR", "StartDate": "2025-09-27", "EndDate": "2025-09-28" }, "geometry": { "type": "Polygon", "coordinates": [ [ [ -76.596003425076461, 2.302534421550094 ], [ -76.596003425076461, 2.30244379584121 ], [ -76.595913609174318, 2.30244379584121 ], [ -76.595913609174318, 2.302353170132325 ], [ -76.595733977370031, 2.302353170132325 ], [ -76.595733977370031, 2.302534421550094 ], [ -76.596003425076461, 2.302534421550094 ] ] ] } },
{ "type": "Feature", "properties": { "value": 1, "State": "Burned", "Class": "Quemado", "IdxName": "NBR", "StartDate": "2025-09-27", "EndDate": "2025-09-28" }, "geometry": { "type": "Polygon", "coordinates": [ [ [ -76.59609324097859, 2.30244379584121 ], [ -76.59609324097859, 2.302353170132325 ], [ -76.596003425076461, 2.302353170132325 ], [ -76.596003425076461, 2.30244379584121 ], [ -76.59609324097859, 2.30244379584121 ] ] ] } },
{ "type": "Feature", "properties": { "value": 1, "State": "Burned", "Class": "Quemado", "IdxName": "NBR", "StartDate": "2025-09-27", "EndDate": "2025-09-28" }, "geometry": { "type": "Polygon", "coordinates": [ [ [ -76.599685877064218, 2.303531304347826 ], [ -76.599685877064218, 2.303440678638942 ], [ -76.599775692966361, 2.303440678638942 ], [ -76.599775692966361, 2.303350052930057 ], [ -76.599506245259946, 2.303350052930057 ], [ -76.599506245259946, 2.303168801512288 ], [ -76.599685877064218, 2.303168801512288 ], [ -76.599685877064218, 2.303078175803403 ], [ -76.599775692966361, 2.303078175803403 ], [ -76.599775692966361, 2.302987550094518 ], [ -76.599865508868504, 2.302987550094518 ], [ -76.599865508868504, 2.302896924385633 ], [ -76.599955324770647, 2.302896924385633 ], [ -76.599955324770647, 2.302806298676749 ], [ -76.60004514067279, 2.302806298676749 ], [ -76.60004514067279, 2.30244379584121 ], [ -76.600134956574919, 2.30244379584121 ], [ -76.600134956574919, 2.302262544423441 ], [ -76.599685877064218, 2.302262544423441 ], [ -76.599685877064218, 2.30244379584121 ], [ -76.599506245259946, 2.30244379584121 ], [ -76.599506245259946, 2.302534421550094 ], [ -76.599416429357802, 2.302534421550094 ], [ -76.599416429357802, 2.302625047258979 ], [ -76.599057165749244, 2.302625047258979 ], [ -76.599057165749244, 2.302715672967864 ], [ -76.598967349847101, 2.302715672967864 ], [ -76.598967349847101, 2.302896924385633 ], [ -76.598877533944957, 2.302896924385633 ], [ -76.598877533944957, 2.302987550094518 ], [ -76.598697902140671, 2.302987550094518 ], [ -76.598697902140671, 2.302896924385633 ], [ -76.598608086238528, 2.302896924385633 ], [ -76.598608086238528, 2.302987550094518 ], [ -76.598518270336399, 2.302987550094518 ], [ -76.598518270336399, 2.303078175803403 ], [ -76.598338638532113, 2.303078175803403 ], [ -76.598338638532113, 2.302987550094518 ], [ -76.598069190825683, 2.302987550094518 ], [ -76.598069190825683, 2.303078175803403 ], [ -76.597350663608566, 2.303078175803403 ], [ -76.597350663608566, 2.303168801512288 ], [ -76.597440479510709, 2.303168801512288 ], [ -76.597440479510709, 2.303259427221172 ], [ -76.597530295412852, 2.303259427221172 ], [ -76.597530295412852, 2.303440678638942 ], [ -76.597620111314981, 2.303440678638942 ], [ -76.597620111314981, 2.303350052930057 ], [ -76.597709927217124, 2.303350052930057 ], [ -76.597709927217124, 2.303531304347826 ], [ -76.597889559021411, 2.303531304347826 ], [ -76.597889559021411, 2.303440678638942 ], [ -76.597979374923554, 2.303440678638942 ], [ -76.597979374923554, 2.303350052930057 ], [ -76.598069190825683, 2.303350052930057 ], [ -76.598069190825683, 2.303440678638942 ], [ -76.598248822629969, 2.303440678638942 ], [ -76.598248822629969, 2.303350052930057 ], [ -76.598338638532113, 2.303350052930057 ], [ -76.598338638532113, 2.303440678638942 ], [ -76.598608086238528, 2.303440678638942 ], [ -76.598608086238528, 2.303350052930057 ], [ -76.599057165749244, 2.303350052930057 ], [ -76.599057165749244, 2.303259427221172 ], [ -76.598967349847101, 2.303259427221172 ], [ -76.598967349847101, 2.303168801512288 ], [ -76.599057165749244, 2.303168801512288 ], [ -76.599057165749244, 2.303078175803403 ], [ -76.598967349847101, 2.303078175803403 ], [ -76.598967349847101, 2.302987550094518 ], [ -76.599057165749244, 2.302987550094518 ], [ -76.599057165749244, 2.302896924385633 ], [ -76.599146981651373, 2.302896924385633 ], [ -76.599146981651373, 2.302715672967864 ], [ -76.599596061162075, 2.302715672967864 ], [ -76.599596061162075, 2.302896924385633 ], [ -76.599506245259946, 2.302896924385633 ], [ -76.599506245259946, 2.302987550094518 ], [ -76.599326613455659, 2.302987550094518 ], [ -76.599326613455659, 2.303168801512288 ], [ -76.599236797553516, 2.303168801512288 ], [ -76.599236797553516, 2.303531304347826 ], [ -76.599326613455659, 2.303531304347826 ], [ -76.599326613455659, 2.303440678638942 ], [ -76.599596061162075, 2.303440678638942 ], [ -76.599596061162075, 2.303531304347826 ], [ -76.599685877064218, 2.303531304347826 ] ], [ [ -76.599416429357802, 2.303259427221172 ], [ -76.599326613455659, 2.303259427221172 ], [ -76.599326613455659, 2.303168801512288 ], [ -76.599416429357802, 2.303168801512288 ], [ -76.599416429357802, 2.303259427221172 ] ], [ [ -76.599955324770647, 2.302806298676749 ], [ -76.599865508868504, 2.302806298676749 ], [ -76.599865508868504, 2.302625047258979 ], [ -76.599955324770647, 2.302625047258979 ], [ -76.599955324770647, 2.302806298676749 ] ] ] } },
{ "type": "Feature", "properties": { "value": 1, "State": "Burned", "Class": "Quemado", "IdxName": "NBR", "StartDate": "2025-09-27", "EndDate": "2025-09-28" }, "geometry": { "type": "Polygon", "coordinates": [ [ [ -76.600943299694194, 2.302353170132325 ], [ -76.600943299694194, 2.302262544423441 ], [ -76.601033115596337, 2.302262544423441 ], [ -76.601033115596337, 2.302171918714556 ], [ -76.600943299694194, 2.302171918714556 ], [ -76.600943299694194, 2.302081293005671 ], [ -76.600853483792051, 2.302081293005671 ], [ -76.600853483792051, 2.302353170132325 ], [ -76.600943299694194, 2.302353170132325 ] ] ] } },
{ "type": "Feature", "properties": { "value": 1, "State": "Burned", "Class": "Quemado", "IdxName": "NBR", "StartDate": "2025-09-27", "EndDate": "2025-09-28" }, "geometry": { "type": "Polygon", "coordinates": [ [ [ -76.655731, 2.302171918714556 ], [ -76.655731, 2.301990667296787 ], [ -76.655371736391444, 2.301990667296787 ], [ -76.655371736391444, 2.302081293005671 ], [ -76.655551368195717, 2.302081293005671 ], [ -76.655551368195717, 2.302171918714556 ], [ -76.655731, 2.302171918714556 ] ] ] } },
{ "type": "Feature", "properties": { "value": 1, "State": "Burned", "Class": "Quemado", "IdxName": "NBR", "StartDate": "2025-09-27", "EndDate": "2025-09-28" }, "geometry": { "type": "Polygon", "coordinates": [ [ [ -76.52280346483181, 2.30244379584121 ], [ -76.52280346483181, 2.302171918714556 ], [ -76.522893280733939, 2.302171918714556 ], [ -76.522893280733939, 2.301990667296787 ], [ -76.522264569418965, 2.301990667296787 ], [ -76.522264569418965, 2.302171918714556 ], [ -76.522174753516822, 2.302171918714556 ], [ -76.522174753516822, 2.302262544423441 ], [ -76.522084937614679, 2.302262544423441 ], [ -76.522084937614679, 2.302353170132325 ], [ -76.522444201223237, 2.302353170132325 ], [ -76.522444201223237, 2.30244379584121 ], [ -76.522623833027524, 2.30244379584121 ], [ -76.522623833027524, 2.302353170132325 ], [ -76.522713648929667, 2.302353170132325 ], [ -76.522713648929667, 2.30244379584121 ], [ -76.52280346483181, 2.30244379584121 ] ] ] } },
{ "type": "Feature", "properties": { "value": 1, "State": "Burned", "Class": "Quemado", "IdxName": "NBR", "StartDate": "2025-09-27", "EndDate": "2025-09-28" }, "geometry": { "type": "Polygon", "coordinates": [ [ [ -76.527294259938841, 2.302262544423441 ], [ -76.527294259938841, 2.302171918714556 ], [ -76.527563707645257, 2.302171918714556 ], [ -76.527563707645257, 2.302081293005671 ], [ -76.5276535235474, 2.302081293005671 ], [ -76.5276535235474, 2.301990667296787 ], [ -76.527384075840985, 2.301990667296787 ], [ -76.527384075840985, 2.302081293005671 ], [ -76.527204444036698, 2.302081293005671 ], [ -76.527204444036698, 2.302262544423441 ], [ -76.527294259938841, 2.302262544423441 ] ] ] } },
{ "type": "Feature", "properties": { "value": 1, "State": "Burned", "Class": "Quemado", "IdxName": "NBR", "StartDate": "2025-09-27", "EndDate": "2025-09-28" }, "geometry": { "type": "Polygon", "coordinates": [ [ [ -76.598877533944957, 2.301718790170133 ], [ -76.598877533944957, 2.301628164461248 ], [ -76.598787718042814, 2.301628164461248 ], [ -76.598787718042814, 2.301718790170133 ], [ -76.598877533944957, 2.301718790170133 ] ] ] } },
{ "type": "Feature", "properties": { "value": 1, "State": "Burned", "Class": "Quemado", "IdxName": "NBR", "StartDate": "2025-09-27", "EndDate": "2025-09-28" }, "geometry": { "type": "Polygon", "coordinates": [ [ [ -76.635252974311925, 2.301900041587902 ], [ -76.635252974311925, 2.301628164461248 ], [ -76.635163158409782, 2.301628164461248 ], [ -76.635163158409782, 2.301718790170133 ], [ -76.635073342507653, 2.301718790170133 ], [ -76.635073342507653, 2.301537538752363 ], [ -76.634983526605509, 2.301537538752363 ], [ -76.634983526605509, 2.301900041587902 ], [ -76.635252974311925, 2.301900041587902 ] ] ] } },
{ "type": "Feature", "properties": { "value": 1, "State": "Burned", "Class": "Quemado", "IdxName": "NBR", "StartDate": "2025-09-27", "EndDate": "2025-09-28" }, "geometry": { "type": "Polygon", "coordinates": [ [ [ -76.51076813394495, 2.301628164461248 ], [ -76.51076813394495, 2.301446913043478 ], [ -76.510678318042807, 2.301446913043478 ], [ -76.510678318042807, 2.301628164461248 ], [ -76.51076813394495, 2.301628164461248 ] ] ] } },
{ "type": "Feature", "properties": { "value": 1, "State": "Burned", "Class": "Quemado", "IdxName": "NBR", "StartDate": "2025-09-27", "EndDate": "2025-09-28" }, "geometry": { "type": "Polygon", "coordinates": [ [ [ -76.527833155351686, 2.301900041587902 ], [ -76.527833155351686, 2.301718790170133 ], [ -76.52792297125383, 2.301718790170133 ], [ -76.52792297125383, 2.301537538752363 ], [ -76.528012787155959, 2.301537538752363 ], [ -76.528012787155959, 2.301446913043478 ], [ -76.52792297125383, 2.301446913043478 ], [ -76.52792297125383, 2.301356287334594 ], [ -76.527833155351686, 2.301356287334594 ], [ -76.527833155351686, 2.301537538752363 ], [ -76.527743339449543, 2.301537538752363 ], [ -76.527743339449543, 2.301809415879017 ], [ -76.5276535235474, 2.301809415879017 ], [ -76.5276535235474, 2.301900041587902 ], [ -76.527833155351686, 2.301900041587902 ] ] ] } },
{ "type": "Feature", "properties": { "value": 1, "State": "Burned", "Class": "Quemado", "IdxName": "NBR", "StartDate": "2025-09-27", "EndDate": "2025-09-28" }, "geometry": { "type": "Polygon", "coordinates": [ [ [ -76.59312931620795, 2.301446913043478 ], [ -76.59312931620795, 2.301356287334594 ], [ -76.592859868501534, 2.301356287334594 ], [ -76.592859868501534, 2.301446913043478 ], [ -76.59312931620795, 2.301446913043478 ] ] ] } },
{ "type": "Feature", "properties": { "value": 1, "State": "Burned", "Class": "Quemado", "IdxName": "NBR", "StartDate": "2025-09-27", "EndDate": "2025-09-28" }, "geometry": { "type": "Polygon", "coordinates": [ [ [ -76.630851995107037, 2.301446913043478 ], [ -76.630851995107037, 2.301265661625709 ], [ -76.630762179204893, 2.301265661625709 ], [ -76.630762179204893, 2.301446913043478 ], [ -76.630851995107037, 2.301446913043478 ] ] ] } },
{ "type": "Feature", "properties": { "value": 1, "State": "Burned", "Class": "Quemado", "IdxName": "NBR", "StartDate": "2025-09-27", "EndDate": "2025-09-28" }, "geometry": { "type": "Polygon", "coordinates": [ [ [ -76.598967349847101, 2.301446913043478 ], [ -76.598967349847101, 2.301265661625709 ], [ -76.598877533944957, 2.301265661625709 ], [ -76.598877533944957, 2.301446913043478 ], [ -76.598967349847101, 2.301446913043478 ] ] ] } },
{ "type": "Feature", "properties": { "value": 1, "State": "Burned", "Class": "Quemado", "IdxName": "NBR", "StartDate": "2025-09-27", "EndDate": "2025-09-28" }, "geometry": { "type": "Polygon", "coordinates": [ [ [ -76.592410788990833, 2.301537538752363 ], [ -76.592410788990833, 2.301446913043478 ], [ -76.592680236697248, 2.301446913043478 ], [ -76.592680236697248, 2.301356287334594 ], [ -76.592500604892962, 2.301356287334594 ], [ -76.592500604892962, 2.301265661625709 ], [ -76.592410788990833, 2.301265661625709 ], [ -76.592410788990833, 2.301356287334594 ], [ -76.592141341284403, 2.301356287334594 ], [ -76.592141341284403, 2.301446913043478 ], [ -76.592231157186546, 2.301446913043478 ], [ -76.592231157186546, 2.301537538752363 ], [ -76.592410788990833, 2.301537538752363 ] ] ] } },
{ "type": "Feature", "properties": { "value": 1, "State": "Burned", "Class": "Quemado", "IdxName": "NBR", "StartDate": "2025-09-27", "EndDate": "2025-09-28" }, "geometry": { "type": "Polygon", "coordinates": [ [ [ -76.599955324770647, 2.301356287334594 ], [ -76.599955324770647, 2.301265661625709 ], [ -76.599865508868504, 2.301265661625709 ], [ -76.599865508868504, 2.301356287334594 ], [ -76.599955324770647, 2.301356287334594 ] ] ] } },
{ "type": "Feature", "properties": { "value": 1, "State": "Burned", "Class": "Quemado", "IdxName": "NBR", "StartDate": "2025-09-27", "EndDate": "2025-09-28" }, "geometry": { "type": "Polygon", "coordinates": [ [ [ -76.528012787155959, 2.301356287334594 ], [ -76.528012787155959, 2.301265661625709 ], [ -76.52792297125383, 2.301265661625709 ], [ -76.52792297125383, 2.301356287334594 ], [ -76.528012787155959, 2.301356287334594 ] ] ] } },
{ "type": "Feature", "properties": { "value": 1, "State": "Burned", "Class": "Quemado", "IdxName": "NBR", "StartDate": "2025-09-27", "EndDate": "2025-09-28" }, "geometry": { "type": "Polygon", "coordinates": [ [ [ -76.609116546788997, 2.301265661625709 ], [ -76.609116546788997, 2.301175035916824 ], [ -76.609026730886853, 2.301175035916824 ], [ -76.609026730886853, 2.301265661625709 ], [ -76.609116546788997, 2.301265661625709 ] ] ] } },
{ "type": "Feature", "properties": { "value": 1, "State": "Burned", "Class": "Quemado", "IdxName": "NBR", "StartDate": "2025-09-27", "EndDate": "2025-09-28" }, "geometry": { "type": "Polygon", "coordinates": [ [ [ -76.600494220183492, 2.301356287334594 ], [ -76.600494220183492, 2.30108441020794 ], [ -76.600404404281349, 2.30108441020794 ], [ -76.600404404281349, 2.301175035916824 ], [ -76.600314588379206, 2.301175035916824 ], [ -76.600314588379206, 2.301265661625709 ], [ -76.600404404281349, 2.301265661625709 ], [ -76.600404404281349, 2.301356287334594 ], [ -76.600494220183492, 2.301356287334594 ] ] ] } },
{ "type": "Feature", "properties": { "value": 1, "State": "Burned", "Class": "Quemado", "IdxName": "NBR", "StartDate": "2025-09-27", "EndDate": "2025-09-28" }, "geometry": { "type": "Polygon", "coordinates": [ [ [ -76.599146981651373, 2.301356287334594 ], [ -76.599146981651373, 2.301265661625709 ], [ -76.599236797553516, 2.301265661625709 ], [ -76.599236797553516, 2.30108441020794 ], [ -76.599146981651373, 2.30108441020794 ], [ -76.599146981651373, 2.301175035916824 ], [ -76.599057165749244, 2.301175035916824 ], [ -76.599057165749244, 2.301356287334594 ], [ -76.599146981651373, 2.301356287334594 ] ] ] } },
{ "type": "Feature", "properties": { "value": 1, "State": "Burned", "Class": "Quemado", "IdxName": "NBR", "StartDate": "2025-09-27", "EndDate": "2025-09-28" }, "geometry": { "type": "Polygon", "coordinates": [ [ [ -76.510857949847093, 2.301175035916824 ], [ -76.510857949847093, 2.30108441020794 ], [ -76.51076813394495, 2.30108441020794 ], [ -76.51076813394495, 2.301175035916824 ], [ -76.510857949847093, 2.301175035916824 ] ] ] } },
{ "type": "Feature", "properties": { "value": 1, "State": "Burned", "Class": "Quemado", "IdxName": "NBR", "StartDate": "2025-09-27", "EndDate": "2025-09-28" }, "geometry": { "type": "Polygon", "coordinates": [ [ [ -76.623397275229365, 2.301175035916824 ], [ -76.623397275229365, 2.300993784499055 ], [ -76.623307459327222, 2.300993784499055 ], [ -76.623307459327222, 2.301175035916824 ], [ -76.623397275229365, 2.301175035916824 ] ] ] } },
{ "type": "Feature", "properties": { "value": 1, "State": "Burned", "Class": "Quemado", "IdxName": "NBR", "StartDate": "2025-09-27", "EndDate": "2025-09-28" }, "geometry": { "type": "Polygon", "coordinates": [ [ [ -76.623487091131494, 2.300993784499055 ], [ -76.623487091131494, 2.30090315879017 ], [ -76.623397275229365, 2.30090315879017 ], [ -76.623397275229365, 2.300993784499055 ], [ -76.623487091131494, 2.300993784499055 ] ] ] } },
{ "type": "Feature", "properties": { "value": 1, "State": "Burned", "Class": "Quemado", "IdxName": "NBR", "StartDate": "2025-09-27", "EndDate": "2025-09-28" }, "geometry": { "type": "Polygon", "coordinates": [ [ [ -76.52792297125383, 2.301265661625709 ], [ -76.52792297125383, 2.300812533081285 ], [ -76.527833155351686, 2.300812533081285 ], [ -76.527833155351686, 2.301265661625709 ], [ -76.52792297125383, 2.301265661625709 ] ] ] } },
{ "type": "Feature", "properties": { "value": 1, "State": "Burned", "Class": "Quemado", "IdxName": "NBR", "StartDate": "2025-09-27", "EndDate": "2025-09-28" }, "geometry": { "type": "Polygon", "coordinates": [ [ [ -76.599326613455659, 2.301628164461248 ], [ -76.599326613455659, 2.301537538752363 ], [ -76.599506245259946, 2.301537538752363 ], [ -76.599506245259946, 2.301446913043478 ], [ -76.599685877064218, 2.301446913043478 ], [ -76.599685877064218, 2.301356287334594 ], [ -76.599775692966361, 2.301356287334594 ], [ -76.599775692966361, 2.301265661625709 ], [ -76.599416429357802, 2.301265661625709 ], [ -76.599416429357802, 2.30108441020794 ], [ -76.599596061162075, 2.30108441020794 ], [ -76.599596061162075, 2.300812533081285 ], [ -76.599506245259946, 2.300812533081285 ], [ -76.599506245259946, 2.30090315879017 ], [ -76.599326613455659, 2.30090315879017 ], [ -76.599326613455659, 2.300993784499055 ], [ -76.599236797553516, 2.300993784499055 ], [ -76.599236797553516, 2.30108441020794 ], [ -76.599326613455659, 2.30108441020794 ], [ -76.599326613455659, 2.301265661625709 ], [ -76.599236797553516, 2.301265661625709 ], [ -76.599236797553516, 2.301446913043478 ], [ -76.599057165749244, 2.301446913043478 ], [ -76.599057165749244, 2.301537538752363 ], [ -76.598967349847101, 2.301537538752363 ], [ -76.598967349847101, 2.301628164461248 ], [ -76.599326613455659, 2.301628164461248 ] ] ] } },
{ "type": "Feature", "properties": { "value": 1, "State": "Burned", "Class": "Quemado", "IdxName": "NBR", "StartDate": "2025-09-27", "EndDate": "2025-09-28" }, "geometry": { "type": "Polygon", "coordinates": [ [ [ -76.528012787155959, 2.300812533081285 ], [ -76.528012787155959, 2.300721907372401 ], [ -76.52792297125383, 2.300721907372401 ], [ -76.52792297125383, 2.300812533081285 ], [ -76.528012787155959, 2.300812533081285 ] ] ] } },
{ "type": "Feature", "properties": { "value": 1, "State": "Burned", "Class": "Quemado", "IdxName": "NBR", "StartDate": "2025-09-27", "EndDate": "2025-09-28" }, "geometry": { "type": "Polygon", "coordinates": [ [ [ -76.597260847706423, 2.30244379584121 ], [ -76.597260847706423, 2.302353170132325 ], [ -76.597350663608566, 2.302353170132325 ], [ -76.597350663608566, 2.302262544423441 ], [ -76.597440479510709, 2.302262544423441 ], [ -76.597440479510709, 2.302171918714556 ], [ -76.597530295412852, 2.302171918714556 ], [ -76.597530295412852, 2.302081293005671 ], [ -76.597709927217124, 2.302081293005671 ], [ -76.597709927217124, 2.301990667296787 ], [ -76.597799743119268, 2.301990667296787 ], [ -76.597799743119268, 2.301900041587902 ], [ -76.597889559021411, 2.301900041587902 ], [ -76.597889559021411, 2.301809415879017 ], [ -76.598069190825683, 2.301809415879017 ], [ -76.598069190825683, 2.301718790170133 ], [ -76.598248822629969, 2.301718790170133 ], [ -76.598248822629969, 2.301628164461248 ], [ -76.598159006727826, 2.301628164461248 ], [ -76.598159006727826, 2.301537538752363 ], [ -76.598069190825683, 2.301537538752363 ], [ -76.598069190825683, 2.301446913043478 ], [ -76.597709927217124, 2.301446913043478 ], [ -76.597709927217124, 2.301356287334594 ], [ -76.597620111314981, 2.301356287334594 ], [ -76.597620111314981, 2.301175035916824 ], [ -76.597350663608566, 2.301175035916824 ], [ -76.597350663608566, 2.301265661625709 ], [ -76.596901584097864, 2.301265661625709 ], [ -76.596901584097864, 2.301175035916824 ], [ -76.596811768195721, 2.301175035916824 ], [ -76.596811768195721, 2.30108441020794 ], [ -76.596721952293578, 2.30108441020794 ], [ -76.596721952293578, 2.300993784499055 ], [ -76.596542320489291, 2.300993784499055 ], [ -76.596542320489291, 2.30108441020794 ], [ -76.59609324097859, 2.30108441020794 ], [ -76.59609324097859, 2.300993784499055 ], [ -76.595823793272174, 2.300993784499055 ], [ -76.595823793272174, 2.30090315879017 ], [ -76.595733977370031, 2.30090315879017 ], [ -76.595733977370031, 2.300812533081285 ], [ -76.595644161467888, 2.300812533081285 ], [ -76.595644161467888, 2.300721907372401 ], [ -76.595554345565745, 2.300721907372401 ], [ -76.595554345565745, 2.300631281663516 ], [ -76.595464529663616, 2.300631281663516 ], [ -76.595464529663616, 2.30090315879017 ], [ -76.595554345565745, 2.30090315879017 ], [ -76.595554345565745, 2.300993784499055 ], [ -76.595644161467888, 2.300993784499055 ], [ -76.595644161467888, 2.30108441020794 ], [ -76.595733977370031, 2.30108441020794 ], [ -76.595733977370031, 2.301265661625709 ], [ -76.596003425076461, 2.301265661625709 ], [ -76.596003425076461, 2.301356287334594 ], [ -76.59609324097859, 2.301356287334594 ], [ -76.59609324097859, 2.301446913043478 ], [ -76.596183056880733, 2.301446913043478 ], [ -76.596183056880733, 2.301628164461248 ], [ -76.596272872782876, 2.301628164461248 ], [ -76.596272872782876, 2.301537538752363 ], [ -76.596721952293578, 2.301537538752363 ], [ -76.596721952293578, 2.301628164461248 ], [ -76.596901584097864, 2.301628164461248 ], [ -76.596901584097864, 2.301718790170133 ], [ -76.597081215902136, 2.301718790170133 ], [ -76.597081215902136, 2.301809415879017 ], [ -76.59717103180428, 2.301809415879017 ], [ -76.59717103180428, 2.301900041587902 ], [ -76.597081215902136, 2.301900041587902 ], [ -76.597081215902136, 2.301990667296787 ], [ -76.597260847706423, 2.301990667296787 ], [ -76.597260847706423, 2.302171918714556 ], [ -76.59717103180428, 2.302171918714556 ], [ -76.59717103180428, 2.30244379584121 ], [ -76.597260847706423, 2.30244379584121 ] ], [ [ -76.597620111314981, 2.301990667296787 ], [ -76.597530295412852, 2.301990667296787 ], [ -76.597530295412852, 2.301809415879017 ], [ -76.597440479510709, 2.301809415879017 ], [ -76.597440479510709, 2.301718790170133 ], [ -76.597620111314981, 2.301718790170133 ], [ -76.597620111314981, 2.301990667296787 ] ], [ [ -76.596901584097864, 2.301356287334594 ], [ -76.596811768195721, 2.301356287334594 ], [ -76.596811768195721, 2.301265661625709 ], [ -76.596901584097864, 2.301265661625709 ], [ -76.596901584097864, 2.301356287334594 ] ] ] } },
{ "type": "Feature", "properties": { "value": 1, "State": "Burned", "Class": "Quemado", "IdxName": "NBR", "StartDate": "2025-09-27", "EndDate": "2025-09-28" }, "geometry": { "type": "Polygon", "coordinates": [ [ [ -76.528102603058102, 2.300721907372401 ], [ -76.528102603058102, 2.300631281663516 ], [ -76.528012787155959, 2.300631281663516 ], [ -76.528012787155959, 2.300721907372401 ], [ -76.528102603058102, 2.300721907372401 ] ] ] } },
{ "type": "Feature", "properties": { "value": 1, "State": "Burned", "Class": "Quemado", "IdxName": "NBR", "StartDate": "2025-09-27", "EndDate": "2025-09-28" }, "geometry": { "type": "Polygon", "coordinates": [ [ [ -76.598967349847101, 2.300721907372401 ], [ -76.598967349847101, 2.300540655954632 ], [ -76.598877533944957, 2.300540655954632 ], [ -76.598877533944957, 2.300721907372401 ], [ -76.598967349847101, 2.300721907372401 ] ] ] } },
{ "type": "Feature", "properties": { "value": 1, "State": "Burned", "Class": "Quemado", "IdxName": "NBR", "StartDate": "2025-09-27", "EndDate": "2025-09-28" }, "geometry": { "type": "Polygon", "coordinates": [ [ [ -76.598697902140671, 2.300721907372401 ], [ -76.598697902140671, 2.300631281663516 ], [ -76.598787718042814, 2.300631281663516 ], [ -76.598787718042814, 2.300540655954632 ], [ -76.598608086238528, 2.300540655954632 ], [ -76.598608086238528, 2.300631281663516 ], [ -76.598428454434256, 2.300631281663516 ], [ -76.598428454434256, 2.300721907372401 ], [ -76.598697902140671, 2.300721907372401 ] ] ] } },
{ "type": "Feature", "properties": { "value": 1, "State": "Burned", "Class": "Quemado", "IdxName": "NBR", "StartDate": "2025-09-27", "EndDate": "2025-09-28" }, "geometry": { "type": "Polygon", "coordinates": [ [ [ -76.536006402446489, 2.30090315879017 ], [ -76.536006402446489, 2.300812533081285 ], [ -76.536096218348618, 2.300812533081285 ], [ -76.536096218348618, 2.300721907372401 ], [ -76.536186034250761, 2.300721907372401 ], [ -76.536186034250761, 2.300450030245747 ], [ -76.536006402446489, 2.300450030245747 ], [ -76.536006402446489, 2.300540655954632 ], [ -76.535916586544346, 2.300540655954632 ], [ -76.535916586544346, 2.300721907372401 ], [ -76.535826770642203, 2.300721907372401 ], [ -76.535826770642203, 2.30090315879017 ], [ -76.536006402446489, 2.30090315879017 ] ] ] } },
{ "type": "Feature", "properties": { "value": 1, "State": "Burned", "Class": "Quemado", "IdxName": "NBR", "StartDate": "2025-09-27", "EndDate": "2025-09-28" }, "geometry": { "type": "Polygon", "coordinates": [ [ [ -76.597889559021411, 2.300631281663516 ], [ -76.597889559021411, 2.300540655954632 ], [ -76.597979374923554, 2.300540655954632 ], [ -76.597979374923554, 2.300450030245747 ], [ -76.597889559021411, 2.300450030245747 ], [ -76.597889559021411, 2.300359404536862 ], [ -76.597799743119268, 2.300359404536862 ], [ -76.597799743119268, 2.300631281663516 ], [ -76.597889559021411, 2.300631281663516 ] ] ] } },
{ "type": "Feature", "properties": { "value": 1, "State": "Burned", "Class": "Quemado", "IdxName": "NBR", "StartDate": "2025-09-27", "EndDate": "2025-09-28" }, "geometry": { "type": "Polygon", "coordinates": [ [ [ -76.537892536391439, 2.300450030245747 ], [ -76.537892536391439, 2.300359404536862 ], [ -76.537802720489296, 2.300359404536862 ], [ -76.537802720489296, 2.300450030245747 ], [ -76.537892536391439, 2.300450030245747 ] ] ] } },
{ "type": "Feature", "properties": { "value": 1, "State": "Burned", "Class": "Quemado", "IdxName": "NBR", "StartDate": "2025-09-27", "EndDate": "2025-09-28" }, "geometry": { "type": "Polygon", "coordinates": [ [ [ -76.655281920489301, 2.300450030245747 ], [ -76.655281920489301, 2.300268778827978 ], [ -76.655102288685015, 2.300268778827978 ], [ -76.655102288685015, 2.300359404536862 ], [ -76.654743025076456, 2.300359404536862 ], [ -76.654743025076456, 2.300450030245747 ], [ -76.655281920489301, 2.300450030245747 ] ] ] } },
{ "type": "Feature", "properties": { "value": 1, "State": "Burned", "Class": "Quemado", "IdxName": "NBR", "StartDate": "2025-09-27", "EndDate": "2025-09-28" }, "geometry": { "type": "Polygon", "coordinates": [ [ [ -76.537174009174308, 2.304256310018904 ], [ -76.537174009174308, 2.304165684310019 ], [ -76.537533272782881, 2.304165684310019 ], [ -76.537533272782881, 2.304075058601134 ], [ -76.53762308868501, 2.304075058601134 ], [ -76.53762308868501, 2.30398443289225 ], [ -76.537892536391439, 2.30398443289225 ], [ -76.537892536391439, 2.303893807183365 ], [ -76.537802720489296, 2.303893807183365 ], [ -76.537802720489296, 2.303621930056711 ], [ -76.537892536391439, 2.303621930056711 ], [ -76.537892536391439, 2.303531304347826 ], [ -76.538072168195725, 2.303531304347826 ], [ -76.538072168195725, 2.303350052930057 ], [ -76.538161984097854, 2.303350052930057 ], [ -76.538161984097854, 2.303078175803403 ], [ -76.538072168195725, 2.303078175803403 ], [ -76.538072168195725, 2.302534421550094 ], [ -76.538161984097854, 2.302534421550094 ], [ -76.538161984097854, 2.30244379584121 ], [ -76.5382518, 2.30244379584121 ], [ -76.5382518, 2.302353170132325 ], [ -76.538341615902141, 2.302353170132325 ], [ -76.538341615902141, 2.302262544423441 ], [ -76.538431431804284, 2.302262544423441 ], [ -76.538431431804284, 2.302171918714556 ], [ -76.538341615902141, 2.302171918714556 ], [ -76.538341615902141, 2.302081293005671 ], [ -76.538431431804284, 2.302081293005671 ], [ -76.538431431804284, 2.301990667296787 ], [ -76.538521247706427, 2.301990667296787 ], [ -76.538521247706427, 2.301809415879017 ], [ -76.538431431804284, 2.301809415879017 ], [ -76.538431431804284, 2.301628164461248 ], [ -76.538341615902141, 2.301628164461248 ], [ -76.538341615902141, 2.301537538752363 ], [ -76.5382518, 2.301537538752363 ], [ -76.5382518, 2.301446913043478 ], [ -76.538072168195725, 2.301446913043478 ], [ -76.538072168195725, 2.301265661625709 ], [ -76.538161984097854, 2.301265661625709 ], [ -76.538161984097854, 2.300993784499055 ], [ -76.537982352293582, 2.300993784499055 ], [ -76.537982352293582, 2.300721907372401 ], [ -76.537892536391439, 2.300721907372401 ], [ -76.537892536391439, 2.300631281663516 ], [ -76.537982352293582, 2.300631281663516 ], [ -76.537982352293582, 2.300450030245747 ], [ -76.537892536391439, 2.300450030245747 ], [ -76.537892536391439, 2.300540655954632 ], [ -76.537802720489296, 2.300540655954632 ], [ -76.537802720489296, 2.300631281663516 ], [ -76.53762308868501, 2.300631281663516 ], [ -76.53762308868501, 2.300540655954632 ], [ -76.537712904587153, 2.300540655954632 ], [ -76.537712904587153, 2.300450030245747 ], [ -76.53762308868501, 2.300450030245747 ], [ -76.53762308868501, 2.300178153119093 ], [ -76.537533272782881, 2.300178153119093 ], [ -76.537533272782881, 2.300631281663516 ], [ -76.537353640978594, 2.300631281663516 ], [ -76.537353640978594, 2.300993784499055 ], [ -76.537443456880737, 2.300993784499055 ], [ -76.537443456880737, 2.301175035916824 ], [ -76.537263825076451, 2.301175035916824 ], [ -76.537263825076451, 2.300631281663516 ], [ -76.537174009174308, 2.300631281663516 ], [ -76.537174009174308, 2.300450030245747 ], [ -76.537084193272165, 2.300450030245747 ], [ -76.537084193272165, 2.300268778827978 ], [ -76.536814745565749, 2.300268778827978 ], [ -76.536814745565749, 2.300178153119093 ], [ -76.536724929663606, 2.300178153119093 ], [ -76.536724929663606, 2.300450030245747 ], [ -76.536545297859334, 2.300450030245747 ], [ -76.536545297859334, 2.300540655954632 ], [ -76.536365666055048, 2.300540655954632 ], [ -76.536365666055048, 2.300450030245747 ], [ -76.536275850152904, 2.300450030245747 ], [ -76.536275850152904, 2.300721907372401 ], [ -76.536365666055048, 2.300721907372401 ], [ -76.536365666055048, 2.300631281663516 ], [ -76.536635113761463, 2.300631281663516 ], [ -76.536635113761463, 2.300540655954632 ], [ -76.536994377370036, 2.300540655954632 ], [ -76.536994377370036, 2.300631281663516 ], [ -76.537084193272165, 2.300631281663516 ], [ -76.537084193272165, 2.300993784499055 ], [ -76.536994377370036, 2.300993784499055 ], [ -76.536994377370036, 2.30108441020794 ], [ -76.536904561467892, 2.30108441020794 ], [ -76.536904561467892, 2.301809415879017 ], [ -76.536994377370036, 2.301809415879017 ], [ -76.536994377370036, 2.301990667296787 ], [ -76.536904561467892, 2.301990667296787 ], [ -76.536904561467892, 2.302353170132325 ], [ -76.536994377370036, 2.302353170132325 ], [ -76.536994377370036, 2.30244379584121 ], [ -76.537174009174308, 2.30244379584121 ], [ -76.537174009174308, 2.302534421550094 ], [ -76.537263825076451, 2.302534421550094 ], [ -76.537263825076451, 2.302806298676749 ], [ -76.537174009174308, 2.302806298676749 ], [ -76.537174009174308, 2.302896924385633 ], [ -76.537084193272165, 2.302896924385633 ], [ -76.537084193272165, 2.303259427221172 ], [ -76.537174009174308, 2.303259427221172 ], [ -76.537174009174308, 2.303350052930057 ], [ -76.537084193272165, 2.303350052930057 ], [ -76.537084193272165, 2.303621930056711 ], [ -76.536994377370036, 2.303621930056711 ], [ -76.536994377370036, 2.303712555765596 ], [ -76.536904561467892, 2.303712555765596 ], [ -76.536904561467892, 2.304165684310019 ], [ -76.536994377370036, 2.304165684310019 ], [ -76.536994377370036, 2.304256310018904 ], [ -76.537174009174308, 2.304256310018904 ] ], [ [ -76.537533272782881, 2.303893807183365 ], [ -76.537443456880737, 2.303893807183365 ], [ -76.537443456880737, 2.30380318147448 ], [ -76.537353640978594, 2.30380318147448 ], [ -76.537353640978594, 2.303712555765596 ], [ -76.537533272782881, 2.303712555765596 ], [ -76.537533272782881, 2.303893807183365 ] ], [ [ -76.537174009174308, 2.30380318147448 ], [ -76.537084193272165, 2.30380318147448 ], [ -76.537084193272165, 2.303712555765596 ], [ -76.537174009174308, 2.303712555765596 ], [ -76.537174009174308, 2.30380318147448 ] ], [ [ -76.537443456880737, 2.303259427221172 ], [ -76.537353640978594, 2.303259427221172 ], [ -76.537353640978594, 2.303168801512288 ], [ -76.537263825076451, 2.303168801512288 ], [ -76.537263825076451, 2.302806298676749 ], [ -76.537353640978594, 2.302806298676749 ], [ -76.537353640978594, 2.302715672967864 ], [ -76.537443456880737, 2.302715672967864 ], [ -76.537443456880737, 2.30244379584121 ], [ -76.537353640978594, 2.30244379584121 ], [ -76.537353640978594, 2.302353170132325 ], [ -76.537443456880737, 2.302353170132325 ], [ -76.537443456880737, 2.302171918714556 ], [ -76.53762308868501, 2.302171918714556 ], [ -76.53762308868501, 2.302534421550094 ], [ -76.537533272782881, 2.302534421550094 ], [ -76.537533272782881, 2.302987550094518 ], [ -76.537443456880737, 2.302987550094518 ], [ -76.537443456880737, 2.303259427221172 ] ], [ [ -76.537982352293582, 2.302353170132325 ], [ -76.537892536391439, 2.302353170132325 ], [ -76.537892536391439, 2.302262544423441 ], [ -76.537982352293582, 2.302262544423441 ], [ -76.537982352293582, 2.302353170132325 ] ], [ [ -76.538072168195725, 2.301990667296787 ], [ -76.537982352293582, 2.301990667296787 ], [ -76.537982352293582, 2.301718790170133 ], [ -76.537892536391439, 2.301718790170133 ], [ -76.537892536391439, 2.301628164461248 ], [ -76.538161984097854, 2.301628164461248 ], [ -76.538161984097854, 2.301718790170133 ], [ -76.538072168195725, 2.301718790170133 ], [ -76.538072168195725, 2.301809415879017 ], [ -76.538161984097854, 2.301809415879017 ], [ -76.538161984097854, 2.301900041587902 ], [ -76.538072168195725, 2.301900041587902 ], [ -76.538072168195725, 2.301990667296787 ] ], [ [ -76.537353640978594, 2.301990667296787 ], [ -76.537174009174308, 2.301990667296787 ], [ -76.537174009174308, 2.301809415879017 ], [ -76.537084193272165, 2.301809415879017 ], [ -76.537084193272165, 2.301446913043478 ], [ -76.537174009174308, 2.301446913043478 ], [ -76.537174009174308, 2.301356287334594 ], [ -76.537263825076451, 2.301356287334594 ], [ -76.537263825076451, 2.301628164461248 ], [ -76.537353640978594, 2.301628164461248 ], [ -76.537353640978594, 2.301990667296787 ] ], [ [ -76.53762308868501, 2.301900041587902 ], [ -76.537533272782881, 2.301900041587902 ], [ -76.537533272782881, 2.301809415879017 ], [ -76.53762308868501, 2.301809415879017 ], [ -76.53762308868501, 2.301900041587902 ] ], [ [ -76.537712904587153, 2.301809415879017 ], [ -76.53762308868501, 2.301809415879017 ], [ -76.53762308868501, 2.301718790170133 ], [ -76.537712904587153, 2.301718790170133 ], [ -76.537712904587153, 2.301809415879017 ] ], [ [ -76.537712904587153, 2.301628164461248 ], [ -76.53762308868501, 2.301628164461248 ], [ -76.53762308868501, 2.301356287334594 ], [ -76.537533272782881, 2.301356287334594 ], [ -76.537533272782881, 2.301175035916824 ], [ -76.53762308868501, 2.301175035916824 ], [ -76.53762308868501, 2.301265661625709 ], [ -76.537712904587153, 2.301265661625709 ], [ -76.537712904587153, 2.30108441020794 ], [ -76.537802720489296, 2.30108441020794 ], [ -76.537802720489296, 2.301356287334594 ], [ -76.537712904587153, 2.301356287334594 ], [ -76.537712904587153, 2.301446913043478 ], [ -76.537802720489296, 2.301446913043478 ], [ -76.537802720489296, 2.301537538752363 ], [ -76.537712904587153, 2.301537538752363 ], [ -76.537712904587153, 2.301628164461248 ] ], [ [ -76.538072168195725, 2.301175035916824 ], [ -76.537982352293582, 2.301175035916824 ], [ -76.537982352293582, 2.30108441020794 ], [ -76.538072168195725, 2.30108441020794 ], [ -76.538072168195725, 2.301175035916824 ] ], [ [ -76.537712904587153, 2.30108441020794 ], [ -76.53762308868501, 2.30108441020794 ], [ -76.53762308868501, 2.30090315879017 ], [ -76.537712904587153, 2.30090315879017 ], [ -76.537712904587153, 2.30108441020794 ] ], [ [ -76.537802720489296, 2.30090315879017 ], [ -76.537712904587153, 2.30090315879017 ], [ -76.537712904587153, 2.300721907372401 ], [ -76.537802720489296, 2.300721907372401 ], [ -76.537802720489296, 2.30090315879017 ] ] ] } },
{ "type": "Feature", "properties": { "value": 1, "State": "Burned", "Class": "Quemado", "IdxName": "NBR", "StartDate": "2025-09-27", "EndDate": "2025-09-28" }, "geometry": { "type": "Polygon", "coordinates": [ [ [ -76.595374713761473, 2.300359404536862 ], [ -76.595374713761473, 2.300178153119093 ], [ -76.595195081957186, 2.300178153119093 ], [ -76.595195081957186, 2.300268778827978 ], [ -76.595284897859329, 2.300268778827978 ], [ -76.595284897859329, 2.300359404536862 ], [ -76.595374713761473, 2.300359404536862 ] ] ] } },
{ "type": "Feature", "properties": { "value": 1, "State": "Burned", "Class": "Quemado", "IdxName": "NBR", "StartDate": "2025-09-27", "EndDate": "2025-09-28" }, "geometry": { "type": "Polygon", "coordinates": [ [ [ -76.648904991437306, 2.300268778827978 ], [ -76.648904991437306, 2.300178153119093 ], [ -76.648815175535177, 2.300178153119093 ], [ -76.648815175535177, 2.300268778827978 ], [ -76.648904991437306, 2.300268778827978 ] ] ] } },
{ "type": "Feature", "properties": { "value": 1, "State": "Burned", "Class": "Quemado", "IdxName": "NBR", "StartDate": "2025-09-27", "EndDate": "2025-09-28" }, "geometry": { "type": "Polygon", "coordinates": [ [ [ -76.631031626911323, 2.300359404536862 ], [ -76.631031626911323, 2.300268778827978 ], [ -76.631121442813452, 2.300268778827978 ], [ -76.631121442813452, 2.300178153119093 ], [ -76.63094181100918, 2.300178153119093 ], [ -76.63094181100918, 2.300359404536862 ], [ -76.631031626911323, 2.300359404536862 ] ] ] } },
{ "type": "Feature", "properties": { "value": 1, "State": "Burned", "Class": "Quemado", "IdxName": "NBR", "StartDate": "2025-09-27", "EndDate": "2025-09-28" }, "geometry": { "type": "Polygon", "coordinates": [ [ [ -76.528192418960245, 2.300631281663516 ], [ -76.528192418960245, 2.300540655954632 ], [ -76.528282234862388, 2.300540655954632 ], [ -76.528282234862388, 2.299996901701324 ], [ -76.528192418960245, 2.299996901701324 ], [ -76.528192418960245, 2.300450030245747 ], [ -76.528102603058102, 2.300450030245747 ], [ -76.528102603058102, 2.300631281663516 ], [ -76.528192418960245, 2.300631281663516 ] ] ] } },
{ "type": "Feature", "properties": { "value": 1, "State": "Burned", "Class": "Quemado", "IdxName": "NBR", "StartDate": "2025-09-27", "EndDate": "2025-09-28" }, "geometry": { "type": "Polygon", "coordinates": [ [ [ -76.630851995107037, 2.300087527410208 ], [ -76.630851995107037, 2.299906275992439 ], [ -76.630762179204893, 2.299906275992439 ], [ -76.630762179204893, 2.300087527410208 ], [ -76.630851995107037, 2.300087527410208 ] ] ] } },
{ "type": "Feature", "properties": { "value": 1, "State": "Burned", "Class": "Quemado", "IdxName": "NBR", "StartDate": "2025-09-27", "EndDate": "2025-09-28" }, "geometry": { "type": "Polygon", "coordinates": [ [ [ -76.528192418960245, 2.299906275992439 ], [ -76.528192418960245, 2.299815650283554 ], [ -76.528102603058102, 2.299815650283554 ], [ -76.528102603058102, 2.299906275992439 ], [ -76.528192418960245, 2.299906275992439 ] ] ] } },
{ "type": "Feature", "properties": { "value": 1, "State": "Burned", "Class": "Quemado", "IdxName": "NBR", "StartDate": "2025-09-27", "EndDate": "2025-09-28" }, "geometry": { "type": "Polygon", "coordinates": [ [ [ -76.598787718042814, 2.300268778827978 ], [ -76.598787718042814, 2.300178153119093 ], [ -76.598877533944957, 2.300178153119093 ], [ -76.598877533944957, 2.300087527410208 ], [ -76.598967349847101, 2.300087527410208 ], [ -76.598967349847101, 2.299996901701324 ], [ -76.599057165749244, 2.299996901701324 ], [ -76.599057165749244, 2.299906275992439 ], [ -76.598967349847101, 2.299906275992439 ], [ -76.598967349847101, 2.299815650283554 ], [ -76.598608086238528, 2.299815650283554 ], [ -76.598608086238528, 2.299725024574669 ], [ -76.598518270336399, 2.299725024574669 ], [ -76.598518270336399, 2.299815650283554 ], [ -76.598338638532113, 2.299815650283554 ], [ -76.598338638532113, 2.299906275992439 ], [ -76.598428454434256, 2.299906275992439 ], [ -76.598428454434256, 2.300178153119093 ], [ -76.598338638532113, 2.300178153119093 ], [ -76.598338638532113, 2.300268778827978 ], [ -76.598518270336399, 2.300268778827978 ], [ -76.598518270336399, 2.300178153119093 ], [ -76.598697902140671, 2.300178153119093 ], [ -76.598697902140671, 2.300268778827978 ], [ -76.598787718042814, 2.300268778827978 ] ] ] } },
{ "type": "Feature", "properties": { "value": 1, "State": "Burned", "Class": "Quemado", "IdxName": "NBR", "StartDate": "2025-09-27", "EndDate": "2025-09-28" }, "geometry": { "type": "Polygon", "coordinates": [ [ [ -76.537084193272165, 2.299725024574669 ], [ -76.537084193272165, 2.299634398865785 ], [ -76.536994377370036, 2.299634398865785 ], [ -76.536994377370036, 2.299725024574669 ], [ -76.537084193272165, 2.299725024574669 ] ] ] } },
{ "type": "Feature", "properties": { "value": 1, "State": "Burned", "Class": "Quemado", "IdxName": "NBR", "StartDate": "2025-09-27", "EndDate": "2025-09-28" }, "geometry": { "type": "Polygon", "coordinates": [ [ [ -76.536994377370036, 2.300178153119093 ], [ -76.536994377370036, 2.299906275992439 ], [ -76.536904561467892, 2.299906275992439 ], [ -76.536904561467892, 2.299634398865785 ], [ -76.536545297859334, 2.299634398865785 ], [ -76.536545297859334, 2.2995437731569 ], [ -76.536365666055048, 2.2995437731569 ], [ -76.536365666055048, 2.299634398865785 ], [ -76.536455481957191, 2.299634398865785 ], [ -76.536455481957191, 2.299725024574669 ], [ -76.536545297859334, 2.299725024574669 ], [ -76.536545297859334, 2.299815650283554 ], [ -76.536635113761463, 2.299815650283554 ], [ -76.536635113761463, 2.300178153119093 ], [ -76.536724929663606, 2.300178153119093 ], [ -76.536724929663606, 2.299906275992439 ], [ -76.536814745565749, 2.299906275992439 ], [ -76.536814745565749, 2.299996901701324 ], [ -76.536904561467892, 2.299996901701324 ], [ -76.536904561467892, 2.300178153119093 ], [ -76.536994377370036, 2.300178153119093 ] ] ] } },
{ "type": "Feature", "properties": { "value": 1, "State": "Burned", "Class": "Quemado", "IdxName": "NBR", "StartDate": "2025-09-27", "EndDate": "2025-09-28" }, "geometry": { "type": "Polygon", "coordinates": [ [ [ -76.540766645259936, 2.300087527410208 ], [ -76.540766645259936, 2.299725024574669 ], [ -76.540676829357793, 2.299725024574669 ], [ -76.540676829357793, 2.2995437731569 ], [ -76.540587013455664, 2.2995437731569 ], [ -76.540587013455664, 2.299906275992439 ], [ -76.540676829357793, 2.299906275992439 ], [ -76.540676829357793, 2.300087527410208 ], [ -76.540766645259936, 2.300087527410208 ] ] ] } },
{ "type": "Feature", "properties": { "value": 1, "State": "Burned", "Class": "Quemado", "IdxName": "NBR", "StartDate": "2025-09-27", "EndDate": "2025-09-28" }, "geometry": { "type": "Polygon", "coordinates": [ [ [ -76.5950154501529, 2.299634398865785 ], [ -76.5950154501529, 2.2995437731569 ], [ -76.594925634250771, 2.2995437731569 ], [ -76.594925634250771, 2.299634398865785 ], [ -76.5950154501529, 2.299634398865785 ] ] ] } },
{ "type": "Feature", "properties": { "value": 1, "State": "Burned", "Class": "Quemado", "IdxName": "NBR", "StartDate": "2025-09-27", "EndDate": "2025-09-28" }, "geometry": { "type": "Polygon", "coordinates": [ [ [ -76.534569348012226, 2.300631281663516 ], [ -76.534569348012226, 2.300540655954632 ], [ -76.53465916391437, 2.300540655954632 ], [ -76.53465916391437, 2.300450030245747 ], [ -76.534838795718656, 2.300450030245747 ], [ -76.534838795718656, 2.300359404536862 ], [ -76.534928611620799, 2.300359404536862 ], [ -76.534928611620799, 2.300268778827978 ], [ -76.535018427522942, 2.300268778827978 ], [ -76.535018427522942, 2.300178153119093 ], [ -76.535198059327215, 2.300178153119093 ], [ -76.535198059327215, 2.300087527410208 ], [ -76.535287875229358, 2.300087527410208 ], [ -76.535287875229358, 2.299996901701324 ], [ -76.535557322935787, 2.299996901701324 ], [ -76.535557322935787, 2.299906275992439 ], [ -76.535826770642203, 2.299906275992439 ], [ -76.535826770642203, 2.299996901701324 ], [ -76.535916586544346, 2.299996901701324 ], [ -76.535916586544346, 2.300268778827978 ], [ -76.536096218348618, 2.300268778827978 ], [ -76.536096218348618, 2.300178153119093 ], [ -76.536186034250761, 2.300178153119093 ], [ -76.536186034250761, 2.300087527410208 ], [ -76.536275850152904, 2.300087527410208 ], [ -76.536275850152904, 2.299815650283554 ], [ -76.536186034250761, 2.299815650283554 ], [ -76.536186034250761, 2.299725024574669 ], [ -76.536096218348618, 2.299725024574669 ], [ -76.536096218348618, 2.299906275992439 ], [ -76.536186034250761, 2.299906275992439 ], [ -76.536186034250761, 2.299996901701324 ], [ -76.536006402446489, 2.299996901701324 ], [ -76.536006402446489, 2.299906275992439 ], [ -76.535916586544346, 2.299906275992439 ], [ -76.535916586544346, 2.299815650283554 ], [ -76.535826770642203, 2.299815650283554 ], [ -76.535826770642203, 2.299725024574669 ], [ -76.536006402446489, 2.299725024574669 ], [ -76.536006402446489, 2.299634398865785 ], [ -76.535916586544346, 2.299634398865785 ], [ -76.535916586544346, 2.299453147448015 ], [ -76.535826770642203, 2.299453147448015 ], [ -76.535826770642203, 2.2995437731569 ], [ -76.535736954740059, 2.2995437731569 ], [ -76.535736954740059, 2.299725024574669 ], [ -76.535647138837916, 2.299725024574669 ], [ -76.535647138837916, 2.299815650283554 ], [ -76.535557322935787, 2.299815650283554 ], [ -76.535557322935787, 2.299725024574669 ], [ -76.535287875229358, 2.299725024574669 ], [ -76.535287875229358, 2.299815650283554 ], [ -76.535198059327215, 2.299815650283554 ], [ -76.535198059327215, 2.299906275992439 ], [ -76.535108243425071, 2.299906275992439 ], [ -76.535108243425071, 2.299996901701324 ], [ -76.534928611620799, 2.299996901701324 ], [ -76.534928611620799, 2.300087527410208 ], [ -76.534838795718656, 2.300087527410208 ], [ -76.534838795718656, 2.300178153119093 ], [ -76.534748979816513, 2.300178153119093 ], [ -76.534748979816513, 2.300268778827978 ], [ -76.534569348012226, 2.300268778827978 ], [ -76.534569348012226, 2.300359404536862 ], [ -76.534479532110097, 2.300359404536862 ], [ -76.534479532110097, 2.300450030245747 ], [ -76.534389716207954, 2.300450030245747 ], [ -76.534389716207954, 2.300631281663516 ], [ -76.534569348012226, 2.300631281663516 ] ] ] } },
{ "type": "Feature", "properties": { "value": 1, "State": "Burned", "Class": "Quemado", "IdxName": "NBR", "StartDate": "2025-09-27", "EndDate": "2025-09-28" }, "geometry": { "type": "Polygon", "coordinates": [ [ [ -76.627438990825695, 2.2995437731569 ], [ -76.627438990825695, 2.299453147448015 ], [ -76.627349174923552, 2.299453147448015 ], [ -76.627349174923552, 2.2995437731569 ], [ -76.627438990825695, 2.2995437731569 ] ] ] } },
{ "type": "Feature", "properties": { "value": 1, "State": "Burned", "Class": "Quemado", "IdxName": "NBR", "StartDate": "2025-09-27", "EndDate": "2025-09-28" }, "geometry": { "type": "Polygon", "coordinates": [ [ [ -76.64971333455658, 2.2995437731569 ], [ -76.64971333455658, 2.299453147448015 ], [ -76.649623518654437, 2.299453147448015 ], [ -76.649623518654437, 2.29936252173913 ], [ -76.649533702752294, 2.29936252173913 ], [ -76.649533702752294, 2.299453147448015 ], [ -76.64944388685015, 2.299453147448015 ], [ -76.64944388685015, 2.2995437731569 ], [ -76.64971333455658, 2.2995437731569 ] ] ] } },
{ "type": "Feature", "properties": { "value": 1, "State": "Burned", "Class": "Quemado", "IdxName": "NBR", "StartDate": "2025-09-27", "EndDate": "2025-09-28" }, "geometry": { "type": "Polygon", "coordinates": [ [ [ -76.540766645259936, 2.299453147448015 ], [ -76.540766645259936, 2.29936252173913 ], [ -76.540676829357793, 2.29936252173913 ], [ -76.540676829357793, 2.299453147448015 ], [ -76.540766645259936, 2.299453147448015 ] ] ] } },
{ "type": "Feature", "properties": { "value": 1, "State": "Burned", "Class": "Quemado", "IdxName": "NBR", "StartDate": "2025-09-27", "EndDate": "2025-09-28" }, "geometry": { "type": "Polygon", "coordinates": [ [ [ -76.536994377370036, 2.299453147448015 ], [ -76.536994377370036, 2.29936252173913 ], [ -76.536904561467892, 2.29936252173913 ], [ -76.536904561467892, 2.299453147448015 ], [ -76.536994377370036, 2.299453147448015 ] ] ] } },
{ "type": "Feature", "properties": { "value": 1, "State": "Burned", "Class": "Quemado", "IdxName": "NBR", "StartDate": "2025-09-27", "EndDate": "2025-09-28" }, "geometry": { "type": "Polygon", "coordinates": [ [ [ -76.596003425076461, 2.299453147448015 ], [ -76.596003425076461, 2.299271896030246 ], [ -76.595913609174318, 2.299271896030246 ], [ -76.595913609174318, 2.29936252173913 ], [ -76.595823793272174, 2.29936252173913 ], [ -76.595823793272174, 2.299453147448015 ], [ -76.596003425076461, 2.299453147448015 ] ] ] } },
{ "type": "Feature", "properties": { "value": 1, "State": "Burned", "Class": "Quemado", "IdxName": "NBR", "StartDate": "2025-09-27", "EndDate": "2025-09-28" }, "geometry": { "type": "Polygon", "coordinates": [ [ [ -76.511127397553523, 2.29936252173913 ], [ -76.511127397553523, 2.299271896030246 ], [ -76.511037581651379, 2.299271896030246 ], [ -76.511037581651379, 2.29936252173913 ], [ -76.511127397553523, 2.29936252173913 ] ] ] } },
{ "type": "Feature", "properties": { "value": 1, "State": "Burned", "Class": "Quemado", "IdxName": "NBR", "StartDate": "2025-09-27", "EndDate": "2025-09-28" }, "geometry": { "type": "Polygon", "coordinates": [ [ [ -76.539509222629974, 2.299181270321361 ], [ -76.539509222629974, 2.299090644612476 ], [ -76.539419406727831, 2.299090644612476 ], [ -76.539419406727831, 2.299181270321361 ], [ -76.539509222629974, 2.299181270321361 ] ] ] } },
{ "type": "Feature", "properties": { "value": 1, "State": "Burned", "Class": "Quemado", "IdxName": "NBR", "StartDate": "2025-09-27", "EndDate": "2025-09-28" }, "geometry": { "type": "Polygon", "coordinates": [ [ [ -76.540856461162079, 2.299271896030246 ], [ -76.540856461162079, 2.299181270321361 ], [ -76.540946277064222, 2.299181270321361 ], [ -76.540946277064222, 2.299090644612476 ], [ -76.540856461162079, 2.299090644612476 ], [ -76.540856461162079, 2.299000018903592 ], [ -76.540766645259936, 2.299000018903592 ], [ -76.540766645259936, 2.299271896030246 ], [ -76.540856461162079, 2.299271896030246 ] ] ] } },
{ "type": "Feature", "properties": { "value": 1, "State": "Burned", "Class": "Quemado", "IdxName": "NBR", "StartDate": "2025-09-27", "EndDate": "2025-09-28" }, "geometry": { "type": "Polygon", "coordinates": [ [ [ -76.595733977370031, 2.299090644612476 ], [ -76.595733977370031, 2.299000018903592 ], [ -76.595644161467888, 2.299000018903592 ], [ -76.595644161467888, 2.299090644612476 ], [ -76.595733977370031, 2.299090644612476 ] ] ] } },
{ "type": "Feature", "properties": { "value": 1, "State": "Burned", "Class": "Quemado", "IdxName": "NBR", "StartDate": "2025-09-27", "EndDate": "2025-09-28" }, "geometry": { "type": "Polygon", "coordinates": [ [ [ -76.540227749847091, 2.299090644612476 ], [ -76.540227749847091, 2.299000018903592 ], [ -76.540137933944948, 2.299000018903592 ], [ -76.540137933944948, 2.299090644612476 ], [ -76.540227749847091, 2.299090644612476 ] ] ] } },
{ "type": "Feature", "properties": { "value": 1, "State": "Burned", "Class": "Quemado", "IdxName": "NBR", "StartDate": "2025-09-27", "EndDate": "2025-09-28" }, "geometry": { "type": "Polygon", "coordinates": [ [ [ -76.540946277064222, 2.299000018903592 ], [ -76.540946277064222, 2.298909393194707 ], [ -76.540856461162079, 2.298909393194707 ], [ -76.540856461162079, 2.299000018903592 ], [ -76.540946277064222, 2.299000018903592 ] ] ] } },
{ "type": "Feature", "properties": { "value": 1, "State": "Burned", "Class": "Quemado", "IdxName": "NBR", "StartDate": "2025-09-27", "EndDate": "2025-09-28" }, "geometry": { "type": "Polygon", "coordinates": [ [ [ -76.540137933944948, 2.299000018903592 ], [ -76.540137933944948, 2.298909393194707 ], [ -76.540048118042819, 2.298909393194707 ], [ -76.540048118042819, 2.299000018903592 ], [ -76.540137933944948, 2.299000018903592 ] ] ] } },
{ "type": "Feature", "properties": { "value": 1, "State": "Burned", "Class": "Quemado", "IdxName": "NBR", "StartDate": "2025-09-27", "EndDate": "2025-09-28" }, "geometry": { "type": "Polygon", "coordinates": [ [ [ -76.537982352293582, 2.299000018903592 ], [ -76.537982352293582, 2.298909393194707 ], [ -76.537892536391439, 2.298909393194707 ], [ -76.537892536391439, 2.299000018903592 ], [ -76.537982352293582, 2.299000018903592 ] ] ] } },
{ "type": "Feature", "properties": { "value": 1, "State": "Burned", "Class": "Quemado", "IdxName": "NBR", "StartDate": "2025-09-27", "EndDate": "2025-09-28" }, "geometry": { "type": "Polygon", "coordinates": [ [ [ -76.541125908868509, 2.299090644612476 ], [ -76.541125908868509, 2.298818767485822 ], [ -76.540946277064222, 2.298818767485822 ], [ -76.540946277064222, 2.298909393194707 ], [ -76.541036092966365, 2.298909393194707 ], [ -76.541036092966365, 2.299000018903592 ], [ -76.540946277064222, 2.299000018903592 ], [ -76.540946277064222, 2.299090644612476 ], [ -76.541125908868509, 2.299090644612476 ] ] ] } },
{ "type": "Feature", "properties": { "value": 1, "State": "Burned", "Class": "Quemado", "IdxName": "NBR", "StartDate": "2025-09-27", "EndDate": "2025-09-28" }, "geometry": { "type": "Polygon", "coordinates": [ [ [ -76.626989911314993, 2.299000018903592 ], [ -76.626989911314993, 2.298818767485822 ], [ -76.62690009541285, 2.298818767485822 ], [ -76.62690009541285, 2.299000018903592 ], [ -76.626989911314993, 2.299000018903592 ] ] ] } },
{ "type": "Feature", "properties": { "value": 1, "State": "Burned", "Class": "Quemado", "IdxName": "NBR", "StartDate": "2025-09-27", "EndDate": "2025-09-28" }, "geometry": { "type": "Polygon", "coordinates": [ [ [ -76.595464529663616, 2.298909393194707 ], [ -76.595464529663616, 2.298818767485822 ], [ -76.595374713761473, 2.298818767485822 ], [ -76.595374713761473, 2.298909393194707 ], [ -76.595464529663616, 2.298909393194707 ] ] ] } },
{ "type": "Feature", "properties": { "value": 1, "State": "Burned", "Class": "Quemado", "IdxName": "NBR", "StartDate": "2025-09-27", "EndDate": "2025-09-28" }, "geometry": { "type": "Polygon", "coordinates": [ [ [ -76.539419406727831, 2.298909393194707 ], [ -76.539419406727831, 2.298728141776938 ], [ -76.539329590825687, 2.298728141776938 ], [ -76.539329590825687, 2.298909393194707 ], [ -76.539419406727831, 2.298909393194707 ] ] ] } },
{ "type": "Feature", "properties": { "value": 1, "State": "Burned", "Class": "Quemado", "IdxName": "NBR", "StartDate": "2025-09-27", "EndDate": "2025-09-28" }, "geometry": { "type": "Polygon", "coordinates": [ [ [ -76.53762308868501, 2.298728141776938 ], [ -76.53762308868501, 2.298637516068053 ], [ -76.537533272782881, 2.298637516068053 ], [ -76.537533272782881, 2.298728141776938 ], [ -76.53762308868501, 2.298728141776938 ] ] ] } },
{ "type": "Feature", "properties": { "value": 1, "State": "Burned", "Class": "Quemado", "IdxName": "NBR", "StartDate": "2025-09-27", "EndDate": "2025-09-28" }, "geometry": { "type": "Polygon", "coordinates": [ [ [ -76.537712904587153, 2.298546890359169 ], [ -76.537712904587153, 2.298456264650284 ], [ -76.53762308868501, 2.298456264650284 ], [ -76.53762308868501, 2.298546890359169 ], [ -76.537712904587153, 2.298546890359169 ] ] ] } },
{ "type": "Feature", "properties": { "value": 1, "State": "Burned", "Class": "Quemado", "IdxName": "NBR", "StartDate": "2025-09-27", "EndDate": "2025-09-28" }, "geometry": { "type": "Polygon", "coordinates": [ [ [ -76.654653209174313, 2.300178153119093 ], [ -76.654653209174313, 2.299996901701324 ], [ -76.654743025076456, 2.299996901701324 ], [ -76.654743025076456, 2.299906275992439 ], [ -76.655012472782872, 2.299906275992439 ], [ -76.655012472782872, 2.2995437731569 ], [ -76.655102288685015, 2.2995437731569 ], [ -76.655102288685015, 2.299453147448015 ], [ -76.655192104587158, 2.299453147448015 ], [ -76.655192104587158, 2.29936252173913 ], [ -76.655461552293588, 2.29936252173913 ], [ -76.655461552293588, 2.299453147448015 ], [ -76.65564118409786, 2.299453147448015 ], [ -76.65564118409786, 2.299634398865785 ], [ -76.655731, 2.299634398865785 ], [ -76.655731, 2.298637516068053 ], [ -76.65564118409786, 2.298637516068053 ], [ -76.65564118409786, 2.298546890359169 ], [ -76.655551368195717, 2.298546890359169 ], [ -76.655551368195717, 2.298456264650284 ], [ -76.655461552293588, 2.298456264650284 ], [ -76.655461552293588, 2.29818438752363 ], [ -76.655012472782872, 2.29818438752363 ], [ -76.655012472782872, 2.298275013232514 ], [ -76.654922656880743, 2.298275013232514 ], [ -76.654922656880743, 2.29818438752363 ], [ -76.654743025076456, 2.29818438752363 ], [ -76.654743025076456, 2.298275013232514 ], [ -76.654653209174313, 2.298275013232514 ], [ -76.654653209174313, 2.298365638941399 ], [ -76.654473577370027, 2.298365638941399 ], [ -76.654473577370027, 2.298456264650284 ], [ -76.654383761467898, 2.298456264650284 ], [ -76.654383761467898, 2.298637516068053 ], [ -76.654293945565755, 2.298637516068053 ], [ -76.654293945565755, 2.298818767485822 ], [ -76.654204129663611, 2.298818767485822 ], [ -76.654204129663611, 2.299000018903592 ], [ -76.654114313761468, 2.299000018903592 ], [ -76.654114313761468, 2.299181270321361 ], [ -76.654024497859325, 2.299181270321361 ], [ -76.654024497859325, 2.299271896030246 ], [ -76.653934681957196, 2.299271896030246 ], [ -76.653934681957196, 2.29936252173913 ], [ -76.653844866055053, 2.29936252173913 ], [ -76.653844866055053, 2.299453147448015 ], [ -76.65375505015291, 2.299453147448015 ], [ -76.65375505015291, 2.2995437731569 ], [ -76.653844866055053, 2.2995437731569 ], [ -76.653844866055053, 2.299725024574669 ], [ -76.653934681957196, 2.299725024574669 ], [ -76.653934681957196, 2.299815650283554 ], [ -76.654383761467898, 2.299815650283554 ], [ -76.654383761467898, 2.299906275992439 ], [ -76.654473577370027, 2.299906275992439 ], [ -76.654473577370027, 2.299996901701324 ], [ -76.65456339327217, 2.299996901701324 ], [ -76.65456339327217, 2.300178153119093 ], [ -76.654653209174313, 2.300178153119093 ] ] ] } },
{ "type": "Feature", "properties": { "value": 1, "State": "Burned", "Class": "Quemado", "IdxName": "NBR", "StartDate": "2025-09-27", "EndDate": "2025-09-28" }, "geometry": { "type": "Polygon", "coordinates": [ [ [ -76.514989481345566, 2.298546890359169 ], [ -76.514989481345566, 2.298456264650284 ], [ -76.515079297247709, 2.298456264650284 ], [ -76.515079297247709, 2.298275013232514 ], [ -76.514989481345566, 2.298275013232514 ], [ -76.514989481345566, 2.29818438752363 ], [ -76.514899665443423, 2.29818438752363 ], [ -76.514899665443423, 2.298546890359169 ], [ -76.514989481345566, 2.298546890359169 ] ] ] } },
{ "type": "Feature", "properties": { "value": 1, "State": "Burned", "Class": "Quemado", "IdxName": "NBR", "StartDate": "2025-09-27", "EndDate": "2025-09-28" }, "geometry": { "type": "Polygon", "coordinates": [ [ [ -76.627169543119265, 2.298275013232514 ], [ -76.627169543119265, 2.29818438752363 ], [ -76.627079727217122, 2.29818438752363 ], [ -76.627079727217122, 2.298275013232514 ], [ -76.627169543119265, 2.298275013232514 ] ] ] } },
{ "type": "Feature", "properties": { "value": 1, "State": "Burned", "Class": "Quemado", "IdxName": "NBR", "StartDate": "2025-09-27", "EndDate": "2025-09-28" }, "geometry": { "type": "Polygon", "coordinates": [ [ [ -76.510857949847093, 2.298275013232514 ], [ -76.510857949847093, 2.298093761814745 ], [ -76.51076813394495, 2.298093761814745 ], [ -76.51076813394495, 2.298275013232514 ], [ -76.510857949847093, 2.298275013232514 ] ] ] } },
{ "type": "Feature", "properties": { "value": 1, "State": "Burned", "Class": "Quemado", "IdxName": "NBR", "StartDate": "2025-09-27", "EndDate": "2025-09-28" }, "geometry": { "type": "Polygon", "coordinates": [ [ [ -76.538611063608556, 2.29818438752363 ], [ -76.538611063608556, 2.298093761814745 ], [ -76.538521247706427, 2.298093761814745 ], [ -76.538521247706427, 2.29818438752363 ], [ -76.538611063608556, 2.29818438752363 ] ] ] } },
{ "type": "Feature", "properties": { "value": 1, "State": "Burned", "Class": "Quemado", "IdxName": "NBR", "StartDate": "2025-09-27", "EndDate": "2025-09-28" }, "geometry": { "type": "Polygon", "coordinates": [ [ [ -76.528282234862388, 2.29818438752363 ], [ -76.528282234862388, 2.29800313610586 ], [ -76.528192418960245, 2.29800313610586 ], [ -76.528192418960245, 2.29818438752363 ], [ -76.528282234862388, 2.29818438752363 ] ] ] } },
{ "type": "Feature", "properties": { "value": 1, "State": "Burned", "Class": "Quemado", "IdxName": "NBR", "StartDate": "2025-09-27", "EndDate": "2025-09-28" }, "geometry": { "type": "Polygon", "coordinates": [ [ [ -76.515079297247709, 2.29818438752363 ], [ -76.515079297247709, 2.29800313610586 ], [ -76.514989481345566, 2.29800313610586 ], [ -76.514989481345566, 2.29818438752363 ], [ -76.515079297247709, 2.29818438752363 ] ] ] } },
{ "type": "Feature", "properties": { "value": 1, "State": "Burned", "Class": "Quemado", "IdxName": "NBR", "StartDate": "2025-09-27", "EndDate": "2025-09-28" }, "geometry": { "type": "Polygon", "coordinates": [ [ [ -76.654114313761468, 2.298093761814745 ], [ -76.654114313761468, 2.29800313610586 ], [ -76.654024497859325, 2.29800313610586 ], [ -76.654024497859325, 2.298093761814745 ], [ -76.654114313761468, 2.298093761814745 ] ] ] } },
{ "type": "Feature", "properties": { "value": 1, "State": "Burned", "Class": "Quemado", "IdxName": "NBR", "StartDate": "2025-09-27", "EndDate": "2025-09-28" }, "geometry": { "type": "Polygon", "coordinates": [ [ [ -76.636061317431199, 2.297912510396976 ], [ -76.636061317431199, 2.297821884688091 ], [ -76.635971501529056, 2.297821884688091 ], [ -76.635971501529056, 2.297912510396976 ], [ -76.636061317431199, 2.297912510396976 ] ] ] } },
{ "type": "Feature", "properties": { "value": 1, "State": "Burned", "Class": "Quemado", "IdxName": "NBR", "StartDate": "2025-09-27", "EndDate": "2025-09-28" }, "geometry": { "type": "Polygon", "coordinates": [ [ [ -76.528282234862388, 2.297912510396976 ], [ -76.528282234862388, 2.297821884688091 ], [ -76.528192418960245, 2.297821884688091 ], [ -76.528192418960245, 2.297912510396976 ], [ -76.528282234862388, 2.297912510396976 ] ] ] } },
{ "type": "Feature", "properties": { "value": 1, "State": "Burned", "Class": "Quemado", "IdxName": "NBR", "StartDate": "2025-09-27", "EndDate": "2025-09-28" }, "geometry": { "type": "Polygon", "coordinates": [ [ [ -76.514899665443423, 2.297912510396976 ], [ -76.514899665443423, 2.297821884688091 ], [ -76.51480984954128, 2.297821884688091 ], [ -76.51480984954128, 2.297731258979206 ], [ -76.514540401834864, 2.297731258979206 ], [ -76.514540401834864, 2.297821884688091 ], [ -76.514630217737007, 2.297821884688091 ], [ -76.514630217737007, 2.297912510396976 ], [ -76.514899665443423, 2.297912510396976 ] ] ] } },
{ "type": "Feature", "properties": { "value": 1, "State": "Burned", "Class": "Quemado", "IdxName": "NBR", "StartDate": "2025-09-27", "EndDate": "2025-09-28" }, "geometry": { "type": "Polygon", "coordinates": [ [ [ -76.538700879510699, 2.297821884688091 ], [ -76.538700879510699, 2.297731258979206 ], [ -76.538611063608556, 2.297731258979206 ], [ -76.538611063608556, 2.297821884688091 ], [ -76.538700879510699, 2.297821884688091 ] ] ] } },
{ "type": "Feature", "properties": { "value": 1, "State": "Burned", "Class": "Quemado", "IdxName": "NBR", "StartDate": "2025-09-27", "EndDate": "2025-09-28" }, "geometry": { "type": "Polygon", "coordinates": [ [ [ -76.510857949847093, 2.297821884688091 ], [ -76.510857949847093, 2.297640633270321 ], [ -76.51076813394495, 2.297640633270321 ], [ -76.51076813394495, 2.297821884688091 ], [ -76.510857949847093, 2.297821884688091 ] ] ] } },
{ "type": "Feature", "properties": { "value": 1, "State": "Burned", "Class": "Quemado", "IdxName": "NBR", "StartDate": "2025-09-27", "EndDate": "2025-09-28" }, "geometry": { "type": "Polygon", "coordinates": [ [ [ -76.517145062996946, 2.297731258979206 ], [ -76.517145062996946, 2.297640633270321 ], [ -76.516965431192659, 2.297640633270321 ], [ -76.516965431192659, 2.297731258979206 ], [ -76.517145062996946, 2.297731258979206 ] ] ] } },
{ "type": "Feature", "properties": { "value": 1, "State": "Burned", "Class": "Quemado", "IdxName": "NBR", "StartDate": "2025-09-27", "EndDate": "2025-09-28" }, "geometry": { "type": "Polygon", "coordinates": [ [ [ -76.636061317431199, 2.297640633270321 ], [ -76.636061317431199, 2.297550007561437 ], [ -76.635971501529056, 2.297550007561437 ], [ -76.635971501529056, 2.297640633270321 ], [ -76.636061317431199, 2.297640633270321 ] ] ] } },
{ "type": "Feature", "properties": { "value": 1, "State": "Burned", "Class": "Quemado", "IdxName": "NBR", "StartDate": "2025-09-27", "EndDate": "2025-09-28" }, "geometry": { "type": "Polygon", "coordinates": [ [ [ -76.51480984954128, 2.297550007561437 ], [ -76.51480984954128, 2.297459381852552 ], [ -76.514720033639151, 2.297459381852552 ], [ -76.514720033639151, 2.297550007561437 ], [ -76.51480984954128, 2.297550007561437 ] ] ] } },
{ "type": "Feature", "properties": { "value": 1, "State": "Burned", "Class": "Quemado", "IdxName": "NBR", "StartDate": "2025-09-27", "EndDate": "2025-09-28" }, "geometry": { "type": "Polygon", "coordinates": [ [ [ -76.511037581651379, 2.297550007561437 ], [ -76.511037581651379, 2.297459381852552 ], [ -76.510947765749236, 2.297459381852552 ], [ -76.510947765749236, 2.297550007561437 ], [ -76.511037581651379, 2.297550007561437 ] ] ] } },
{ "type": "Feature", "properties": { "value": 1, "State": "Burned", "Class": "Quemado", "IdxName": "NBR", "StartDate": "2025-09-27", "EndDate": "2025-09-28" }, "geometry": { "type": "Polygon", "coordinates": [ [ [ -76.528192418960245, 2.297550007561437 ], [ -76.528192418960245, 2.297368756143667 ], [ -76.528102603058102, 2.297368756143667 ], [ -76.528102603058102, 2.297550007561437 ], [ -76.528192418960245, 2.297550007561437 ] ] ] } },
{ "type": "Feature", "properties": { "value": 1, "State": "Burned", "Class": "Quemado", "IdxName": "NBR", "StartDate": "2025-09-27", "EndDate": "2025-09-28" }, "geometry": { "type": "Polygon", "coordinates": [ [ [ -76.5382518, 2.297459381852552 ], [ -76.5382518, 2.297368756143667 ], [ -76.538161984097854, 2.297368756143667 ], [ -76.538161984097854, 2.297459381852552 ], [ -76.5382518, 2.297459381852552 ] ] ] } },
{ "type": "Feature", "properties": { "value": 1, "State": "Burned", "Class": "Quemado", "IdxName": "NBR", "StartDate": "2025-09-27", "EndDate": "2025-09-28" }, "geometry": { "type": "Polygon", "coordinates": [ [ [ -76.542562963302757, 2.297550007561437 ], [ -76.542562963302757, 2.297459381852552 ], [ -76.542742595107029, 2.297459381852552 ], [ -76.542742595107029, 2.297278130434783 ], [ -76.5426527792049, 2.297278130434783 ], [ -76.5426527792049, 2.297187504725898 ], [ -76.542383331498471, 2.297187504725898 ], [ -76.542383331498471, 2.297096879017013 ], [ -76.542203699694184, 2.297096879017013 ], [ -76.542203699694184, 2.297187504725898 ], [ -76.542113883792055, 2.297187504725898 ], [ -76.542113883792055, 2.297278130434783 ], [ -76.542203699694184, 2.297278130434783 ], [ -76.542203699694184, 2.297368756143667 ], [ -76.542293515596327, 2.297368756143667 ], [ -76.542293515596327, 2.297459381852552 ], [ -76.542383331498471, 2.297459381852552 ], [ -76.542383331498471, 2.297550007561437 ], [ -76.542562963302757, 2.297550007561437 ] ] ] } },
{ "type": "Feature", "properties": { "value": 1, "State": "Burned", "Class": "Quemado", "IdxName": "NBR", "StartDate": "2025-09-27", "EndDate": "2025-09-28" }, "geometry": { "type": "Polygon", "coordinates": [ [ [ -76.538431431804284, 2.300087527410208 ], [ -76.538431431804284, 2.299996901701324 ], [ -76.538521247706427, 2.299996901701324 ], [ -76.538521247706427, 2.299906275992439 ], [ -76.538611063608556, 2.299906275992439 ], [ -76.538611063608556, 2.299815650283554 ], [ -76.538790695412843, 2.299815650283554 ], [ -76.538790695412843, 2.299725024574669 ], [ -76.538880511314986, 2.299725024574669 ], [ -76.538880511314986, 2.299634398865785 ], [ -76.538970327217129, 2.299634398865785 ], [ -76.538970327217129, 2.299725024574669 ], [ -76.539060143119272, 2.299725024574669 ], [ -76.539060143119272, 2.299634398865785 ], [ -76.539149959021401, 2.299634398865785 ], [ -76.539149959021401, 2.299090644612476 ], [ -76.539060143119272, 2.299090644612476 ], [ -76.539060143119272, 2.299181270321361 ], [ -76.538970327217129, 2.299181270321361 ], [ -76.538970327217129, 2.299271896030246 ], [ -76.538700879510699, 2.299271896030246 ], [ -76.538700879510699, 2.299090644612476 ], [ -76.538790695412843, 2.299090644612476 ], [ -76.538790695412843, 2.298456264650284 ], [ -76.538880511314986, 2.298456264650284 ], [ -76.538880511314986, 2.297821884688091 ], [ -76.538970327217129, 2.297821884688091 ], [ -76.538970327217129, 2.297640633270321 ], [ -76.538880511314986, 2.297640633270321 ], [ -76.538880511314986, 2.297459381852552 ], [ -76.538790695412843, 2.297459381852552 ], [ -76.538790695412843, 2.297187504725898 ], [ -76.538700879510699, 2.297187504725898 ], [ -76.538700879510699, 2.297006253308129 ], [ -76.538611063608556, 2.297006253308129 ], [ -76.538611063608556, 2.297278130434783 ], [ -76.538431431804284, 2.297278130434783 ], [ -76.538431431804284, 2.297187504725898 ], [ -76.538341615902141, 2.297187504725898 ], [ -76.538341615902141, 2.297368756143667 ], [ -76.538521247706427, 2.297368756143667 ], [ -76.538521247706427, 2.297459381852552 ], [ -76.538611063608556, 2.297459381852552 ], [ -76.538611063608556, 2.297550007561437 ], [ -76.538431431804284, 2.297550007561437 ], [ -76.538431431804284, 2.297731258979206 ], [ -76.538521247706427, 2.297731258979206 ], [ -76.538521247706427, 2.297640633270321 ], [ -76.538790695412843, 2.297640633270321 ], [ -76.538790695412843, 2.29818438752363 ], [ -76.538700879510699, 2.29818438752363 ], [ -76.538700879510699, 2.298275013232514 ], [ -76.538790695412843, 2.298275013232514 ], [ -76.538790695412843, 2.298365638941399 ], [ -76.538700879510699, 2.298365638941399 ], [ -76.538700879510699, 2.298456264650284 ], [ -76.538611063608556, 2.298456264650284 ], [ -76.538611063608556, 2.298909393194707 ], [ -76.538431431804284, 2.298909393194707 ], [ -76.538431431804284, 2.299000018903592 ], [ -76.538341615902141, 2.299000018903592 ], [ -76.538341615902141, 2.298909393194707 ], [ -76.538161984097854, 2.298909393194707 ], [ -76.538161984097854, 2.298818767485822 ], [ -76.537982352293582, 2.298818767485822 ], [ -76.537982352293582, 2.298909393194707 ], [ -76.538072168195725, 2.298909393194707 ], [ -76.538072168195725, 2.299090644612476 ], [ -76.537982352293582, 2.299090644612476 ], [ -76.537982352293582, 2.299181270321361 ], [ -76.537892536391439, 2.299181270321361 ], [ -76.537892536391439, 2.299271896030246 ], [ -76.537802720489296, 2.299271896030246 ], [ -76.537802720489296, 2.299090644612476 ], [ -76.537712904587153, 2.299090644612476 ], [ -76.537712904587153, 2.299000018903592 ], [ -76.53762308868501, 2.299000018903592 ], [ -76.53762308868501, 2.298909393194707 ], [ -76.537533272782881, 2.298909393194707 ], [ -76.537533272782881, 2.299000018903592 ], [ -76.537353640978594, 2.299000018903592 ], [ -76.537353640978594, 2.299090644612476 ], [ -76.537263825076451, 2.299090644612476 ], [ -76.537263825076451, 2.299181270321361 ], [ -76.537084193272165, 2.299181270321361 ], [ -76.537084193272165, 2.299634398865785 ], [ -76.537174009174308, 2.299634398865785 ], [ -76.537174009174308, 2.2995437731569 ], [ -76.537263825076451, 2.2995437731569 ], [ -76.537263825076451, 2.299453147448015 ], [ -76.537353640978594, 2.299453147448015 ], [ -76.537353640978594, 2.29936252173913 ], [ -76.537533272782881, 2.29936252173913 ], [ -76.537533272782881, 2.299453147448015 ], [ -76.537443456880737, 2.299453147448015 ], [ -76.537443456880737, 2.2995437731569 ], [ -76.53762308868501, 2.2995437731569 ], [ -76.53762308868501, 2.29936252173913 ], [ -76.537802720489296, 2.29936252173913 ], [ -76.537802720489296, 2.299453147448015 ], [ -76.537892536391439, 2.299453147448015 ], [ -76.537892536391439, 2.29936252173913 ], [ -76.538072168195725, 2.29936252173913 ], [ -76.538072168195725, 2.299453147448015 ], [ -76.537982352293582, 2.299453147448015 ], [ -76.537982352293582, 2.2995437731569 ], [ -76.538161984097854, 2.2995437731569 ], [ -76.538161984097854, 2.299725024574669 ], [ -76.538072168195725, 2.299725024574669 ], [ -76.538072168195725, 2.299996901701324 ], [ -76.538161984097854, 2.299996901701324 ], [ -76.538161984097854, 2.300087527410208 ], [ -76.538431431804284, 2.300087527410208 ] ], [ [ -76.538880511314986, 2.2995437731569 ], [ -76.538790695412843, 2.2995437731569 ], [ -76.538790695412843, 2.29936252173913 ], [ -76.538880511314986, 2.29936252173913 ], [ -76.538880511314986, 2.2995437731569 ] ], [ [ -76.538431431804284, 2.29936252173913 ], [ -76.5382518, 2.29936252173913 ], [ -76.5382518, 2.299271896030246 ], [ -76.538161984097854, 2.299271896030246 ], [ -76.538161984097854, 2.29936252173913 ], [ -76.538072168195725, 2.29936252173913 ], [ -76.538072168195725, 2.299181270321361 ], [ -76.538161984097854, 2.299181270321361 ], [ -76.538161984097854, 2.299090644612476 ], [ -76.538431431804284, 2.299090644612476 ], [ -76.538431431804284, 2.29936252173913 ] ] ] } },
{ "type": "Feature", "properties": { "value": 1, "State": "Burned", "Class": "Quemado", "IdxName": "NBR", "StartDate": "2025-09-27", "EndDate": "2025-09-28" }, "geometry": { "type": "Polygon", "coordinates": [ [ [ -76.540048118042819, 2.297368756143667 ], [ -76.540048118042819, 2.297006253308129 ], [ -76.539958302140676, 2.297006253308129 ], [ -76.539958302140676, 2.297368756143667 ], [ -76.540048118042819, 2.297368756143667 ] ] ] } },
{ "type": "Feature", "properties": { "value": 1, "State": "Burned", "Class": "Quemado", "IdxName": "NBR", "StartDate": "2025-09-27", "EndDate": "2025-09-28" }, "geometry": { "type": "Polygon", "coordinates": [ [ [ -76.539149959021401, 2.297096879017013 ], [ -76.539149959021401, 2.297006253308129 ], [ -76.539060143119272, 2.297006253308129 ], [ -76.539060143119272, 2.297096879017013 ], [ -76.539149959021401, 2.297096879017013 ] ] ] } },
{ "type": "Feature", "properties": { "value": 1, "State": "Burned", "Class": "Quemado", "IdxName": "NBR", "StartDate": "2025-09-27", "EndDate": "2025-09-28" }, "geometry": { "type": "Polygon", "coordinates": [ [ [ -76.539060143119272, 2.297006253308129 ], [ -76.539060143119272, 2.29682500189036 ], [ -76.538880511314986, 2.29682500189036 ], [ -76.538880511314986, 2.296915627599244 ], [ -76.538970327217129, 2.296915627599244 ], [ -76.538970327217129, 2.297006253308129 ], [ -76.539060143119272, 2.297006253308129 ] ] ] } },
{ "type": "Feature", "properties": { "value": 1, "State": "Burned", "Class": "Quemado", "IdxName": "NBR", "StartDate": "2025-09-27", "EndDate": "2025-09-28" }, "geometry": { "type": "Polygon", "coordinates": [ [ [ -76.538790695412843, 2.297006253308129 ], [ -76.538790695412843, 2.29682500189036 ], [ -76.538700879510699, 2.29682500189036 ], [ -76.538700879510699, 2.297006253308129 ], [ -76.538790695412843, 2.297006253308129 ] ] ] } },
{ "type": "Feature", "properties": { "value": 1, "State": "Burned", "Class": "Quemado", "IdxName": "NBR", "StartDate": "2025-09-27", "EndDate": "2025-09-28" }, "geometry": { "type": "Polygon", "coordinates": [ [ [ -76.540137933944948, 2.297006253308129 ], [ -76.540137933944948, 2.296734376181475 ], [ -76.540048118042819, 2.296734376181475 ], [ -76.540048118042819, 2.297006253308129 ], [ -76.540137933944948, 2.297006253308129 ] ] ] } },
{ "type": "Feature", "properties": { "value": 1, "State": "Burned", "Class": "Quemado", "IdxName": "NBR", "StartDate": "2025-09-27", "EndDate": "2025-09-28" }, "geometry": { "type": "Polygon", "coordinates": [ [ [ -76.634444631192665, 2.29682500189036 ], [ -76.634444631192665, 2.296734376181475 ], [ -76.634354815290521, 2.296734376181475 ], [ -76.634354815290521, 2.29682500189036 ], [ -76.634444631192665, 2.29682500189036 ] ] ] } },
{ "type": "Feature", "properties": { "value": 1, "State": "Burned", "Class": "Quemado", "IdxName": "NBR", "StartDate": "2025-09-27", "EndDate": "2025-09-28" }, "geometry": { "type": "Polygon", "coordinates": [ [ [ -76.63363628807339, 2.29682500189036 ], [ -76.63363628807339, 2.296734376181475 ], [ -76.633546472171261, 2.296734376181475 ], [ -76.633546472171261, 2.29682500189036 ], [ -76.63363628807339, 2.29682500189036 ] ] ] } },
{ "type": "Feature", "properties": { "value": 1, "State": "Burned", "Class": "Quemado", "IdxName": "NBR", "StartDate": "2025-09-27", "EndDate": "2025-09-28" }, "geometry": { "type": "Polygon", "coordinates": [ [ [ -76.634354815290521, 2.296734376181475 ], [ -76.634354815290521, 2.29664375047259 ], [ -76.634175183486235, 2.29664375047259 ], [ -76.634175183486235, 2.296734376181475 ], [ -76.634354815290521, 2.296734376181475 ] ] ] } },
{ "type": "Feature", "properties": { "value": 1, "State": "Burned", "Class": "Quemado", "IdxName": "NBR", "StartDate": "2025-09-27", "EndDate": "2025-09-28" }, "geometry": { "type": "Polygon", "coordinates": [ [ [ -76.540317565749234, 2.296734376181475 ], [ -76.540317565749234, 2.29664375047259 ], [ -76.540227749847091, 2.29664375047259 ], [ -76.540227749847091, 2.296553124763705 ], [ -76.540137933944948, 2.296553124763705 ], [ -76.540137933944948, 2.296734376181475 ], [ -76.540317565749234, 2.296734376181475 ] ] ] } },
{ "type": "Feature", "properties": { "value": 1, "State": "Burned", "Class": "Quemado", "IdxName": "NBR", "StartDate": "2025-09-27", "EndDate": "2025-09-28" }, "geometry": { "type": "Polygon", "coordinates": [ [ [ -76.63363628807339, 2.296281247637051 ], [ -76.63363628807339, 2.296190621928166 ], [ -76.633546472171261, 2.296190621928166 ], [ -76.633546472171261, 2.296281247637051 ], [ -76.63363628807339, 2.296281247637051 ] ] ] } },
{ "type": "Feature", "properties": { "value": 1, "State": "Burned", "Class": "Quemado", "IdxName": "NBR", "StartDate": "2025-09-27", "EndDate": "2025-09-28" }, "geometry": { "type": "Polygon", "coordinates": [ [ [ -76.593758027522938, 2.296281247637051 ], [ -76.593758027522938, 2.296190621928166 ], [ -76.593668211620795, 2.296190621928166 ], [ -76.593668211620795, 2.296281247637051 ], [ -76.593758027522938, 2.296281247637051 ] ] ] } },
{ "type": "Feature", "properties": { "value": 1, "State": "Burned", "Class": "Quemado", "IdxName": "NBR", "StartDate": "2025-09-27", "EndDate": "2025-09-28" }, "geometry": { "type": "Polygon", "coordinates": [ [ [ -76.528102603058102, 2.297187504725898 ], [ -76.528102603058102, 2.296553124763705 ], [ -76.528012787155959, 2.296553124763705 ], [ -76.528012787155959, 2.296099996219282 ], [ -76.52792297125383, 2.296099996219282 ], [ -76.52792297125383, 2.296190621928166 ], [ -76.527833155351686, 2.296190621928166 ], [ -76.527833155351686, 2.296281247637051 ], [ -76.52792297125383, 2.296281247637051 ], [ -76.52792297125383, 2.29664375047259 ], [ -76.528012787155959, 2.29664375047259 ], [ -76.528012787155959, 2.297187504725898 ], [ -76.528102603058102, 2.297187504725898 ] ] ] } },
{ "type": "Feature", "properties": { "value": 1, "State": "Burned", "Class": "Quemado", "IdxName": "NBR", "StartDate": "2025-09-27", "EndDate": "2025-09-28" }, "geometry": { "type": "Polygon", "coordinates": [ [ [ -76.540227749847091, 2.295918744801512 ], [ -76.540227749847091, 2.295828119092628 ], [ -76.540137933944948, 2.295828119092628 ], [ -76.540137933944948, 2.295918744801512 ], [ -76.540227749847091, 2.295918744801512 ] ] ] } },
{ "type": "Feature", "properties": { "value": 1, "State": "Burned", "Class": "Quemado", "IdxName": "NBR", "StartDate": "2025-09-27", "EndDate": "2025-09-28" }, "geometry": { "type": "Polygon", "coordinates": [ [ [ -76.54157498837921, 2.298818767485822 ], [ -76.54157498837921, 2.298728141776938 ], [ -76.541664804281339, 2.298728141776938 ], [ -76.541664804281339, 2.298637516068053 ], [ -76.541754620183482, 2.298637516068053 ], [ -76.541754620183482, 2.298456264650284 ], [ -76.541664804281339, 2.298456264650284 ], [ -76.541664804281339, 2.298275013232514 ], [ -76.54157498837921, 2.298275013232514 ], [ -76.54157498837921, 2.297731258979206 ], [ -76.541485172477067, 2.297731258979206 ], [ -76.541485172477067, 2.297640633270321 ], [ -76.541395356574924, 2.297640633270321 ], [ -76.541395356574924, 2.297459381852552 ], [ -76.541485172477067, 2.297459381852552 ], [ -76.541485172477067, 2.297368756143667 ], [ -76.541844436085626, 2.297368756143667 ], [ -76.541844436085626, 2.297278130434783 ], [ -76.54157498837921, 2.297278130434783 ], [ -76.54157498837921, 2.297187504725898 ], [ -76.541485172477067, 2.297187504725898 ], [ -76.541485172477067, 2.297278130434783 ], [ -76.541395356574924, 2.297278130434783 ], [ -76.541395356574924, 2.297368756143667 ], [ -76.541305540672781, 2.297368756143667 ], [ -76.541305540672781, 2.297459381852552 ], [ -76.541215724770638, 2.297459381852552 ], [ -76.541215724770638, 2.297550007561437 ], [ -76.541036092966365, 2.297550007561437 ], [ -76.541036092966365, 2.297459381852552 ], [ -76.540856461162079, 2.297459381852552 ], [ -76.540856461162079, 2.297368756143667 ], [ -76.540587013455664, 2.297368756143667 ], [ -76.540587013455664, 2.297459381852552 ], [ -76.54049719755352, 2.297459381852552 ], [ -76.54049719755352, 2.297368756143667 ], [ -76.540317565749234, 2.297368756143667 ], [ -76.540317565749234, 2.297459381852552 ], [ -76.540227749847091, 2.297459381852552 ], [ -76.540227749847091, 2.297278130434783 ], [ -76.540317565749234, 2.297278130434783 ], [ -76.540317565749234, 2.297187504725898 ], [ -76.540227749847091, 2.297187504725898 ], [ -76.540227749847091, 2.297096879017013 ], [ -76.540137933944948, 2.297096879017013 ], [ -76.540137933944948, 2.297368756143667 ], [ -76.540048118042819, 2.297368756143667 ], [ -76.540048118042819, 2.297550007561437 ], [ -76.539958302140676, 2.297550007561437 ], [ -76.539958302140676, 2.297459381852552 ], [ -76.539778670336389, 2.297459381852552 ], [ -76.539778670336389, 2.297187504725898 ], [ -76.539688854434246, 2.297187504725898 ], [ -76.539688854434246, 2.297096879017013 ], [ -76.539599038532117, 2.297096879017013 ], [ -76.539599038532117, 2.297006253308129 ], [ -76.539778670336389, 2.297006253308129 ], [ -76.539778670336389, 2.296553124763705 ], [ -76.539419406727831, 2.296553124763705 ], [ -76.539419406727831, 2.296462499054821 ], [ -76.538880511314986, 2.296462499054821 ], [ -76.538880511314986, 2.296371873345936 ], [ -76.538790695412843, 2.296371873345936 ], [ -76.538790695412843, 2.296009370510397 ], [ -76.538700879510699, 2.296009370510397 ], [ -76.538700879510699, 2.295737493383743 ], [ -76.538611063608556, 2.295737493383743 ], [ -76.538611063608556, 2.296371873345936 ], [ -76.538700879510699, 2.296371873345936 ], [ -76.538700879510699, 2.296553124763705 ], [ -76.538790695412843, 2.296553124763705 ], [ -76.538790695412843, 2.29664375047259 ], [ -76.539060143119272, 2.29664375047259 ], [ -76.539060143119272, 2.29682500189036 ], [ -76.539149959021401, 2.29682500189036 ], [ -76.539149959021401, 2.29664375047259 ], [ -76.539239774923544, 2.29664375047259 ], [ -76.539239774923544, 2.296915627599244 ], [ -76.539509222629974, 2.296915627599244 ], [ -76.539509222629974, 2.297006253308129 ], [ -76.539419406727831, 2.297006253308129 ], [ -76.539419406727831, 2.297096879017013 ], [ -76.539149959021401, 2.297096879017013 ], [ -76.539149959021401, 2.297187504725898 ], [ -76.539239774923544, 2.297187504725898 ], [ -76.539239774923544, 2.297459381852552 ], [ -76.539149959021401, 2.297459381852552 ], [ -76.539149959021401, 2.297550007561437 ], [ -76.539239774923544, 2.297550007561437 ], [ -76.539239774923544, 2.297731258979206 ], [ -76.539149959021401, 2.297731258979206 ], [ -76.539149959021401, 2.297821884688091 ], [ -76.539060143119272, 2.297821884688091 ], [ -76.539060143119272, 2.298093761814745 ], [ -76.539149959021401, 2.298093761814745 ], [ -76.539149959021401, 2.29800313610586 ], [ -76.539239774923544, 2.29800313610586 ], [ -76.539239774923544, 2.297912510396976 ], [ -76.539329590825687, 2.297912510396976 ], [ -76.539329590825687, 2.297731258979206 ], [ -76.539419406727831, 2.297731258979206 ], [ -76.539419406727831, 2.297912510396976 ], [ -76.539509222629974, 2.297912510396976 ], [ -76.539509222629974, 2.298275013232514 ], [ -76.539688854434246, 2.298275013232514 ], [ -76.539688854434246, 2.298365638941399 ], [ -76.539778670336389, 2.298365638941399 ], [ -76.539778670336389, 2.298546890359169 ], [ -76.539958302140676, 2.298546890359169 ], [ -76.539958302140676, 2.298456264650284 ], [ -76.540137933944948, 2.298456264650284 ], [ -76.540137933944948, 2.298637516068053 ], [ -76.540317565749234, 2.298637516068053 ], [ -76.540317565749234, 2.298546890359169 ], [ -76.540407381651377, 2.298546890359169 ], [ -76.540407381651377, 2.298456264650284 ], [ -76.54049719755352, 2.298456264650284 ], [ -76.54049719755352, 2.298637516068053 ], [ -76.540676829357793, 2.298637516068053 ], [ -76.540676829357793, 2.298728141776938 ], [ -76.540766645259936, 2.298728141776938 ], [ -76.540766645259936, 2.298818767485822 ], [ -76.540856461162079, 2.298818767485822 ], [ -76.540856461162079, 2.298728141776938 ], [ -76.540946277064222, 2.298728141776938 ], [ -76.540946277064222, 2.298637516068053 ], [ -76.541036092966365, 2.298637516068053 ], [ -76.541036092966365, 2.298365638941399 ], [ -76.541215724770638, 2.298365638941399 ], [ -76.541215724770638, 2.298456264650284 ], [ -76.541125908868509, 2.298456264650284 ], [ -76.541125908868509, 2.298818767485822 ], [ -76.541215724770638, 2.298818767485822 ], [ -76.541215724770638, 2.298728141776938 ], [ -76.541305540672781, 2.298728141776938 ], [ -76.541305540672781, 2.298818767485822 ], [ -76.54157498837921, 2.298818767485822 ] ], [ [ -76.541305540672781, 2.298365638941399 ], [ -76.541215724770638, 2.298365638941399 ], [ -76.541215724770638, 2.298275013232514 ], [ -76.541305540672781, 2.298275013232514 ], [ -76.541305540672781, 2.298365638941399 ] ], [ [ -76.540317565749234, 2.298365638941399 ], [ -76.540227749847091, 2.298365638941399 ], [ -76.540227749847091, 2.29818438752363 ], [ -76.540317565749234, 2.29818438752363 ], [ -76.540317565749234, 2.298365638941399 ] ], [ [ -76.541395356574924, 2.29818438752363 ], [ -76.541215724770638, 2.29818438752363 ], [ -76.541215724770638, 2.298093761814745 ], [ -76.541125908868509, 2.298093761814745 ], [ -76.541125908868509, 2.29800313610586 ], [ -76.541305540672781, 2.29800313610586 ], [ -76.541305540672781, 2.298093761814745 ], [ -76.541395356574924, 2.298093761814745 ], [ -76.541395356574924, 2.29818438752363 ] ], [ [ -76.541125908868509, 2.29818438752363 ], [ -76.540766645259936, 2.29818438752363 ], [ -76.540766645259936, 2.298093761814745 ], [ -76.540856461162079, 2.298093761814745 ], [ -76.540856461162079, 2.29800313610586 ], [ -76.541036092966365, 2.29800313610586 ], [ -76.541036092966365, 2.298093761814745 ], [ -76.541125908868509, 2.298093761814745 ], [ -76.541125908868509, 2.29818438752363 ] ], [ [ -76.540766645259936, 2.29800313610586 ], [ -76.540587013455664, 2.29800313610586 ], [ -76.540587013455664, 2.297912510396976 ], [ -76.540407381651377, 2.297912510396976 ], [ -76.540407381651377, 2.297821884688091 ], [ -76.540317565749234, 2.297821884688091 ], [ -76.540317565749234, 2.297731258979206 ], [ -76.540227749847091, 2.297731258979206 ], [ -76.540227749847091, 2.297550007561437 ], [ -76.540317565749234, 2.297550007561437 ], [ -76.540317565749234, 2.297640633270321 ], [ -76.54049719755352, 2.297640633270321 ], [ -76.54049719755352, 2.297550007561437 ], [ -76.540676829357793, 2.297550007561437 ], [ -76.540676829357793, 2.297459381852552 ], [ -76.540766645259936, 2.297459381852552 ], [ -76.540766645259936, 2.297640633270321 ], [ -76.540676829357793, 2.297640633270321 ], [ -76.540676829357793, 2.297731258979206 ], [ -76.540766645259936, 2.297731258979206 ], [ -76.540766645259936, 2.29800313610586 ] ], [ [ -76.540946277064222, 2.297912510396976 ], [ -76.540856461162079, 2.297912510396976 ], [ -76.540856461162079, 2.297821884688091 ], [ -76.540946277064222, 2.297821884688091 ], [ -76.540946277064222, 2.297912510396976 ] ], [ [ -76.539688854434246, 2.29682500189036 ], [ -76.539599038532117, 2.29682500189036 ], [ -76.539599038532117, 2.296734376181475 ], [ -76.539688854434246, 2.296734376181475 ], [ -76.539688854434246, 2.29682500189036 ] ], [ [ -76.539599038532117, 2.296734376181475 ], [ -76.539509222629974, 2.296734376181475 ], [ -76.539509222629974, 2.29664375047259 ], [ -76.539599038532117, 2.29664375047259 ], [ -76.539599038532117, 2.296734376181475 ] ] ] } },
{ "type": "Feature", "properties": { "value": 1, "State": "Burned", "Class": "Quemado", "IdxName": "NBR", "StartDate": "2025-09-27", "EndDate": "2025-09-28" }, "geometry": { "type": "Polygon", "coordinates": [ [ [ -76.540137933944948, 2.295828119092628 ], [ -76.540137933944948, 2.295737493383743 ], [ -76.540048118042819, 2.295737493383743 ], [ -76.540048118042819, 2.295828119092628 ], [ -76.540137933944948, 2.295828119092628 ] ] ] } },
{ "type": "Feature", "properties": { "value": 1, "State": "Burned", "Class": "Quemado", "IdxName": "NBR", "StartDate": "2025-09-27", "EndDate": "2025-09-28" }, "geometry": { "type": "Polygon", "coordinates": [ [ [ -76.539688854434246, 2.295828119092628 ], [ -76.539688854434246, 2.295646867674858 ], [ -76.539509222629974, 2.295646867674858 ], [ -76.539509222629974, 2.295737493383743 ], [ -76.539419406727831, 2.295737493383743 ], [ -76.539419406727831, 2.295828119092628 ], [ -76.539688854434246, 2.295828119092628 ] ] ] } },
{ "type": "Feature", "properties": { "value": 1, "State": "Burned", "Class": "Quemado", "IdxName": "NBR", "StartDate": "2025-09-27", "EndDate": "2025-09-28" }, "geometry": { "type": "Polygon", "coordinates": [ [ [ -76.579477299082569, 2.295737493383743 ], [ -76.579477299082569, 2.295646867674858 ], [ -76.579387483180426, 2.295646867674858 ], [ -76.579387483180426, 2.295737493383743 ], [ -76.579477299082569, 2.295737493383743 ] ] ] } },
{ "type": "Feature", "properties": { "value": 1, "State": "Burned", "Class": "Quemado", "IdxName": "NBR", "StartDate": "2025-09-27", "EndDate": "2025-09-28" }, "geometry": { "type": "Polygon", "coordinates": [ [ [ -76.577680981039762, 2.295737493383743 ], [ -76.577680981039762, 2.295646867674858 ], [ -76.577501349235476, 2.295646867674858 ], [ -76.577501349235476, 2.295737493383743 ], [ -76.577680981039762, 2.295737493383743 ] ] ] } },
{ "type": "Feature", "properties": { "value": 1, "State": "Burned", "Class": "Quemado", "IdxName": "NBR", "StartDate": "2025-09-27", "EndDate": "2025-09-28" }, "geometry": { "type": "Polygon", "coordinates": [ [ [ -76.540227749847091, 2.295737493383743 ], [ -76.540227749847091, 2.295646867674858 ], [ -76.540137933944948, 2.295646867674858 ], [ -76.540137933944948, 2.295737493383743 ], [ -76.540227749847091, 2.295737493383743 ] ] ] } },
{ "type": "Feature", "properties": { "value": 1, "State": "Burned", "Class": "Quemado", "IdxName": "NBR", "StartDate": "2025-09-27", "EndDate": "2025-09-28" }, "geometry": { "type": "Polygon", "coordinates": [ [ [ -76.539868486238532, 2.295737493383743 ], [ -76.539868486238532, 2.295646867674858 ], [ -76.539778670336389, 2.295646867674858 ], [ -76.539778670336389, 2.295737493383743 ], [ -76.539868486238532, 2.295737493383743 ] ] ] } },
{ "type": "Feature", "properties": { "value": 1, "State": "Burned", "Class": "Quemado", "IdxName": "NBR", "StartDate": "2025-09-27", "EndDate": "2025-09-28" }, "geometry": { "type": "Polygon", "coordinates": [ [ [ -76.52792297125383, 2.296099996219282 ], [ -76.52792297125383, 2.296009370510397 ], [ -76.527833155351686, 2.296009370510397 ], [ -76.527833155351686, 2.295737493383743 ], [ -76.527743339449543, 2.295737493383743 ], [ -76.527743339449543, 2.295556241965974 ], [ -76.5276535235474, 2.295556241965974 ], [ -76.5276535235474, 2.295828119092628 ], [ -76.527743339449543, 2.295828119092628 ], [ -76.527743339449543, 2.296099996219282 ], [ -76.52792297125383, 2.296099996219282 ] ] ] } },
{ "type": "Feature", "properties": { "value": 1, "State": "Burned", "Class": "Quemado", "IdxName": "NBR", "StartDate": "2025-09-27", "EndDate": "2025-09-28" }, "geometry": { "type": "Polygon", "coordinates": [ [ [ -76.539958302140676, 2.295646867674858 ], [ -76.539958302140676, 2.295556241965974 ], [ -76.539868486238532, 2.295556241965974 ], [ -76.539868486238532, 2.295646867674858 ], [ -76.539958302140676, 2.295646867674858 ] ] ] } },
{ "type": "Feature", "properties": { "value": 1, "State": "Burned", "Class": "Quemado", "IdxName": "NBR", "StartDate": "2025-09-27", "EndDate": "2025-09-28" }, "geometry": { "type": "Polygon", "coordinates": [ [ [ -76.580106010397557, 2.295465616257089 ], [ -76.580106010397557, 2.295374990548204 ], [ -76.580016194495414, 2.295374990548204 ], [ -76.580016194495414, 2.295465616257089 ], [ -76.580106010397557, 2.295465616257089 ] ] ] } },
{ "type": "Feature", "properties": { "value": 1, "State": "Burned", "Class": "Quemado", "IdxName": "NBR", "StartDate": "2025-09-27", "EndDate": "2025-09-28" }, "geometry": { "type": "Polygon", "coordinates": [ [ [ -76.538700879510699, 2.295374990548204 ], [ -76.538700879510699, 2.295193739130435 ], [ -76.538611063608556, 2.295193739130435 ], [ -76.538611063608556, 2.295374990548204 ], [ -76.538700879510699, 2.295374990548204 ] ] ] } },
{ "type": "Feature", "properties": { "value": 1, "State": "Burned", "Class": "Quemado", "IdxName": "NBR", "StartDate": "2025-09-27", "EndDate": "2025-09-28" }, "geometry": { "type": "Polygon", "coordinates": [ [ [ -76.580285642201829, 2.29528436483932 ], [ -76.580285642201829, 2.295193739130435 ], [ -76.5801958262997, 2.295193739130435 ], [ -76.5801958262997, 2.29528436483932 ], [ -76.580285642201829, 2.29528436483932 ] ] ] } },
{ "type": "Feature", "properties": { "value": 1, "State": "Burned", "Class": "Quemado", "IdxName": "NBR", "StartDate": "2025-09-27", "EndDate": "2025-09-28" }, "geometry": { "type": "Polygon", "coordinates": [ [ [ -76.539329590825687, 2.295828119092628 ], [ -76.539329590825687, 2.295465616257089 ], [ -76.539149959021401, 2.295465616257089 ], [ -76.539149959021401, 2.29510311342155 ], [ -76.539060143119272, 2.29510311342155 ], [ -76.539060143119272, 2.295737493383743 ], [ -76.539149959021401, 2.295737493383743 ], [ -76.539149959021401, 2.295828119092628 ], [ -76.539329590825687, 2.295828119092628 ] ] ] } },
{ "type": "Feature", "properties": { "value": 1, "State": "Burned", "Class": "Quemado", "IdxName": "NBR", "StartDate": "2025-09-27", "EndDate": "2025-09-28" }, "geometry": { "type": "Polygon", "coordinates": [ [ [ -76.538611063608556, 2.29510311342155 ], [ -76.538611063608556, 2.294921862003781 ], [ -76.538521247706427, 2.294921862003781 ], [ -76.538521247706427, 2.29510311342155 ], [ -76.538611063608556, 2.29510311342155 ] ] ] } },
{ "type": "Feature", "properties": { "value": 1, "State": "Burned", "Class": "Quemado", "IdxName": "NBR", "StartDate": "2025-09-27", "EndDate": "2025-09-28" }, "geometry": { "type": "Polygon", "coordinates": [ [ [ -76.527743339449543, 2.295012487712666 ], [ -76.527743339449543, 2.294921862003781 ], [ -76.5276535235474, 2.294921862003781 ], [ -76.5276535235474, 2.295012487712666 ], [ -76.527743339449543, 2.295012487712666 ] ] ] } },
{ "type": "Feature", "properties": { "value": 1, "State": "Burned", "Class": "Quemado", "IdxName": "NBR", "StartDate": "2025-09-27", "EndDate": "2025-09-28" }, "geometry": { "type": "Polygon", "coordinates": [ [ [ -76.634264999388378, 2.29510311342155 ], [ -76.634264999388378, 2.295012487712666 ], [ -76.634085367584106, 2.295012487712666 ], [ -76.634085367584106, 2.294921862003781 ], [ -76.633815919877676, 2.294921862003781 ], [ -76.633815919877676, 2.294831236294896 ], [ -76.63363628807339, 2.294831236294896 ], [ -76.63363628807339, 2.294921862003781 ], [ -76.633726103975533, 2.294921862003781 ], [ -76.633726103975533, 2.295012487712666 ], [ -76.63390573577982, 2.295012487712666 ], [ -76.63390573577982, 2.29510311342155 ], [ -76.634264999388378, 2.29510311342155 ] ] ] } },
{ "type": "Feature", "properties": { "value": 1, "State": "Burned", "Class": "Quemado", "IdxName": "NBR", "StartDate": "2025-09-27", "EndDate": "2025-09-28" }, "geometry": { "type": "Polygon", "coordinates": [ [ [ -76.538700879510699, 2.294921862003781 ], [ -76.538700879510699, 2.294831236294896 ], [ -76.538611063608556, 2.294831236294896 ], [ -76.538611063608556, 2.294921862003781 ], [ -76.538700879510699, 2.294921862003781 ] ] ] } },
{ "type": "Feature", "properties": { "value": 1, "State": "Burned", "Class": "Quemado", "IdxName": "NBR", "StartDate": "2025-09-27", "EndDate": "2025-09-28" }, "geometry": { "type": "Polygon", "coordinates": [ [ [ -76.63363628807339, 2.294831236294896 ], [ -76.63363628807339, 2.294740610586012 ], [ -76.633546472171261, 2.294740610586012 ], [ -76.633546472171261, 2.294831236294896 ], [ -76.63363628807339, 2.294831236294896 ] ] ] } },
{ "type": "Feature", "properties": { "value": 1, "State": "Burned", "Class": "Quemado", "IdxName": "NBR", "StartDate": "2025-09-27", "EndDate": "2025-09-28" }, "geometry": { "type": "Polygon", "coordinates": [ [ [ -76.539060143119272, 2.295012487712666 ], [ -76.539060143119272, 2.294649984877127 ], [ -76.538970327217129, 2.294649984877127 ], [ -76.538970327217129, 2.295012487712666 ], [ -76.539060143119272, 2.295012487712666 ] ] ] } },
{ "type": "Feature", "properties": { "value": 1, "State": "Burned", "Class": "Quemado", "IdxName": "NBR", "StartDate": "2025-09-27", "EndDate": "2025-09-28" }, "geometry": { "type": "Polygon", "coordinates": [ [ [ -76.624834329663614, 2.294740610586012 ], [ -76.624834329663614, 2.294649984877127 ], [ -76.62474451376147, 2.294649984877127 ], [ -76.62474451376147, 2.294740610586012 ], [ -76.624834329663614, 2.294740610586012 ] ] ] } },
{ "type": "Feature", "properties": { "value": 1, "State": "Burned", "Class": "Quemado", "IdxName": "NBR", "StartDate": "2025-09-27", "EndDate": "2025-09-28" }, "geometry": { "type": "Polygon", "coordinates": [ [ [ -76.538700879510699, 2.294740610586012 ], [ -76.538700879510699, 2.294649984877127 ], [ -76.538611063608556, 2.294649984877127 ], [ -76.538611063608556, 2.294740610586012 ], [ -76.538700879510699, 2.294740610586012 ] ] ] } },
{ "type": "Feature", "properties": { "value": 1, "State": "Burned", "Class": "Quemado", "IdxName": "NBR", "StartDate": "2025-09-27", "EndDate": "2025-09-28" }, "geometry": { "type": "Polygon", "coordinates": [ [ [ -76.592500604892962, 2.294740610586012 ], [ -76.592500604892962, 2.294559359168242 ], [ -76.592410788990833, 2.294559359168242 ], [ -76.592410788990833, 2.294649984877127 ], [ -76.59232097308869, 2.294649984877127 ], [ -76.59232097308869, 2.294740610586012 ], [ -76.592500604892962, 2.294740610586012 ] ] ] } },
{ "type": "Feature", "properties": { "value": 1, "State": "Burned", "Class": "Quemado", "IdxName": "NBR", "StartDate": "2025-09-27", "EndDate": "2025-09-28" }, "geometry": { "type": "Polygon", "coordinates": [ [ [ -76.595284897859329, 2.294559359168242 ], [ -76.595284897859329, 2.294468733459357 ], [ -76.595195081957186, 2.294468733459357 ], [ -76.595195081957186, 2.294559359168242 ], [ -76.595284897859329, 2.294559359168242 ] ] ] } },
{ "type": "Feature", "properties": { "value": 1, "State": "Burned", "Class": "Quemado", "IdxName": "NBR", "StartDate": "2025-09-27", "EndDate": "2025-09-28" }, "geometry": { "type": "Polygon", "coordinates": [ [ [ -76.527743339449543, 2.294831236294896 ], [ -76.527743339449543, 2.294740610586012 ], [ -76.527833155351686, 2.294740610586012 ], [ -76.527833155351686, 2.294559359168242 ], [ -76.52792297125383, 2.294559359168242 ], [ -76.52792297125383, 2.294468733459357 ], [ -76.527743339449543, 2.294468733459357 ], [ -76.527743339449543, 2.294559359168242 ], [ -76.5276535235474, 2.294559359168242 ], [ -76.5276535235474, 2.294831236294896 ], [ -76.527743339449543, 2.294831236294896 ] ] ] } },
{ "type": "Feature", "properties": { "value": 1, "State": "Burned", "Class": "Quemado", "IdxName": "NBR", "StartDate": "2025-09-27", "EndDate": "2025-09-28" }, "geometry": { "type": "Polygon", "coordinates": [ [ [ -76.539239774923544, 2.294559359168242 ], [ -76.539239774923544, 2.294468733459357 ], [ -76.539329590825687, 2.294468733459357 ], [ -76.539329590825687, 2.294378107750473 ], [ -76.539149959021401, 2.294378107750473 ], [ -76.539149959021401, 2.294559359168242 ], [ -76.539239774923544, 2.294559359168242 ] ] ] } },
{ "type": "Feature", "properties": { "value": 1, "State": "Burned", "Class": "Quemado", "IdxName": "NBR", "StartDate": "2025-09-27", "EndDate": "2025-09-28" }, "geometry": { "type": "Polygon", "coordinates": [ [ [ -76.528012787155959, 2.294468733459357 ], [ -76.528012787155959, 2.294378107750473 ], [ -76.52792297125383, 2.294378107750473 ], [ -76.52792297125383, 2.294468733459357 ], [ -76.528012787155959, 2.294468733459357 ] ] ] } },
{ "type": "Feature", "properties": { "value": 1, "State": "Burned", "Class": "Quemado", "IdxName": "NBR", "StartDate": "2025-09-27", "EndDate": "2025-09-28" }, "geometry": { "type": "Polygon", "coordinates": [ [ [ -76.633456656269118, 2.294378107750473 ], [ -76.633456656269118, 2.294287482041588 ], [ -76.633007576758416, 2.294287482041588 ], [ -76.633007576758416, 2.294378107750473 ], [ -76.633456656269118, 2.294378107750473 ] ] ] } },
{ "type": "Feature", "properties": { "value": 1, "State": "Burned", "Class": "Quemado", "IdxName": "NBR", "StartDate": "2025-09-27", "EndDate": "2025-09-28" }, "geometry": { "type": "Polygon", "coordinates": [ [ [ -76.538880511314986, 2.294378107750473 ], [ -76.538880511314986, 2.294287482041588 ], [ -76.538790695412843, 2.294287482041588 ], [ -76.538790695412843, 2.294378107750473 ], [ -76.538880511314986, 2.294378107750473 ] ] ] } },
{ "type": "Feature", "properties": { "value": 1, "State": "Burned", "Class": "Quemado", "IdxName": "NBR", "StartDate": "2025-09-27", "EndDate": "2025-09-28" }, "geometry": { "type": "Polygon", "coordinates": [ [ [ -76.528192418960245, 2.294378107750473 ], [ -76.528192418960245, 2.294287482041588 ], [ -76.528102603058102, 2.294287482041588 ], [ -76.528102603058102, 2.294378107750473 ], [ -76.528192418960245, 2.294378107750473 ] ] ] } },
{ "type": "Feature", "properties": { "value": 1, "State": "Burned", "Class": "Quemado", "IdxName": "NBR", "StartDate": "2025-09-27", "EndDate": "2025-09-28" }, "geometry": { "type": "Polygon", "coordinates": [ [ [ -76.511396845259938, 2.294196856332703 ], [ -76.511396845259938, 2.294106230623819 ], [ -76.511307029357795, 2.294106230623819 ], [ -76.511307029357795, 2.294196856332703 ], [ -76.511396845259938, 2.294196856332703 ] ] ] } },
{ "type": "Feature", "properties": { "value": 1, "State": "Burned", "Class": "Quemado", "IdxName": "NBR", "StartDate": "2025-09-27", "EndDate": "2025-09-28" }, "geometry": { "type": "Polygon", "coordinates": [ [ [ -76.528282234862388, 2.294196856332703 ], [ -76.528282234862388, 2.294015604914934 ], [ -76.528192418960245, 2.294015604914934 ], [ -76.528192418960245, 2.294196856332703 ], [ -76.528282234862388, 2.294196856332703 ] ] ] } },
{ "type": "Feature", "properties": { "value": 1, "State": "Burned", "Class": "Quemado", "IdxName": "NBR", "StartDate": "2025-09-27", "EndDate": "2025-09-28" }, "geometry": { "type": "Polygon", "coordinates": [ [ [ -76.521815489908263, 2.294196856332703 ], [ -76.521815489908263, 2.294015604914934 ], [ -76.521635858103977, 2.294015604914934 ], [ -76.521635858103977, 2.294196856332703 ], [ -76.521815489908263, 2.294196856332703 ] ] ] } },
{ "type": "Feature", "properties": { "value": 1, "State": "Burned", "Class": "Quemado", "IdxName": "NBR", "StartDate": "2025-09-27", "EndDate": "2025-09-28" }, "geometry": { "type": "Polygon", "coordinates": [ [ [ -76.539329590825687, 2.294287482041588 ], [ -76.539329590825687, 2.293924979206049 ], [ -76.539239774923544, 2.293924979206049 ], [ -76.539239774923544, 2.294287482041588 ], [ -76.539329590825687, 2.294287482041588 ] ] ] } },
{ "type": "Feature", "properties": { "value": 1, "State": "Burned", "Class": "Quemado", "IdxName": "NBR", "StartDate": "2025-09-27", "EndDate": "2025-09-28" }, "geometry": { "type": "Polygon", "coordinates": [ [ [ -76.632558497247715, 2.294015604914934 ], [ -76.632558497247715, 2.293924979206049 ], [ -76.632468681345571, 2.293924979206049 ], [ -76.632468681345571, 2.294015604914934 ], [ -76.632558497247715, 2.294015604914934 ] ] ] } },
{ "type": "Feature", "properties": { "value": 1, "State": "Burned", "Class": "Quemado", "IdxName": "NBR", "StartDate": "2025-09-27", "EndDate": "2025-09-28" }, "geometry": { "type": "Polygon", "coordinates": [ [ [ -76.528372050764531, 2.294015604914934 ], [ -76.528372050764531, 2.293834353497165 ], [ -76.528282234862388, 2.293834353497165 ], [ -76.528282234862388, 2.294015604914934 ], [ -76.528372050764531, 2.294015604914934 ] ] ] } },
{ "type": "Feature", "properties": { "value": 1, "State": "Burned", "Class": "Quemado", "IdxName": "NBR", "StartDate": "2025-09-27", "EndDate": "2025-09-28" }, "geometry": { "type": "Polygon", "coordinates": [ [ [ -76.521635858103977, 2.294015604914934 ], [ -76.521635858103977, 2.293834353497165 ], [ -76.521546042201834, 2.293834353497165 ], [ -76.521546042201834, 2.294015604914934 ], [ -76.521635858103977, 2.294015604914934 ] ] ] } },
{ "type": "Feature", "properties": { "value": 1, "State": "Burned", "Class": "Quemado", "IdxName": "NBR", "StartDate": "2025-09-27", "EndDate": "2025-09-28" }, "geometry": { "type": "Polygon", "coordinates": [ [ [ -76.632468681345571, 2.293924979206049 ], [ -76.632468681345571, 2.293834353497165 ], [ -76.632378865443428, 2.293834353497165 ], [ -76.632378865443428, 2.293924979206049 ], [ -76.632468681345571, 2.293924979206049 ] ] ] } },
{ "type": "Feature", "properties": { "value": 1, "State": "Burned", "Class": "Quemado", "IdxName": "NBR", "StartDate": "2025-09-27", "EndDate": "2025-09-28" }, "geometry": { "type": "Polygon", "coordinates": [ [ [ -76.62474451376147, 2.293924979206049 ], [ -76.62474451376147, 2.293834353497165 ], [ -76.624654697859327, 2.293834353497165 ], [ -76.624654697859327, 2.293924979206049 ], [ -76.62474451376147, 2.293924979206049 ] ] ] } },
{ "type": "Feature", "properties": { "value": 1, "State": "Burned", "Class": "Quemado", "IdxName": "NBR", "StartDate": "2025-09-27", "EndDate": "2025-09-28" }, "geometry": { "type": "Polygon", "coordinates": [ [ [ -76.632378865443428, 2.293834353497165 ], [ -76.632378865443428, 2.29374372778828 ], [ -76.632289049541285, 2.29374372778828 ], [ -76.632289049541285, 2.293834353497165 ], [ -76.632378865443428, 2.293834353497165 ] ] ] } },
{ "type": "Feature", "properties": { "value": 1, "State": "Burned", "Class": "Quemado", "IdxName": "NBR", "StartDate": "2025-09-27", "EndDate": "2025-09-28" }, "geometry": { "type": "Polygon", "coordinates": [ [ [ -76.624654697859327, 2.293834353497165 ], [ -76.624654697859327, 2.29374372778828 ], [ -76.624564881957184, 2.29374372778828 ], [ -76.624564881957184, 2.293834353497165 ], [ -76.624654697859327, 2.293834353497165 ] ] ] } },
{ "type": "Feature", "properties": { "value": 1, "State": "Burned", "Class": "Quemado", "IdxName": "NBR", "StartDate": "2025-09-27", "EndDate": "2025-09-28" }, "geometry": { "type": "Polygon", "coordinates": [ [ [ -76.521546042201834, 2.293834353497165 ], [ -76.521546042201834, 2.293653102079395 ], [ -76.521456226299691, 2.293653102079395 ], [ -76.521456226299691, 2.293834353497165 ], [ -76.521546042201834, 2.293834353497165 ] ] ] } },
{ "type": "Feature", "properties": { "value": 1, "State": "Burned", "Class": "Quemado", "IdxName": "NBR", "StartDate": "2025-09-27", "EndDate": "2025-09-28" }, "geometry": { "type": "Polygon", "coordinates": [ [ [ -76.52846186666666, 2.29374372778828 ], [ -76.52846186666666, 2.293653102079395 ], [ -76.528372050764531, 2.293653102079395 ], [ -76.528372050764531, 2.29374372778828 ], [ -76.52846186666666, 2.29374372778828 ] ] ] } },
{ "type": "Feature", "properties": { "value": 1, "State": "Burned", "Class": "Quemado", "IdxName": "NBR", "StartDate": "2025-09-27", "EndDate": "2025-09-28" }, "geometry": { "type": "Polygon", "coordinates": [ [ [ -76.538970327217129, 2.294287482041588 ], [ -76.538970327217129, 2.294196856332703 ], [ -76.539060143119272, 2.294196856332703 ], [ -76.539060143119272, 2.29374372778828 ], [ -76.538970327217129, 2.29374372778828 ], [ -76.538970327217129, 2.293562476370511 ], [ -76.538880511314986, 2.293562476370511 ], [ -76.538880511314986, 2.293834353497165 ], [ -76.538970327217129, 2.293834353497165 ], [ -76.538970327217129, 2.294106230623819 ], [ -76.538880511314986, 2.294106230623819 ], [ -76.538880511314986, 2.294287482041588 ], [ -76.538970327217129, 2.294287482041588 ] ] ] } },
{ "type": "Feature", "properties": { "value": 1, "State": "Burned", "Class": "Quemado", "IdxName": "NBR", "StartDate": "2025-09-27", "EndDate": "2025-09-28" }, "geometry": { "type": "Polygon", "coordinates": [ [ [ -76.632289049541285, 2.29374372778828 ], [ -76.632289049541285, 2.293653102079395 ], [ -76.632199233639142, 2.293653102079395 ], [ -76.632199233639142, 2.293562476370511 ], [ -76.632109417736999, 2.293562476370511 ], [ -76.632109417736999, 2.29374372778828 ], [ -76.632289049541285, 2.29374372778828 ] ] ] } },
{ "type": "Feature", "properties": { "value": 1, "State": "Burned", "Class": "Quemado", "IdxName": "NBR", "StartDate": "2025-09-27", "EndDate": "2025-09-28" }, "geometry": { "type": "Polygon", "coordinates": [ [ [ -76.632109417736999, 2.293562476370511 ], [ -76.632109417736999, 2.293471850661626 ], [ -76.63201960183487, 2.293471850661626 ], [ -76.63201960183487, 2.293562476370511 ], [ -76.632109417736999, 2.293562476370511 ] ] ] } },
{ "type": "Feature", "properties": { "value": 1, "State": "Burned", "Class": "Quemado", "IdxName": "NBR", "StartDate": "2025-09-27", "EndDate": "2025-09-28" }, "geometry": { "type": "Polygon", "coordinates": [ [ [ -76.624385250152912, 2.293471850661626 ], [ -76.624385250152912, 2.293381224952741 ], [ -76.624295434250769, 2.293381224952741 ], [ -76.624295434250769, 2.293471850661626 ], [ -76.624385250152912, 2.293471850661626 ] ] ] } },
{ "type": "Feature", "properties": { "value": 1, "State": "Burned", "Class": "Quemado", "IdxName": "NBR", "StartDate": "2025-09-27", "EndDate": "2025-09-28" }, "geometry": { "type": "Polygon", "coordinates": [ [ [ -76.539239774923544, 2.293924979206049 ], [ -76.539239774923544, 2.293834353497165 ], [ -76.539329590825687, 2.293834353497165 ], [ -76.539329590825687, 2.293653102079395 ], [ -76.539239774923544, 2.293653102079395 ], [ -76.539239774923544, 2.293471850661626 ], [ -76.539149959021401, 2.293471850661626 ], [ -76.539149959021401, 2.293290599243857 ], [ -76.539060143119272, 2.293290599243857 ], [ -76.539060143119272, 2.293381224952741 ], [ -76.538970327217129, 2.293381224952741 ], [ -76.538970327217129, 2.293562476370511 ], [ -76.539149959021401, 2.293562476370511 ], [ -76.539149959021401, 2.293924979206049 ], [ -76.539239774923544, 2.293924979206049 ] ] ] } },
{ "type": "Feature", "properties": { "value": 1, "State": "Burned", "Class": "Quemado", "IdxName": "NBR", "StartDate": "2025-09-27", "EndDate": "2025-09-28" }, "geometry": { "type": "Polygon", "coordinates": [ [ [ -76.624654697859327, 2.293471850661626 ], [ -76.624654697859327, 2.293290599243857 ], [ -76.624564881957184, 2.293290599243857 ], [ -76.624564881957184, 2.293471850661626 ], [ -76.624654697859327, 2.293471850661626 ] ] ] } },
{ "type": "Feature", "properties": { "value": 1, "State": "Burned", "Class": "Quemado", "IdxName": "NBR", "StartDate": "2025-09-27", "EndDate": "2025-09-28" }, "geometry": { "type": "Polygon", "coordinates": [ [ [ -76.52846186666666, 2.293471850661626 ], [ -76.52846186666666, 2.293199973534972 ], [ -76.528372050764531, 2.293199973534972 ], [ -76.528372050764531, 2.293471850661626 ], [ -76.52846186666666, 2.293471850661626 ] ] ] } },
{ "type": "Feature", "properties": { "value": 1, "State": "Burned", "Class": "Quemado", "IdxName": "NBR", "StartDate": "2025-09-27", "EndDate": "2025-09-28" }, "geometry": { "type": "Polygon", "coordinates": [ [ [ -76.63201960183487, 2.293471850661626 ], [ -76.63201960183487, 2.293018722117202 ], [ -76.631929785932726, 2.293018722117202 ], [ -76.631929785932726, 2.293471850661626 ], [ -76.63201960183487, 2.293471850661626 ] ] ] } },
{ "type": "Feature", "properties": { "value": 1, "State": "Burned", "Class": "Quemado", "IdxName": "NBR", "StartDate": "2025-09-27", "EndDate": "2025-09-28" }, "geometry": { "type": "Polygon", "coordinates": [ [ [ -76.579028219571867, 2.293290599243857 ], [ -76.579028219571867, 2.293199973534972 ], [ -76.579477299082569, 2.293199973534972 ], [ -76.579477299082569, 2.293018722117202 ], [ -76.579297667278283, 2.293018722117202 ], [ -76.579297667278283, 2.293109347826087 ], [ -76.579118035474011, 2.293109347826087 ], [ -76.579118035474011, 2.293018722117202 ], [ -76.578938403669724, 2.293018722117202 ], [ -76.578938403669724, 2.293290599243857 ], [ -76.579028219571867, 2.293290599243857 ] ] ] } },
{ "type": "Feature", "properties": { "value": 1, "State": "Burned", "Class": "Quemado", "IdxName": "NBR", "StartDate": "2025-09-27", "EndDate": "2025-09-28" }, "geometry": { "type": "Polygon", "coordinates": [ [ [ -76.539239774923544, 2.293109347826087 ], [ -76.539239774923544, 2.293018722117202 ], [ -76.539149959021401, 2.293018722117202 ], [ -76.539149959021401, 2.293109347826087 ], [ -76.539239774923544, 2.293109347826087 ] ] ] } },
{ "type": "Feature", "properties": { "value": 1, "State": "Burned", "Class": "Quemado", "IdxName": "NBR", "StartDate": "2025-09-27", "EndDate": "2025-09-28" }, "geometry": { "type": "Polygon", "coordinates": [ [ [ -76.579297667278283, 2.293018722117202 ], [ -76.579297667278283, 2.292928096408318 ], [ -76.579118035474011, 2.292928096408318 ], [ -76.579118035474011, 2.293018722117202 ], [ -76.579297667278283, 2.293018722117202 ] ] ] } },
{ "type": "Feature", "properties": { "value": 1, "State": "Burned", "Class": "Quemado", "IdxName": "NBR", "StartDate": "2025-09-27", "EndDate": "2025-09-28" }, "geometry": { "type": "Polygon", "coordinates": [ [ [ -76.528551682568803, 2.293018722117202 ], [ -76.528551682568803, 2.292928096408318 ], [ -76.52846186666666, 2.292928096408318 ], [ -76.52846186666666, 2.293018722117202 ], [ -76.528551682568803, 2.293018722117202 ] ] ] } },
{ "type": "Feature", "properties": { "value": 1, "State": "Burned", "Class": "Quemado", "IdxName": "NBR", "StartDate": "2025-09-27", "EndDate": "2025-09-28" }, "geometry": { "type": "Polygon", "coordinates": [ [ [ -76.625103777370029, 2.292928096408318 ], [ -76.625103777370029, 2.292746844990548 ], [ -76.625013961467886, 2.292746844990548 ], [ -76.625013961467886, 2.292928096408318 ], [ -76.625103777370029, 2.292928096408318 ] ] ] } },
{ "type": "Feature", "properties": { "value": 1, "State": "Burned", "Class": "Quemado", "IdxName": "NBR", "StartDate": "2025-09-27", "EndDate": "2025-09-28" }, "geometry": { "type": "Polygon", "coordinates": [ [ [ -76.52873131437309, 2.292837470699433 ], [ -76.52873131437309, 2.292746844990548 ], [ -76.528641498470947, 2.292746844990548 ], [ -76.528641498470947, 2.292837470699433 ], [ -76.52873131437309, 2.292837470699433 ] ] ] } },
{ "type": "Feature", "properties": { "value": 1, "State": "Burned", "Class": "Quemado", "IdxName": "NBR", "StartDate": "2025-09-27", "EndDate": "2025-09-28" }, "geometry": { "type": "Polygon", "coordinates": [ [ [ -76.624924145565757, 2.292746844990548 ], [ -76.624924145565757, 2.292656219281664 ], [ -76.624834329663614, 2.292656219281664 ], [ -76.624834329663614, 2.292746844990548 ], [ -76.624924145565757, 2.292746844990548 ] ] ] } },
{ "type": "Feature", "properties": { "value": 1, "State": "Burned", "Class": "Quemado", "IdxName": "NBR", "StartDate": "2025-09-27", "EndDate": "2025-09-28" }, "geometry": { "type": "Polygon", "coordinates": [ [ [ -76.631121442813452, 2.292746844990548 ], [ -76.631121442813452, 2.292565593572779 ], [ -76.631031626911323, 2.292565593572779 ], [ -76.631031626911323, 2.292746844990548 ], [ -76.631121442813452, 2.292746844990548 ] ] ] } },
{ "type": "Feature", "properties": { "value": 1, "State": "Burned", "Class": "Quemado", "IdxName": "NBR", "StartDate": "2025-09-27", "EndDate": "2025-09-28" }, "geometry": { "type": "Polygon", "coordinates": [ [ [ -76.643156773700312, 2.292656219281664 ], [ -76.643156773700312, 2.292565593572779 ], [ -76.643066957798169, 2.292565593572779 ], [ -76.643066957798169, 2.292656219281664 ], [ -76.643156773700312, 2.292656219281664 ] ] ] } },
{ "type": "Feature", "properties": { "value": 1, "State": "Burned", "Class": "Quemado", "IdxName": "NBR", "StartDate": "2025-09-27", "EndDate": "2025-09-28" }, "geometry": { "type": "Polygon", "coordinates": [ [ [ -76.625103777370029, 2.292656219281664 ], [ -76.625103777370029, 2.292565593572779 ], [ -76.624924145565757, 2.292565593572779 ], [ -76.624924145565757, 2.292656219281664 ], [ -76.625103777370029, 2.292656219281664 ] ] ] } },
{ "type": "Feature", "properties": { "value": 1, "State": "Burned", "Class": "Quemado", "IdxName": "NBR", "StartDate": "2025-09-27", "EndDate": "2025-09-28" }, "geometry": { "type": "Polygon", "coordinates": [ [ [ -76.62474451376147, 2.292656219281664 ], [ -76.62474451376147, 2.292565593572779 ], [ -76.624654697859327, 2.292565593572779 ], [ -76.624654697859327, 2.292656219281664 ], [ -76.62474451376147, 2.292656219281664 ] ] ] } },
{ "type": "Feature", "properties": { "value": 1, "State": "Burned", "Class": "Quemado", "IdxName": "NBR", "StartDate": "2025-09-27", "EndDate": "2025-09-28" }, "geometry": { "type": "Polygon", "coordinates": [ [ [ -76.577142085626917, 2.292746844990548 ], [ -76.577142085626917, 2.292656219281664 ], [ -76.577052269724774, 2.292656219281664 ], [ -76.577052269724774, 2.292565593572779 ], [ -76.576872637920488, 2.292565593572779 ], [ -76.576872637920488, 2.292474967863894 ], [ -76.576782822018345, 2.292474967863894 ], [ -76.576782822018345, 2.292565593572779 ], [ -76.576603190214072, 2.292565593572779 ], [ -76.576603190214072, 2.292656219281664 ], [ -76.576962453822631, 2.292656219281664 ], [ -76.576962453822631, 2.292746844990548 ], [ -76.577142085626917, 2.292746844990548 ] ] ] } },
{ "type": "Feature", "properties": { "value": 1, "State": "Burned", "Class": "Quemado", "IdxName": "NBR", "StartDate": "2025-09-27", "EndDate": "2025-09-28" }, "geometry": { "type": "Polygon", "coordinates": [ [ [ -76.643336405504584, 2.292565593572779 ], [ -76.643336405504584, 2.292474967863894 ], [ -76.643246589602455, 2.292474967863894 ], [ -76.643246589602455, 2.292565593572779 ], [ -76.643336405504584, 2.292565593572779 ] ] ] } },
{ "type": "Feature", "properties": { "value": 1, "State": "Burned", "Class": "Quemado", "IdxName": "NBR", "StartDate": "2025-09-27", "EndDate": "2025-09-28" }, "geometry": { "type": "Polygon", "coordinates": [ [ [ -76.648276280122332, 2.292384342155009 ], [ -76.648276280122332, 2.292293716446125 ], [ -76.648186464220188, 2.292293716446125 ], [ -76.648186464220188, 2.292384342155009 ], [ -76.648276280122332, 2.292384342155009 ] ] ] } },
{ "type": "Feature", "properties": { "value": 1, "State": "Burned", "Class": "Quemado", "IdxName": "NBR", "StartDate": "2025-09-27", "EndDate": "2025-09-28" }, "geometry": { "type": "Polygon", "coordinates": [ [ [ -76.631031626911323, 2.292384342155009 ], [ -76.631031626911323, 2.292293716446125 ], [ -76.63094181100918, 2.292293716446125 ], [ -76.63094181100918, 2.292384342155009 ], [ -76.631031626911323, 2.292384342155009 ] ] ] } },
{ "type": "Feature", "properties": { "value": 1, "State": "Burned", "Class": "Quemado", "IdxName": "NBR", "StartDate": "2025-09-27", "EndDate": "2025-09-28" }, "geometry": { "type": "Polygon", "coordinates": [ [ [ -76.622229668501532, 2.292384342155009 ], [ -76.622229668501532, 2.292293716446125 ], [ -76.622139852599389, 2.292293716446125 ], [ -76.622139852599389, 2.292384342155009 ], [ -76.622229668501532, 2.292384342155009 ] ] ] } },
{ "type": "Feature", "properties": { "value": 1, "State": "Burned", "Class": "Quemado", "IdxName": "NBR", "StartDate": "2025-09-27", "EndDate": "2025-09-28" }, "geometry": { "type": "Polygon", "coordinates": [ [ [ -76.529629473394493, 2.292384342155009 ], [ -76.529629473394493, 2.292293716446125 ], [ -76.529360025688078, 2.292293716446125 ], [ -76.529360025688078, 2.292384342155009 ], [ -76.529629473394493, 2.292384342155009 ] ] ] } },
{ "type": "Feature", "properties": { "value": 1, "State": "Burned", "Class": "Quemado", "IdxName": "NBR", "StartDate": "2025-09-27", "EndDate": "2025-09-28" }, "geometry": { "type": "Polygon", "coordinates": [ [ [ -76.63067236330275, 2.292384342155009 ], [ -76.63067236330275, 2.29220309073724 ], [ -76.630582547400607, 2.29220309073724 ], [ -76.630582547400607, 2.292112465028356 ], [ -76.630402915596335, 2.292112465028356 ], [ -76.630402915596335, 2.292293716446125 ], [ -76.630582547400607, 2.292293716446125 ], [ -76.630582547400607, 2.292384342155009 ], [ -76.63067236330275, 2.292384342155009 ] ] ] } },
{ "type": "Feature", "properties": { "value": 1, "State": "Burned", "Class": "Quemado", "IdxName": "NBR", "StartDate": "2025-09-27", "EndDate": "2025-09-28" }, "geometry": { "type": "Polygon", "coordinates": [ [ [ -76.62986402018349, 2.29220309073724 ], [ -76.62986402018349, 2.292112465028356 ], [ -76.629774204281347, 2.292112465028356 ], [ -76.629774204281347, 2.29220309073724 ], [ -76.62986402018349, 2.29220309073724 ] ] ] } },
{ "type": "Feature", "properties": { "value": 1, "State": "Burned", "Class": "Quemado", "IdxName": "NBR", "StartDate": "2025-09-27", "EndDate": "2025-09-28" }, "geometry": { "type": "Polygon", "coordinates": [ [ [ -76.621870404892974, 2.292293716446125 ], [ -76.621870404892974, 2.29220309073724 ], [ -76.621960220795103, 2.29220309073724 ], [ -76.621960220795103, 2.292112465028356 ], [ -76.621780588990831, 2.292112465028356 ], [ -76.621780588990831, 2.292293716446125 ], [ -76.621870404892974, 2.292293716446125 ] ] ] } },
{ "type": "Feature", "properties": { "value": 1, "State": "Burned", "Class": "Quemado", "IdxName": "NBR", "StartDate": "2025-09-27", "EndDate": "2025-09-28" }, "geometry": { "type": "Polygon", "coordinates": [ [ [ -76.532503582263004, 2.29220309073724 ], [ -76.532503582263004, 2.292112465028356 ], [ -76.532413766360861, 2.292112465028356 ], [ -76.532413766360861, 2.29220309073724 ], [ -76.532503582263004, 2.29220309073724 ] ] ] } },
{ "type": "Feature", "properties": { "value": 1, "State": "Burned", "Class": "Quemado", "IdxName": "NBR", "StartDate": "2025-09-27", "EndDate": "2025-09-28" }, "geometry": { "type": "Polygon", "coordinates": [ [ [ -76.532234134556575, 2.29220309073724 ], [ -76.532234134556575, 2.292112465028356 ], [ -76.532144318654431, 2.292112465028356 ], [ -76.532144318654431, 2.29220309073724 ], [ -76.532234134556575, 2.29220309073724 ] ] ] } },
{ "type": "Feature", "properties": { "value": 1, "State": "Burned", "Class": "Quemado", "IdxName": "NBR", "StartDate": "2025-09-27", "EndDate": "2025-09-28" }, "geometry": { "type": "Polygon", "coordinates": [ [ [ -76.630402915596335, 2.292112465028356 ], [ -76.630402915596335, 2.292021839319471 ], [ -76.630313099694192, 2.292021839319471 ], [ -76.630313099694192, 2.292112465028356 ], [ -76.630402915596335, 2.292112465028356 ] ] ] } },
{ "type": "Feature", "properties": { "value": 1, "State": "Burned", "Class": "Quemado", "IdxName": "NBR", "StartDate": "2025-09-27", "EndDate": "2025-09-28" }, "geometry": { "type": "Polygon", "coordinates": [ [ [ -76.532144318654431, 2.292112465028356 ], [ -76.532144318654431, 2.292021839319471 ], [ -76.532054502752288, 2.292021839319471 ], [ -76.532054502752288, 2.291931213610586 ], [ -76.531964686850159, 2.291931213610586 ], [ -76.531964686850159, 2.292112465028356 ], [ -76.532144318654431, 2.292112465028356 ] ] ] } },
{ "type": "Feature", "properties": { "value": 1, "State": "Burned", "Class": "Quemado", "IdxName": "NBR", "StartDate": "2025-09-27", "EndDate": "2025-09-28" }, "geometry": { "type": "Polygon", "coordinates": [ [ [ -76.530078552905195, 2.292112465028356 ], [ -76.530078552905195, 2.292021839319471 ], [ -76.530168368807338, 2.292021839319471 ], [ -76.530168368807338, 2.291931213610586 ], [ -76.529898921100923, 2.291931213610586 ], [ -76.529898921100923, 2.292021839319471 ], [ -76.52980910519878, 2.292021839319471 ], [ -76.52980910519878, 2.292112465028356 ], [ -76.530078552905195, 2.292112465028356 ] ] ] } },
{ "type": "Feature", "properties": { "value": 1, "State": "Burned", "Class": "Quemado", "IdxName": "NBR", "StartDate": "2025-09-27", "EndDate": "2025-09-28" }, "geometry": { "type": "Polygon", "coordinates": [ [ [ -76.531964686850159, 2.291931213610586 ], [ -76.531964686850159, 2.291840587901702 ], [ -76.531874870948016, 2.291840587901702 ], [ -76.531874870948016, 2.291931213610586 ], [ -76.531964686850159, 2.291931213610586 ] ] ] } },
{ "type": "Feature", "properties": { "value": 1, "State": "Burned", "Class": "Quemado", "IdxName": "NBR", "StartDate": "2025-09-27", "EndDate": "2025-09-28" }, "geometry": { "type": "Polygon", "coordinates": [ [ [ -76.530437816513768, 2.291931213610586 ], [ -76.530437816513768, 2.291840587901702 ], [ -76.530168368807338, 2.291840587901702 ], [ -76.530168368807338, 2.291931213610586 ], [ -76.530437816513768, 2.291931213610586 ] ] ] } },
{ "type": "Feature", "properties": { "value": 1, "State": "Burned", "Class": "Quemado", "IdxName": "NBR", "StartDate": "2025-09-27", "EndDate": "2025-09-28" }, "geometry": { "type": "Polygon", "coordinates": [ [ [ -76.533940636697253, 2.292384342155009 ], [ -76.533940636697253, 2.292293716446125 ], [ -76.534030452599396, 2.292293716446125 ], [ -76.534030452599396, 2.29220309073724 ], [ -76.534210084403668, 2.29220309073724 ], [ -76.534210084403668, 2.292112465028356 ], [ -76.533940636697253, 2.292112465028356 ], [ -76.533940636697253, 2.292021839319471 ], [ -76.533761004892966, 2.292021839319471 ], [ -76.533761004892966, 2.291931213610586 ], [ -76.533671188990823, 2.291931213610586 ], [ -76.533671188990823, 2.291840587901702 ], [ -76.53358137308868, 2.291840587901702 ], [ -76.53358137308868, 2.291749962192817 ], [ -76.533491557186551, 2.291749962192817 ], [ -76.533491557186551, 2.291931213610586 ], [ -76.53358137308868, 2.291931213610586 ], [ -76.53358137308868, 2.292112465028356 ], [ -76.533671188990823, 2.292112465028356 ], [ -76.533671188990823, 2.29220309073724 ], [ -76.533761004892966, 2.29220309073724 ], [ -76.533761004892966, 2.292293716446125 ], [ -76.533850820795109, 2.292293716446125 ], [ -76.533850820795109, 2.292384342155009 ], [ -76.533940636697253, 2.292384342155009 ] ] ] } },
{ "type": "Feature", "properties": { "value": 1, "State": "Burned", "Class": "Quemado", "IdxName": "NBR", "StartDate": "2025-09-27", "EndDate": "2025-09-28" }, "geometry": { "type": "Polygon", "coordinates": [ [ [ -76.532862845871563, 2.291840587901702 ], [ -76.532862845871563, 2.291749962192817 ], [ -76.53277302996942, 2.291749962192817 ], [ -76.53277302996942, 2.291840587901702 ], [ -76.532862845871563, 2.291840587901702 ] ] ] } },
{ "type": "Feature", "properties": { "value": 1, "State": "Burned", "Class": "Quemado", "IdxName": "NBR", "StartDate": "2025-09-27", "EndDate": "2025-09-28" }, "geometry": { "type": "Polygon", "coordinates": [ [ [ -76.530707264220183, 2.291840587901702 ], [ -76.530707264220183, 2.291749962192817 ], [ -76.53061744831804, 2.291749962192817 ], [ -76.53061744831804, 2.291840587901702 ], [ -76.530707264220183, 2.291840587901702 ] ] ] } },
{ "type": "Feature", "properties": { "value": 1, "State": "Burned", "Class": "Quemado", "IdxName": "NBR", "StartDate": "2025-09-27", "EndDate": "2025-09-28" }, "geometry": { "type": "Polygon", "coordinates": [ [ [ -76.533491557186551, 2.291749962192817 ], [ -76.533491557186551, 2.291659336483932 ], [ -76.533401741284408, 2.291659336483932 ], [ -76.533401741284408, 2.291749962192817 ], [ -76.533491557186551, 2.291749962192817 ] ] ] } },
{ "type": "Feature", "properties": { "value": 1, "State": "Burned", "Class": "Quemado", "IdxName": "NBR", "StartDate": "2025-09-27", "EndDate": "2025-09-28" }, "geometry": { "type": "Polygon", "coordinates": [ [ [ -76.531246159633028, 2.291749962192817 ], [ -76.531246159633028, 2.291659336483932 ], [ -76.531156343730885, 2.291659336483932 ], [ -76.531156343730885, 2.291749962192817 ], [ -76.531246159633028, 2.291749962192817 ] ] ] } },
{ "type": "Feature", "properties": { "value": 1, "State": "Burned", "Class": "Quemado", "IdxName": "NBR", "StartDate": "2025-09-27", "EndDate": "2025-09-28" }, "geometry": { "type": "Polygon", "coordinates": [ [ [ -76.509420895412845, 2.291749962192817 ], [ -76.509420895412845, 2.291659336483932 ], [ -76.509331079510702, 2.291659336483932 ], [ -76.509331079510702, 2.291749962192817 ], [ -76.509420895412845, 2.291749962192817 ] ] ] } },
{ "type": "Feature", "properties": { "value": 1, "State": "Burned", "Class": "Quemado", "IdxName": "NBR", "StartDate": "2025-09-27", "EndDate": "2025-09-28" }, "geometry": { "type": "Polygon", "coordinates": [ [ [ -76.531066527828742, 2.291749962192817 ], [ -76.531066527828742, 2.291568710775048 ], [ -76.530886896024469, 2.291568710775048 ], [ -76.530886896024469, 2.291659336483932 ], [ -76.530797080122326, 2.291659336483932 ], [ -76.530797080122326, 2.291749962192817 ], [ -76.531066527828742, 2.291749962192817 ] ] ] } },
{ "type": "Feature", "properties": { "value": 1, "State": "Burned", "Class": "Quemado", "IdxName": "NBR", "StartDate": "2025-09-27", "EndDate": "2025-09-28" }, "geometry": { "type": "Polygon", "coordinates": [ [ [ -76.564118779816511, 2.291659336483932 ], [ -76.564118779816511, 2.291568710775048 ], [ -76.563939148012238, 2.291568710775048 ], [ -76.563939148012238, 2.291659336483932 ], [ -76.564118779816511, 2.291659336483932 ] ] ] } },
{ "type": "Feature", "properties": { "value": 1, "State": "Burned", "Class": "Quemado", "IdxName": "NBR", "StartDate": "2025-09-27", "EndDate": "2025-09-28" }, "geometry": { "type": "Polygon", "coordinates": [ [ [ -76.533042477675835, 2.291659336483932 ], [ -76.533042477675835, 2.291568710775048 ], [ -76.532952661773706, 2.291568710775048 ], [ -76.532952661773706, 2.291659336483932 ], [ -76.533042477675835, 2.291659336483932 ] ] ] } },
{ "type": "Feature", "properties": { "value": 1, "State": "Burned", "Class": "Quemado", "IdxName": "NBR", "StartDate": "2025-09-27", "EndDate": "2025-09-28" }, "geometry": { "type": "Polygon", "coordinates": [ [ [ -76.510049606727833, 2.291659336483932 ], [ -76.510049606727833, 2.291568710775048 ], [ -76.50995979082569, 2.291568710775048 ], [ -76.50995979082569, 2.291478085066163 ], [ -76.509869974923546, 2.291478085066163 ], [ -76.509869974923546, 2.291387459357278 ], [ -76.509780159021403, 2.291387459357278 ], [ -76.509780159021403, 2.291478085066163 ], [ -76.509600527217131, 2.291478085066163 ], [ -76.509600527217131, 2.291568710775048 ], [ -76.509420895412845, 2.291568710775048 ], [ -76.509420895412845, 2.291659336483932 ], [ -76.510049606727833, 2.291659336483932 ] ] ] } },
{ "type": "Feature", "properties": { "value": 1, "State": "Burned", "Class": "Quemado", "IdxName": "NBR", "StartDate": "2025-09-27", "EndDate": "2025-09-28" }, "geometry": { "type": "Polygon", "coordinates": [ [ [ -76.628606597553514, 2.291478085066163 ], [ -76.628606597553514, 2.291206207939509 ], [ -76.628516781651385, 2.291206207939509 ], [ -76.628516781651385, 2.291478085066163 ], [ -76.628606597553514, 2.291478085066163 ] ] ] } },
{ "type": "Feature", "properties": { "value": 1, "State": "Burned", "Class": "Quemado", "IdxName": "NBR", "StartDate": "2025-09-27", "EndDate": "2025-09-28" }, "geometry": { "type": "Polygon", "coordinates": [ [ [ -76.535108243425071, 2.291749962192817 ], [ -76.535108243425071, 2.291659336483932 ], [ -76.535198059327215, 2.291659336483932 ], [ -76.535198059327215, 2.291568710775048 ], [ -76.535287875229358, 2.291568710775048 ], [ -76.535287875229358, 2.291387459357278 ], [ -76.535377691131501, 2.291387459357278 ], [ -76.535377691131501, 2.291296833648393 ], [ -76.535287875229358, 2.291296833648393 ], [ -76.535287875229358, 2.291206207939509 ], [ -76.535198059327215, 2.291206207939509 ], [ -76.535198059327215, 2.291296833648393 ], [ -76.535108243425071, 2.291296833648393 ], [ -76.535108243425071, 2.291568710775048 ], [ -76.535018427522942, 2.291568710775048 ], [ -76.535018427522942, 2.291659336483932 ], [ -76.534928611620799, 2.291659336483932 ], [ -76.534928611620799, 2.291749962192817 ], [ -76.535108243425071, 2.291749962192817 ] ] ] } },
{ "type": "Feature", "properties": { "value": 1, "State": "Burned", "Class": "Quemado", "IdxName": "NBR", "StartDate": "2025-09-27", "EndDate": "2025-09-28" }, "geometry": { "type": "Polygon", "coordinates": [ [ [ -76.564478043425083, 2.291296833648393 ], [ -76.564478043425083, 2.291115582230624 ], [ -76.564208595718654, 2.291115582230624 ], [ -76.564208595718654, 2.291206207939509 ], [ -76.56438822752294, 2.291206207939509 ], [ -76.56438822752294, 2.291296833648393 ], [ -76.564478043425083, 2.291296833648393 ] ] ] } },
{ "type": "Feature", "properties": { "value": 1, "State": "Burned", "Class": "Quemado", "IdxName": "NBR", "StartDate": "2025-09-27", "EndDate": "2025-09-28" }, "geometry": { "type": "Polygon", "coordinates": [ [ [ -76.564747491131499, 2.291206207939509 ], [ -76.564747491131499, 2.291115582230624 ], [ -76.564657675229356, 2.291115582230624 ], [ -76.564657675229356, 2.291206207939509 ], [ -76.564747491131499, 2.291206207939509 ] ] ] } },
{ "type": "Feature", "properties": { "value": 1, "State": "Burned", "Class": "Quemado", "IdxName": "NBR", "StartDate": "2025-09-27", "EndDate": "2025-09-28" }, "geometry": { "type": "Polygon", "coordinates": [ [ [ -76.628606597553514, 2.291115582230624 ], [ -76.628606597553514, 2.291024956521739 ], [ -76.628426965749242, 2.291024956521739 ], [ -76.628426965749242, 2.291115582230624 ], [ -76.628606597553514, 2.291115582230624 ] ] ] } },
{ "type": "Feature", "properties": { "value": 1, "State": "Burned", "Class": "Quemado", "IdxName": "NBR", "StartDate": "2025-09-27", "EndDate": "2025-09-28" }, "geometry": { "type": "Polygon", "coordinates": [ [ [ -76.621331509480129, 2.291115582230624 ], [ -76.621331509480129, 2.291024956521739 ], [ -76.621151877675842, 2.291024956521739 ], [ -76.621151877675842, 2.291115582230624 ], [ -76.621331509480129, 2.291115582230624 ] ] ] } },
{ "type": "Feature", "properties": { "value": 1, "State": "Burned", "Class": "Quemado", "IdxName": "NBR", "StartDate": "2025-09-27", "EndDate": "2025-09-28" }, "geometry": { "type": "Polygon", "coordinates": [ [ [ -76.628426965749242, 2.291024956521739 ], [ -76.628426965749242, 2.29084370510397 ], [ -76.628337149847098, 2.29084370510397 ], [ -76.628337149847098, 2.291024956521739 ], [ -76.628426965749242, 2.291024956521739 ] ] ] } },
{ "type": "Feature", "properties": { "value": 1, "State": "Burned", "Class": "Quemado", "IdxName": "NBR", "StartDate": "2025-09-27", "EndDate": "2025-09-28" }, "geometry": { "type": "Polygon", "coordinates": [ [ [ -76.535467507033644, 2.291296833648393 ], [ -76.535467507033644, 2.291115582230624 ], [ -76.535557322935787, 2.291115582230624 ], [ -76.535557322935787, 2.291024956521739 ], [ -76.535647138837916, 2.291024956521739 ], [ -76.535647138837916, 2.290934330812854 ], [ -76.535557322935787, 2.290934330812854 ], [ -76.535557322935787, 2.29084370510397 ], [ -76.535467507033644, 2.29084370510397 ], [ -76.535467507033644, 2.290934330812854 ], [ -76.535377691131501, 2.290934330812854 ], [ -76.535377691131501, 2.291296833648393 ], [ -76.535467507033644, 2.291296833648393 ] ] ] } },
{ "type": "Feature", "properties": { "value": 1, "State": "Burned", "Class": "Quemado", "IdxName": "NBR", "StartDate": "2025-09-27", "EndDate": "2025-09-28" }, "geometry": { "type": "Polygon", "coordinates": [ [ [ -76.628247333944955, 2.290934330812854 ], [ -76.628247333944955, 2.29084370510397 ], [ -76.628067702140669, 2.29084370510397 ], [ -76.628067702140669, 2.290934330812854 ], [ -76.628247333944955, 2.290934330812854 ] ] ] } },
{ "type": "Feature", "properties": { "value": 1, "State": "Burned", "Class": "Quemado", "IdxName": "NBR", "StartDate": "2025-09-27", "EndDate": "2025-09-28" }, "geometry": { "type": "Polygon", "coordinates": [ [ [ -76.558819641590219, 2.290934330812854 ], [ -76.558819641590219, 2.29084370510397 ], [ -76.558729825688076, 2.29084370510397 ], [ -76.558729825688076, 2.290934330812854 ], [ -76.558819641590219, 2.290934330812854 ] ] ] } },
{ "type": "Feature", "properties": { "value": 1, "State": "Burned", "Class": "Quemado", "IdxName": "NBR", "StartDate": "2025-09-27", "EndDate": "2025-09-28" }, "geometry": { "type": "Polygon", "coordinates": [ [ [ -76.534838795718656, 2.290934330812854 ], [ -76.534838795718656, 2.29084370510397 ], [ -76.534748979816513, 2.29084370510397 ], [ -76.534748979816513, 2.290753079395085 ], [ -76.534569348012226, 2.290753079395085 ], [ -76.534569348012226, 2.29084370510397 ], [ -76.53465916391437, 2.29084370510397 ], [ -76.53465916391437, 2.290934330812854 ], [ -76.534838795718656, 2.290934330812854 ] ] ] } },
{ "type": "Feature", "properties": { "value": 1, "State": "Burned", "Class": "Quemado", "IdxName": "NBR", "StartDate": "2025-09-27", "EndDate": "2025-09-28" }, "geometry": { "type": "Polygon", "coordinates": [ [ [ -76.535108243425071, 2.29084370510397 ], [ -76.535108243425071, 2.290753079395085 ], [ -76.535018427522942, 2.290753079395085 ], [ -76.535018427522942, 2.29084370510397 ], [ -76.535108243425071, 2.29084370510397 ] ] ] } },
{ "type": "Feature", "properties": { "value": 1, "State": "Burned", "Class": "Quemado", "IdxName": "NBR", "StartDate": "2025-09-27", "EndDate": "2025-09-28" }, "geometry": { "type": "Polygon", "coordinates": [ [ [ -76.534569348012226, 2.290753079395085 ], [ -76.534569348012226, 2.290571827977316 ], [ -76.534479532110097, 2.290571827977316 ], [ -76.534479532110097, 2.290753079395085 ], [ -76.534569348012226, 2.290753079395085 ] ] ] } },
{ "type": "Feature", "properties": { "value": 1, "State": "Burned", "Class": "Quemado", "IdxName": "NBR", "StartDate": "2025-09-27", "EndDate": "2025-09-28" }, "geometry": { "type": "Polygon", "coordinates": [ [ [ -76.559268721100921, 2.290571827977316 ], [ -76.559268721100921, 2.290481202268431 ], [ -76.559089089296634, 2.290481202268431 ], [ -76.559089089296634, 2.290571827977316 ], [ -76.559268721100921, 2.290571827977316 ] ] ] } },
{ "type": "Feature", "properties": { "value": 1, "State": "Burned", "Class": "Quemado", "IdxName": "NBR", "StartDate": "2025-09-27", "EndDate": "2025-09-28" }, "geometry": { "type": "Polygon", "coordinates": [ [ [ -76.639653953516827, 2.290390576559546 ], [ -76.639653953516827, 2.290299950850662 ], [ -76.639564137614684, 2.290299950850662 ], [ -76.639564137614684, 2.290390576559546 ], [ -76.639653953516827, 2.290390576559546 ] ] ] } },
{ "type": "Feature", "properties": { "value": 1, "State": "Burned", "Class": "Quemado", "IdxName": "NBR", "StartDate": "2025-09-27", "EndDate": "2025-09-28" }, "geometry": { "type": "Polygon", "coordinates": [ [ [ -76.516426535779814, 2.290390576559546 ], [ -76.516426535779814, 2.290299950850662 ], [ -76.516336719877671, 2.290299950850662 ], [ -76.516336719877671, 2.290390576559546 ], [ -76.516426535779814, 2.290390576559546 ] ] ] } },
{ "type": "Feature", "properties": { "value": 1, "State": "Burned", "Class": "Quemado", "IdxName": "NBR", "StartDate": "2025-09-27", "EndDate": "2025-09-28" }, "geometry": { "type": "Polygon", "coordinates": [ [ [ -76.534479532110097, 2.290299950850662 ], [ -76.534479532110097, 2.290209325141777 ], [ -76.534389716207954, 2.290209325141777 ], [ -76.534389716207954, 2.290299950850662 ], [ -76.534479532110097, 2.290299950850662 ] ] ] } },
{ "type": "Feature", "properties": { "value": 1, "State": "Burned", "Class": "Quemado", "IdxName": "NBR", "StartDate": "2025-09-27", "EndDate": "2025-09-28" }, "geometry": { "type": "Polygon", "coordinates": [ [ [ -76.516695983486244, 2.290299950850662 ], [ -76.516695983486244, 2.290209325141777 ], [ -76.516426535779814, 2.290209325141777 ], [ -76.516426535779814, 2.290299950850662 ], [ -76.516695983486244, 2.290299950850662 ] ] ] } },
{ "type": "Feature", "properties": { "value": 1, "State": "Burned", "Class": "Quemado", "IdxName": "NBR", "StartDate": "2025-09-27", "EndDate": "2025-09-28" }, "geometry": { "type": "Polygon", "coordinates": [ [ [ -76.637228924159018, 2.289937448015123 ], [ -76.637228924159018, 2.289846822306238 ], [ -76.636959476452603, 2.289846822306238 ], [ -76.636959476452603, 2.289937448015123 ], [ -76.637228924159018, 2.289937448015123 ] ] ] } },
{ "type": "Feature", "properties": { "value": 1, "State": "Burned", "Class": "Quemado", "IdxName": "NBR", "StartDate": "2025-09-27", "EndDate": "2025-09-28" }, "geometry": { "type": "Polygon", "coordinates": [ [ [ -76.631839970030583, 2.290028073724008 ], [ -76.631839970030583, 2.289937448015123 ], [ -76.63175015412844, 2.289937448015123 ], [ -76.63175015412844, 2.289665570888469 ], [ -76.631660338226297, 2.289665570888469 ], [ -76.631660338226297, 2.289756196597354 ], [ -76.631570522324168, 2.289756196597354 ], [ -76.631570522324168, 2.289937448015123 ], [ -76.631660338226297, 2.289937448015123 ], [ -76.631660338226297, 2.290028073724008 ], [ -76.631839970030583, 2.290028073724008 ] ] ] } },
{ "type": "Feature", "properties": { "value": 1, "State": "Burned", "Class": "Quemado", "IdxName": "NBR", "StartDate": "2025-09-27", "EndDate": "2025-09-28" }, "geometry": { "type": "Polygon", "coordinates": [ [ [ -76.636959476452603, 2.289846822306238 ], [ -76.636959476452603, 2.289756196597354 ], [ -76.63686966055046, 2.289756196597354 ], [ -76.63686966055046, 2.289665570888469 ], [ -76.636600212844044, 2.289665570888469 ], [ -76.636600212844044, 2.289756196597354 ], [ -76.636779844648316, 2.289756196597354 ], [ -76.636779844648316, 2.289846822306238 ], [ -76.636959476452603, 2.289846822306238 ] ] ] } },
{ "type": "Feature", "properties": { "value": 1, "State": "Burned", "Class": "Quemado", "IdxName": "NBR", "StartDate": "2025-09-27", "EndDate": "2025-09-28" }, "geometry": { "type": "Polygon", "coordinates": [ [ [ -76.636510396941901, 2.289756196597354 ], [ -76.636510396941901, 2.289665570888469 ], [ -76.636420581039758, 2.289665570888469 ], [ -76.636420581039758, 2.289756196597354 ], [ -76.636510396941901, 2.289756196597354 ] ] ] } },
{ "type": "Feature", "properties": { "value": 1, "State": "Burned", "Class": "Quemado", "IdxName": "NBR", "StartDate": "2025-09-27", "EndDate": "2025-09-28" }, "geometry": { "type": "Polygon", "coordinates": [ [ [ -76.564567859327212, 2.289756196597354 ], [ -76.564567859327212, 2.289665570888469 ], [ -76.564478043425083, 2.289665570888469 ], [ -76.564478043425083, 2.289756196597354 ], [ -76.564567859327212, 2.289756196597354 ] ] ] } },
{ "type": "Feature", "properties": { "value": 1, "State": "Burned", "Class": "Quemado", "IdxName": "NBR", "StartDate": "2025-09-27", "EndDate": "2025-09-28" }, "geometry": { "type": "Polygon", "coordinates": [ [ [ -76.556304796330281, 2.289756196597354 ], [ -76.556304796330281, 2.289665570888469 ], [ -76.556214980428138, 2.289665570888469 ], [ -76.556214980428138, 2.289756196597354 ], [ -76.556304796330281, 2.289756196597354 ] ] ] } },
{ "type": "Feature", "properties": { "value": 1, "State": "Burned", "Class": "Quemado", "IdxName": "NBR", "StartDate": "2025-09-27", "EndDate": "2025-09-28" }, "geometry": { "type": "Polygon", "coordinates": [ [ [ -76.636600212844044, 2.289665570888469 ], [ -76.636600212844044, 2.2894843194707 ], [ -76.636420581039758, 2.2894843194707 ], [ -76.636420581039758, 2.289574945179584 ], [ -76.636510396941901, 2.289574945179584 ], [ -76.636510396941901, 2.289665570888469 ], [ -76.636600212844044, 2.289665570888469 ] ] ] } },
{ "type": "Feature", "properties": { "value": 1, "State": "Burned", "Class": "Quemado", "IdxName": "NBR", "StartDate": "2025-09-27", "EndDate": "2025-09-28" }, "geometry": { "type": "Polygon", "coordinates": [ [ [ -76.534210084403668, 2.289665570888469 ], [ -76.534210084403668, 2.2894843194707 ], [ -76.534120268501525, 2.2894843194707 ], [ -76.534120268501525, 2.289665570888469 ], [ -76.534210084403668, 2.289665570888469 ] ] ] } },
{ "type": "Feature", "properties": { "value": 1, "State": "Burned", "Class": "Quemado", "IdxName": "NBR", "StartDate": "2025-09-27", "EndDate": "2025-09-28" }, "geometry": { "type": "Polygon", "coordinates": [ [ [ -76.534389716207954, 2.289937448015123 ], [ -76.534389716207954, 2.289393693761815 ], [ -76.534210084403668, 2.289393693761815 ], [ -76.534210084403668, 2.2894843194707 ], [ -76.534299900305811, 2.2894843194707 ], [ -76.534299900305811, 2.289937448015123 ], [ -76.534389716207954, 2.289937448015123 ] ] ] } },
{ "type": "Feature", "properties": { "value": 1, "State": "Burned", "Class": "Quemado", "IdxName": "NBR", "StartDate": "2025-09-27", "EndDate": "2025-09-28" }, "geometry": { "type": "Polygon", "coordinates": [ [ [ -76.632199233639142, 2.289665570888469 ], [ -76.632199233639142, 2.289574945179584 ], [ -76.632109417736999, 2.289574945179584 ], [ -76.632109417736999, 2.289393693761815 ], [ -76.63201960183487, 2.289393693761815 ], [ -76.63201960183487, 2.2894843194707 ], [ -76.631929785932726, 2.2894843194707 ], [ -76.631929785932726, 2.289665570888469 ], [ -76.632199233639142, 2.289665570888469 ] ] ] } },
{ "type": "Feature", "properties": { "value": 1, "State": "Burned", "Class": "Quemado", "IdxName": "NBR", "StartDate": "2025-09-27", "EndDate": "2025-09-28" }, "geometry": { "type": "Polygon", "coordinates": [ [ [ -76.536275850152904, 2.2894843194707 ], [ -76.536275850152904, 2.289393693761815 ], [ -76.536096218348618, 2.289393693761815 ], [ -76.536096218348618, 2.2894843194707 ], [ -76.536275850152904, 2.2894843194707 ] ] ] } },
{ "type": "Feature", "properties": { "value": 1, "State": "Burned", "Class": "Quemado", "IdxName": "NBR", "StartDate": "2025-09-27", "EndDate": "2025-09-28" }, "geometry": { "type": "Polygon", "coordinates": [ [ [ -76.535108243425071, 2.2894843194707 ], [ -76.535108243425071, 2.289393693761815 ], [ -76.535018427522942, 2.289393693761815 ], [ -76.535018427522942, 2.2894843194707 ], [ -76.535108243425071, 2.2894843194707 ] ] ] } },
{ "type": "Feature", "properties": { "value": 1, "State": "Burned", "Class": "Quemado", "IdxName": "NBR", "StartDate": "2025-09-27", "EndDate": "2025-09-28" }, "geometry": { "type": "Polygon", "coordinates": [ [ [ -76.638306714984708, 2.289393693761815 ], [ -76.638306714984708, 2.28930306805293 ], [ -76.638216899082565, 2.28930306805293 ], [ -76.638216899082565, 2.289393693761815 ], [ -76.638306714984708, 2.289393693761815 ] ] ] } },
{ "type": "Feature", "properties": { "value": 1, "State": "Burned", "Class": "Quemado", "IdxName": "NBR", "StartDate": "2025-09-27", "EndDate": "2025-09-28" }, "geometry": { "type": "Polygon", "coordinates": [ [ [ -76.535377691131501, 2.289393693761815 ], [ -76.535377691131501, 2.28930306805293 ], [ -76.535287875229358, 2.28930306805293 ], [ -76.535287875229358, 2.289393693761815 ], [ -76.535377691131501, 2.289393693761815 ] ] ] } },
{ "type": "Feature", "properties": { "value": 1, "State": "Burned", "Class": "Quemado", "IdxName": "NBR", "StartDate": "2025-09-27", "EndDate": "2025-09-28" }, "geometry": { "type": "Polygon", "coordinates": [ [ [ -76.534569348012226, 2.2894843194707 ], [ -76.534569348012226, 2.289393693761815 ], [ -76.534748979816513, 2.289393693761815 ], [ -76.534748979816513, 2.28930306805293 ], [ -76.534479532110097, 2.28930306805293 ], [ -76.534479532110097, 2.2894843194707 ], [ -76.534569348012226, 2.2894843194707 ] ] ] } },
{ "type": "Feature", "properties": { "value": 1, "State": "Burned", "Class": "Quemado", "IdxName": "NBR", "StartDate": "2025-09-27", "EndDate": "2025-09-28" }, "geometry": { "type": "Polygon", "coordinates": [ [ [ -76.543820385932719, 2.289393693761815 ], [ -76.543820385932719, 2.289212442344045 ], [ -76.543730570030576, 2.289212442344045 ], [ -76.543730570030576, 2.289393693761815 ], [ -76.543820385932719, 2.289393693761815 ] ] ] } },
{ "type": "Feature", "properties": { "value": 1, "State": "Burned", "Class": "Quemado", "IdxName": "NBR", "StartDate": "2025-09-27", "EndDate": "2025-09-28" }, "geometry": { "type": "Polygon", "coordinates": [ [ [ -76.536365666055048, 2.289393693761815 ], [ -76.536365666055048, 2.289212442344045 ], [ -76.536275850152904, 2.289212442344045 ], [ -76.536275850152904, 2.289393693761815 ], [ -76.536365666055048, 2.289393693761815 ] ] ] } },
{ "type": "Feature", "properties": { "value": 1, "State": "Burned", "Class": "Quemado", "IdxName": "NBR", "StartDate": "2025-09-27", "EndDate": "2025-09-28" }, "geometry": { "type": "Polygon", "coordinates": [ [ [ -76.566094729663604, 2.28930306805293 ], [ -76.566094729663604, 2.289212442344045 ], [ -76.566004913761475, 2.289212442344045 ], [ -76.566004913761475, 2.28930306805293 ], [ -76.566094729663604, 2.28930306805293 ] ] ] } },
{ "type": "Feature", "properties": { "value": 1, "State": "Burned", "Class": "Quemado", "IdxName": "NBR", "StartDate": "2025-09-27", "EndDate": "2025-09-28" }, "geometry": { "type": "Polygon", "coordinates": [ [ [ -76.560256696024467, 2.28930306805293 ], [ -76.560256696024467, 2.289212442344045 ], [ -76.560166880122324, 2.289212442344045 ], [ -76.560166880122324, 2.289121816635161 ], [ -76.560077064220181, 2.289121816635161 ], [ -76.560077064220181, 2.28930306805293 ], [ -76.560256696024467, 2.28930306805293 ] ] ] } },
{ "type": "Feature", "properties": { "value": 1, "State": "Burned", "Class": "Quemado", "IdxName": "NBR", "StartDate": "2025-09-27", "EndDate": "2025-09-28" }, "geometry": { "type": "Polygon", "coordinates": [ [ [ -76.565555834250759, 2.289121816635161 ], [ -76.565555834250759, 2.289031190926276 ], [ -76.56546601834863, 2.289031190926276 ], [ -76.56546601834863, 2.289121816635161 ], [ -76.565555834250759, 2.289121816635161 ] ] ] } },
{ "type": "Feature", "properties": { "value": 1, "State": "Burned", "Class": "Quemado", "IdxName": "NBR", "StartDate": "2025-09-27", "EndDate": "2025-09-28" }, "geometry": { "type": "Polygon", "coordinates": [ [ [ -76.638306714984708, 2.289031190926276 ], [ -76.638306714984708, 2.288849939508507 ], [ -76.638216899082565, 2.288849939508507 ], [ -76.638216899082565, 2.289031190926276 ], [ -76.638306714984708, 2.289031190926276 ] ] ] } },
{ "type": "Feature", "properties": { "value": 1, "State": "Burned", "Class": "Quemado", "IdxName": "NBR", "StartDate": "2025-09-27", "EndDate": "2025-09-28" }, "geometry": { "type": "Polygon", "coordinates": [ [ [ -76.566004913761475, 2.288940565217391 ], [ -76.566004913761475, 2.288759313799622 ], [ -76.565915097859332, 2.288759313799622 ], [ -76.565915097859332, 2.288940565217391 ], [ -76.566004913761475, 2.288940565217391 ] ] ] } },
{ "type": "Feature", "properties": { "value": 1, "State": "Burned", "Class": "Quemado", "IdxName": "NBR", "StartDate": "2025-09-27", "EndDate": "2025-09-28" }, "geometry": { "type": "Polygon", "coordinates": [ [ [ -76.565376202446487, 2.288940565217391 ], [ -76.565376202446487, 2.288849939508507 ], [ -76.56546601834863, 2.288849939508507 ], [ -76.56546601834863, 2.288759313799622 ], [ -76.565376202446487, 2.288759313799622 ], [ -76.565376202446487, 2.288668688090737 ], [ -76.5651965706422, 2.288668688090737 ], [ -76.5651965706422, 2.288759313799622 ], [ -76.565106754740057, 2.288759313799622 ], [ -76.565106754740057, 2.288578062381853 ], [ -76.565016938837928, 2.288578062381853 ], [ -76.565016938837928, 2.288940565217391 ], [ -76.565376202446487, 2.288940565217391 ] ] ] } },
{ "type": "Feature", "properties": { "value": 1, "State": "Burned", "Class": "Quemado", "IdxName": "NBR", "StartDate": "2025-09-27", "EndDate": "2025-09-28" }, "geometry": { "type": "Polygon", "coordinates": [ [ [ -76.633097392660559, 2.288668688090737 ], [ -76.633097392660559, 2.288578062381853 ], [ -76.633007576758416, 2.288578062381853 ], [ -76.633007576758416, 2.288668688090737 ], [ -76.633097392660559, 2.288668688090737 ] ] ] } },
{ "type": "Feature", "properties": { "value": 1, "State": "Burned", "Class": "Quemado", "IdxName": "NBR", "StartDate": "2025-09-27", "EndDate": "2025-09-28" }, "geometry": { "type": "Polygon", "coordinates": [ [ [ -76.625283409174315, 2.288668688090737 ], [ -76.625283409174315, 2.288578062381853 ], [ -76.625193593272172, 2.288578062381853 ], [ -76.625193593272172, 2.288668688090737 ], [ -76.625283409174315, 2.288668688090737 ] ] ] } },
{ "type": "Feature", "properties": { "value": 1, "State": "Burned", "Class": "Quemado", "IdxName": "NBR", "StartDate": "2025-09-27", "EndDate": "2025-09-28" }, "geometry": { "type": "Polygon", "coordinates": [ [ [ -76.543910201834862, 2.289212442344045 ], [ -76.543910201834862, 2.288849939508507 ], [ -76.544000017737005, 2.288849939508507 ], [ -76.544000017737005, 2.288487436672968 ], [ -76.543910201834862, 2.288487436672968 ], [ -76.543910201834862, 2.288396810964084 ], [ -76.543820385932719, 2.288396810964084 ], [ -76.543820385932719, 2.288578062381853 ], [ -76.543730570030576, 2.288578062381853 ], [ -76.543730570030576, 2.288759313799622 ], [ -76.543640754128447, 2.288759313799622 ], [ -76.543640754128447, 2.288849939508507 ], [ -76.543730570030576, 2.288849939508507 ], [ -76.543730570030576, 2.288940565217391 ], [ -76.543820385932719, 2.288940565217391 ], [ -76.543820385932719, 2.289212442344045 ], [ -76.543910201834862, 2.289212442344045 ] ] ] } },
{ "type": "Feature", "properties": { "value": 1, "State": "Burned", "Class": "Quemado", "IdxName": "NBR", "StartDate": "2025-09-27", "EndDate": "2025-09-28" }, "geometry": { "type": "Polygon", "coordinates": [ [ [ -76.623038011620793, 2.288487436672968 ], [ -76.623038011620793, 2.288306185255199 ], [ -76.62285837981652, 2.288306185255199 ], [ -76.62285837981652, 2.288396810964084 ], [ -76.622948195718664, 2.288396810964084 ], [ -76.622948195718664, 2.288487436672968 ], [ -76.623038011620793, 2.288487436672968 ] ] ] } },
{ "type": "Feature", "properties": { "value": 1, "State": "Burned", "Class": "Quemado", "IdxName": "NBR", "StartDate": "2025-09-27", "EndDate": "2025-09-28" }, "geometry": { "type": "Polygon", "coordinates": [ [ [ -76.632917760856273, 2.288396810964084 ], [ -76.632917760856273, 2.288306185255199 ], [ -76.63282794495413, 2.288306185255199 ], [ -76.63282794495413, 2.288396810964084 ], [ -76.632917760856273, 2.288396810964084 ] ] ] } },
{ "type": "Feature", "properties": { "value": 1, "State": "Burned", "Class": "Quemado", "IdxName": "NBR", "StartDate": "2025-09-27", "EndDate": "2025-09-28" }, "geometry": { "type": "Polygon", "coordinates": [ [ [ -76.5801958262997, 2.288396810964084 ], [ -76.5801958262997, 2.288306185255199 ], [ -76.580106010397557, 2.288306185255199 ], [ -76.580106010397557, 2.288396810964084 ], [ -76.5801958262997, 2.288396810964084 ] ] ] } },
{ "type": "Feature", "properties": { "value": 1, "State": "Burned", "Class": "Quemado", "IdxName": "NBR", "StartDate": "2025-09-27", "EndDate": "2025-09-28" }, "geometry": { "type": "Polygon", "coordinates": [ [ [ -76.623307459327222, 2.288396810964084 ], [ -76.623307459327222, 2.288306185255199 ], [ -76.623397275229365, 2.288306185255199 ], [ -76.623397275229365, 2.288215559546314 ], [ -76.623038011620793, 2.288215559546314 ], [ -76.623038011620793, 2.288306185255199 ], [ -76.623127827522936, 2.288306185255199 ], [ -76.623127827522936, 2.288396810964084 ], [ -76.623307459327222, 2.288396810964084 ] ] ] } },
{ "type": "Feature", "properties": { "value": 1, "State": "Burned", "Class": "Quemado", "IdxName": "NBR", "StartDate": "2025-09-27", "EndDate": "2025-09-28" }, "geometry": { "type": "Polygon", "coordinates": [ [ [ -76.563849332110095, 2.288306185255199 ], [ -76.563849332110095, 2.288215559546314 ], [ -76.563759516207952, 2.288215559546314 ], [ -76.563759516207952, 2.288306185255199 ], [ -76.563849332110095, 2.288306185255199 ] ] ] } },
{ "type": "Feature", "properties": { "value": 1, "State": "Burned", "Class": "Quemado", "IdxName": "NBR", "StartDate": "2025-09-27", "EndDate": "2025-09-28" }, "geometry": { "type": "Polygon", "coordinates": [ [ [ -76.624654697859327, 2.288215559546314 ], [ -76.624654697859327, 2.288124933837429 ], [ -76.624475066055055, 2.288124933837429 ], [ -76.624475066055055, 2.288215559546314 ], [ -76.624654697859327, 2.288215559546314 ] ] ] } },
{ "type": "Feature", "properties": { "value": 1, "State": "Burned", "Class": "Quemado", "IdxName": "NBR", "StartDate": "2025-09-27", "EndDate": "2025-09-28" }, "geometry": { "type": "Polygon", "coordinates": [ [ [ -76.536186034250761, 2.288668688090737 ], [ -76.536186034250761, 2.288215559546314 ], [ -76.536275850152904, 2.288215559546314 ], [ -76.536275850152904, 2.288124933837429 ], [ -76.536096218348618, 2.288124933837429 ], [ -76.536096218348618, 2.288668688090737 ], [ -76.536186034250761, 2.288668688090737 ] ] ] } },
{ "type": "Feature", "properties": { "value": 1, "State": "Burned", "Class": "Quemado", "IdxName": "NBR", "StartDate": "2025-09-27", "EndDate": "2025-09-28" }, "geometry": { "type": "Polygon", "coordinates": [ [ [ -76.624475066055055, 2.288124933837429 ], [ -76.624475066055055, 2.288034308128545 ], [ -76.624385250152912, 2.288034308128545 ], [ -76.624385250152912, 2.288124933837429 ], [ -76.624475066055055, 2.288124933837429 ] ] ] } },
{ "type": "Feature", "properties": { "value": 1, "State": "Burned", "Class": "Quemado", "IdxName": "NBR", "StartDate": "2025-09-27", "EndDate": "2025-09-28" }, "geometry": { "type": "Polygon", "coordinates": [ [ [ -76.548850076452595, 2.288124933837429 ], [ -76.548850076452595, 2.288034308128545 ], [ -76.548760260550466, 2.288034308128545 ], [ -76.548760260550466, 2.288124933837429 ], [ -76.548850076452595, 2.288124933837429 ] ] ] } },
{ "type": "Feature", "properties": { "value": 1, "State": "Burned", "Class": "Quemado", "IdxName": "NBR", "StartDate": "2025-09-27", "EndDate": "2025-09-28" }, "geometry": { "type": "Polygon", "coordinates": [ [ [ -76.523701623853214, 2.288578062381853 ], [ -76.523701623853214, 2.288306185255199 ], [ -76.52361180795107, 2.288306185255199 ], [ -76.52361180795107, 2.288215559546314 ], [ -76.523342360244655, 2.288215559546314 ], [ -76.523342360244655, 2.288124933837429 ], [ -76.523252544342512, 2.288124933837429 ], [ -76.523252544342512, 2.288034308128545 ], [ -76.522623833027524, 2.288034308128545 ], [ -76.522623833027524, 2.28794368241966 ], [ -76.522174753516822, 2.28794368241966 ], [ -76.522174753516822, 2.288215559546314 ], [ -76.522444201223237, 2.288215559546314 ], [ -76.522444201223237, 2.288306185255199 ], [ -76.522534017125381, 2.288306185255199 ], [ -76.522534017125381, 2.288124933837429 ], [ -76.522713648929667, 2.288124933837429 ], [ -76.522713648929667, 2.288215559546314 ], [ -76.522623833027524, 2.288215559546314 ], [ -76.522623833027524, 2.288306185255199 ], [ -76.52280346483181, 2.288306185255199 ], [ -76.52280346483181, 2.288396810964084 ], [ -76.523072912538225, 2.288396810964084 ], [ -76.523072912538225, 2.288487436672968 ], [ -76.523252544342512, 2.288487436672968 ], [ -76.523252544342512, 2.288578062381853 ], [ -76.523701623853214, 2.288578062381853 ] ] ] } },
{ "type": "Feature", "properties": { "value": 1, "State": "Burned", "Class": "Quemado", "IdxName": "NBR", "StartDate": "2025-09-27", "EndDate": "2025-09-28" }, "geometry": { "type": "Polygon", "coordinates": [ [ [ -76.646300330275238, 2.289121816635161 ], [ -76.646300330275238, 2.289031190926276 ], [ -76.646210514373095, 2.289031190926276 ], [ -76.646210514373095, 2.288668688090737 ], [ -76.646300330275238, 2.288668688090737 ], [ -76.646300330275238, 2.288396810964084 ], [ -76.646390146177367, 2.288396810964084 ], [ -76.646390146177367, 2.288124933837429 ], [ -76.646479962079511, 2.288124933837429 ], [ -76.646479962079511, 2.288034308128545 ], [ -76.646300330275238, 2.288034308128545 ], [ -76.646300330275238, 2.28794368241966 ], [ -76.646210514373095, 2.28794368241966 ], [ -76.646210514373095, 2.288124933837429 ], [ -76.646120698470952, 2.288124933837429 ], [ -76.646120698470952, 2.288215559546314 ], [ -76.646210514373095, 2.288215559546314 ], [ -76.646210514373095, 2.288487436672968 ], [ -76.646030882568809, 2.288487436672968 ], [ -76.646030882568809, 2.288396810964084 ], [ -76.645941066666666, 2.288396810964084 ], [ -76.645941066666666, 2.288306185255199 ], [ -76.645851250764522, 2.288306185255199 ], [ -76.645851250764522, 2.288487436672968 ], [ -76.645941066666666, 2.288487436672968 ], [ -76.645941066666666, 2.288578062381853 ], [ -76.646030882568809, 2.288578062381853 ], [ -76.646030882568809, 2.288759313799622 ], [ -76.645941066666666, 2.288759313799622 ], [ -76.645941066666666, 2.288849939508507 ], [ -76.645851250764522, 2.288849939508507 ], [ -76.645851250764522, 2.288940565217391 ], [ -76.645941066666666, 2.288940565217391 ], [ -76.645941066666666, 2.289031190926276 ], [ -76.646030882568809, 2.289031190926276 ], [ -76.646030882568809, 2.289121816635161 ], [ -76.646300330275238, 2.289121816635161 ] ] ] } },
{ "type": "Feature", "properties": { "value": 1, "State": "Burned", "Class": "Quemado", "IdxName": "NBR", "StartDate": "2025-09-27", "EndDate": "2025-09-28" }, "geometry": { "type": "Polygon", "coordinates": [ [ [ -76.646569777981654, 2.288034308128545 ], [ -76.646569777981654, 2.28794368241966 ], [ -76.646479962079511, 2.28794368241966 ], [ -76.646479962079511, 2.288034308128545 ], [ -76.646569777981654, 2.288034308128545 ] ] ] } },
{ "type": "Feature", "properties": { "value": 1, "State": "Burned", "Class": "Quemado", "IdxName": "NBR", "StartDate": "2025-09-27", "EndDate": "2025-09-28" }, "geometry": { "type": "Polygon", "coordinates": [ [ [ -76.624385250152912, 2.288034308128545 ], [ -76.624385250152912, 2.28794368241966 ], [ -76.624295434250769, 2.28794368241966 ], [ -76.624295434250769, 2.288034308128545 ], [ -76.624385250152912, 2.288034308128545 ] ] ] } },
{ "type": "Feature", "properties": { "value": 1, "State": "Burned", "Class": "Quemado", "IdxName": "NBR", "StartDate": "2025-09-27", "EndDate": "2025-09-28" }, "geometry": { "type": "Polygon", "coordinates": [ [ [ -76.563939148012238, 2.288034308128545 ], [ -76.563939148012238, 2.28794368241966 ], [ -76.563849332110095, 2.28794368241966 ], [ -76.563849332110095, 2.288034308128545 ], [ -76.563939148012238, 2.288034308128545 ] ] ] } },
{ "type": "Feature", "properties": { "value": 1, "State": "Burned", "Class": "Quemado", "IdxName": "NBR", "StartDate": "2025-09-27", "EndDate": "2025-09-28" }, "geometry": { "type": "Polygon", "coordinates": [ [ [ -76.536275850152904, 2.288034308128545 ], [ -76.536275850152904, 2.28794368241966 ], [ -76.536186034250761, 2.28794368241966 ], [ -76.536186034250761, 2.288034308128545 ], [ -76.536275850152904, 2.288034308128545 ] ] ] } },
{ "type": "Feature", "properties": { "value": 1, "State": "Burned", "Class": "Quemado", "IdxName": "NBR", "StartDate": "2025-09-27", "EndDate": "2025-09-28" }, "geometry": { "type": "Polygon", "coordinates": [ [ [ -76.509780159021403, 2.288034308128545 ], [ -76.509780159021403, 2.28794368241966 ], [ -76.50969034311926, 2.28794368241966 ], [ -76.50969034311926, 2.288034308128545 ], [ -76.509780159021403, 2.288034308128545 ] ] ] } },
{ "type": "Feature", "properties": { "value": 1, "State": "Burned", "Class": "Quemado", "IdxName": "NBR", "StartDate": "2025-09-27", "EndDate": "2025-09-28" }, "geometry": { "type": "Polygon", "coordinates": [ [ [ -76.50969034311926, 2.28794368241966 ], [ -76.50969034311926, 2.287853056710775 ], [ -76.509600527217131, 2.287853056710775 ], [ -76.509600527217131, 2.28794368241966 ], [ -76.50969034311926, 2.28794368241966 ] ] ] } },
{ "type": "Feature", "properties": { "value": 1, "State": "Burned", "Class": "Quemado", "IdxName": "NBR", "StartDate": "2025-09-27", "EndDate": "2025-09-28" }, "geometry": { "type": "Polygon", "coordinates": [ [ [ -76.619355559633036, 2.28776243100189 ], [ -76.619355559633036, 2.287671805293006 ], [ -76.619265743730892, 2.287671805293006 ], [ -76.619265743730892, 2.28776243100189 ], [ -76.619355559633036, 2.28776243100189 ] ] ] } },
{ "type": "Feature", "properties": { "value": 1, "State": "Burned", "Class": "Quemado", "IdxName": "NBR", "StartDate": "2025-09-27", "EndDate": "2025-09-28" }, "geometry": { "type": "Polygon", "coordinates": [ [ [ -76.559987248318038, 2.28776243100189 ], [ -76.559987248318038, 2.287671805293006 ], [ -76.559897432415909, 2.287671805293006 ], [ -76.559897432415909, 2.28776243100189 ], [ -76.559987248318038, 2.28776243100189 ] ] ] } },
{ "type": "Feature", "properties": { "value": 1, "State": "Burned", "Class": "Quemado", "IdxName": "NBR", "StartDate": "2025-09-27", "EndDate": "2025-09-28" }, "geometry": { "type": "Polygon", "coordinates": [ [ [ -76.625013961467886, 2.28776243100189 ], [ -76.625013961467886, 2.287581179584121 ], [ -76.624834329663614, 2.287581179584121 ], [ -76.624834329663614, 2.287671805293006 ], [ -76.624924145565757, 2.287671805293006 ], [ -76.624924145565757, 2.28776243100189 ], [ -76.625013961467886, 2.28776243100189 ] ] ] } },
{ "type": "Feature", "properties": { "value": 1, "State": "Burned", "Class": "Quemado", "IdxName": "NBR", "StartDate": "2025-09-27", "EndDate": "2025-09-28" }, "geometry": { "type": "Polygon", "coordinates": [ [ [ -76.536365666055048, 2.28794368241966 ], [ -76.536365666055048, 2.287853056710775 ], [ -76.536455481957191, 2.287853056710775 ], [ -76.536455481957191, 2.28776243100189 ], [ -76.536545297859334, 2.28776243100189 ], [ -76.536545297859334, 2.287581179584121 ], [ -76.536455481957191, 2.287581179584121 ], [ -76.536455481957191, 2.287671805293006 ], [ -76.536365666055048, 2.287671805293006 ], [ -76.536365666055048, 2.28776243100189 ], [ -76.536275850152904, 2.28776243100189 ], [ -76.536275850152904, 2.28794368241966 ], [ -76.536365666055048, 2.28794368241966 ] ] ] } },
{ "type": "Feature", "properties": { "value": 1, "State": "Burned", "Class": "Quemado", "IdxName": "NBR", "StartDate": "2025-09-27", "EndDate": "2025-09-28" }, "geometry": { "type": "Polygon", "coordinates": [ [ [ -76.624205618348626, 2.287671805293006 ], [ -76.624205618348626, 2.287581179584121 ], [ -76.624025986544339, 2.287581179584121 ], [ -76.624025986544339, 2.287671805293006 ], [ -76.624205618348626, 2.287671805293006 ] ] ] } },
{ "type": "Feature", "properties": { "value": 1, "State": "Burned", "Class": "Quemado", "IdxName": "NBR", "StartDate": "2025-09-27", "EndDate": "2025-09-28" }, "geometry": { "type": "Polygon", "coordinates": [ [ [ -76.595374713761473, 2.287581179584121 ], [ -76.595374713761473, 2.287490553875236 ], [ -76.595284897859329, 2.287490553875236 ], [ -76.595284897859329, 2.287581179584121 ], [ -76.595374713761473, 2.287581179584121 ] ] ] } },
{ "type": "Feature", "properties": { "value": 1, "State": "Burned", "Class": "Quemado", "IdxName": "NBR", "StartDate": "2025-09-27", "EndDate": "2025-09-28" }, "geometry": { "type": "Polygon", "coordinates": [ [ [ -76.536814745565749, 2.287309302457467 ], [ -76.536814745565749, 2.287218676748582 ], [ -76.536724929663606, 2.287218676748582 ], [ -76.536724929663606, 2.287309302457467 ], [ -76.536814745565749, 2.287309302457467 ] ] ] } },
{ "type": "Feature", "properties": { "value": 1, "State": "Burned", "Class": "Quemado", "IdxName": "NBR", "StartDate": "2025-09-27", "EndDate": "2025-09-28" }, "geometry": { "type": "Polygon", "coordinates": [ [ [ -76.523252544342512, 2.287399928166352 ], [ -76.523252544342512, 2.287218676748582 ], [ -76.523162728440369, 2.287218676748582 ], [ -76.523162728440369, 2.287128051039698 ], [ -76.523072912538225, 2.287128051039698 ], [ -76.523072912538225, 2.287309302457467 ], [ -76.522983096636082, 2.287309302457467 ], [ -76.522983096636082, 2.287128051039698 ], [ -76.522893280733939, 2.287128051039698 ], [ -76.522893280733939, 2.287399928166352 ], [ -76.523252544342512, 2.287399928166352 ] ] ] } },
{ "type": "Feature", "properties": { "value": 1, "State": "Burned", "Class": "Quemado", "IdxName": "NBR", "StartDate": "2025-09-27", "EndDate": "2025-09-28" }, "geometry": { "type": "Polygon", "coordinates": [ [ [ -76.63175015412844, 2.287218676748582 ], [ -76.63175015412844, 2.287128051039698 ], [ -76.631660338226297, 2.287128051039698 ], [ -76.631660338226297, 2.287218676748582 ], [ -76.63175015412844, 2.287218676748582 ] ] ] } },
{ "type": "Feature", "properties": { "value": 1, "State": "Burned", "Class": "Quemado", "IdxName": "NBR", "StartDate": "2025-09-27", "EndDate": "2025-09-28" }, "geometry": { "type": "Polygon", "coordinates": [ [ [ -76.639653953516827, 2.287128051039698 ], [ -76.639653953516827, 2.287037425330813 ], [ -76.639564137614684, 2.287037425330813 ], [ -76.639564137614684, 2.287128051039698 ], [ -76.639653953516827, 2.287128051039698 ] ] ] } },
{ "type": "Feature", "properties": { "value": 1, "State": "Burned", "Class": "Quemado", "IdxName": "NBR", "StartDate": "2025-09-27", "EndDate": "2025-09-28" }, "geometry": { "type": "Polygon", "coordinates": [ [ [ -76.544449097247707, 2.287128051039698 ], [ -76.544449097247707, 2.287037425330813 ], [ -76.544359281345564, 2.287037425330813 ], [ -76.544359281345564, 2.287128051039698 ], [ -76.544449097247707, 2.287128051039698 ] ] ] } },
{ "type": "Feature", "properties": { "value": 1, "State": "Burned", "Class": "Quemado", "IdxName": "NBR", "StartDate": "2025-09-27", "EndDate": "2025-09-28" }, "geometry": { "type": "Polygon", "coordinates": [ [ [ -76.62393617064221, 2.287490553875236 ], [ -76.62393617064221, 2.287309302457467 ], [ -76.623846354740067, 2.287309302457467 ], [ -76.623846354740067, 2.287218676748582 ], [ -76.623756538837924, 2.287218676748582 ], [ -76.623756538837924, 2.287128051039698 ], [ -76.623666722935781, 2.287128051039698 ], [ -76.623666722935781, 2.287037425330813 ], [ -76.623576907033637, 2.287037425330813 ], [ -76.623576907033637, 2.286946799621928 ], [ -76.623397275229365, 2.286946799621928 ], [ -76.623397275229365, 2.287037425330813 ], [ -76.623487091131494, 2.287037425330813 ], [ -76.623487091131494, 2.287128051039698 ], [ -76.623576907033637, 2.287128051039698 ], [ -76.623576907033637, 2.287218676748582 ], [ -76.623666722935781, 2.287218676748582 ], [ -76.623666722935781, 2.287309302457467 ], [ -76.623756538837924, 2.287309302457467 ], [ -76.623756538837924, 2.287399928166352 ], [ -76.623846354740067, 2.287399928166352 ], [ -76.623846354740067, 2.287490553875236 ], [ -76.62393617064221, 2.287490553875236 ] ] ] } },
{ "type": "Feature", "properties": { "value": 1, "State": "Burned", "Class": "Quemado", "IdxName": "NBR", "StartDate": "2025-09-27", "EndDate": "2025-09-28" }, "geometry": { "type": "Polygon", "coordinates": [ [ [ -76.509600527217131, 2.287037425330813 ], [ -76.509600527217131, 2.286946799621928 ], [ -76.509420895412845, 2.286946799621928 ], [ -76.509420895412845, 2.287037425330813 ], [ -76.509600527217131, 2.287037425330813 ] ] ] } },
{ "type": "Feature", "properties": { "value": 1, "State": "Burned", "Class": "Quemado", "IdxName": "NBR", "StartDate": "2025-09-27", "EndDate": "2025-09-28" }, "geometry": { "type": "Polygon", "coordinates": [ [ [ -76.577142085626917, 2.287128051039698 ], [ -76.577142085626917, 2.287037425330813 ], [ -76.577231901529046, 2.287037425330813 ], [ -76.577231901529046, 2.286946799621928 ], [ -76.577142085626917, 2.286946799621928 ], [ -76.577142085626917, 2.286856173913044 ], [ -76.576962453822631, 2.286856173913044 ], [ -76.576962453822631, 2.287037425330813 ], [ -76.577052269724774, 2.287037425330813 ], [ -76.577052269724774, 2.287128051039698 ], [ -76.577142085626917, 2.287128051039698 ] ] ] } },
{ "type": "Feature", "properties": { "value": 1, "State": "Burned", "Class": "Quemado", "IdxName": "NBR", "StartDate": "2025-09-27", "EndDate": "2025-09-28" }, "geometry": { "type": "Polygon", "coordinates": [ [ [ -76.639653953516827, 2.286946799621928 ], [ -76.639653953516827, 2.286856173913044 ], [ -76.639564137614684, 2.286856173913044 ], [ -76.639564137614684, 2.286946799621928 ], [ -76.639653953516827, 2.286946799621928 ] ] ] } },
{ "type": "Feature", "properties": { "value": 1, "State": "Burned", "Class": "Quemado", "IdxName": "NBR", "StartDate": "2025-09-27", "EndDate": "2025-09-28" }, "geometry": { "type": "Polygon", "coordinates": [ [ [ -76.639564137614684, 2.286856173913044 ], [ -76.639564137614684, 2.286765548204159 ], [ -76.639474321712541, 2.286765548204159 ], [ -76.639474321712541, 2.286856173913044 ], [ -76.639564137614684, 2.286856173913044 ] ] ] } },
{ "type": "Feature", "properties": { "value": 1, "State": "Burned", "Class": "Quemado", "IdxName": "NBR", "StartDate": "2025-09-27", "EndDate": "2025-09-28" }, "geometry": { "type": "Polygon", "coordinates": [ [ [ -76.623397275229365, 2.286946799621928 ], [ -76.623397275229365, 2.286856173913044 ], [ -76.623487091131494, 2.286856173913044 ], [ -76.623487091131494, 2.286765548204159 ], [ -76.623397275229365, 2.286765548204159 ], [ -76.623397275229365, 2.286674922495274 ], [ -76.623217643425079, 2.286674922495274 ], [ -76.623217643425079, 2.286765548204159 ], [ -76.623307459327222, 2.286765548204159 ], [ -76.623307459327222, 2.286946799621928 ], [ -76.623397275229365, 2.286946799621928 ] ] ] } },
{ "type": "Feature", "properties": { "value": 1, "State": "Burned", "Class": "Quemado", "IdxName": "NBR", "StartDate": "2025-09-27", "EndDate": "2025-09-28" }, "geometry": { "type": "Polygon", "coordinates": [ [ [ -76.623217643425079, 2.286674922495274 ], [ -76.623217643425079, 2.28658429678639 ], [ -76.623127827522936, 2.28658429678639 ], [ -76.623127827522936, 2.286674922495274 ], [ -76.623217643425079, 2.286674922495274 ] ] ] } },
{ "type": "Feature", "properties": { "value": 1, "State": "Burned", "Class": "Quemado", "IdxName": "NBR", "StartDate": "2025-09-27", "EndDate": "2025-09-28" }, "geometry": { "type": "Polygon", "coordinates": [ [ [ -76.601751642813454, 2.286674922495274 ], [ -76.601751642813454, 2.28658429678639 ], [ -76.601661826911311, 2.28658429678639 ], [ -76.601661826911311, 2.286674922495274 ], [ -76.601751642813454, 2.286674922495274 ] ] ] } },
{ "type": "Feature", "properties": { "value": 1, "State": "Burned", "Class": "Quemado", "IdxName": "NBR", "StartDate": "2025-09-27", "EndDate": "2025-09-28" }, "geometry": { "type": "Polygon", "coordinates": [ [ [ -76.53169523914373, 2.286674922495274 ], [ -76.53169523914373, 2.28658429678639 ], [ -76.531605423241587, 2.28658429678639 ], [ -76.531605423241587, 2.286674922495274 ], [ -76.53169523914373, 2.286674922495274 ] ] ] } },
{ "type": "Feature", "properties": { "value": 1, "State": "Burned", "Class": "Quemado", "IdxName": "NBR", "StartDate": "2025-09-27", "EndDate": "2025-09-28" }, "geometry": { "type": "Polygon", "coordinates": [ [ [ -76.536904561467892, 2.286765548204159 ], [ -76.536904561467892, 2.286493671077505 ], [ -76.536814745565749, 2.286493671077505 ], [ -76.536814745565749, 2.286765548204159 ], [ -76.536904561467892, 2.286765548204159 ] ] ] } },
{ "type": "Feature", "properties": { "value": 1, "State": "Burned", "Class": "Quemado", "IdxName": "NBR", "StartDate": "2025-09-27", "EndDate": "2025-09-28" }, "geometry": { "type": "Polygon", "coordinates": [ [ [ -76.623127827522936, 2.28658429678639 ], [ -76.623127827522936, 2.286493671077505 ], [ -76.623038011620793, 2.286493671077505 ], [ -76.623038011620793, 2.28658429678639 ], [ -76.623127827522936, 2.28658429678639 ] ] ] } },
{ "type": "Feature", "properties": { "value": 1, "State": "Burned", "Class": "Quemado", "IdxName": "NBR", "StartDate": "2025-09-27", "EndDate": "2025-09-28" }, "geometry": { "type": "Polygon", "coordinates": [ [ [ -76.634983526605509, 2.28658429678639 ], [ -76.634983526605509, 2.28640304536862 ], [ -76.634893710703366, 2.28640304536862 ], [ -76.634893710703366, 2.28658429678639 ], [ -76.634983526605509, 2.28658429678639 ] ] ] } },
{ "type": "Feature", "properties": { "value": 1, "State": "Burned", "Class": "Quemado", "IdxName": "NBR", "StartDate": "2025-09-27", "EndDate": "2025-09-28" }, "geometry": { "type": "Polygon", "coordinates": [ [ [ -76.623217643425079, 2.286493671077505 ], [ -76.623217643425079, 2.28640304536862 ], [ -76.623127827522936, 2.28640304536862 ], [ -76.623127827522936, 2.286493671077505 ], [ -76.623217643425079, 2.286493671077505 ] ] ] } },
{ "type": "Feature", "properties": { "value": 1, "State": "Burned", "Class": "Quemado", "IdxName": "NBR", "StartDate": "2025-09-27", "EndDate": "2025-09-28" }, "geometry": { "type": "Polygon", "coordinates": [ [ [ -76.623038011620793, 2.286493671077505 ], [ -76.623038011620793, 2.28640304536862 ], [ -76.622948195718664, 2.28640304536862 ], [ -76.622948195718664, 2.286493671077505 ], [ -76.623038011620793, 2.286493671077505 ] ] ] } },
{ "type": "Feature", "properties": { "value": 1, "State": "Burned", "Class": "Quemado", "IdxName": "NBR", "StartDate": "2025-09-27", "EndDate": "2025-09-28" }, "geometry": { "type": "Polygon", "coordinates": [ [ [ -76.601661826911311, 2.286493671077505 ], [ -76.601661826911311, 2.286312419659736 ], [ -76.601572011009182, 2.286312419659736 ], [ -76.601572011009182, 2.286493671077505 ], [ -76.601661826911311, 2.286493671077505 ] ] ] } },
{ "type": "Feature", "properties": { "value": 1, "State": "Burned", "Class": "Quemado", "IdxName": "NBR", "StartDate": "2025-09-27", "EndDate": "2025-09-28" }, "geometry": { "type": "Polygon", "coordinates": [ [ [ -76.651419836697244, 2.28640304536862 ], [ -76.651419836697244, 2.286312419659736 ], [ -76.651330020795115, 2.286312419659736 ], [ -76.651330020795115, 2.28640304536862 ], [ -76.651419836697244, 2.28640304536862 ] ] ] } },
{ "type": "Feature", "properties": { "value": 1, "State": "Burned", "Class": "Quemado", "IdxName": "NBR", "StartDate": "2025-09-27", "EndDate": "2025-09-28" }, "geometry": { "type": "Polygon", "coordinates": [ [ [ -76.542742595107029, 2.28640304536862 ], [ -76.542742595107029, 2.286312419659736 ], [ -76.5426527792049, 2.286312419659736 ], [ -76.5426527792049, 2.28640304536862 ], [ -76.542742595107029, 2.28640304536862 ] ] ] } },
{ "type": "Feature", "properties": { "value": 1, "State": "Burned", "Class": "Quemado", "IdxName": "NBR", "StartDate": "2025-09-27", "EndDate": "2025-09-28" }, "geometry": { "type": "Polygon", "coordinates": [ [ [ -76.639474321712541, 2.286312419659736 ], [ -76.639474321712541, 2.286221793950851 ], [ -76.639384505810398, 2.286221793950851 ], [ -76.639384505810398, 2.286312419659736 ], [ -76.639474321712541, 2.286312419659736 ] ] ] } },
{ "type": "Feature", "properties": { "value": 1, "State": "Burned", "Class": "Quemado", "IdxName": "NBR", "StartDate": "2025-09-27", "EndDate": "2025-09-28" }, "geometry": { "type": "Polygon", "coordinates": [ [ [ -76.632917760856273, 2.286312419659736 ], [ -76.632917760856273, 2.286221793950851 ], [ -76.63282794495413, 2.286221793950851 ], [ -76.63282794495413, 2.286312419659736 ], [ -76.632917760856273, 2.286312419659736 ] ] ] } },
{ "type": "Feature", "properties": { "value": 1, "State": "Burned", "Class": "Quemado", "IdxName": "NBR", "StartDate": "2025-09-27", "EndDate": "2025-09-28" }, "geometry": { "type": "Polygon", "coordinates": [ [ [ -76.623038011620793, 2.286312419659736 ], [ -76.623038011620793, 2.286221793950851 ], [ -76.622768563914377, 2.286221793950851 ], [ -76.622768563914377, 2.286312419659736 ], [ -76.623038011620793, 2.286312419659736 ] ] ] } },
{ "type": "Feature", "properties": { "value": 1, "State": "Burned", "Class": "Quemado", "IdxName": "NBR", "StartDate": "2025-09-27", "EndDate": "2025-09-28" }, "geometry": { "type": "Polygon", "coordinates": [ [ [ -76.639384505810398, 2.286221793950851 ], [ -76.639384505810398, 2.286131168241966 ], [ -76.639294689908255, 2.286131168241966 ], [ -76.639294689908255, 2.286221793950851 ], [ -76.639384505810398, 2.286221793950851 ] ] ] } },
{ "type": "Feature", "properties": { "value": 1, "State": "Burned", "Class": "Quemado", "IdxName": "NBR", "StartDate": "2025-09-27", "EndDate": "2025-09-28" }, "geometry": { "type": "Polygon", "coordinates": [ [ [ -76.576693006116216, 2.286221793950851 ], [ -76.576693006116216, 2.286131168241966 ], [ -76.576603190214072, 2.286131168241966 ], [ -76.576603190214072, 2.286221793950851 ], [ -76.576693006116216, 2.286221793950851 ] ] ] } },
{ "type": "Feature", "properties": { "value": 1, "State": "Burned", "Class": "Quemado", "IdxName": "NBR", "StartDate": "2025-09-27", "EndDate": "2025-09-28" }, "geometry": { "type": "Polygon", "coordinates": [ [ [ -76.531156343730885, 2.286946799621928 ], [ -76.531156343730885, 2.286856173913044 ], [ -76.531515607339443, 2.286856173913044 ], [ -76.531515607339443, 2.28658429678639 ], [ -76.531335975535171, 2.28658429678639 ], [ -76.531335975535171, 2.28640304536862 ], [ -76.531246159633028, 2.28640304536862 ], [ -76.531246159633028, 2.286312419659736 ], [ -76.531066527828742, 2.286312419659736 ], [ -76.531066527828742, 2.286221793950851 ], [ -76.530976711926613, 2.286221793950851 ], [ -76.530976711926613, 2.286131168241966 ], [ -76.530797080122326, 2.286131168241966 ], [ -76.530797080122326, 2.286040542533081 ], [ -76.530258184709481, 2.286040542533081 ], [ -76.530258184709481, 2.286131168241966 ], [ -76.530348000611625, 2.286131168241966 ], [ -76.530348000611625, 2.28640304536862 ], [ -76.530258184709481, 2.28640304536862 ], [ -76.530258184709481, 2.28658429678639 ], [ -76.530437816513768, 2.28658429678639 ], [ -76.530437816513768, 2.286674922495274 ], [ -76.530707264220183, 2.286674922495274 ], [ -76.530707264220183, 2.286765548204159 ], [ -76.530886896024469, 2.286765548204159 ], [ -76.530886896024469, 2.286856173913044 ], [ -76.531066527828742, 2.286856173913044 ], [ -76.531066527828742, 2.286946799621928 ], [ -76.531156343730885, 2.286946799621928 ] ], [ [ -76.530886896024469, 2.28640304536862 ], [ -76.530797080122326, 2.28640304536862 ], [ -76.530797080122326, 2.286312419659736 ], [ -76.530886896024469, 2.286312419659736 ], [ -76.530886896024469, 2.28640304536862 ] ] ] } },
{ "type": "Feature", "properties": { "value": 1, "State": "Burned", "Class": "Quemado", "IdxName": "NBR", "StartDate": "2025-09-27", "EndDate": "2025-09-28" }, "geometry": { "type": "Polygon", "coordinates": [ [ [ -76.651150388990828, 2.286221793950851 ], [ -76.651150388990828, 2.286131168241966 ], [ -76.651060573088685, 2.286131168241966 ], [ -76.651060573088685, 2.286040542533081 ], [ -76.650970757186542, 2.286040542533081 ], [ -76.650970757186542, 2.286131168241966 ], [ -76.650880941284413, 2.286131168241966 ], [ -76.650880941284413, 2.286221793950851 ], [ -76.651150388990828, 2.286221793950851 ] ] ] } },
{ "type": "Feature", "properties": { "value": 1, "State": "Burned", "Class": "Quemado", "IdxName": "NBR", "StartDate": "2025-09-27", "EndDate": "2025-09-28" }, "geometry": { "type": "Polygon", "coordinates": [ [ [ -76.622678748012234, 2.286221793950851 ], [ -76.622678748012234, 2.286040542533081 ], [ -76.622499116207948, 2.286040542533081 ], [ -76.622499116207948, 2.286221793950851 ], [ -76.622678748012234, 2.286221793950851 ] ] ] } },
{ "type": "Feature", "properties": { "value": 1, "State": "Burned", "Class": "Quemado", "IdxName": "NBR", "StartDate": "2025-09-27", "EndDate": "2025-09-28" }, "geometry": { "type": "Polygon", "coordinates": [ [ [ -76.650880941284413, 2.286131168241966 ], [ -76.650880941284413, 2.286040542533081 ], [ -76.65079112538227, 2.286040542533081 ], [ -76.65079112538227, 2.286131168241966 ], [ -76.650880941284413, 2.286131168241966 ] ] ] } },
{ "type": "Feature", "properties": { "value": 1, "State": "Burned", "Class": "Quemado", "IdxName": "NBR", "StartDate": "2025-09-27", "EndDate": "2025-09-28" }, "geometry": { "type": "Polygon", "coordinates": [ [ [ -76.622409300305819, 2.286131168241966 ], [ -76.622409300305819, 2.286040542533081 ], [ -76.622319484403675, 2.286040542533081 ], [ -76.622319484403675, 2.286131168241966 ], [ -76.622409300305819, 2.286131168241966 ] ] ] } },
{ "type": "Feature", "properties": { "value": 1, "State": "Burned", "Class": "Quemado", "IdxName": "NBR", "StartDate": "2025-09-27", "EndDate": "2025-09-28" }, "geometry": { "type": "Polygon", "coordinates": [ [ [ -76.533761004892966, 2.286131168241966 ], [ -76.533761004892966, 2.286040542533081 ], [ -76.53358137308868, 2.286040542533081 ], [ -76.53358137308868, 2.286131168241966 ], [ -76.533761004892966, 2.286131168241966 ] ] ] } },
{ "type": "Feature", "properties": { "value": 1, "State": "Burned", "Class": "Quemado", "IdxName": "NBR", "StartDate": "2025-09-27", "EndDate": "2025-09-28" }, "geometry": { "type": "Polygon", "coordinates": [ [ [ -76.56438822752294, 2.291568710775048 ], [ -76.56438822752294, 2.291387459357278 ], [ -76.564208595718654, 2.291387459357278 ], [ -76.564208595718654, 2.291296833648393 ], [ -76.564118779816511, 2.291296833648393 ], [ -76.564118779816511, 2.291387459357278 ], [ -76.564028963914367, 2.291387459357278 ], [ -76.564028963914367, 2.291206207939509 ], [ -76.564118779816511, 2.291206207939509 ], [ -76.564118779816511, 2.291115582230624 ], [ -76.564208595718654, 2.291115582230624 ], [ -76.564208595718654, 2.290934330812854 ], [ -76.564118779816511, 2.290934330812854 ], [ -76.564118779816511, 2.29084370510397 ], [ -76.564478043425083, 2.29084370510397 ], [ -76.564478043425083, 2.2906624536862 ], [ -76.56438822752294, 2.2906624536862 ], [ -76.56438822752294, 2.290571827977316 ], [ -76.564298411620797, 2.290571827977316 ], [ -76.564298411620797, 2.2906624536862 ], [ -76.564208595718654, 2.2906624536862 ], [ -76.564208595718654, 2.290753079395085 ], [ -76.563939148012238, 2.290753079395085 ], [ -76.563939148012238, 2.29084370510397 ], [ -76.563849332110095, 2.29084370510397 ], [ -76.563849332110095, 2.290934330812854 ], [ -76.563669700305809, 2.290934330812854 ], [ -76.563669700305809, 2.291024956521739 ], [ -76.563579884403666, 2.291024956521739 ], [ -76.563579884403666, 2.290934330812854 ], [ -76.563490068501537, 2.290934330812854 ], [ -76.563490068501537, 2.29084370510397 ], [ -76.563220620795107, 2.29084370510397 ], [ -76.563220620795107, 2.290934330812854 ], [ -76.563040988990821, 2.290934330812854 ], [ -76.563040988990821, 2.290753079395085 ], [ -76.562951173088692, 2.290753079395085 ], [ -76.562951173088692, 2.29084370510397 ], [ -76.562861357186549, 2.29084370510397 ], [ -76.562861357186549, 2.2906624536862 ], [ -76.562951173088692, 2.2906624536862 ], [ -76.562951173088692, 2.290571827977316 ], [ -76.563040988990821, 2.290571827977316 ], [ -76.563040988990821, 2.290118699432893 ], [ -76.562951173088692, 2.290118699432893 ], [ -76.562951173088692, 2.289937448015123 ], [ -76.563040988990821, 2.289937448015123 ], [ -76.563040988990821, 2.290028073724008 ], [ -76.563130804892964, 2.290028073724008 ], [ -76.563130804892964, 2.290209325141777 ], [ -76.563220620795107, 2.290209325141777 ], [ -76.563220620795107, 2.290028073724008 ], [ -76.56331043669725, 2.290028073724008 ], [ -76.56331043669725, 2.289846822306238 ], [ -76.563400252599394, 2.289846822306238 ], [ -76.563400252599394, 2.289393693761815 ], [ -76.563490068501537, 2.289393693761815 ], [ -76.563490068501537, 2.2894843194707 ], [ -76.563579884403666, 2.2894843194707 ], [ -76.563579884403666, 2.289393693761815 ], [ -76.563759516207952, 2.289393693761815 ], [ -76.563759516207952, 2.28930306805293 ], [ -76.563849332110095, 2.28930306805293 ], [ -76.563849332110095, 2.289031190926276 ], [ -76.563759516207952, 2.289031190926276 ], [ -76.563759516207952, 2.289121816635161 ], [ -76.563669700305809, 2.289121816635161 ], [ -76.563669700305809, 2.289212442344045 ], [ -76.563579884403666, 2.289212442344045 ], [ -76.563579884403666, 2.28930306805293 ], [ -76.56331043669725, 2.28930306805293 ], [ -76.56331043669725, 2.289212442344045 ], [ -76.563220620795107, 2.289212442344045 ], [ -76.563220620795107, 2.288759313799622 ], [ -76.56331043669725, 2.288759313799622 ], [ -76.56331043669725, 2.288487436672968 ], [ -76.563400252599394, 2.288487436672968 ], [ -76.563400252599394, 2.288396810964084 ], [ -76.563490068501537, 2.288396810964084 ], [ -76.563490068501537, 2.288124933837429 ], [ -76.563579884403666, 2.288124933837429 ], [ -76.563579884403666, 2.288034308128545 ], [ -76.563669700305809, 2.288034308128545 ], [ -76.563669700305809, 2.287853056710775 ], [ -76.563579884403666, 2.287853056710775 ], [ -76.563579884403666, 2.287671805293006 ], [ -76.563669700305809, 2.287671805293006 ], [ -76.563669700305809, 2.287581179584121 ], [ -76.563759516207952, 2.287581179584121 ], [ -76.563759516207952, 2.287309302457467 ], [ -76.564028963914367, 2.287309302457467 ], [ -76.564028963914367, 2.287490553875236 ], [ -76.564118779816511, 2.287490553875236 ], [ -76.564118779816511, 2.287581179584121 ], [ -76.564298411620797, 2.287581179584121 ], [ -76.564298411620797, 2.287128051039698 ], [ -76.564208595718654, 2.287128051039698 ], [ -76.564208595718654, 2.287037425330813 ], [ -76.564118779816511, 2.287037425330813 ], [ -76.564118779816511, 2.286674922495274 ], [ -76.564028963914367, 2.286674922495274 ], [ -76.564028963914367, 2.28658429678639 ], [ -76.564118779816511, 2.28658429678639 ], [ -76.564118779816511, 2.28640304536862 ], [ -76.564028963914367, 2.28640304536862 ], [ -76.564028963914367, 2.286493671077505 ], [ -76.563939148012238, 2.286493671077505 ], [ -76.563939148012238, 2.286221793950851 ], [ -76.563849332110095, 2.286221793950851 ], [ -76.563849332110095, 2.285949916824197 ], [ -76.563669700305809, 2.285949916824197 ], [ -76.563669700305809, 2.286040542533081 ], [ -76.563490068501537, 2.286040542533081 ], [ -76.563490068501537, 2.286131168241966 ], [ -76.56331043669725, 2.286131168241966 ], [ -76.56331043669725, 2.286221793950851 ], [ -76.563220620795107, 2.286221793950851 ], [ -76.563220620795107, 2.286493671077505 ], [ -76.56331043669725, 2.286493671077505 ], [ -76.56331043669725, 2.28640304536862 ], [ -76.563400252599394, 2.28640304536862 ], [ -76.563400252599394, 2.286765548204159 ], [ -76.56331043669725, 2.286765548204159 ], [ -76.56331043669725, 2.286856173913044 ], [ -76.563220620795107, 2.286856173913044 ], [ -76.563220620795107, 2.286946799621928 ], [ -76.563040988990821, 2.286946799621928 ], [ -76.563040988990821, 2.286856173913044 ], [ -76.562951173088692, 2.286856173913044 ], [ -76.562951173088692, 2.287399928166352 ], [ -76.563130804892964, 2.287399928166352 ], [ -76.563130804892964, 2.287309302457467 ], [ -76.56331043669725, 2.287309302457467 ], [ -76.56331043669725, 2.287581179584121 ], [ -76.563220620795107, 2.287581179584121 ], [ -76.563220620795107, 2.287671805293006 ], [ -76.563130804892964, 2.287671805293006 ], [ -76.563130804892964, 2.287853056710775 ], [ -76.563040988990821, 2.287853056710775 ], [ -76.563040988990821, 2.288034308128545 ], [ -76.562951173088692, 2.288034308128545 ], [ -76.562951173088692, 2.288306185255199 ], [ -76.562861357186549, 2.288306185255199 ], [ -76.562861357186549, 2.288396810964084 ], [ -76.562771541284405, 2.288396810964084 ], [ -76.562771541284405, 2.288668688090737 ], [ -76.562502093577976, 2.288668688090737 ], [ -76.562502093577976, 2.288759313799622 ], [ -76.562412277675847, 2.288759313799622 ], [ -76.562412277675847, 2.289031190926276 ], [ -76.562322461773704, 2.289031190926276 ], [ -76.562322461773704, 2.28930306805293 ], [ -76.562412277675847, 2.28930306805293 ], [ -76.562412277675847, 2.289393693761815 ], [ -76.562502093577976, 2.289393693761815 ], [ -76.562502093577976, 2.2894843194707 ], [ -76.562591909480119, 2.2894843194707 ], [ -76.562591909480119, 2.289574945179584 ], [ -76.562681725382262, 2.289574945179584 ], [ -76.562681725382262, 2.289846822306238 ], [ -76.562502093577976, 2.289846822306238 ], [ -76.562502093577976, 2.289665570888469 ], [ -76.562412277675847, 2.289665570888469 ], [ -76.562412277675847, 2.290028073724008 ], [ -76.562322461773704, 2.290028073724008 ], [ -76.562322461773704, 2.290209325141777 ], [ -76.561963198165145, 2.290209325141777 ], [ -76.561963198165145, 2.290390576559546 ], [ -76.561873382263002, 2.290390576559546 ], [ -76.561873382263002, 2.2906624536862 ], [ -76.561783566360859, 2.2906624536862 ], [ -76.561783566360859, 2.290753079395085 ], [ -76.561693750458716, 2.290753079395085 ], [ -76.561693750458716, 2.29084370510397 ], [ -76.561514118654429, 2.29084370510397 ], [ -76.561514118654429, 2.290934330812854 ], [ -76.561603934556572, 2.290934330812854 ], [ -76.561603934556572, 2.291024956521739 ], [ -76.561693750458716, 2.291024956521739 ], [ -76.561693750458716, 2.291115582230624 ], [ -76.561963198165145, 2.291115582230624 ], [ -76.561963198165145, 2.291024956521739 ], [ -76.562053014067274, 2.291024956521739 ], [ -76.562053014067274, 2.291206207939509 ], [ -76.562232645871561, 2.291206207939509 ], [ -76.562232645871561, 2.291115582230624 ], [ -76.562412277675847, 2.291115582230624 ], [ -76.562412277675847, 2.291206207939509 ], [ -76.562591909480119, 2.291206207939509 ], [ -76.562591909480119, 2.291296833648393 ], [ -76.562681725382262, 2.291296833648393 ], [ -76.562681725382262, 2.291387459357278 ], [ -76.562951173088692, 2.291387459357278 ], [ -76.562951173088692, 2.291478085066163 ], [ -76.563220620795107, 2.291478085066163 ], [ -76.563220620795107, 2.291568710775048 ], [ -76.56331043669725, 2.291568710775048 ], [ -76.56331043669725, 2.291478085066163 ], [ -76.563579884403666, 2.291478085066163 ], [ -76.563579884403666, 2.291568710775048 ], [ -76.563849332110095, 2.291568710775048 ], [ -76.563849332110095, 2.291478085066163 ], [ -76.564118779816511, 2.291478085066163 ], [ -76.564118779816511, 2.291568710775048 ], [ -76.564208595718654, 2.291568710775048 ], [ -76.564208595718654, 2.291478085066163 ], [ -76.564298411620797, 2.291478085066163 ], [ -76.564298411620797, 2.291568710775048 ], [ -76.56438822752294, 2.291568710775048 ] ], [ [ -76.562771541284405, 2.290299950850662 ], [ -76.562681725382262, 2.290299950850662 ], [ -76.562681725382262, 2.290118699432893 ], [ -76.562771541284405, 2.290118699432893 ], [ -76.562771541284405, 2.290299950850662 ] ], [ [ -76.562502093577976, 2.289212442344045 ], [ -76.562412277675847, 2.289212442344045 ], [ -76.562412277675847, 2.289031190926276 ], [ -76.562502093577976, 2.289031190926276 ], [ -76.562502093577976, 2.289212442344045 ] ], [ [ -76.563130804892964, 2.288759313799622 ], [ -76.563040988990821, 2.288759313799622 ], [ -76.563040988990821, 2.288578062381853 ], [ -76.563130804892964, 2.288578062381853 ], [ -76.563130804892964, 2.288487436672968 ], [ -76.563220620795107, 2.288487436672968 ], [ -76.563220620795107, 2.288668688090737 ], [ -76.563130804892964, 2.288668688090737 ], [ -76.563130804892964, 2.288759313799622 ] ], [ [ -76.562861357186549, 2.288759313799622 ], [ -76.562771541284405, 2.288759313799622 ], [ -76.562771541284405, 2.288668688090737 ], [ -76.562861357186549, 2.288668688090737 ], [ -76.562861357186549, 2.288759313799622 ] ], [ [ -76.563939148012238, 2.286946799621928 ], [ -76.563849332110095, 2.286946799621928 ], [ -76.563849332110095, 2.286856173913044 ], [ -76.563939148012238, 2.286856173913044 ], [ -76.563939148012238, 2.286946799621928 ] ], [ [ -76.564028963914367, 2.286856173913044 ], [ -76.563939148012238, 2.286856173913044 ], [ -76.563939148012238, 2.286765548204159 ], [ -76.564028963914367, 2.286765548204159 ], [ -76.564028963914367, 2.286856173913044 ] ], [ [ -76.563939148012238, 2.28658429678639 ], [ -76.563759516207952, 2.28658429678639 ], [ -76.563759516207952, 2.286493671077505 ], [ -76.563939148012238, 2.286493671077505 ], [ -76.563939148012238, 2.28658429678639 ] ] ] } },
{ "type": "Feature", "properties": { "value": 1, "State": "Burned", "Class": "Quemado", "IdxName": "NBR", "StartDate": "2025-09-27", "EndDate": "2025-09-28" }, "geometry": { "type": "Polygon", "coordinates": [ [ [ -76.576782822018345, 2.286131168241966 ], [ -76.576782822018345, 2.285949916824197 ], [ -76.576693006116216, 2.285949916824197 ], [ -76.576693006116216, 2.286131168241966 ], [ -76.576782822018345, 2.286131168241966 ] ] ] } },
{ "type": "Feature", "properties": { "value": 1, "State": "Burned", "Class": "Quemado", "IdxName": "NBR", "StartDate": "2025-09-27", "EndDate": "2025-09-28" }, "geometry": { "type": "Polygon", "coordinates": [ [ [ -76.650970757186542, 2.286040542533081 ], [ -76.650970757186542, 2.285949916824197 ], [ -76.650880941284413, 2.285949916824197 ], [ -76.650880941284413, 2.286040542533081 ], [ -76.650970757186542, 2.286040542533081 ] ] ] } },
{ "type": "Feature", "properties": { "value": 1, "State": "Burned", "Class": "Quemado", "IdxName": "NBR", "StartDate": "2025-09-27", "EndDate": "2025-09-28" }, "geometry": { "type": "Polygon", "coordinates": [ [ [ -76.576872637920488, 2.285949916824197 ], [ -76.576872637920488, 2.285859291115312 ], [ -76.576782822018345, 2.285859291115312 ], [ -76.576782822018345, 2.285949916824197 ], [ -76.576872637920488, 2.285949916824197 ] ] ] } },
{ "type": "Feature", "properties": { "value": 1, "State": "Burned", "Class": "Quemado", "IdxName": "NBR", "StartDate": "2025-09-27", "EndDate": "2025-09-28" }, "geometry": { "type": "Polygon", "coordinates": [ [ [ -76.650880941284413, 2.285949916824197 ], [ -76.650880941284413, 2.285768665406427 ], [ -76.65079112538227, 2.285768665406427 ], [ -76.65079112538227, 2.285949916824197 ], [ -76.650880941284413, 2.285949916824197 ] ] ] } },
{ "type": "Feature", "properties": { "value": 1, "State": "Burned", "Class": "Quemado", "IdxName": "NBR", "StartDate": "2025-09-27", "EndDate": "2025-09-28" }, "geometry": { "type": "Polygon", "coordinates": [ [ [ -76.639204874006126, 2.285859291115312 ], [ -76.639204874006126, 2.285768665406427 ], [ -76.639115058103982, 2.285768665406427 ], [ -76.639115058103982, 2.285859291115312 ], [ -76.639204874006126, 2.285859291115312 ] ] ] } },
{ "type": "Feature", "properties": { "value": 1, "State": "Burned", "Class": "Quemado", "IdxName": "NBR", "StartDate": "2025-09-27", "EndDate": "2025-09-28" }, "geometry": { "type": "Polygon", "coordinates": [ [ [ -76.626720463608564, 2.285859291115312 ], [ -76.626720463608564, 2.285768665406427 ], [ -76.626630647706421, 2.285768665406427 ], [ -76.626630647706421, 2.285859291115312 ], [ -76.626720463608564, 2.285859291115312 ] ] ] } },
{ "type": "Feature", "properties": { "value": 1, "State": "Burned", "Class": "Quemado", "IdxName": "NBR", "StartDate": "2025-09-27", "EndDate": "2025-09-28" }, "geometry": { "type": "Polygon", "coordinates": [ [ [ -76.601661826911311, 2.285859291115312 ], [ -76.601661826911311, 2.285768665406427 ], [ -76.601572011009182, 2.285768665406427 ], [ -76.601572011009182, 2.285859291115312 ], [ -76.601661826911311, 2.285859291115312 ] ] ] } },
{ "type": "Feature", "properties": { "value": 1, "State": "Burned", "Class": "Quemado", "IdxName": "NBR", "StartDate": "2025-09-27", "EndDate": "2025-09-28" }, "geometry": { "type": "Polygon", "coordinates": [ [ [ -76.537533272782881, 2.285859291115312 ], [ -76.537533272782881, 2.285768665406427 ], [ -76.537443456880737, 2.285768665406427 ], [ -76.537443456880737, 2.285859291115312 ], [ -76.537533272782881, 2.285859291115312 ] ] ] } },
{ "type": "Feature", "properties": { "value": 1, "State": "Burned", "Class": "Quemado", "IdxName": "NBR", "StartDate": "2025-09-27", "EndDate": "2025-09-28" }, "geometry": { "type": "Polygon", "coordinates": [ [ [ -76.650701309480127, 2.286040542533081 ], [ -76.650701309480127, 2.285768665406427 ], [ -76.65079112538227, 2.285768665406427 ], [ -76.65079112538227, 2.285678039697543 ], [ -76.65052167767584, 2.285678039697543 ], [ -76.65052167767584, 2.285768665406427 ], [ -76.650431861773697, 2.285768665406427 ], [ -76.650431861773697, 2.285949916824197 ], [ -76.65052167767584, 2.285949916824197 ], [ -76.65052167767584, 2.286040542533081 ], [ -76.650701309480127, 2.286040542533081 ] ] ] } },
{ "type": "Feature", "properties": { "value": 1, "State": "Burned", "Class": "Quemado", "IdxName": "NBR", "StartDate": "2025-09-27", "EndDate": "2025-09-28" }, "geometry": { "type": "Polygon", "coordinates": [ [ [ -76.626810279510707, 2.285768665406427 ], [ -76.626810279510707, 2.285678039697543 ], [ -76.626720463608564, 2.285678039697543 ], [ -76.626720463608564, 2.285768665406427 ], [ -76.626810279510707, 2.285768665406427 ] ] ] } },
{ "type": "Feature", "properties": { "value": 1, "State": "Burned", "Class": "Quemado", "IdxName": "NBR", "StartDate": "2025-09-27", "EndDate": "2025-09-28" }, "geometry": { "type": "Polygon", "coordinates": [ [ [ -76.621870404892974, 2.285768665406427 ], [ -76.621870404892974, 2.285678039697543 ], [ -76.621511141284401, 2.285678039697543 ], [ -76.621511141284401, 2.285768665406427 ], [ -76.621870404892974, 2.285768665406427 ] ] ] } },
{ "type": "Feature", "properties": { "value": 1, "State": "Burned", "Class": "Quemado", "IdxName": "NBR", "StartDate": "2025-09-27", "EndDate": "2025-09-28" }, "geometry": { "type": "Polygon", "coordinates": [ [ [ -76.639115058103982, 2.285768665406427 ], [ -76.639115058103982, 2.285587413988658 ], [ -76.639025242201839, 2.285587413988658 ], [ -76.639025242201839, 2.285768665406427 ], [ -76.639115058103982, 2.285768665406427 ] ] ] } },
{ "type": "Feature", "properties": { "value": 1, "State": "Burned", "Class": "Quemado", "IdxName": "NBR", "StartDate": "2025-09-27", "EndDate": "2025-09-28" }, "geometry": { "type": "Polygon", "coordinates": [ [ [ -76.621331509480129, 2.285678039697543 ], [ -76.621331509480129, 2.285587413988658 ], [ -76.621241693577986, 2.285587413988658 ], [ -76.621241693577986, 2.285678039697543 ], [ -76.621331509480129, 2.285678039697543 ] ] ] } },
{ "type": "Feature", "properties": { "value": 1, "State": "Burned", "Class": "Quemado", "IdxName": "NBR", "StartDate": "2025-09-27", "EndDate": "2025-09-28" }, "geometry": { "type": "Polygon", "coordinates": [ [ [ -76.529719289296636, 2.285768665406427 ], [ -76.529719289296636, 2.285496788279773 ], [ -76.529629473394493, 2.285496788279773 ], [ -76.529629473394493, 2.285768665406427 ], [ -76.529719289296636, 2.285768665406427 ] ] ] } },
{ "type": "Feature", "properties": { "value": 1, "State": "Burned", "Class": "Quemado", "IdxName": "NBR", "StartDate": "2025-09-27", "EndDate": "2025-09-28" }, "geometry": { "type": "Polygon", "coordinates": [ [ [ -76.563220620795107, 2.285587413988658 ], [ -76.563220620795107, 2.285496788279773 ], [ -76.563130804892964, 2.285496788279773 ], [ -76.563130804892964, 2.285587413988658 ], [ -76.563220620795107, 2.285587413988658 ] ] ] } },
{ "type": "Feature", "properties": { "value": 1, "State": "Burned", "Class": "Quemado", "IdxName": "NBR", "StartDate": "2025-09-27", "EndDate": "2025-09-28" }, "geometry": { "type": "Polygon", "coordinates": [ [ [ -76.518133037920492, 2.285587413988658 ], [ -76.518133037920492, 2.285496788279773 ], [ -76.518043222018349, 2.285496788279773 ], [ -76.518043222018349, 2.285587413988658 ], [ -76.518133037920492, 2.285587413988658 ] ] ] } },
{ "type": "Feature", "properties": { "value": 1, "State": "Burned", "Class": "Quemado", "IdxName": "NBR", "StartDate": "2025-09-27", "EndDate": "2025-09-28" }, "geometry": { "type": "Polygon", "coordinates": [ [ [ -76.531605423241587, 2.285768665406427 ], [ -76.531605423241587, 2.285678039697543 ], [ -76.531515607339443, 2.285678039697543 ], [ -76.531515607339443, 2.285406162570889 ], [ -76.531425791437314, 2.285406162570889 ], [ -76.531425791437314, 2.285768665406427 ], [ -76.531605423241587, 2.285768665406427 ] ] ] } },
{ "type": "Feature", "properties": { "value": 1, "State": "Burned", "Class": "Quemado", "IdxName": "NBR", "StartDate": "2025-09-27", "EndDate": "2025-09-28" }, "geometry": { "type": "Polygon", "coordinates": [ [ [ -76.529180393883792, 2.285678039697543 ], [ -76.529180393883792, 2.285496788279773 ], [ -76.529000762079505, 2.285496788279773 ], [ -76.529000762079505, 2.285406162570889 ], [ -76.528910946177376, 2.285406162570889 ], [ -76.528910946177376, 2.285587413988658 ], [ -76.529000762079505, 2.285587413988658 ], [ -76.529000762079505, 2.285678039697543 ], [ -76.529180393883792, 2.285678039697543 ] ] ] } },
{ "type": "Feature", "properties": { "value": 1, "State": "Burned", "Class": "Quemado", "IdxName": "NBR", "StartDate": "2025-09-27", "EndDate": "2025-09-28" }, "geometry": { "type": "Polygon", "coordinates": [ [ [ -76.621241693577986, 2.285587413988658 ], [ -76.621241693577986, 2.285406162570889 ], [ -76.621151877675842, 2.285406162570889 ], [ -76.621151877675842, 2.285587413988658 ], [ -76.621241693577986, 2.285587413988658 ] ] ] } },
{ "type": "Feature", "properties": { "value": 1, "State": "Burned", "Class": "Quemado", "IdxName": "NBR", "StartDate": "2025-09-27", "EndDate": "2025-09-28" }, "geometry": { "type": "Polygon", "coordinates": [ [ [ -76.561514118654429, 2.29084370510397 ], [ -76.561514118654429, 2.290481202268431 ], [ -76.561603934556572, 2.290481202268431 ], [ -76.561603934556572, 2.290299950850662 ], [ -76.561514118654429, 2.290299950850662 ], [ -76.561514118654429, 2.290028073724008 ], [ -76.561603934556572, 2.290028073724008 ], [ -76.561603934556572, 2.289937448015123 ], [ -76.561693750458716, 2.289937448015123 ], [ -76.561693750458716, 2.289846822306238 ], [ -76.561873382263002, 2.289846822306238 ], [ -76.561873382263002, 2.289756196597354 ], [ -76.561963198165145, 2.289756196597354 ], [ -76.561963198165145, 2.289665570888469 ], [ -76.562142829969417, 2.289665570888469 ], [ -76.562142829969417, 2.289393693761815 ], [ -76.562053014067274, 2.289393693761815 ], [ -76.562053014067274, 2.28930306805293 ], [ -76.561963198165145, 2.28930306805293 ], [ -76.561963198165145, 2.288940565217391 ], [ -76.562053014067274, 2.288940565217391 ], [ -76.562053014067274, 2.288759313799622 ], [ -76.561963198165145, 2.288759313799622 ], [ -76.561963198165145, 2.288578062381853 ], [ -76.562053014067274, 2.288578062381853 ], [ -76.562053014067274, 2.288396810964084 ], [ -76.562142829969417, 2.288396810964084 ], [ -76.562142829969417, 2.288215559546314 ], [ -76.562232645871561, 2.288215559546314 ], [ -76.562232645871561, 2.288034308128545 ], [ -76.562412277675847, 2.288034308128545 ], [ -76.562412277675847, 2.28794368241966 ], [ -76.562502093577976, 2.28794368241966 ], [ -76.562502093577976, 2.287671805293006 ], [ -76.562322461773704, 2.287671805293006 ], [ -76.562322461773704, 2.287490553875236 ], [ -76.562142829969417, 2.287490553875236 ], [ -76.562142829969417, 2.287399928166352 ], [ -76.562232645871561, 2.287399928166352 ], [ -76.562232645871561, 2.287309302457467 ], [ -76.562322461773704, 2.287309302457467 ], [ -76.562322461773704, 2.287037425330813 ], [ -76.562412277675847, 2.287037425330813 ], [ -76.562412277675847, 2.286946799621928 ], [ -76.562502093577976, 2.286946799621928 ], [ -76.562502093577976, 2.28658429678639 ], [ -76.562591909480119, 2.28658429678639 ], [ -76.562591909480119, 2.286674922495274 ], [ -76.562681725382262, 2.286674922495274 ], [ -76.562681725382262, 2.28658429678639 ], [ -76.562771541284405, 2.28658429678639 ], [ -76.562771541284405, 2.28640304536862 ], [ -76.562861357186549, 2.28640304536862 ], [ -76.562861357186549, 2.286312419659736 ], [ -76.562771541284405, 2.286312419659736 ], [ -76.562771541284405, 2.286131168241966 ], [ -76.562681725382262, 2.286131168241966 ], [ -76.562681725382262, 2.286312419659736 ], [ -76.562591909480119, 2.286312419659736 ], [ -76.562591909480119, 2.285949916824197 ], [ -76.562681725382262, 2.285949916824197 ], [ -76.562681725382262, 2.285768665406427 ], [ -76.562861357186549, 2.285768665406427 ], [ -76.562861357186549, 2.285587413988658 ], [ -76.562951173088692, 2.285587413988658 ], [ -76.562951173088692, 2.285406162570889 ], [ -76.562591909480119, 2.285406162570889 ], [ -76.562591909480119, 2.285496788279773 ], [ -76.562322461773704, 2.285496788279773 ], [ -76.562322461773704, 2.285949916824197 ], [ -76.562232645871561, 2.285949916824197 ], [ -76.562232645871561, 2.286131168241966 ], [ -76.562142829969417, 2.286131168241966 ], [ -76.562142829969417, 2.28658429678639 ], [ -76.562053014067274, 2.28658429678639 ], [ -76.562053014067274, 2.286946799621928 ], [ -76.561963198165145, 2.286946799621928 ], [ -76.561963198165145, 2.287581179584121 ], [ -76.561873382263002, 2.287581179584121 ], [ -76.561873382263002, 2.28794368241966 ], [ -76.561783566360859, 2.28794368241966 ], [ -76.561783566360859, 2.288034308128545 ], [ -76.561693750458716, 2.288034308128545 ], [ -76.561693750458716, 2.288124933837429 ], [ -76.561603934556572, 2.288124933837429 ], [ -76.561603934556572, 2.288215559546314 ], [ -76.5614243027523, 2.288215559546314 ], [ -76.5614243027523, 2.288306185255199 ], [ -76.561334486850157, 2.288306185255199 ], [ -76.561334486850157, 2.288396810964084 ], [ -76.561244670948014, 2.288396810964084 ], [ -76.561244670948014, 2.288578062381853 ], [ -76.561154855045871, 2.288578062381853 ], [ -76.561154855045871, 2.288759313799622 ], [ -76.561065039143728, 2.288759313799622 ], [ -76.561065039143728, 2.288849939508507 ], [ -76.560975223241584, 2.288849939508507 ], [ -76.560975223241584, 2.288940565217391 ], [ -76.560885407339455, 2.288940565217391 ], [ -76.560885407339455, 2.289121816635161 ], [ -76.560795591437312, 2.289121816635161 ], [ -76.560795591437312, 2.28930306805293 ], [ -76.560705775535169, 2.28930306805293 ], [ -76.560705775535169, 2.289393693761815 ], [ -76.560615959633026, 2.289393693761815 ], [ -76.560615959633026, 2.2894843194707 ], [ -76.560526143730883, 2.2894843194707 ], [ -76.560526143730883, 2.289846822306238 ], [ -76.560436327828754, 2.289846822306238 ], [ -76.560436327828754, 2.289937448015123 ], [ -76.560166880122324, 2.289937448015123 ], [ -76.560166880122324, 2.290028073724008 ], [ -76.560077064220181, 2.290028073724008 ], [ -76.560077064220181, 2.290118699432893 ], [ -76.559807616513766, 2.290118699432893 ], [ -76.559807616513766, 2.290028073724008 ], [ -76.559717800611622, 2.290028073724008 ], [ -76.559717800611622, 2.289846822306238 ], [ -76.559627984709479, 2.289846822306238 ], [ -76.559627984709479, 2.289756196597354 ], [ -76.559807616513766, 2.289756196597354 ], [ -76.559807616513766, 2.289212442344045 ], [ -76.559897432415909, 2.289212442344045 ], [ -76.559897432415909, 2.289121816635161 ], [ -76.559987248318038, 2.289121816635161 ], [ -76.559987248318038, 2.289031190926276 ], [ -76.560077064220181, 2.289031190926276 ], [ -76.560077064220181, 2.288940565217391 ], [ -76.560166880122324, 2.288940565217391 ], [ -76.560166880122324, 2.289121816635161 ], [ -76.560256696024467, 2.289121816635161 ], [ -76.560256696024467, 2.289031190926276 ], [ -76.56034651192661, 2.289031190926276 ], [ -76.56034651192661, 2.288940565217391 ], [ -76.560256696024467, 2.288940565217391 ], [ -76.560256696024467, 2.288668688090737 ], [ -76.560436327828754, 2.288668688090737 ], [ -76.560436327828754, 2.288578062381853 ], [ -76.56034651192661, 2.288578062381853 ], [ -76.56034651192661, 2.288487436672968 ], [ -76.560436327828754, 2.288487436672968 ], [ -76.560436327828754, 2.288396810964084 ], [ -76.560526143730883, 2.288396810964084 ], [ -76.560526143730883, 2.288306185255199 ], [ -76.560615959633026, 2.288306185255199 ], [ -76.560615959633026, 2.288215559546314 ], [ -76.560705775535169, 2.288215559546314 ], [ -76.560705775535169, 2.287853056710775 ], [ -76.560795591437312, 2.287853056710775 ], [ -76.560795591437312, 2.287671805293006 ], [ -76.560885407339455, 2.287671805293006 ], [ -76.560885407339455, 2.287581179584121 ], [ -76.560975223241584, 2.287581179584121 ], [ -76.560975223241584, 2.287399928166352 ], [ -76.561065039143728, 2.287399928166352 ], [ -76.561065039143728, 2.287218676748582 ], [ -76.561154855045871, 2.287218676748582 ], [ -76.561154855045871, 2.287128051039698 ], [ -76.561244670948014, 2.287128051039698 ], [ -76.561244670948014, 2.286946799621928 ], [ -76.561334486850157, 2.286946799621928 ], [ -76.561334486850157, 2.286765548204159 ], [ -76.5614243027523, 2.286765548204159 ], [ -76.5614243027523, 2.286674922495274 ], [ -76.561334486850157, 2.286674922495274 ], [ -76.561334486850157, 2.28658429678639 ], [ -76.5614243027523, 2.28658429678639 ], [ -76.5614243027523, 2.286493671077505 ], [ -76.561514118654429, 2.286493671077505 ], [ -76.561514118654429, 2.28640304536862 ], [ -76.561603934556572, 2.28640304536862 ], [ -76.561603934556572, 2.286312419659736 ], [ -76.561693750458716, 2.286312419659736 ], [ -76.561693750458716, 2.286221793950851 ], [ -76.561783566360859, 2.286221793950851 ], [ -76.561783566360859, 2.285949916824197 ], [ -76.561963198165145, 2.285949916824197 ], [ -76.561963198165145, 2.285496788279773 ], [ -76.561873382263002, 2.285496788279773 ], [ -76.561873382263002, 2.285406162570889 ], [ -76.561693750458716, 2.285406162570889 ], [ -76.561693750458716, 2.285587413988658 ], [ -76.561603934556572, 2.285587413988658 ], [ -76.561603934556572, 2.285768665406427 ], [ -76.5614243027523, 2.285768665406427 ], [ -76.5614243027523, 2.285859291115312 ], [ -76.561334486850157, 2.285859291115312 ], [ -76.561334486850157, 2.285949916824197 ], [ -76.561154855045871, 2.285949916824197 ], [ -76.561154855045871, 2.286040542533081 ], [ -76.561065039143728, 2.286040542533081 ], [ -76.561065039143728, 2.286131168241966 ], [ -76.560795591437312, 2.286131168241966 ], [ -76.560795591437312, 2.286221793950851 ], [ -76.560705775535169, 2.286221793950851 ], [ -76.560705775535169, 2.286312419659736 ], [ -76.560615959633026, 2.286312419659736 ], [ -76.560615959633026, 2.28640304536862 ], [ -76.560526143730883, 2.28640304536862 ], [ -76.560526143730883, 2.286493671077505 ], [ -76.560436327828754, 2.286493671077505 ], [ -76.560436327828754, 2.287490553875236 ], [ -76.560256696024467, 2.287490553875236 ], [ -76.560256696024467, 2.287399928166352 ], [ -76.560166880122324, 2.287399928166352 ], [ -76.560166880122324, 2.287581179584121 ], [ -76.560077064220181, 2.287581179584121 ], [ -76.560077064220181, 2.287309302457467 ], [ -76.559987248318038, 2.287309302457467 ], [ -76.559987248318038, 2.287128051039698 ], [ -76.560077064220181, 2.287128051039698 ], [ -76.560077064220181, 2.28658429678639 ], [ -76.560166880122324, 2.28658429678639 ], [ -76.560166880122324, 2.28640304536862 ], [ -76.559987248318038, 2.28640304536862 ], [ -76.559987248318038, 2.286493671077505 ], [ -76.559897432415909, 2.286493671077505 ], [ -76.559897432415909, 2.286765548204159 ], [ -76.559807616513766, 2.286765548204159 ], [ -76.559807616513766, 2.286946799621928 ], [ -76.559627984709479, 2.286946799621928 ], [ -76.559627984709479, 2.286856173913044 ], [ -76.559538168807336, 2.286856173913044 ], [ -76.559538168807336, 2.287037425330813 ], [ -76.559448352905193, 2.287037425330813 ], [ -76.559448352905193, 2.287218676748582 ], [ -76.559358537003064, 2.287218676748582 ], [ -76.559358537003064, 2.287309302457467 ], [ -76.559268721100921, 2.287309302457467 ], [ -76.559268721100921, 2.287581179584121 ], [ -76.559178905198777, 2.287581179584121 ], [ -76.559178905198777, 2.288215559546314 ], [ -76.559089089296634, 2.288215559546314 ], [ -76.559089089296634, 2.288396810964084 ], [ -76.559268721100921, 2.288396810964084 ], [ -76.559268721100921, 2.288668688090737 ], [ -76.559178905198777, 2.288668688090737 ], [ -76.559178905198777, 2.288849939508507 ], [ -76.559268721100921, 2.288849939508507 ], [ -76.559268721100921, 2.288940565217391 ], [ -76.559178905198777, 2.288940565217391 ], [ -76.559178905198777, 2.289031190926276 ], [ -76.559089089296634, 2.289031190926276 ], [ -76.559089089296634, 2.288940565217391 ], [ -76.558909457492362, 2.288940565217391 ], [ -76.558909457492362, 2.289121816635161 ], [ -76.558819641590219, 2.289121816635161 ], [ -76.558819641590219, 2.28930306805293 ], [ -76.558729825688076, 2.28930306805293 ], [ -76.558729825688076, 2.289393693761815 ], [ -76.558640009785933, 2.289393693761815 ], [ -76.558640009785933, 2.2894843194707 ], [ -76.558550193883789, 2.2894843194707 ], [ -76.558550193883789, 2.289665570888469 ], [ -76.558460377981646, 2.289665570888469 ], [ -76.558460377981646, 2.289756196597354 ], [ -76.558550193883789, 2.289756196597354 ], [ -76.558550193883789, 2.289846822306238 ], [ -76.558460377981646, 2.289846822306238 ], [ -76.558460377981646, 2.290118699432893 ], [ -76.558370562079517, 2.290118699432893 ], [ -76.558370562079517, 2.290209325141777 ], [ -76.558550193883789, 2.290209325141777 ], [ -76.558550193883789, 2.290390576559546 ], [ -76.558460377981646, 2.290390576559546 ], [ -76.558460377981646, 2.290481202268431 ], [ -76.558190930275231, 2.290481202268431 ], [ -76.558190930275231, 2.290571827977316 ], [ -76.558101114373088, 2.290571827977316 ], [ -76.558101114373088, 2.2906624536862 ], [ -76.558280746177374, 2.2906624536862 ], [ -76.558280746177374, 2.290753079395085 ], [ -76.558370562079517, 2.290753079395085 ], [ -76.558370562079517, 2.2906624536862 ], [ -76.558460377981646, 2.2906624536862 ], [ -76.558460377981646, 2.290571827977316 ], [ -76.558729825688076, 2.290571827977316 ], [ -76.558729825688076, 2.290481202268431 ], [ -76.558819641590219, 2.290481202268431 ], [ -76.558819641590219, 2.290390576559546 ], [ -76.558909457492362, 2.290390576559546 ], [ -76.558909457492362, 2.290299950850662 ], [ -76.558999273394491, 2.290299950850662 ], [ -76.558999273394491, 2.290209325141777 ], [ -76.559268721100921, 2.290209325141777 ], [ -76.559268721100921, 2.290299950850662 ], [ -76.559358537003064, 2.290299950850662 ], [ -76.559358537003064, 2.290571827977316 ], [ -76.559538168807336, 2.290571827977316 ], [ -76.559538168807336, 2.2906624536862 ], [ -76.559717800611622, 2.2906624536862 ], [ -76.559717800611622, 2.290753079395085 ], [ -76.559897432415909, 2.290753079395085 ], [ -76.559897432415909, 2.2906624536862 ], [ -76.559987248318038, 2.2906624536862 ], [ -76.559987248318038, 2.290571827977316 ], [ -76.560077064220181, 2.290571827977316 ], [ -76.560077064220181, 2.290481202268431 ], [ -76.560166880122324, 2.290481202268431 ], [ -76.560166880122324, 2.290390576559546 ], [ -76.560256696024467, 2.290390576559546 ], [ -76.560256696024467, 2.290299950850662 ], [ -76.56034651192661, 2.290299950850662 ], [ -76.56034651192661, 2.290209325141777 ], [ -76.560436327828754, 2.290209325141777 ], [ -76.560436327828754, 2.290299950850662 ], [ -76.560615959633026, 2.290299950850662 ], [ -76.560615959633026, 2.290390576559546 ], [ -76.561154855045871, 2.290390576559546 ], [ -76.561154855045871, 2.290571827977316 ], [ -76.560885407339455, 2.290571827977316 ], [ -76.560885407339455, 2.290481202268431 ], [ -76.56034651192661, 2.290481202268431 ], [ -76.56034651192661, 2.290571827977316 ], [ -76.560256696024467, 2.290571827977316 ], [ -76.560256696024467, 2.2906624536862 ], [ -76.560077064220181, 2.2906624536862 ], [ -76.560077064220181, 2.290753079395085 ], [ -76.560885407339455, 2.290753079395085 ], [ -76.560885407339455, 2.2906624536862 ], [ -76.561244670948014, 2.2906624536862 ], [ -76.561244670948014, 2.290753079395085 ], [ -76.5614243027523, 2.290753079395085 ], [ -76.5614243027523, 2.29084370510397 ], [ -76.561514118654429, 2.29084370510397 ] ], [ [ -76.561244670948014, 2.289846822306238 ], [ -76.561154855045871, 2.289846822306238 ], [ -76.561154855045871, 2.289665570888469 ], [ -76.561334486850157, 2.289665570888469 ], [ -76.561334486850157, 2.289756196597354 ], [ -76.561244670948014, 2.289756196597354 ], [ -76.561244670948014, 2.289846822306238 ] ], [ [ -76.559627984709479, 2.288215559546314 ], [ -76.559538168807336, 2.288215559546314 ], [ -76.559538168807336, 2.288124933837429 ], [ -76.559627984709479, 2.288124933837429 ], [ -76.559627984709479, 2.288215559546314 ] ], [ [ -76.559987248318038, 2.288034308128545 ], [ -76.559897432415909, 2.288034308128545 ], [ -76.559897432415909, 2.28794368241966 ], [ -76.559807616513766, 2.28794368241966 ], [ -76.559807616513766, 2.28776243100189 ], [ -76.559717800611622, 2.28776243100189 ], [ -76.559717800611622, 2.287671805293006 ], [ -76.559627984709479, 2.287671805293006 ], [ -76.559627984709479, 2.287581179584121 ], [ -76.559807616513766, 2.287581179584121 ], [ -76.559807616513766, 2.287490553875236 ], [ -76.559897432415909, 2.287490553875236 ], [ -76.559897432415909, 2.287581179584121 ], [ -76.559987248318038, 2.287581179584121 ], [ -76.559987248318038, 2.287671805293006 ], [ -76.560077064220181, 2.287671805293006 ], [ -76.560077064220181, 2.28776243100189 ], [ -76.560166880122324, 2.28776243100189 ], [ -76.560166880122324, 2.287853056710775 ], [ -76.560077064220181, 2.287853056710775 ], [ -76.560077064220181, 2.28794368241966 ], [ -76.559987248318038, 2.28794368241966 ], [ -76.559987248318038, 2.288034308128545 ] ] ] } },
{ "type": "Feature", "properties": { "value": 1, "State": "Burned", "Class": "Quemado", "IdxName": "NBR", "StartDate": "2025-09-27", "EndDate": "2025-09-28" }, "geometry": { "type": "Polygon", "coordinates": [ [ [ -76.621062061773699, 2.285496788279773 ], [ -76.621062061773699, 2.285406162570889 ], [ -76.620972245871556, 2.285406162570889 ], [ -76.620972245871556, 2.285496788279773 ], [ -76.621062061773699, 2.285496788279773 ] ] ] } },
{ "type": "Feature", "properties": { "value": 1, "State": "Burned", "Class": "Quemado", "IdxName": "NBR", "StartDate": "2025-09-27", "EndDate": "2025-09-28" }, "geometry": { "type": "Polygon", "coordinates": [ [ [ -76.621151877675842, 2.285406162570889 ], [ -76.621151877675842, 2.285315536862004 ], [ -76.621062061773699, 2.285315536862004 ], [ -76.621062061773699, 2.285406162570889 ], [ -76.621151877675842, 2.285406162570889 ] ] ] } },
{ "type": "Feature", "properties": { "value": 1, "State": "Burned", "Class": "Quemado", "IdxName": "NBR", "StartDate": "2025-09-27", "EndDate": "2025-09-28" }, "geometry": { "type": "Polygon", "coordinates": [ [ [ -76.538161984097854, 2.285406162570889 ], [ -76.538161984097854, 2.285315536862004 ], [ -76.538072168195725, 2.285315536862004 ], [ -76.538072168195725, 2.285406162570889 ], [ -76.538161984097854, 2.285406162570889 ] ] ] } },
{ "type": "Feature", "properties": { "value": 1, "State": "Burned", "Class": "Quemado", "IdxName": "NBR", "StartDate": "2025-09-27", "EndDate": "2025-09-28" }, "geometry": { "type": "Polygon", "coordinates": [ [ [ -76.563130804892964, 2.285406162570889 ], [ -76.563130804892964, 2.285315536862004 ], [ -76.563040988990821, 2.285315536862004 ], [ -76.563040988990821, 2.285224911153119 ], [ -76.562951173088692, 2.285224911153119 ], [ -76.562951173088692, 2.285406162570889 ], [ -76.563130804892964, 2.285406162570889 ] ] ] } },
{ "type": "Feature", "properties": { "value": 1, "State": "Burned", "Class": "Quemado", "IdxName": "NBR", "StartDate": "2025-09-27", "EndDate": "2025-09-28" }, "geometry": { "type": "Polygon", "coordinates": [ [ [ -76.621062061773699, 2.285315536862004 ], [ -76.621062061773699, 2.285224911153119 ], [ -76.620972245871556, 2.285224911153119 ], [ -76.620972245871556, 2.285315536862004 ], [ -76.621062061773699, 2.285315536862004 ] ] ] } },
{ "type": "Feature", "properties": { "value": 1, "State": "Burned", "Class": "Quemado", "IdxName": "NBR", "StartDate": "2025-09-27", "EndDate": "2025-09-28" }, "geometry": { "type": "Polygon", "coordinates": [ [ [ -76.562861357186549, 2.285315536862004 ], [ -76.562861357186549, 2.285224911153119 ], [ -76.562771541284405, 2.285224911153119 ], [ -76.562771541284405, 2.285315536862004 ], [ -76.562861357186549, 2.285315536862004 ] ] ] } },
{ "type": "Feature", "properties": { "value": 1, "State": "Burned", "Class": "Quemado", "IdxName": "NBR", "StartDate": "2025-09-27", "EndDate": "2025-09-28" }, "geometry": { "type": "Polygon", "coordinates": [ [ [ -76.538521247706427, 2.285315536862004 ], [ -76.538521247706427, 2.285224911153119 ], [ -76.538431431804284, 2.285224911153119 ], [ -76.538431431804284, 2.285315536862004 ], [ -76.538521247706427, 2.285315536862004 ] ] ] } },
{ "type": "Feature", "properties": { "value": 1, "State": "Burned", "Class": "Quemado", "IdxName": "NBR", "StartDate": "2025-09-27", "EndDate": "2025-09-28" }, "geometry": { "type": "Polygon", "coordinates": [ [ [ -76.620972245871556, 2.285224911153119 ], [ -76.620972245871556, 2.285134285444235 ], [ -76.620882429969427, 2.285134285444235 ], [ -76.620882429969427, 2.285224911153119 ], [ -76.620972245871556, 2.285224911153119 ] ] ] } },
{ "type": "Feature", "properties": { "value": 1, "State": "Burned", "Class": "Quemado", "IdxName": "NBR", "StartDate": "2025-09-27", "EndDate": "2025-09-28" }, "geometry": { "type": "Polygon", "coordinates": [ [ [ -76.56331043669725, 2.285224911153119 ], [ -76.56331043669725, 2.285134285444235 ], [ -76.563220620795107, 2.285134285444235 ], [ -76.563220620795107, 2.285224911153119 ], [ -76.56331043669725, 2.285224911153119 ] ] ] } },
{ "type": "Feature", "properties": { "value": 1, "State": "Burned", "Class": "Quemado", "IdxName": "NBR", "StartDate": "2025-09-27", "EndDate": "2025-09-28" }, "geometry": { "type": "Polygon", "coordinates": [ [ [ -76.620792614067284, 2.285134285444235 ], [ -76.620792614067284, 2.28504365973535 ], [ -76.620702798165141, 2.28504365973535 ], [ -76.620702798165141, 2.285134285444235 ], [ -76.620792614067284, 2.285134285444235 ] ] ] } },
{ "type": "Feature", "properties": { "value": 1, "State": "Burned", "Class": "Quemado", "IdxName": "NBR", "StartDate": "2025-09-27", "EndDate": "2025-09-28" }, "geometry": { "type": "Polygon", "coordinates": [ [ [ -76.531066527828742, 2.285587413988658 ], [ -76.531066527828742, 2.285496788279773 ], [ -76.531156343730885, 2.285496788279773 ], [ -76.531156343730885, 2.285406162570889 ], [ -76.531246159633028, 2.285406162570889 ], [ -76.531246159633028, 2.285315536862004 ], [ -76.531066527828742, 2.285315536862004 ], [ -76.531066527828742, 2.28504365973535 ], [ -76.530976711926613, 2.28504365973535 ], [ -76.530976711926613, 2.284953034026465 ], [ -76.530886896024469, 2.284953034026465 ], [ -76.530886896024469, 2.28504365973535 ], [ -76.530797080122326, 2.28504365973535 ], [ -76.530797080122326, 2.285134285444235 ], [ -76.530707264220183, 2.285134285444235 ], [ -76.530707264220183, 2.285315536862004 ], [ -76.53061744831804, 2.285315536862004 ], [ -76.53061744831804, 2.285496788279773 ], [ -76.530707264220183, 2.285496788279773 ], [ -76.530707264220183, 2.285587413988658 ], [ -76.531066527828742, 2.285587413988658 ] ] ] } },
{ "type": "Feature", "properties": { "value": 1, "State": "Burned", "Class": "Quemado", "IdxName": "NBR", "StartDate": "2025-09-27", "EndDate": "2025-09-28" }, "geometry": { "type": "Polygon", "coordinates": [ [ [ -76.563400252599394, 2.285134285444235 ], [ -76.563400252599394, 2.284953034026465 ], [ -76.56331043669725, 2.284953034026465 ], [ -76.56331043669725, 2.285134285444235 ], [ -76.563400252599394, 2.285134285444235 ] ] ] } },
{ "type": "Feature", "properties": { "value": 1, "State": "Burned", "Class": "Quemado", "IdxName": "NBR", "StartDate": "2025-09-27", "EndDate": "2025-09-28" }, "geometry": { "type": "Polygon", "coordinates": [ [ [ -76.538611063608556, 2.28504365973535 ], [ -76.538611063608556, 2.284953034026465 ], [ -76.538521247706427, 2.284953034026465 ], [ -76.538521247706427, 2.28504365973535 ], [ -76.538611063608556, 2.28504365973535 ] ] ] } },
{ "type": "Feature", "properties": { "value": 1, "State": "Burned", "Class": "Quemado", "IdxName": "NBR", "StartDate": "2025-09-27", "EndDate": "2025-09-28" }, "geometry": { "type": "Polygon", "coordinates": [ [ [ -76.620702798165141, 2.284953034026465 ], [ -76.620702798165141, 2.284862408317581 ], [ -76.620612982262998, 2.284862408317581 ], [ -76.620612982262998, 2.284953034026465 ], [ -76.620702798165141, 2.284953034026465 ] ] ] } },
{ "type": "Feature", "properties": { "value": 1, "State": "Burned", "Class": "Quemado", "IdxName": "NBR", "StartDate": "2025-09-27", "EndDate": "2025-09-28" }, "geometry": { "type": "Polygon", "coordinates": [ [ [ -76.563579884403666, 2.284953034026465 ], [ -76.563579884403666, 2.284862408317581 ], [ -76.563490068501537, 2.284862408317581 ], [ -76.563490068501537, 2.284771782608696 ], [ -76.563400252599394, 2.284771782608696 ], [ -76.563400252599394, 2.284953034026465 ], [ -76.563579884403666, 2.284953034026465 ] ] ] } },
{ "type": "Feature", "properties": { "value": 1, "State": "Burned", "Class": "Quemado", "IdxName": "NBR", "StartDate": "2025-09-27", "EndDate": "2025-09-28" }, "geometry": { "type": "Polygon", "coordinates": [ [ [ -76.54534725626911, 2.284862408317581 ], [ -76.54534725626911, 2.284771782608696 ], [ -76.545167624464838, 2.284771782608696 ], [ -76.545167624464838, 2.284862408317581 ], [ -76.54534725626911, 2.284862408317581 ] ] ] } },
{ "type": "Feature", "properties": { "value": 1, "State": "Burned", "Class": "Quemado", "IdxName": "NBR", "StartDate": "2025-09-27", "EndDate": "2025-09-28" }, "geometry": { "type": "Polygon", "coordinates": [ [ [ -76.538880511314986, 2.284862408317581 ], [ -76.538880511314986, 2.284771782608696 ], [ -76.538790695412843, 2.284771782608696 ], [ -76.538790695412843, 2.284862408317581 ], [ -76.538880511314986, 2.284862408317581 ] ] ] } },
{ "type": "Feature", "properties": { "value": 1, "State": "Burned", "Class": "Quemado", "IdxName": "NBR", "StartDate": "2025-09-27", "EndDate": "2025-09-28" }, "geometry": { "type": "Polygon", "coordinates": [ [ [ -76.538970327217129, 2.284771782608696 ], [ -76.538970327217129, 2.284681156899811 ], [ -76.538880511314986, 2.284681156899811 ], [ -76.538880511314986, 2.284771782608696 ], [ -76.538970327217129, 2.284771782608696 ] ] ] } },
{ "type": "Feature", "properties": { "value": 1, "State": "Burned", "Class": "Quemado", "IdxName": "NBR", "StartDate": "2025-09-27", "EndDate": "2025-09-28" }, "geometry": { "type": "Polygon", "coordinates": [ [ [ -76.539868486238532, 2.284681156899811 ], [ -76.539868486238532, 2.284590531190926 ], [ -76.539778670336389, 2.284590531190926 ], [ -76.539778670336389, 2.284681156899811 ], [ -76.539868486238532, 2.284681156899811 ] ] ] } },
{ "type": "Feature", "properties": { "value": 1, "State": "Burned", "Class": "Quemado", "IdxName": "NBR", "StartDate": "2025-09-27", "EndDate": "2025-09-28" }, "geometry": { "type": "Polygon", "coordinates": [ [ [ -76.535467507033644, 2.284681156899811 ], [ -76.535467507033644, 2.284499905482042 ], [ -76.534838795718656, 2.284499905482042 ], [ -76.534838795718656, 2.284590531190926 ], [ -76.535198059327215, 2.284590531190926 ], [ -76.535198059327215, 2.284681156899811 ], [ -76.535467507033644, 2.284681156899811 ] ] ] } },
{ "type": "Feature", "properties": { "value": 1, "State": "Burned", "Class": "Quemado", "IdxName": "NBR", "StartDate": "2025-09-27", "EndDate": "2025-09-28" }, "geometry": { "type": "Polygon", "coordinates": [ [ [ -76.539958302140676, 2.284590531190926 ], [ -76.539958302140676, 2.284499905482042 ], [ -76.539868486238532, 2.284499905482042 ], [ -76.539868486238532, 2.284590531190926 ], [ -76.539958302140676, 2.284590531190926 ] ] ] } },
{ "type": "Feature", "properties": { "value": 1, "State": "Burned", "Class": "Quemado", "IdxName": "NBR", "StartDate": "2025-09-27", "EndDate": "2025-09-28" }, "geometry": { "type": "Polygon", "coordinates": [ [ [ -76.539688854434246, 2.284771782608696 ], [ -76.539688854434246, 2.284590531190926 ], [ -76.539778670336389, 2.284590531190926 ], [ -76.539778670336389, 2.284499905482042 ], [ -76.539509222629974, 2.284499905482042 ], [ -76.539509222629974, 2.284681156899811 ], [ -76.539599038532117, 2.284681156899811 ], [ -76.539599038532117, 2.284771782608696 ], [ -76.539688854434246, 2.284771782608696 ] ] ] } },
{ "type": "Feature", "properties": { "value": 1, "State": "Burned", "Class": "Quemado", "IdxName": "NBR", "StartDate": "2025-09-27", "EndDate": "2025-09-28" }, "geometry": { "type": "Polygon", "coordinates": [ [ [ -76.620343534556582, 2.284499905482042 ], [ -76.620343534556582, 2.284409279773157 ], [ -76.620163902752296, 2.284409279773157 ], [ -76.620163902752296, 2.284499905482042 ], [ -76.620343534556582, 2.284499905482042 ] ] ] } },
{ "type": "Feature", "properties": { "value": 1, "State": "Burned", "Class": "Quemado", "IdxName": "NBR", "StartDate": "2025-09-27", "EndDate": "2025-09-28" }, "geometry": { "type": "Polygon", "coordinates": [ [ [ -76.620163902752296, 2.284409279773157 ], [ -76.620163902752296, 2.284318654064272 ], [ -76.620074086850153, 2.284318654064272 ], [ -76.620074086850153, 2.284409279773157 ], [ -76.620163902752296, 2.284409279773157 ] ] ] } },
{ "type": "Feature", "properties": { "value": 1, "State": "Burned", "Class": "Quemado", "IdxName": "NBR", "StartDate": "2025-09-27", "EndDate": "2025-09-28" }, "geometry": { "type": "Polygon", "coordinates": [ [ [ -76.540137933944948, 2.284409279773157 ], [ -76.540137933944948, 2.284318654064272 ], [ -76.540048118042819, 2.284318654064272 ], [ -76.540048118042819, 2.284409279773157 ], [ -76.540137933944948, 2.284409279773157 ] ] ] } },
{ "type": "Feature", "properties": { "value": 1, "State": "Burned", "Class": "Quemado", "IdxName": "NBR", "StartDate": "2025-09-27", "EndDate": "2025-09-28" }, "geometry": { "type": "Polygon", "coordinates": [ [ [ -76.620792614067284, 2.284771782608696 ], [ -76.620792614067284, 2.284681156899811 ], [ -76.620882429969427, 2.284681156899811 ], [ -76.620882429969427, 2.284499905482042 ], [ -76.620972245871556, 2.284499905482042 ], [ -76.620972245871556, 2.284318654064272 ], [ -76.620792614067284, 2.284318654064272 ], [ -76.620792614067284, 2.284228028355388 ], [ -76.620523166360854, 2.284228028355388 ], [ -76.620523166360854, 2.284409279773157 ], [ -76.620612982262998, 2.284409279773157 ], [ -76.620612982262998, 2.284499905482042 ], [ -76.620523166360854, 2.284499905482042 ], [ -76.620523166360854, 2.284590531190926 ], [ -76.620433350458711, 2.284590531190926 ], [ -76.620433350458711, 2.284499905482042 ], [ -76.620343534556582, 2.284499905482042 ], [ -76.620343534556582, 2.284681156899811 ], [ -76.620523166360854, 2.284681156899811 ], [ -76.620523166360854, 2.284771782608696 ], [ -76.620612982262998, 2.284771782608696 ], [ -76.620612982262998, 2.284681156899811 ], [ -76.620702798165141, 2.284681156899811 ], [ -76.620702798165141, 2.284771782608696 ], [ -76.620792614067284, 2.284771782608696 ] ], [ [ -76.620882429969427, 2.284499905482042 ], [ -76.620792614067284, 2.284499905482042 ], [ -76.620792614067284, 2.284409279773157 ], [ -76.620882429969427, 2.284409279773157 ], [ -76.620882429969427, 2.284499905482042 ] ] ] } },
{ "type": "Feature", "properties": { "value": 1, "State": "Burned", "Class": "Quemado", "IdxName": "NBR", "StartDate": "2025-09-27", "EndDate": "2025-09-28" }, "geometry": { "type": "Polygon", "coordinates": [ [ [ -76.620074086850153, 2.284228028355388 ], [ -76.620074086850153, 2.284137402646503 ], [ -76.619984270948009, 2.284137402646503 ], [ -76.619984270948009, 2.284228028355388 ], [ -76.620074086850153, 2.284228028355388 ] ] ] } },
{ "type": "Feature", "properties": { "value": 1, "State": "Burned", "Class": "Quemado", "IdxName": "NBR", "StartDate": "2025-09-27", "EndDate": "2025-09-28" }, "geometry": { "type": "Polygon", "coordinates": [ [ [ -76.574986503975538, 2.284318654064272 ], [ -76.574986503975538, 2.284137402646503 ], [ -76.574896688073395, 2.284137402646503 ], [ -76.574896688073395, 2.284046776937618 ], [ -76.574806872171251, 2.284046776937618 ], [ -76.574806872171251, 2.284228028355388 ], [ -76.574896688073395, 2.284228028355388 ], [ -76.574896688073395, 2.284318654064272 ], [ -76.574986503975538, 2.284318654064272 ] ] ] } },
{ "type": "Feature", "properties": { "value": 1, "State": "Burned", "Class": "Quemado", "IdxName": "NBR", "StartDate": "2025-09-27", "EndDate": "2025-09-28" }, "geometry": { "type": "Polygon", "coordinates": [ [ [ -76.619984270948009, 2.284137402646503 ], [ -76.619984270948009, 2.284046776937618 ], [ -76.61989445504588, 2.284046776937618 ], [ -76.61989445504588, 2.284137402646503 ], [ -76.619984270948009, 2.284137402646503 ] ] ] } },
{ "type": "Feature", "properties": { "value": 1, "State": "Burned", "Class": "Quemado", "IdxName": "NBR", "StartDate": "2025-09-27", "EndDate": "2025-09-28" }, "geometry": { "type": "Polygon", "coordinates": [ [ [ -76.540137933944948, 2.284137402646503 ], [ -76.540137933944948, 2.284046776937618 ], [ -76.540048118042819, 2.284046776937618 ], [ -76.540048118042819, 2.284137402646503 ], [ -76.540137933944948, 2.284137402646503 ] ] ] } },
{ "type": "Feature", "properties": { "value": 1, "State": "Burned", "Class": "Quemado", "IdxName": "NBR", "StartDate": "2025-09-27", "EndDate": "2025-09-28" }, "geometry": { "type": "Polygon", "coordinates": [ [ [ -76.619804639143737, 2.283865525519849 ], [ -76.619804639143737, 2.283774899810964 ], [ -76.619714823241594, 2.283774899810964 ], [ -76.619714823241594, 2.283865525519849 ], [ -76.619804639143737, 2.283865525519849 ] ] ] } },
{ "type": "Feature", "properties": { "value": 1, "State": "Burned", "Class": "Quemado", "IdxName": "NBR", "StartDate": "2025-09-27", "EndDate": "2025-09-28" }, "geometry": { "type": "Polygon", "coordinates": [ [ [ -76.539958302140676, 2.284046776937618 ], [ -76.539958302140676, 2.28368427410208 ], [ -76.539688854434246, 2.28368427410208 ], [ -76.539688854434246, 2.283865525519849 ], [ -76.539868486238532, 2.283865525519849 ], [ -76.539868486238532, 2.284046776937618 ], [ -76.539958302140676, 2.284046776937618 ] ] ] } },
{ "type": "Feature", "properties": { "value": 1, "State": "Burned", "Class": "Quemado", "IdxName": "NBR", "StartDate": "2025-09-27", "EndDate": "2025-09-28" }, "geometry": { "type": "Polygon", "coordinates": [ [ [ -76.619714823241594, 2.283593648393195 ], [ -76.619714823241594, 2.28350302268431 ], [ -76.619625007339451, 2.28350302268431 ], [ -76.619625007339451, 2.283593648393195 ], [ -76.619714823241594, 2.283593648393195 ] ] ] } },
{ "type": "Feature", "properties": { "value": 1, "State": "Burned", "Class": "Quemado", "IdxName": "NBR", "StartDate": "2025-09-27", "EndDate": "2025-09-28" }, "geometry": { "type": "Polygon", "coordinates": [ [ [ -76.539688854434246, 2.283593648393195 ], [ -76.539688854434246, 2.28350302268431 ], [ -76.539599038532117, 2.28350302268431 ], [ -76.539599038532117, 2.283593648393195 ], [ -76.539688854434246, 2.283593648393195 ] ] ] } },
{ "type": "Feature", "properties": { "value": 1, "State": "Burned", "Class": "Quemado", "IdxName": "NBR", "StartDate": "2025-09-27", "EndDate": "2025-09-28" }, "geometry": { "type": "Polygon", "coordinates": [ [ [ -76.619535191437308, 2.28350302268431 ], [ -76.619535191437308, 2.283412396975426 ], [ -76.619355559633036, 2.283412396975426 ], [ -76.619355559633036, 2.28350302268431 ], [ -76.619535191437308, 2.28350302268431 ] ] ] } },
{ "type": "Feature", "properties": { "value": 1, "State": "Burned", "Class": "Quemado", "IdxName": "NBR", "StartDate": "2025-09-27", "EndDate": "2025-09-28" }, "geometry": { "type": "Polygon", "coordinates": [ [ [ -76.539868486238532, 2.28350302268431 ], [ -76.539868486238532, 2.283412396975426 ], [ -76.539778670336389, 2.283412396975426 ], [ -76.539778670336389, 2.28350302268431 ], [ -76.539868486238532, 2.28350302268431 ] ] ] } },
{ "type": "Feature", "properties": { "value": 1, "State": "Burned", "Class": "Quemado", "IdxName": "NBR", "StartDate": "2025-09-27", "EndDate": "2025-09-28" }, "geometry": { "type": "Polygon", "coordinates": [ [ [ -76.534299900305811, 2.28350302268431 ], [ -76.534299900305811, 2.283412396975426 ], [ -76.534210084403668, 2.283412396975426 ], [ -76.534210084403668, 2.28350302268431 ], [ -76.534299900305811, 2.28350302268431 ] ] ] } },
{ "type": "Feature", "properties": { "value": 1, "State": "Burned", "Class": "Quemado", "IdxName": "NBR", "StartDate": "2025-09-27", "EndDate": "2025-09-28" }, "geometry": { "type": "Polygon", "coordinates": [ [ [ -76.534389716207954, 2.283412396975426 ], [ -76.534389716207954, 2.283231145557656 ], [ -76.534299900305811, 2.283231145557656 ], [ -76.534299900305811, 2.283412396975426 ], [ -76.534389716207954, 2.283412396975426 ] ] ] } },
{ "type": "Feature", "properties": { "value": 1, "State": "Burned", "Class": "Quemado", "IdxName": "NBR", "StartDate": "2025-09-27", "EndDate": "2025-09-28" }, "geometry": { "type": "Polygon", "coordinates": [ [ [ -76.619355559633036, 2.283321771266541 ], [ -76.619355559633036, 2.283231145557656 ], [ -76.619265743730892, 2.283231145557656 ], [ -76.619265743730892, 2.283321771266541 ], [ -76.619355559633036, 2.283321771266541 ] ] ] } },
{ "type": "Feature", "properties": { "value": 1, "State": "Burned", "Class": "Quemado", "IdxName": "NBR", "StartDate": "2025-09-27", "EndDate": "2025-09-28" }, "geometry": { "type": "Polygon", "coordinates": [ [ [ -76.540048118042819, 2.283321771266541 ], [ -76.540048118042819, 2.283231145557656 ], [ -76.539958302140676, 2.283231145557656 ], [ -76.539958302140676, 2.283321771266541 ], [ -76.540048118042819, 2.283321771266541 ] ] ] } },
{ "type": "Feature", "properties": { "value": 1, "State": "Burned", "Class": "Quemado", "IdxName": "NBR", "StartDate": "2025-09-27", "EndDate": "2025-09-28" }, "geometry": { "type": "Polygon", "coordinates": [ [ [ -76.540856461162079, 2.283231145557656 ], [ -76.540856461162079, 2.283140519848772 ], [ -76.540766645259936, 2.283140519848772 ], [ -76.540766645259936, 2.283231145557656 ], [ -76.540856461162079, 2.283231145557656 ] ] ] } },
{ "type": "Feature", "properties": { "value": 1, "State": "Burned", "Class": "Quemado", "IdxName": "NBR", "StartDate": "2025-09-27", "EndDate": "2025-09-28" }, "geometry": { "type": "Polygon", "coordinates": [ [ [ -76.540137933944948, 2.283231145557656 ], [ -76.540137933944948, 2.283140519848772 ], [ -76.540048118042819, 2.283140519848772 ], [ -76.540048118042819, 2.283231145557656 ], [ -76.540137933944948, 2.283231145557656 ] ] ] } },
{ "type": "Feature", "properties": { "value": 1, "State": "Burned", "Class": "Quemado", "IdxName": "NBR", "StartDate": "2025-09-27", "EndDate": "2025-09-28" }, "geometry": { "type": "Polygon", "coordinates": [ [ [ -76.540227749847091, 2.283140519848772 ], [ -76.540227749847091, 2.283049894139887 ], [ -76.540137933944948, 2.283049894139887 ], [ -76.540137933944948, 2.283140519848772 ], [ -76.540227749847091, 2.283140519848772 ] ] ] } },
{ "type": "Feature", "properties": { "value": 1, "State": "Burned", "Class": "Quemado", "IdxName": "NBR", "StartDate": "2025-09-27", "EndDate": "2025-09-28" }, "geometry": { "type": "Polygon", "coordinates": [ [ [ -76.534569348012226, 2.283140519848772 ], [ -76.534569348012226, 2.283049894139887 ], [ -76.534389716207954, 2.283049894139887 ], [ -76.534389716207954, 2.283140519848772 ], [ -76.534569348012226, 2.283140519848772 ] ] ] } },
{ "type": "Feature", "properties": { "value": 1, "State": "Burned", "Class": "Quemado", "IdxName": "NBR", "StartDate": "2025-09-27", "EndDate": "2025-09-28" }, "geometry": { "type": "Polygon", "coordinates": [ [ [ -76.619175927828749, 2.283231145557656 ], [ -76.619175927828749, 2.283049894139887 ], [ -76.619086111926606, 2.283049894139887 ], [ -76.619086111926606, 2.282959268431002 ], [ -76.618816664220191, 2.282959268431002 ], [ -76.618816664220191, 2.283140519848772 ], [ -76.61890648012232, 2.283140519848772 ], [ -76.61890648012232, 2.283049894139887 ], [ -76.618996296024463, 2.283049894139887 ], [ -76.618996296024463, 2.283231145557656 ], [ -76.619175927828749, 2.283231145557656 ] ] ] } },
{ "type": "Feature", "properties": { "value": 1, "State": "Burned", "Class": "Quemado", "IdxName": "NBR", "StartDate": "2025-09-27", "EndDate": "2025-09-28" }, "geometry": { "type": "Polygon", "coordinates": [ [ [ -76.540587013455664, 2.283049894139887 ], [ -76.540587013455664, 2.282959268431002 ], [ -76.54049719755352, 2.282959268431002 ], [ -76.54049719755352, 2.283049894139887 ], [ -76.540587013455664, 2.283049894139887 ] ] ] } },
{ "type": "Feature", "properties": { "value": 1, "State": "Burned", "Class": "Quemado", "IdxName": "NBR", "StartDate": "2025-09-27", "EndDate": "2025-09-28" }, "geometry": { "type": "Polygon", "coordinates": [ [ [ -76.540407381651377, 2.283049894139887 ], [ -76.540407381651377, 2.282959268431002 ], [ -76.540317565749234, 2.282959268431002 ], [ -76.540317565749234, 2.283049894139887 ], [ -76.540407381651377, 2.283049894139887 ] ] ] } },
{ "type": "Feature", "properties": { "value": 1, "State": "Burned", "Class": "Quemado", "IdxName": "NBR", "StartDate": "2025-09-27", "EndDate": "2025-09-28" }, "geometry": { "type": "Polygon", "coordinates": [ [ [ -76.547772285626905, 2.283231145557656 ], [ -76.547772285626905, 2.283140519848772 ], [ -76.548041733333335, 2.283140519848772 ], [ -76.548041733333335, 2.283049894139887 ], [ -76.548131549235478, 2.283049894139887 ], [ -76.548131549235478, 2.282868642722117 ], [ -76.547682469724776, 2.282868642722117 ], [ -76.547682469724776, 2.283231145557656 ], [ -76.547772285626905, 2.283231145557656 ] ] ] } },
{ "type": "Feature", "properties": { "value": 1, "State": "Burned", "Class": "Quemado", "IdxName": "NBR", "StartDate": "2025-09-27", "EndDate": "2025-09-28" }, "geometry": { "type": "Polygon", "coordinates": [ [ [ -76.546514862996943, 2.282959268431002 ], [ -76.546514862996943, 2.282868642722117 ], [ -76.5464250470948, 2.282868642722117 ], [ -76.5464250470948, 2.282959268431002 ], [ -76.546514862996943, 2.282959268431002 ] ] ] } },
{ "type": "Feature", "properties": { "value": 1, "State": "Burned", "Class": "Quemado", "IdxName": "NBR", "StartDate": "2025-09-27", "EndDate": "2025-09-28" }, "geometry": { "type": "Polygon", "coordinates": [ [ [ -76.618996296024463, 2.282687391304348 ], [ -76.618996296024463, 2.282596765595463 ], [ -76.61890648012232, 2.282596765595463 ], [ -76.61890648012232, 2.282687391304348 ], [ -76.618996296024463, 2.282687391304348 ] ] ] } },
{ "type": "Feature", "properties": { "value": 1, "State": "Burned", "Class": "Quemado", "IdxName": "NBR", "StartDate": "2025-09-27", "EndDate": "2025-09-28" }, "geometry": { "type": "Polygon", "coordinates": [ [ [ -76.602380354128442, 2.282687391304348 ], [ -76.602380354128442, 2.282596765595463 ], [ -76.602290538226299, 2.282596765595463 ], [ -76.602290538226299, 2.282687391304348 ], [ -76.602380354128442, 2.282687391304348 ] ] ] } },
{ "type": "Feature", "properties": { "value": 1, "State": "Burned", "Class": "Quemado", "IdxName": "NBR", "StartDate": "2025-09-27", "EndDate": "2025-09-28" }, "geometry": { "type": "Polygon", "coordinates": [ [ [ -76.58531533272172, 2.282596765595463 ], [ -76.58531533272172, 2.282506139886578 ], [ -76.585225516819577, 2.282506139886578 ], [ -76.585225516819577, 2.282596765595463 ], [ -76.58531533272172, 2.282596765595463 ] ] ] } },
{ "type": "Feature", "properties": { "value": 1, "State": "Burned", "Class": "Quemado", "IdxName": "NBR", "StartDate": "2025-09-27", "EndDate": "2025-09-28" }, "geometry": { "type": "Polygon", "coordinates": [ [ [ -76.618816664220191, 2.282687391304348 ], [ -76.618816664220191, 2.282596765595463 ], [ -76.61890648012232, 2.282596765595463 ], [ -76.61890648012232, 2.282415514177694 ], [ -76.618816664220191, 2.282415514177694 ], [ -76.618816664220191, 2.282506139886578 ], [ -76.618726848318047, 2.282506139886578 ], [ -76.618726848318047, 2.282687391304348 ], [ -76.618816664220191, 2.282687391304348 ] ] ] } },
{ "type": "Feature", "properties": { "value": 1, "State": "Burned", "Class": "Quemado", "IdxName": "NBR", "StartDate": "2025-09-27", "EndDate": "2025-09-28" }, "geometry": { "type": "Polygon", "coordinates": [ [ [ -76.618637032415904, 2.282415514177694 ], [ -76.618637032415904, 2.282234262759924 ], [ -76.618457400611618, 2.282234262759924 ], [ -76.618457400611618, 2.282324888468809 ], [ -76.618547216513761, 2.282324888468809 ], [ -76.618547216513761, 2.282415514177694 ], [ -76.618637032415904, 2.282415514177694 ] ] ] } },
{ "type": "Feature", "properties": { "value": 1, "State": "Burned", "Class": "Quemado", "IdxName": "NBR", "StartDate": "2025-09-27", "EndDate": "2025-09-28" }, "geometry": { "type": "Polygon", "coordinates": [ [ [ -76.540766645259936, 2.283140519848772 ], [ -76.540766645259936, 2.283049894139887 ], [ -76.540856461162079, 2.283049894139887 ], [ -76.540856461162079, 2.282959268431002 ], [ -76.540946277064222, 2.282959268431002 ], [ -76.540946277064222, 2.282868642722117 ], [ -76.541036092966365, 2.282868642722117 ], [ -76.541036092966365, 2.282778017013233 ], [ -76.540946277064222, 2.282778017013233 ], [ -76.540946277064222, 2.282596765595463 ], [ -76.541036092966365, 2.282596765595463 ], [ -76.541036092966365, 2.282415514177694 ], [ -76.540946277064222, 2.282415514177694 ], [ -76.540946277064222, 2.282234262759924 ], [ -76.540856461162079, 2.282234262759924 ], [ -76.540856461162079, 2.28214363705104 ], [ -76.540587013455664, 2.28214363705104 ], [ -76.540587013455664, 2.282234262759924 ], [ -76.540766645259936, 2.282234262759924 ], [ -76.540766645259936, 2.282324888468809 ], [ -76.540856461162079, 2.282324888468809 ], [ -76.540856461162079, 2.282778017013233 ], [ -76.540766645259936, 2.282778017013233 ], [ -76.540766645259936, 2.282868642722117 ], [ -76.540587013455664, 2.282868642722117 ], [ -76.540587013455664, 2.282959268431002 ], [ -76.540676829357793, 2.282959268431002 ], [ -76.540676829357793, 2.283140519848772 ], [ -76.540766645259936, 2.283140519848772 ] ] ] } },
{ "type": "Feature", "properties": { "value": 1, "State": "Burned", "Class": "Quemado", "IdxName": "NBR", "StartDate": "2025-09-27", "EndDate": "2025-09-28" }, "geometry": { "type": "Polygon", "coordinates": [ [ [ -76.618457400611618, 2.282234262759924 ], [ -76.618457400611618, 2.28214363705104 ], [ -76.618367584709489, 2.28214363705104 ], [ -76.618367584709489, 2.282234262759924 ], [ -76.618457400611618, 2.282234262759924 ] ] ] } },
{ "type": "Feature", "properties": { "value": 1, "State": "Burned", "Class": "Quemado", "IdxName": "NBR", "StartDate": "2025-09-27", "EndDate": "2025-09-28" }, "geometry": { "type": "Polygon", "coordinates": [ [ [ -76.5464250470948, 2.282234262759924 ], [ -76.5464250470948, 2.28214363705104 ], [ -76.546335231192657, 2.28214363705104 ], [ -76.546335231192657, 2.282234262759924 ], [ -76.5464250470948, 2.282234262759924 ] ] ] } },
{ "type": "Feature", "properties": { "value": 1, "State": "Burned", "Class": "Quemado", "IdxName": "NBR", "StartDate": "2025-09-27", "EndDate": "2025-09-28" }, "geometry": { "type": "Polygon", "coordinates": [ [ [ -76.618367584709489, 2.28214363705104 ], [ -76.618367584709489, 2.282053011342155 ], [ -76.618277768807346, 2.282053011342155 ], [ -76.618277768807346, 2.28214363705104 ], [ -76.618367584709489, 2.28214363705104 ] ] ] } },
{ "type": "Feature", "properties": { "value": 1, "State": "Burned", "Class": "Quemado", "IdxName": "NBR", "StartDate": "2025-09-27", "EndDate": "2025-09-28" }, "geometry": { "type": "Polygon", "coordinates": [ [ [ -76.540587013455664, 2.28214363705104 ], [ -76.540587013455664, 2.282053011342155 ], [ -76.54049719755352, 2.282053011342155 ], [ -76.54049719755352, 2.28214363705104 ], [ -76.540587013455664, 2.28214363705104 ] ] ] } },
{ "type": "Feature", "properties": { "value": 1, "State": "Burned", "Class": "Quemado", "IdxName": "NBR", "StartDate": "2025-09-27", "EndDate": "2025-09-28" }, "geometry": { "type": "Polygon", "coordinates": [ [ [ -76.574178160856263, 2.282053011342155 ], [ -76.574178160856263, 2.28196238563327 ], [ -76.574088344954134, 2.28196238563327 ], [ -76.574088344954134, 2.282053011342155 ], [ -76.574178160856263, 2.282053011342155 ] ] ] } },
{ "type": "Feature", "properties": { "value": 1, "State": "Burned", "Class": "Quemado", "IdxName": "NBR", "StartDate": "2025-09-27", "EndDate": "2025-09-28" }, "geometry": { "type": "Polygon", "coordinates": [ [ [ -76.618098137003059, 2.282053011342155 ], [ -76.618098137003059, 2.28196238563327 ], [ -76.618008321100916, 2.28196238563327 ], [ -76.618008321100916, 2.281871759924386 ], [ -76.617918505198773, 2.281871759924386 ], [ -76.617918505198773, 2.282053011342155 ], [ -76.618098137003059, 2.282053011342155 ] ] ] } },
{ "type": "Feature", "properties": { "value": 1, "State": "Burned", "Class": "Quemado", "IdxName": "NBR", "StartDate": "2025-09-27", "EndDate": "2025-09-28" }, "geometry": { "type": "Polygon", "coordinates": [ [ [ -76.617738873394501, 2.28196238563327 ], [ -76.617738873394501, 2.281871759924386 ], [ -76.617649057492358, 2.281871759924386 ], [ -76.617649057492358, 2.28196238563327 ], [ -76.617738873394501, 2.28196238563327 ] ] ] } },
{ "type": "Feature", "properties": { "value": 1, "State": "Burned", "Class": "Quemado", "IdxName": "NBR", "StartDate": "2025-09-27", "EndDate": "2025-09-28" }, "geometry": { "type": "Polygon", "coordinates": [ [ [ -76.573190185932717, 2.281871759924386 ], [ -76.573190185932717, 2.281781134215501 ], [ -76.573100370030588, 2.281781134215501 ], [ -76.573100370030588, 2.281871759924386 ], [ -76.573190185932717, 2.281871759924386 ] ] ] } },
{ "type": "Feature", "properties": { "value": 1, "State": "Burned", "Class": "Quemado", "IdxName": "NBR", "StartDate": "2025-09-27", "EndDate": "2025-09-28" }, "geometry": { "type": "Polygon", "coordinates": [ [ [ -76.617289793883799, 2.281781134215501 ], [ -76.617289793883799, 2.281690508506617 ], [ -76.617199977981656, 2.281690508506617 ], [ -76.617199977981656, 2.281781134215501 ], [ -76.617289793883799, 2.281781134215501 ] ] ] } },
{ "type": "Feature", "properties": { "value": 1, "State": "Burned", "Class": "Quemado", "IdxName": "NBR", "StartDate": "2025-09-27", "EndDate": "2025-09-28" }, "geometry": { "type": "Polygon", "coordinates": [ [ [ -76.616661082568811, 2.281781134215501 ], [ -76.616661082568811, 2.281690508506617 ], [ -76.616571266666668, 2.281690508506617 ], [ -76.616571266666668, 2.281781134215501 ], [ -76.616661082568811, 2.281781134215501 ] ] ] } },
{ "type": "Feature", "properties": { "value": 1, "State": "Burned", "Class": "Quemado", "IdxName": "NBR", "StartDate": "2025-09-27", "EndDate": "2025-09-28" }, "geometry": { "type": "Polygon", "coordinates": [ [ [ -76.593668211620795, 2.281781134215501 ], [ -76.593668211620795, 2.281690508506617 ], [ -76.593578395718652, 2.281690508506617 ], [ -76.593578395718652, 2.281781134215501 ], [ -76.593668211620795, 2.281781134215501 ] ] ] } },
{ "type": "Feature", "properties": { "value": 1, "State": "Burned", "Class": "Quemado", "IdxName": "NBR", "StartDate": "2025-09-27", "EndDate": "2025-09-28" }, "geometry": { "type": "Polygon", "coordinates": [ [ [ -76.617199977981656, 2.281690508506617 ], [ -76.617199977981656, 2.281599882797732 ], [ -76.617110162079513, 2.281599882797732 ], [ -76.617110162079513, 2.281690508506617 ], [ -76.617199977981656, 2.281690508506617 ] ] ] } },
{ "type": "Feature", "properties": { "value": 1, "State": "Burned", "Class": "Quemado", "IdxName": "NBR", "StartDate": "2025-09-27", "EndDate": "2025-09-28" }, "geometry": { "type": "Polygon", "coordinates": [ [ [ -76.57435779266055, 2.281690508506617 ], [ -76.57435779266055, 2.281599882797732 ], [ -76.574267976758406, 2.281599882797732 ], [ -76.574267976758406, 2.281690508506617 ], [ -76.57435779266055, 2.281690508506617 ] ] ] } },
{ "type": "Feature", "properties": { "value": 1, "State": "Burned", "Class": "Quemado", "IdxName": "NBR", "StartDate": "2025-09-27", "EndDate": "2025-09-28" }, "geometry": { "type": "Polygon", "coordinates": [ [ [ -76.573369817737003, 2.281690508506617 ], [ -76.573369817737003, 2.281599882797732 ], [ -76.57328000183486, 2.281599882797732 ], [ -76.57328000183486, 2.281690508506617 ], [ -76.573369817737003, 2.281690508506617 ] ] ] } },
{ "type": "Feature", "properties": { "value": 1, "State": "Burned", "Class": "Quemado", "IdxName": "NBR", "StartDate": "2025-09-27", "EndDate": "2025-09-28" }, "geometry": { "type": "Polygon", "coordinates": [ [ [ -76.617469425688071, 2.281871759924386 ], [ -76.617469425688071, 2.281509257088847 ], [ -76.617379609785928, 2.281509257088847 ], [ -76.617379609785928, 2.281871759924386 ], [ -76.617469425688071, 2.281871759924386 ] ] ] } },
{ "type": "Feature", "properties": { "value": 1, "State": "Burned", "Class": "Quemado", "IdxName": "NBR", "StartDate": "2025-09-27", "EndDate": "2025-09-28" }, "geometry": { "type": "Polygon", "coordinates": [ [ [ -76.573459633639146, 2.281599882797732 ], [ -76.573459633639146, 2.281509257088847 ], [ -76.573369817737003, 2.281509257088847 ], [ -76.573369817737003, 2.281599882797732 ], [ -76.573459633639146, 2.281599882797732 ] ] ] } },
{ "type": "Feature", "properties": { "value": 1, "State": "Burned", "Class": "Quemado", "IdxName": "NBR", "StartDate": "2025-09-27", "EndDate": "2025-09-28" }, "geometry": { "type": "Polygon", "coordinates": [ [ [ -76.573549449541289, 2.281509257088847 ], [ -76.573549449541289, 2.281418631379962 ], [ -76.573459633639146, 2.281418631379962 ], [ -76.573459633639146, 2.281509257088847 ], [ -76.573549449541289, 2.281509257088847 ] ] ] } },
{ "type": "Feature", "properties": { "value": 1, "State": "Burned", "Class": "Quemado", "IdxName": "NBR", "StartDate": "2025-09-27", "EndDate": "2025-09-28" }, "geometry": { "type": "Polygon", "coordinates": [ [ [ -76.617199977981656, 2.281418631379962 ], [ -76.617199977981656, 2.281328005671078 ], [ -76.617110162079513, 2.281328005671078 ], [ -76.617110162079513, 2.281418631379962 ], [ -76.617199977981656, 2.281418631379962 ] ] ] } },
{ "type": "Feature", "properties": { "value": 1, "State": "Burned", "Class": "Quemado", "IdxName": "NBR", "StartDate": "2025-09-27", "EndDate": "2025-09-28" }, "geometry": { "type": "Polygon", "coordinates": [ [ [ -76.573639265443433, 2.281418631379962 ], [ -76.573639265443433, 2.281328005671078 ], [ -76.573549449541289, 2.281328005671078 ], [ -76.573549449541289, 2.281418631379962 ], [ -76.573639265443433, 2.281418631379962 ] ] ] } },
{ "type": "Feature", "properties": { "value": 1, "State": "Burned", "Class": "Quemado", "IdxName": "NBR", "StartDate": "2025-09-27", "EndDate": "2025-09-28" }, "geometry": { "type": "Polygon", "coordinates": [ [ [ -76.523521992048927, 2.281509257088847 ], [ -76.523521992048927, 2.281237379962193 ], [ -76.523342360244655, 2.281237379962193 ], [ -76.523342360244655, 2.281328005671078 ], [ -76.523432176146784, 2.281328005671078 ], [ -76.523432176146784, 2.281509257088847 ], [ -76.523521992048927, 2.281509257088847 ] ] ] } },
{ "type": "Feature", "properties": { "value": 1, "State": "Burned", "Class": "Quemado", "IdxName": "NBR", "StartDate": "2025-09-27", "EndDate": "2025-09-28" }, "geometry": { "type": "Polygon", "coordinates": [ [ [ -76.573908713149848, 2.281418631379962 ], [ -76.573908713149848, 2.281237379962193 ], [ -76.573729081345562, 2.281237379962193 ], [ -76.573729081345562, 2.281328005671078 ], [ -76.573818897247705, 2.281328005671078 ], [ -76.573818897247705, 2.281418631379962 ], [ -76.573908713149848, 2.281418631379962 ] ] ] } },
{ "type": "Feature", "properties": { "value": 1, "State": "Burned", "Class": "Quemado", "IdxName": "NBR", "StartDate": "2025-09-27", "EndDate": "2025-09-28" }, "geometry": { "type": "Polygon", "coordinates": [ [ [ -76.637408555963304, 2.281237379962193 ], [ -76.637408555963304, 2.281146754253308 ], [ -76.637318740061161, 2.281146754253308 ], [ -76.637318740061161, 2.281237379962193 ], [ -76.637408555963304, 2.281237379962193 ] ] ] } },
{ "type": "Feature", "properties": { "value": 1, "State": "Burned", "Class": "Quemado", "IdxName": "NBR", "StartDate": "2025-09-27", "EndDate": "2025-09-28" }, "geometry": { "type": "Polygon", "coordinates": [ [ [ -76.572920738226301, 2.281599882797732 ], [ -76.572920738226301, 2.281418631379962 ], [ -76.573010554128444, 2.281418631379962 ], [ -76.573010554128444, 2.281328005671078 ], [ -76.573100370030588, 2.281328005671078 ], [ -76.573100370030588, 2.281237379962193 ], [ -76.573190185932717, 2.281237379962193 ], [ -76.573190185932717, 2.281146754253308 ], [ -76.573010554128444, 2.281146754253308 ], [ -76.573010554128444, 2.281237379962193 ], [ -76.572920738226301, 2.281237379962193 ], [ -76.572920738226301, 2.281328005671078 ], [ -76.572830922324158, 2.281328005671078 ], [ -76.572830922324158, 2.281418631379962 ], [ -76.572741106422015, 2.281418631379962 ], [ -76.572741106422015, 2.281599882797732 ], [ -76.572920738226301, 2.281599882797732 ] ] ] } },
{ "type": "Feature", "properties": { "value": 1, "State": "Burned", "Class": "Quemado", "IdxName": "NBR", "StartDate": "2025-09-27", "EndDate": "2025-09-28" }, "geometry": { "type": "Polygon", "coordinates": [ [ [ -76.617110162079513, 2.281328005671078 ], [ -76.617110162079513, 2.281146754253308 ], [ -76.617199977981656, 2.281146754253308 ], [ -76.617199977981656, 2.281056128544424 ], [ -76.61702034617737, 2.281056128544424 ], [ -76.61702034617737, 2.281328005671078 ], [ -76.617110162079513, 2.281328005671078 ] ] ] } },
{ "type": "Feature", "properties": { "value": 1, "State": "Burned", "Class": "Quemado", "IdxName": "NBR", "StartDate": "2025-09-27", "EndDate": "2025-09-28" }, "geometry": { "type": "Polygon", "coordinates": [ [ [ -76.57328000183486, 2.281146754253308 ], [ -76.57328000183486, 2.281056128544424 ], [ -76.573190185932717, 2.281056128544424 ], [ -76.573190185932717, 2.281146754253308 ], [ -76.57328000183486, 2.281146754253308 ] ] ] } },
{ "type": "Feature", "properties": { "value": 1, "State": "Burned", "Class": "Quemado", "IdxName": "NBR", "StartDate": "2025-09-27", "EndDate": "2025-09-28" }, "geometry": { "type": "Polygon", "coordinates": [ [ [ -76.532323950458718, 2.281146754253308 ], [ -76.532323950458718, 2.280965502835539 ], [ -76.532144318654431, 2.280965502835539 ], [ -76.532144318654431, 2.281056128544424 ], [ -76.532054502752288, 2.281056128544424 ], [ -76.532054502752288, 2.281146754253308 ], [ -76.532323950458718, 2.281146754253308 ] ] ] } },
{ "type": "Feature", "properties": { "value": 1, "State": "Burned", "Class": "Quemado", "IdxName": "NBR", "StartDate": "2025-09-27", "EndDate": "2025-09-28" }, "geometry": { "type": "Polygon", "coordinates": [ [ [ -76.540227749847091, 2.281056128544424 ], [ -76.540227749847091, 2.280965502835539 ], [ -76.540137933944948, 2.280965502835539 ], [ -76.540137933944948, 2.281056128544424 ], [ -76.540227749847091, 2.281056128544424 ] ] ] } },
{ "type": "Feature", "properties": { "value": 1, "State": "Burned", "Class": "Quemado", "IdxName": "NBR", "StartDate": "2025-09-27", "EndDate": "2025-09-28" }, "geometry": { "type": "Polygon", "coordinates": [ [ [ -76.573369817737003, 2.281056128544424 ], [ -76.573369817737003, 2.280874877126654 ], [ -76.57328000183486, 2.280874877126654 ], [ -76.57328000183486, 2.281056128544424 ], [ -76.573369817737003, 2.281056128544424 ] ] ] } },
{ "type": "Feature", "properties": { "value": 1, "State": "Burned", "Class": "Quemado", "IdxName": "NBR", "StartDate": "2025-09-27", "EndDate": "2025-09-28" }, "geometry": { "type": "Polygon", "coordinates": [ [ [ -76.509510711314988, 2.280965502835539 ], [ -76.509510711314988, 2.280874877126654 ], [ -76.509420895412845, 2.280874877126654 ], [ -76.509420895412845, 2.280965502835539 ], [ -76.509510711314988, 2.280965502835539 ] ] ] } },
{ "type": "Feature", "properties": { "value": 1, "State": "Burned", "Class": "Quemado", "IdxName": "NBR", "StartDate": "2025-09-27", "EndDate": "2025-09-28" }, "geometry": { "type": "Polygon", "coordinates": [ [ [ -76.573459633639146, 2.280874877126654 ], [ -76.573459633639146, 2.280784251417769 ], [ -76.573369817737003, 2.280784251417769 ], [ -76.573369817737003, 2.280874877126654 ], [ -76.573459633639146, 2.280874877126654 ] ] ] } },
{ "type": "Feature", "properties": { "value": 1, "State": "Burned", "Class": "Quemado", "IdxName": "NBR", "StartDate": "2025-09-27", "EndDate": "2025-09-28" }, "geometry": { "type": "Polygon", "coordinates": [ [ [ -76.509600527217131, 2.280784251417769 ], [ -76.509600527217131, 2.280693625708885 ], [ -76.509510711314988, 2.280693625708885 ], [ -76.509510711314988, 2.280784251417769 ], [ -76.509600527217131, 2.280784251417769 ] ] ] } },
{ "type": "Feature", "properties": { "value": 1, "State": "Burned", "Class": "Quemado", "IdxName": "NBR", "StartDate": "2025-09-27", "EndDate": "2025-09-28" }, "geometry": { "type": "Polygon", "coordinates": [ [ [ -76.509869974923546, 2.280965502835539 ], [ -76.509869974923546, 2.280784251417769 ], [ -76.50995979082569, 2.280784251417769 ], [ -76.50995979082569, 2.280603 ], [ -76.50969034311926, 2.280603 ], [ -76.50969034311926, 2.280965502835539 ], [ -76.509869974923546, 2.280965502835539 ] ] ] } },
{ "type": "Feature", "properties": { "value": 1, "State": "Burned", "Class": "Quemado", "IdxName": "NBR", "StartDate": "2025-09-27", "EndDate": "2025-09-28" }, "geometry": { "type": "Polygon", "coordinates": [ [ [ -76.618996296024463, 2.280693625708885 ], [ -76.618996296024463, 2.280603 ], [ -76.61890648012232, 2.280603 ], [ -76.61890648012232, 2.280693625708885 ], [ -76.618996296024463, 2.280693625708885 ] ] ] } },
{ "type": "Feature", "properties": { "value": 1, "State": "Burned", "Class": "Quemado", "IdxName": "NBR", "StartDate": "2025-09-27", "EndDate": "2025-09-28" }, "geometry": { "type": "Polygon", "coordinates": [ [ [ -76.528282234862388, 2.281509257088847 ], [ -76.528282234862388, 2.281418631379962 ], [ -76.52846186666666, 2.281418631379962 ], [ -76.52846186666666, 2.281328005671078 ], [ -76.528551682568803, 2.281328005671078 ], [ -76.528551682568803, 2.281237379962193 ], [ -76.528641498470947, 2.281237379962193 ], [ -76.528641498470947, 2.281146754253308 ], [ -76.528551682568803, 2.281146754253308 ], [ -76.528551682568803, 2.281056128544424 ], [ -76.52846186666666, 2.281056128544424 ], [ -76.52846186666666, 2.280965502835539 ], [ -76.528372050764531, 2.280965502835539 ], [ -76.528372050764531, 2.280874877126654 ], [ -76.528282234862388, 2.280874877126654 ], [ -76.528282234862388, 2.280693625708885 ], [ -76.52846186666666, 2.280693625708885 ], [ -76.52846186666666, 2.280603 ], [ -76.527833155351686, 2.280603 ], [ -76.527833155351686, 2.281146754253308 ], [ -76.527743339449543, 2.281146754253308 ], [ -76.527743339449543, 2.281328005671078 ], [ -76.527833155351686, 2.281328005671078 ], [ -76.527833155351686, 2.281237379962193 ], [ -76.52792297125383, 2.281237379962193 ], [ -76.52792297125383, 2.281418631379962 ], [ -76.528012787155959, 2.281418631379962 ], [ -76.528012787155959, 2.281509257088847 ], [ -76.528282234862388, 2.281509257088847 ] ] ] } }
]
}
